row	baseMean	log2FoldChange	lfcSE	stat	pvalue	padj	id
3300047160_1008	874.2184092957358	-0.08860854792880665	0.7349655418086565	-0.12056149967351165	0.904038365147884	0.9699276108200952	AN_1
3300047160_101	685.6585388204628	-0.0904357423319785	0.8274101978304372	-0.10929976759908351	0.9129647309211212	0.9699276108200952	AN_1
3300047160_1011	1571.6721438843726	0.45361244029479453	0.8452059828232339	0.5366886291784129	0.5914827117421171	0.9246596822803982	AN_1
3300047160_1016	511.91179315016126	2.458954988189191	2.885426353886404	0.8521981456491532	0.3941041256842195	0.777528556638869	AN_1
3300047160_102	758.0939438125786	3.5274275040722545	2.5771655111497718	1.3687236961736828	0.17108566028139827	0.4802063419261974	AN_1
3300047160_103	1077.7826879483878	0.3529817803827627	0.38208539246042084	0.9238295610040289	0.3555750616622215	0.7591500838387271	AN_1
3300047160_1033	665.8931466098766	-0.2607350142469558	0.800829904483296	-0.3255810163772353	0.7447413769936759	0.9699276108200952	AN_1
3300047160_1039	1119.5471604546917	13.572573276171054	1.6264847573506276	8.344728233592146	7.137783276125548e-17	5.8767748973433675e-15	AN_1
3300047160_104	2344.3635170932107	0.3445878155334669	0.6153514617104681	0.5599853692971327	0.575489417218131	0.9126086311672194	AN_1
3300047160_1044	3431.4284982192094	0.5980248584145544	0.5270328037901761	1.1347013964099317	0.25650045204450506	0.639955673282755	AN_1
3300047160_1046	1415.3858108982652	0.6669272396952654	2.6780639527994365	0.24903335075255104	0.8033349837399419	0.9699276108200952	AN_1
3300047160_105	201.57206812097724	-24.444902095609162	4.78502006988478	-5.108631048270144	3.245013008929946e-7	3.0948748272006567e-6	AN_1
3300047160_1053	1117.2450688626554	0.43311942642670015	0.5928874652385115	0.7305255243547127	0.4650690169308641	0.8420370964576763	AN_1
3300047160_1055	1178.8310695390053	-0.17236437480015057	0.9818335455589838	-0.1755535605600224	0.8606446889183227	0.9699276108200952	AN_1
3300047160_1059	756.6997746784637	0.5305358948306435	1.0332348455312983	0.5134707730049864	0.6076220502606022	0.9380165400898046	AN_1
3300047160_106	157.30933563668017	-23.68747013128161	4.785097053537862	-4.950259078604953	7.411475301356088e-7	5.085095553985983e-6	AN_1
3300047160_1066	10641.93441610775	0.4054502088078037	0.42777450971330916	0.9478129238685423	0.343224700005522	0.7536425726882061	AN_1
3300047160_1071	3028.972836624005	2.1740174312745912	0.45658224405564296	4.76150235708607	1.9215705390383743e-6	9.888081732134967e-6	AN_1
3300047160_1073	2207.8486129670023	0.09481694384722882	0.24434958796060666	0.3880380754417926	0.6979878568082671	0.9699276108200952	AN_1
3300047160_1076	624.6240685615745	-0.2891493062255315	3.0321659184873218	-0.09536064780049419	0.9240283720937108	0.971212799604879	AN_1
3300047160_1077	1373.1065622516803	-0.24440750718003715	0.24535277755934984	-0.9961473010873739	0.3191785801898786	0.7232762321733947	AN_1
3300047160_1079	383.6103481972412	-25.31927038679179	4.784890000487507	-5.291505214166291	1.2131373112528165e-7	2.1403208277103264e-6	AN_1
3300047160_1081	165.03101292017374	-1.3196918185798254	4.56378445511264	-0.28916611456122193	0.7724542613320009	0.9699276108200952	AN_1
3300047160_1082	370.1872031763175	24.64449666311145	4.7848830616167755	5.150490899308261	2.5980553935731536e-7	2.7858985157986175e-6	AN_1
3300047160_1089	164.16694207790928	-23.98508847933946	4.785082439447092	-5.012471317445242	5.373538727765583e-7	4.022012320479088e-6	AN_1
3300047160_1097	3062.332634434747	0.9866548825055637	0.5718558722435405	1.725355863942881	0.08446336012287844	0.27450592039935495	AN_1
3300047160_1115	267.2731896976248	0.28390597340537677	4.562953289395345	0.062219785169661083	0.9503878067276917	0.9816567527651676	AN_1
3300047160_1122	297.711527933492	24.341895932250143	4.7849188633331465	5.087211847787471	3.6336587040007706e-7	3.0948748272006567e-6	AN_1
3300047160_1125	1101.7978940168196	0.7733516646491757	2.723468370943888	0.2839583792857307	0.776442276768002	0.9699276108200952	AN_1
3300047160_1132	2738.2791769766013	0.4201666340873886	3.7393884648551055	0.1123623924169294	0.91053607295111	0.9699276108200952	AN_1
3300047160_1137	10042.421863505415	0.6909862023653166	0.3993423110566177	1.7303105211592527	0.08357481078759928	0.27450592039935495	AN_1
3300047160_1146	2332.2450736697183	2.4739048818938976	3.5080199078547785	0.7052140372278383	0.48067704696571806	0.8420370964576763	AN_1
3300047160_1171	9972.137444584409	-0.10446705185538857	0.3498417123370886	-0.2986123385845132	0.7652358499451615	0.9699276108200952	AN_1
3300047160_1185	1266.999883664372	2.3186284076996357	2.565722648806167	0.9036940952205007	0.36615763101580784	0.7628322804462653	AN_1
3300047160_1190	661.9030583293448	12.814325665812444	2.0762807809211297	6.171769147777519	6.75300529733215e-10	2.7799871807350684e-8	AN_1
3300047160_1208	147.00210952078305	23.35519246084086	4.78510633465874	4.880809500862741	1.0565126178455442e-6	5.79908036906332e-6	AN_1
3300047160_1219	5263.97707449864	0.4166997660847703	0.13127734132970684	3.1741941287355657	0.0015025316096755875	0.006747732865270366	AN_1
3300047160_125	1104.779814756645	0.46771927456911594	2.748949978154378	0.17014470189928255	0.8648963389734968	0.9699276108200952	AN_1
3300047160_1260	3928.548552051975	0.3769213161249601	0.4253186477140824	0.8862092413553024	0.3755047847177656	0.7659861894392578	AN_1
3300047160_127	92.0581713171061	-23.377919511419535	4.785346090582664	-4.885314263356245	1.0326401214539277e-6	5.796866136343639e-6	AN_1
3300047160_1272	445.6020844334432	12.243445748195994	2.308345785597511	5.303991206424388	1.13297772670014e-7	2.1403208277103264e-6	AN_1
3300047160_1283	4941.174359772593	-0.2592251837614169	0.3977644433575837	-0.6517052695139413	0.5145913225526968	0.8705757306199734	AN_1
3300047160_133	348.90670347950595	-25.18616255699379	4.784904326212565	-5.263671087218917	1.412069788976682e-7	2.3252082525149364e-6	AN_1
3300047160_137	29.508488322864707	-8.324748258419667	4.786617261328649	-1.7391714866521246	0.08200460328740411	0.2737180677295786	AN_1
3300047160_148	1454.9484980136674	1.1068401626636877	2.6862389835503246	0.4120408383027816	0.680309490615506	0.9699276108200952	AN_1
3300047160_152	2980.2637159204414	2.9781962379250557	3.539104731615927	0.841511191042158	0.40006161828966785	0.777528556638869	AN_1
3300047160_164	1978.8430481254663	0.11413646577354045	0.6917136481839918	0.1650053690182224	0.8689397561201503	0.9699276108200952	AN_1
3300047160_168	247.07304566872605	2.2202693030712424	3.26135845893599	0.6807805186172634	0.4960103787694932	0.856745199692761	AN_1
3300047160_185	1650.1358744512615	-0.9196463489043837	0.5411072326646136	-1.6995639558830187	0.08921297501514557	0.2861766860875449	AN_1
3300047160_197	896.1698054158753	-0.346715154602075	0.36470044480991126	-0.9506847593311533	0.3417644271711956	0.7536425726882061	AN_1
3300047160_203	179.52020418548443	1.0983488652954234	4.5635636549209515	0.24067788867392245	0.8098047775653348	0.9699276108200952	AN_1
3300047160_205	272.82089199151153	24.208283677524896	4.7849355405142	5.059270594672091	4.208632696171271e-7	3.3533299224332388e-6	AN_1
3300047160_209	1326.336202270702	-0.33128385539771527	0.448002254735005	-0.7394691698452966	0.45962215394562805	0.8420370964576763	AN_1
3300047160_211	4311.928871261735	1.281528882846263	0.43432691318196653	2.9506089628605423	0.0031714815629662945	0.013743086772853942	AN_1
3300047160_212	1642.751056456083	-0.988678785959008	0.22169115854386204	-4.459712297292163	8.206974514782852e-6	4.1369851125538046e-5	AN_1
3300047160_214	108.2670592691022	-23.594700953848438	4.785256257321436	-4.930707925567952	8.193215715671411e-7	5.1890366199252265e-6	AN_1
3300047160_215	1591.7921137864914	-0.11392030962769385	0.6635768264300749	-0.1716761422193792	0.8636921430695534	0.9699276108200952	AN_1
3300047160_219	4069.027081666899	-0.5006973035328671	0.23027804549411365	-2.1743162812525516	0.029681390515954833	0.12018530258099745	AN_1
3300047160_221	1076.534575994713	-13.513506894332407	1.7120960773877398	-7.892960607065272	2.9510078451118287e-15	1.8222473443565541e-13	AN_1
3300047160_228	4017.2181036627417	-0.021559055746941284	0.21921407441767604	-0.09834704183210463	0.9216567252236746	0.971212799604879	AN_1
3300047160_250	3711.846419695651	0.05444351228763365	0.4971099936066422	0.1095200518755095	0.9127900183349582	0.9699276108200952	AN_1
3300047160_259	108.47486552489703	-23.5987219939527	4.785255277287337	-4.931549233321222	8.157999991094591e-7	5.1890366199252265e-6	AN_1
3300047160_262	3431.5525013675842	-0.4691238401308284	0.24859955397308622	-1.8870662985244797	0.05915140892084083	0.2148587941683483	AN_1
3300047160_266	1067.3210074084923	0.697553002111736	2.7483153624825025	0.253811120671992	0.7996414816654992	0.9699276108200952	AN_1
3300047160_267	2268.6083129791564	0.3605799034752193	0.4340070106417508	0.8308158500528426	0.40607766723244576	0.777528556638869	AN_1
3300047160_27	5187.900849550906	-0.15802493378590352	0.4057170593370218	-0.38949541348872657	0.6969097028319311	0.9699276108200952	AN_1
3300047160_298	3895.419793644619	0.7655284424054772	0.30766253955418327	2.488208163121718	0.012838856058632506	0.053749109262410666	AN_1
3300047160_300	1735.613781318527	0.04084979909673581	0.19185757951761467	0.21291730667844344	0.8313914631064523	0.9699276108200952	AN_1
3300047160_303	239.60061293142965	-24.677148738199413	4.784976566720096	-5.157214125107948	2.5065111261713645e-7	2.7858985157986175e-6	AN_1
3300047160_305	682.2439535010149	0.09315780927448741	0.655095227993898	0.14220498836446288	0.886918091690483	0.9699276108200952	AN_1
3300047160_311	344.0112409652439	11.870122255468445	2.6691456767921675	4.4471616362783895	8.701236511594675e-6	4.2984108367277697e-5	AN_1
3300047160_316	1062.7850395813239	-0.4779815736767281	0.41607240877768825	-1.1487942088755965	0.25064084789305896	0.6362467803373761	AN_1
3300047160_317	2194.192760893601	3.908870323796433	3.3155760586366774	1.1789415337386984	0.23842145764600772	0.6198957898796201	AN_1
3300047160_324	2588.937117144629	-1.3718331598551095	0.45861109548435175	-2.991277736981655	0.0027781269359106056	0.012253524163748563	AN_1
3300047160_328	3795.4848568869525	0.7362667523032016	0.28633570550441845	2.5713410453166143	0.010130550878744336	0.04314217356982502	AN_1
3300047160_331	4301.430104465138	-0.22362271539787154	0.3565413360356285	-0.6271999703718094	0.5305281626503007	0.8736030411641618	AN_1
3300047160_335	2776.0766588227034	0.11683133619994265	0.5124978995052311	0.22796451714774327	0.8196738254692507	0.9699276108200952	AN_1
3300047160_342	1878.1276690868829	-0.2415601970297635	0.3210645784432951	-0.7523726167520118	0.4518270093034806	0.8407745757943368	AN_1
3300047160_348	920.617538071207	0.5376547913537352	2.788750503258921	0.1927941530536469	0.8471201827730908	0.9699276108200952	AN_1
3300047160_352	1999.0545758741732	-0.2634727865218742	0.46855198874918014	-0.5623128123417559	0.5739029104455683	0.9126086311672194	AN_1
3300047160_357	3935.850997899124	0.5232686259495616	0.535083160173191	0.9779201905367282	0.3281137983024595	0.7367646198246137	AN_1
3300047160_363	1236.6281343297767	-0.04310347626632864	0.704352559001073	-0.06119588225456136	0.9512032090733687	0.9816567527651676	AN_1
3300047160_367	771.2125821500373	0.7761797297346915	2.8354321750412366	0.27374300699800846	0.7842821248404074	0.9699276108200952	AN_1
3300047160_369	2721.0138595702583	-0.21118164252554572	0.16354442023128377	-1.2912800218246125	0.19660659561598065	0.5336464738148047	AN_1
3300047160_379	100.5782278046938	-23.4909829142955	4.785295262479628	-4.9089934112285105	9.154505344477702e-7	5.383721000204744e-6	AN_1
3300047160_386	931.1212503493055	1.213427280581218	2.734982590739195	0.44366910586193536	0.6572818347629912	0.9661408915046823	AN_1
3300047160_391	5590.012195694231	0.025632999958941166	0.5056427320389761	0.05069389577810705	0.9595694408602763	0.9833069734761818	AN_1
3300047160_398	2608.7074926936402	0.4602549563805063	0.73316900416445685	0.6277610670476008	0.5301604742074062	0.8736030411641618	AN_1
3300047160_400	8233.599571032652	0.45296647533780277	0.272138349112724	1.664471313266389	0.09601827918188854	0.30020905010033505	AN_1
3300047160_401	323.5336117039283	11.781575136076102	2.6581901183274907	4.432179269212303	9.32854053805051e-6	4.5179402213695606e-5	AN_1
3300047160_405	3127.612361491809	-0.07638937782501444	0.23321799244161123	-0.32754495922581695	0.7432557440274983	0.9699276108200952	AN_1
3300047160_408	1313.87560436585	0.5810988491058378	0.48695672383671346	1.1933274984425353	0.23274113707912594	0.6115644772185543	AN_1
3300047160_434	983.827751642478	-0.36532937535039267	0.5807802140520221	-0.6290320615462102	0.5293280664378481	0.8736030411641618	AN_1
3300047160_442	2391.2183637085154	-0.5139382250740112	0.3496198690756767	-1.4699914694000618	0.14156406439247265	0.41136851652871465	AN_1
3300047160_451	160.21862321780768	-24.130157549335394	4.78509081126256	-5.0427794374436505	4.588180101409949e-7	3.5415015157758042e-6	AN_1
3300047160_452	1228.7931968281337	0.3764860015376824	2.723514725894117	0.1382353463919986	0.8900544208651255	0.9699276108200952	AN_1
3300047160_468	2712.7345727111497	0.4307762264792562	0.31685180803390733	1.3595511073528652	0.17397201914911908	0.48282122168351027	AN_1
3300047160_475	798.0788792588938	-13.081717780133788	1.7904441324229488	-7.306409366948933	2.743754194426531e-13	1.3554145720467064e-11	AN_1
3300047160_48	547.9179547830297	1.0242663853782366	2.9877639377335865	0.34282038565443335	0.7317335887628382	0.9699276108200952	AN_1
3300047160_482	2423.5827305521884	0.22858410711730628	0.508734650119259	0.44931892699606946	0.6532016061635847	0.9661408915046823	AN_1
3300047160_496	602.435875910773	-0.05746945161890568	0.6408196109323026	-0.08968116867599557	0.9285405808530294	0.9718200147063486	AN_1
3300047160_50	2896.5099854393907	-0.4003352303760899	0.21303463808488252	-1.879202527696827	0.060216844637848536	0.2155588496456317	AN_1
3300047160_500	6974.767206289733	0.39529845873769276	0.5100972655020899	0.7749472217785751	0.43837084701993934	0.8265465588849238	AN_1
3300047160_501	4628.390535494649	-0.14586016178022781	0.17484618166132318	-0.8342198862698572	0.40415708699195974	0.777528556638869	AN_1
3300047160_502	6801.598787575178	0.3890474433085507	0.28406984739458246	1.3695485349001186	0.17082787430164395	0.4802063419261974	AN_1
3300047160_506	1563.4641733994702	0.6694701293987027	0.5814835746793341	1.1513139124658676	0.24960311561226595	0.6362467803373761	AN_1
3300047160_509	641.5809278295301	1.24505495003636	2.8851433501585717	0.43154006540712436	0.6660757270258753	0.9661408915046823	AN_1
3300047160_518	1147.3652522519794	-0.031287497858817896	0.540467828905077	-0.057889658154496655	0.9538365209054261	0.9816567527651676	AN_1
3300047160_525	297.5159741745811	0.600255179467239	3.3395326541315953	0.17974226984264302	0.8573549072911464	0.9699276108200952	AN_1
3300047160_526	2142.32373963766	-0.2680698083709499	0.29748132989208287	-0.9011315381311407	0.36751838612593346	0.7628322804462653	AN_1
3300047160_527	44.886151251681525	-8.929714341864752	4.785976414890805	-1.865808263091595	0.06206819584561618	0.21901206248381708	AN_1
3300047160_530	1821.3580205892192	0.8340440394935212	3.7003654755478537	0.22539504408548663	0.8216719667097578	0.9699276108200952	AN_1
3300047160_533	1869.9415899560108	0.5787680455829195	1.1992598725516386	0.48260436193157	0.6293766813824113	0.9596051870460223	AN_1
3300047160_534	85.4083711316718	-23.27515472407562	4.785392813772962	-4.863791882891369	1.151579980027308e-6	6.183483805798807e-6	AN_1
3300047160_538	514.7692766475507	1.1703136128931304	3.007655752638225	0.3891115570213003	0.6971936246013151	0.9699276108200952	AN_1
3300047160_540	994.0455551140857	-0.45318776913979325	0.40895543144694996	-1.1081593109947023	0.26779301982972076	0.6548997613657528	AN_1
3300047160_546	3721.7684350556638	0.6103645744501012	0.1780082090235831	3.4288563308293165	6.061302907184098e-4	0.0028247958831593813	AN_1
3300047160_547	1050.9286483054198	-0.31557756783381974	0.5648691545850153	-0.5586737481986617	0.576384398631928	0.9126086311672194	AN_1
3300047160_55	9816.282432645468	0.5969528699218902	0.45055509765353935	1.324927568305809	0.18519517614893924	0.5082578723198666	AN_1
3300047160_552	514.5360663570274	-0.2851750806458518	4.562534771395632	-0.06250365091653201	0.9501617546158236	0.9816567527651676	AN_1
3300047160_564	583.0487788796994	0.7790193376297275	2.970171492974593	0.2622809287182096	0.7931048641806755	0.9699276108200952	AN_1
3300047160_567	1067.6303445735825	-0.7476468766493618	4.3251431729455785	-0.17286060755768862	0.8627609960741701	0.9699276108200952	AN_1
3300047160_568	411.51883644439556	-0.5903912945386011	4.562665516174593	-0.12939613750902212	0.8970442038100984	0.9699276108200952	AN_1
3300047160_571	179.5446050067261	-24.280144043567635	4.785053696631952	-5.074163339202999	3.8920463486031166e-7	3.2044514936832325e-6	AN_1
3300047160_578	2083.881133110474	-27.636831657932156	4.784772474994391	-5.775997041105817	7.649871772339806e-9	2.6993118968113313e-7	AN_1
3300047160_581	4424.213946770022	1.6071180244953356	0.17024485474589546	9.440038742398954	3.726415938496413e-21	4.60212368404307e-19	AN_1
3300047160_590	243.6311720954285	-0.18658587420900444	4.5630313039319	-0.04089077233553625	0.9673829739057174	0.9833069734761818	AN_1
3300047160_597	4578.913824300246	0.056374797055145684	0.19333129107950225	0.291596858120412	0.7705948779455456	0.9699276108200952	AN_1
3300047160_607	586.6370601087822	-25.895709283711817	4.784840151113655	-5.412032265630583	6.23134572004599e-8	1.5391423928513596e-6	AN_1
3300047160_617	3759.077301380691	-0.16310162032975653	0.18456973695380402	-0.8836856086032092	0.37686595121281896	0.7659861894392578	AN_1
3300047160_618	826.7761293170815	2.202517107799043	2.688471606332973	0.8192450694330511	0.4126466056849829	0.7840285508014675	AN_1
3300047160_624	551.6913970313645	2.0406725802252863	2.8895773903615796	0.7062183511790048	0.4800523598530741	0.8420370964576763	AN_1
3300047160_627	799.9759159821824	-0.30531929803162045	0.6510048358425894	-0.4689969739417505	0.6390717990047583	0.9661408915046823	AN_1
3300047160_628	262.01928773602873	-0.19050815521871942	4.562964959012079	-0.04175095731174891	0.9666972312880754	0.9833069734761818	AN_1
3300047160_642	588.1426352027928	0.5427164222356692	2.982630932136262	0.1819589599196429	0.8556149334072506	0.9699276108200952	AN_1
3300047160_649	1171.0899496626826	-0.10160370525030477	4.562280252153694	-0.022270377888850907	0.9822322780400937	0.9878094813421633	AN_1
3300047160_653	4251.958546600727	0.6524098629020214	0.3084640860487695	2.1150269752922632	0.034427648281043235	0.1371553084744787	AN_1
3300047160_663	141.2795192888496	-0.9597693663867479	4.5638942292108755	-0.21029614583173584	0.8334365432148	0.9699276108200952	AN_1
3300047160_666	863.7566622060585	0.12384351698370116	0.41010197124020326	0.3019822523875752	0.7626655922861187	0.9699276108200952	AN_1
3300047160_667	1348.1242809465375	-0.38954311175667505	0.4600758354876398	-0.8466932659999274	0.39716611313868866	0.777528556638869	AN_1
3300047160_668	956.4220246457166	-0.39229104801941694	0.3117317449299391	-1.2584250863112556	0.20823806411254944	0.5530623853311797	AN_1
3300047160_669	798.2978002227821	0.08373262531230545	2.8647929595133004	0.029228159415237737	0.9766826228579214	0.9878094813421633	AN_1
3300047160_674	585.5353747217137	0.3204182252769737	3.0003232432346527	0.10679456821843315	0.9149519567655148	0.9699276108200952	AN_1
3300047160_679	835.2551957820143	-0.2340821727449577	0.37679442153865106	-0.6212463862630352	0.5344375233909879	0.8742123726991656	AN_1
3300047160_680	2061.64649851614	0.8444519202685452	0.4292378516947548	1.967328642929335	0.04914533496215742	0.18565737710485747	AN_1
3300047160_682	279.7072202998303	-24.889649924277283	4.784943503699231	-5.201660146046686	1.9751616800639e-7	2.544759899623939e-6	AN_1
3300047160_683	3293.191813866652	2.1651515838830027	0.9359876752527025	2.313226595957521	0.020710184036260716	0.0852569242826066	AN_1
3300047160_685	620.8741595376615	1.8950487103717817	2.8728722601790317	0.6596355628612899	0.5094877268389999	0.8678859898567792	AN_1
3300047160_692	7626.365220474222	0.20695040440290288	0.5926149974694026	0.349215604206149	0.7269274523022211	0.9699276108200952	AN_1
3300047160_693	1484.742942614087	0.07507726327168132	0.5641883026304694	0.13307128652196684	0.8941370031949172	0.9699276108200952	AN_1
3300047160_701	190.9739490754413	-24.37128978005444	4.785035280227495	-5.09323094873728	3.5201246457736156e-7	3.0948748272006567e-6	AN_1
3300047160_709	1076.7682872364016	-0.25689183250909403	0.30835561207930673	-0.8331025038812117	0.40478692157184043	0.777528556638869	AN_1
3300047160_715	187.64904898272417	-24.347463004940742	4.7850404061037795	-5.08824606243308	3.613902752471779e-7	3.0948748272006567e-6	AN_1
3300047160_716	3575.513472313405	-1.1528948965404808	0.3578407138691159	-3.221810296751656	0.0012738344538941616	0.0058266131502195916	AN_1
3300047160_723	3634.664722752061	-0.2573639360151293	0.42638299833906773	-0.6035980257600907	0.5461109257071082	0.8816300565336975	AN_1
3300047160_725	960.9919791860262	0.19155146719126118	0.44180808135310523	0.4335626152527707	0.6646060874371431	0.9661408915046823	AN_1
3300047160_726	1268.6753846475053	-0.049211049165547575	0.35888870617554225	-0.13712064023958756	0.8909354380134534	0.9699276108200952	AN_1
3300047160_73	1143.6340322800258	0.3691907518011342	0.8074505316491588	0.4572301798440692	0.6475056081689863	0.9661408915046823	AN_1
3300047160_731	1315.486821851629	-0.4456757688987949	0.2917204595522919	-1.5277494406212737	0.1265747596685205	0.37219006712053054	AN_1
3300047160_735	106.2109482401469	22.904641366835968	4.785248557524684	4.786510270363906	1.6970625878995589e-6	8.918605515131725e-6	AN_1
3300047160_739	227.96346260691962	-24.60816876097163	4.78498833875996	-5.142785523976614	2.706945926282058e-7	2.7858985157986175e-6	AN_1
3300047160_740	471.40200779337135	0.7305323665356587	3.090766275137994	0.236359627841171	0.8131536210298265	0.9699276108200952	AN_1
3300047160_742	397.84455176299707	0.5218053293363722	4.562681746803966	0.11436373569159906	0.9089494600662393	0.9699276108200952	AN_1
3300047160_743	1392.5040517895368	0.01262891517719329	0.6223522049552138	0.020292231756617787	0.9838102526727618	0.9878094813421633	AN_1
3300047160_747	38.44415732204205	-8.706265389011243	4.786182505713844	-1.8190416639184825	0.06890507391021879	0.23638268410866722	AN_1
3300047160_748	2537.4922491537936	3.704248945576371	3.4764364177668092	1.0655304744379315	0.2866359425968034	0.6679158285038721	AN_1
3300047160_750	6371.246829399871	0.06590721738111849	0.41012156147898327	0.1607016640223533	0.8723283787698768	0.9699276108200952	AN_1
3300047160_757	1565.0525284574703	0.26417598767740136	0.6410988014421636	0.4120675114087448	0.6802899407165819	0.9699276108200952	AN_1
3300047160_760	268.47300689336396	2.381329820720363	4.563676994006109	0.5218006935740587	0.601809106724432	0.9348858450373252	AN_1
3300047160_761	644.2809500414853	-0.34700224481589914	0.9013903546526664	-0.38496334360002094	0.7002645740622713	0.9699276108200952	AN_1
3300047160_766	2785.2686555031823	0.7905535405350925	0.4803485700302432	1.6457913895430532	0.09980671564469595	0.30815323455299876	AN_1
3300047160_774	1322.7768689344243	0.0887675222423907	0.7186805342460832	0.1235145770791057	0.9016996318363488	0.9699276108200952	AN_1
3300047160_78	1845.4685921138523	-0.292880622698352	0.4594475253986476	-0.6374626187054312	0.5238235515794555	0.8736030411641618	AN_1
3300047160_780	665.2580231601759	4.137317528430775	2.542113644662735	1.6275108459911822	0.10362864697928192	0.3160034049862054	AN_1
3300047160_79	6302.866251601872	-0.359141190733456	0.32783917096810317	-1.0954798039322713	0.2733064887067637	0.6554048806851518	AN_1
3300047160_791	1546.7745171367217	-0.29392149265090933	0.43090892209344517	-0.6820965581844478	0.49517789681480096	0.856745199692761	AN_1
3300047160_792	2994.0952610850795	0.24055147931291274	0.36078333198928336	0.6667477623940178	0.5049332647577303	0.8661008082997178	AN_1
3300047160_797	4376.428913115728	-0.22839352349084235	0.21017893314711322	-1.0866623027864546	0.2771860797839505	0.6583169394868824	AN_1
3300047160_800	31069.01446985072	0.24701111044199237	0.4072964167169897	0.6064652187049028	0.5442058718466194	0.8816300565336975	AN_1
3300047160_807	611.7816170599557	-25.959622450229112	4.7848362798044235	-5.42539408501772	5.782681183576755e-8	1.5391423928513596e-6	AN_1
3300047160_809	644.4722502232397	25.40589333179615	4.784820474603365	5.309685800469276	1.0981438333253993e-7	2.1403208277103264e-6	AN_1
3300047160_810	485.6605186425328	1.963221322034403	4.562815739128786	0.43026530858974726	0.6670026595165492	0.9661408915046823	AN_1
3300047160_817	518.3108896153582	25.11402943239072	4.7848410353949635	5.248665367692343	1.5320507793757454e-7	2.3291378443311013e-6	AN_1
3300047160_840	309.63132113428463	-25.023982834310132	4.7849244130529485	-5.229755096244866	1.6973474169214505e-7	2.3291378443311013e-6	AN_1
3300047160_843	1108.6510152573198	4.297619310911015	2.373624519538376	1.810572512853389	0.07020705027801309	0.23754988244752376	AN_1
3300047160_846	4056.042250190957	0.26720284846095554	0.35585284687085256	0.7508801764846631	0.45272477158156593	0.8407745757943368	AN_1
3300047160_873	20931.285139981002	1.85267160433167	0.46548647987153663	3.98007608049747	6.889321620396865e-5	3.2724277696885107e-4	AN_1
3300047160_876	4427.4089052957315	-15.553754376346058	1.59454464550204	-9.754354900140774	1.7672062389197878e-22	4.364999410131876e-20	AN_1
3300047160_877	1943.8863636505325	-0.2799998024373668	0.26017972909724824	-1.076178391794352	0.2818474816626509	0.6630126473397597	AN_1
3300047160_882	3244.9923613266083	-0.4205889314309812	0.41100021919957974	-1.0233301876336596	0.3061517552597731	0.7001804032329997	AN_1
3300047160_884	564.2806332867501	0.5565169491687547	3.0361064732026355	0.18329954963065345	0.8545629877539516	0.9699276108200952	AN_1
3300047160_887	190.14272405226203	-24.365359581948425	4.785036544892037	-5.091990281235809	3.5432427028087003e-7	3.0948748272006567e-6	AN_1
3300047160_888	118.24175954725365	-23.520157585912763	4.78521305951745	-4.915174579140804	8.870337869255132e-7	5.383721000204744e-6	AN_1
3300047160_890	1186.3979569755559	1.4328737355516725	2.6604909161924026	0.5385749399972953	0.5901801830174234	0.9246596822803982	AN_1
3300047160_891	1125.9319451628353	-0.3342771462284423	0.45368403164834387	-0.7368060652563251	0.46124029423866064	0.8420370964576763	AN_1
3300047160_892	2421.363398644786	0.25345521154988415	0.30223477868416476	0.8386037260614033	0.4016917190641549	0.777528556638869	AN_1
3300047160_894	6016.051577011823	3.8911100583159692	3.5328758432095695	1.101400171136767	0.2707225309941728	0.6554048806851518	AN_1
3300047160_895	1237.3113133064264	0.8895325046483105	0.6998522573002646	1.2710289855744017	0.20371833704217965	0.5469394483632433	AN_1
3300047160_897	308.56379857900345	0.9734393272010095	3.2946538238429985	0.295460275721944	0.7676422938545414	0.9699276108200952	AN_1
3300047160_900	1022.2886161669558	1.236048900135213	2.7192405992792006	0.4545566510233987	0.649428227062738	0.9661408915046823	AN_1
3300047160_901	1045.1405573180934	-0.34715337455276774	0.3765184579671651	-0.9220089140571213	0.3565239260133293	0.7591500838387271	AN_1
3300047160_904	1337.7049924001867	2.2580320662058337	2.56315950635367	0.8809565150387741	0.37834135672708274	0.7659861894392578	AN_1
3300047160_906	155.29266538032164	1.0795884716166309	4.563786402114747	0.23655543368909113	0.8130016976732888	0.9699276108200952	AN_1
3300047160_909	3073.6441883631724	-0.04852511024356865	0.43868598028203376	-0.110614682083917	0.9119219043185052	0.9699276108200952	AN_1
3300047160_912	109.51389680387113	-23.60781758886917	4.7852504501821915	-4.933454964299797	8.078767615183218e-7	5.1890366199252265e-6	AN_1
3300047160_916	40.106607368400624	-8.767324588901033	4.786122985613891	-1.831821834761418	0.0669779690579727	0.23300786418759514	AN_1
3300047160_919	23.482106904814874	-7.995306572836553	4.787097155960653	-1.6701784635561863	0.09488405968462028	0.30020905010033505	AN_1
3300047160_920	1941.2389865617622	-0.5243998411133229	0.3688568349440793	-1.4216893695160207	0.15511644752586012	0.44550886673124945	AN_1
3300047160_923	100.99384031628344	-23.49681696093701	4.7852930021213576	-4.9102148918615205	9.097664052746835e-7	5.383721000204744e-6	AN_1
3300047160_927	4635.59006736583	-0.03645661004045067	0.15222645061677761	-0.23948932588744606	0.8107261723906583	0.9699276108200952	AN_1
3300047160_928	3471.4784146645648	0.06058652609622984	0.23485857359749496	0.2579702548992917	0.7964298635822629	0.9699276108200952	AN_1
3300047160_929	129.25549110437922	-23.83826236298212	4.78517340854475	-4.9816924754314655	6.303054732504669e-7	4.448155768367581e-6	AN_1
3300047160_93	271.6027763238322	-24.852031528391525	4.784949397520629	-5.19379192207735	2.060534331679303e-7	2.544759899623939e-6	AN_1
3300047160_930	313.57963999438624	-25.044589649203502	4.7849221659799355	-5.2340641666580705	1.6582284394821e-7	2.3291378443311013e-6	AN_1
3300047160_931	742.7798647258475	1.0171108881340667	2.8970892856643955	0.3510802698304863	0.7255281293998495	0.9699276108200952	AN_1
3300047160_933	437.7528588818982	1.0158271257012237	3.1195680771320013	0.3256306964889614	0.7447037845243321	0.9699276108200952	AN_1
3300047160_935	1215.363973316541	2.6284945285037917	2.54541354090554	1.0326394852007803	0.30177264275454335	0.6966153529006749	AN_1
3300047160_946	431.14116114895387	0.7457706236498093	3.1405841142034765	0.2374623944243422	0.8122980898296127	0.9699276108200952	AN_1
3300047160_949	95.17526515402842	-23.419440494652143	4.7853264341469615	-4.894011060047343	9.880128255211984e-7	5.675329486133396e-6	AN_1
3300047160_950	48.7441549894394	9.05078129097395	4.7858526706606686	1.8911533458727479	0.05860387712006474	0.2148587941683483	AN_1
3300047160_952	960.7188687854023	0.8739983919599323	2.760133679318353	0.31665074721155406	0.7515086249495191	0.9699276108200952	AN_1
3300047160_955	440.7049994315254	-0.6262582425925669	4.5626297300133185	-0.13725817777256688	0.8908267267915054	0.9699276108200952	AN_1
3300047160_957	3497.166857480949	0.10369327488338895	0.47737221082887593	0.21721682270390888	0.8280393750378328	0.9699276108200952	AN_1
3300047160_962	472.34361942163014	-25.60461857304132	4.784862942000067	-5.35117074060613	8.738702125650532e-8	1.9622358409415284e-6	AN_1
3300047160_964	373.11551328713875	24.65450639847809	4.784881908685963	5.152584090680051	2.5692134831337325e-7	2.7858985157986175e-6	AN_1
3300047160_967	1967.839660959761	0.004286468294375418	0.4523420751017694	0.009476165341044241	0.9924392271356159	0.9924392271356159	AN_1
3300047160_97	1840.6068260442407	0.055662208135039803	0.35854578024268935	0.15524435428402936	0.876628682469384	0.9699276108200952	AN_1
3300047160_971	768.8164868551123	1.4031217170380086	2.802188552358732	0.5007235204986246	0.6165657166736762	0.945911378996261	AN_1
3300047160_972	1037.4069799915621	-0.2532214797265595	0.3578857524063435	-0.7075483671086515	0.4792257665774325	0.8420370964576763	AN_1
3300047160_984	769.2381880388582	0.1473683159482044	0.7319485580216323	0.20133698513803072	0.8404350846804792	0.9699276108200952	AN_1
3300047160_99	760.6511684745954	-0.46158421948747463	0.5116174955117372	-0.9022056976878448	0.3669476087111437	0.7628322804462653	AN_1
3300047160_991	1415.9714959385062	-0.15815143572525997	0.22264945597159547	-0.710315841712347	0.47750829819956514	0.8420370964576763	AN_1
3300047160_992	349.7396599390246	-0.5109719987109986	4.56276133535801	-0.1119874482040832	0.9108333588458543	0.9699276108200952	AN_1
3300047160_995	3084.432787081425	3.273642247473964	3.4650691688127613	0.9447552380593932	0.34478384904359227	0.7536425726882061	AN_1
3300047160_996	536.4026535492221	0.4064037284033593	3.0421492625944366	0.13359098891050664	0.8937260101228128	0.9699276108200952	AN_1
3300047160_997	1402.8120421609594	-27.09208178214917	4.784785349543092	-5.662131068165104	1.49504558469188e-8	4.61595324273618e-7	AN_1
3300047160_998	212.9349928486037	23.87521930086437	4.784991667633031	4.989605198764036	6.050281851097199e-7	4.395351815355906e-6	AN_1
GRE.SIPMG.052b4f26_bin.20	29264.627191817763	-0.26901448425821517	0.13588428449924464	-1.9797321320090593	0.04773363599678213	0.18565737710485747	AN_1
GRE.SIPMG.082b2f20_bin.18	112846.56184126639	-0.15361609480227492	0.21461352430567515	-0.7157801228942064	0.4741271278561093	0.8420370964576763	AN_1
GRE.SIPMG.117b4f26_bin.29	22201.87969008876	0.8808612113189931	0.44865871841849336	1.963321284436417	0.04960885380129795	0.18565737710485747	AN_1
GRE.SIPMG.169b2f20_bin.29	19182.44597690474	-0.21751930090628965	0.19292658369997712	-1.1274718949284719	0.2595430168268242	0.6410712515622558	AN_1
GRE.SIPMG.176b2f22_bin.12	176748.4798650695	-0.10220065768254297	0.23895194239110024	-0.4277038163400568	0.6688667710417031	0.9661408915046823	AN_1
GRE.bulkMG.LF176_bin.18	37945.19637709134	0.22565833257475987	0.19717661375593754	1.1444477530894035	0.2524379938180683	0.6362467803373761	AN_1
GRE.bulkMG.LF176_bin.7	16454.344502438562	-0.24605538428644336	0.15859124955793827	-1.5515066876155217	0.12078030593365079	0.36381384836111885	AN_1
GRE.bulkMG.OX080_bin.28	21583.856382098827	-0.3043855746663298	0.1546566596544085	-1.968137520534204	0.049052216767277744	0.18565737710485747	AN_1
GRE.bulkMG.T000H_bin.41	57117.88688721901	0.38448550964413514	0.25060836185150404	1.534208622583627	0.1249783370468747	0.3719234849467235	AN_1
GRE.bulkMG.T000H_bin.8	29513.18773876291	-0.22438824145452735	0.23925501280715625	-0.9378622367063557	0.34831521217441236	0.7546829597112267	AN_1
3300047160_1008	839.5675227831093	0.310304988213761	0.11767586709826831	2.636946689796921	0.0083655977457805	0.026665342814675346	AN_2
3300047160_101	631.3884046424453	0.16627507880695563	0.30925666563383275	0.5376604525764023	0.5908114866930269	0.7686578015649074	AN_2
3300047160_1011	1723.575041850024	0.5070695927950465	0.3912031458511007	1.2961797423481014	0.19491356703500545	0.3737064631122285	AN_2
3300047160_1016	766.6443212802026	0.49719418341480404	0.12076273311234752	4.117116022475711	3.8364296489304415e-5	1.6867061387539008e-4	AN_2
3300047160_102	1404.677538609748	0.6354877756419026	0.31290788786764756	2.0309100546250805	0.042264119639684475	0.1041446292455855	AN_2
3300047160_103	1157.1741347498162	0.2552037287717961	0.27005480259565184	0.9450071849079759	0.34465520791970133	0.549294237622024	AN_2
3300047160_1033	594.0455365972772	-0.0026617207329874973	0.34913487995940795	-0.007623760574414568	0.9939171780664917	0.9939171780664917	AN_2
3300047160_1039	1599.188728458088	2.295355810505554	3.5072439224313863	0.6544614122288664	0.5128145799737769	0.718013375362197	AN_2
3300047160_104	4124.6174639497785	-0.8657022368527765	0.6963200099138857	-1.243253424470508	0.21377446137721998	0.4037962048236377	AN_2
3300047160_1044	4005.5677508605295	0.7201112423836584	0.23749632615784042	3.0320942392391848	0.0024286336884570678	0.008722557613472567	AN_2
3300047160_1046	2173.8331212063167	-0.44654928177454184	0.09703786485425225	-4.601804485756611	4.188462852621943e-6	1.9778852359603623e-5	AN_2
3300047160_105	800.0387909645804	-1.3623998020619643	2.758006467104182	-0.4939799156788926	0.621320363776144	0.7885925186954993	AN_2
3300047160_1053	1254.2528497271223	0.38773586216938233	0.45317874428155824	0.8555914571502574	0.3922237969126485	0.5814945826321243	AN_2
3300047160_1055	1232.0972765160495	-0.03417709750158609	0.47387883515850593	-0.07212201720330962	0.9425048046559106	0.9691077628518436	AN_2
3300047160_1059	720.7540769985794	0.653206703090609	0.42945346703062326	1.5210185811447425	0.12825517449523807	0.2725422458023809	AN_2
3300047160_106	385.4563860505727	-11.9991245247319	1.5416562064850117	-7.783268717277764	7.067429575370651e-15	1.0012191898441754e-13	AN_2
3300047160_1066	11269.088414299657	0.42253082662552843	0.04178273165827466	10.11257066869754	4.8592227711582455e-24	2.0651696777422542e-22	AN_2
3300047160_1071	4345.519677052556	1.95285556149054	0.49963764522120235	3.908543681943663	9.28541600136057e-5	0.00040131882717744835	AN_2
3300047160_1073	2287.112346137757	0.12995747328509735	0.2886494077259653	0.4502260174684817	0.6525474780819014	0.807765082091674	AN_2
3300047160_1076	1137.4072220350831	-0.5991530028827544	0.10172248779610972	-5.89007421921968	3.860222113979771e-9	3.937426556259366e-8	AN_2
3300047160_1077	1307.714082818563	-0.04535949379855182	0.13138308610098073	-0.34524606739476815	0.7299093886152912	0.8743678194989919	AN_2
3300047160_1079	1166.165362525896	-26.692372000253734	4.784791501683808	-5.57858623324767	2.4248126004687348e-8	2.2083114754268838e-7	AN_2
3300047160_1081	438.94169600763087	-0.15201175818122134	0.2901747998539599	-0.5238627139838687	0.6003740300104661	0.7732089780437821	AN_2
3300047160_1082	828.7245036656154	1.9149812837710873	2.731445829096447	0.701087044587136	0.48324869490399736	0.6884269117347448	AN_2
3300047160_1085	190.51498310909463	23.376160698335283	4.7850282954548655	4.885271153054518	1.032866099707705e-6	5.603847987775846e-6	AN_2
3300047160_1097	3705.2847909799575	0.9694471072020194	0.39352517093091094	2.4634945330402256	0.01375899937160309	0.041768390949509376	AN_2
3300047160_1115	531.196477776925	0.09695336973862738	0.31399395220080434	0.30877464059124327	0.7574929610103494	0.8827596022884429	AN_2
3300047160_1122	446.35516020265845	1.7854696427925536	4.5628072302444895	0.3913094620692276	0.695568505653783	0.8508935622638777	AN_2
3300047160_1125	1704.34984342366	-0.0028878969957905564	0.1024643649650704	-0.028184403395024468	0.9775150765712648	0.9860426645871114	AN_2
3300047160_1132	3639.6185313367755	-0.3253397867042065	0.20063013248843947	-1.6215898512799563	0.10489119710443345	0.23325247052122464	AN_2
3300047160_1137	11476.738963845592	0.5174822556872475	0.049080654121948425	10.543507721015358	5.443006158496056e-26	2.775933140832989e-24	AN_2
3300047160_1146	3535.016196918697	0.8877456375424285	0.4298876651975665	2.0650642235441694	0.03891692397150792	0.09825560012608436	AN_2
3300047160_1171	9584.535097102165	0.021233036011698386	0.13610289276830595	0.15600723526019636	0.8760273181411388	0.9587423438883707	AN_2
3300047160_1185	2102.4656511153435	0.2296515354739946	0.10514119322871586	2.184220365222875	0.028946059152922046	0.0760953101442796	AN_2
3300047160_1190	1514.3767426108698	0.7365561955695872	0.314020183106339	2.3455696009200837	0.018998031173483525	0.055051113059526126	AN_2
3300047160_1208	892.5944394714277	0.6791948219429961	2.8124245695781185	0.24149796915082405	0.8091691902965478	0.9170584156694208	AN_2
3300047160_1219	5540.579269666509	0.29204966689652995	0.2042980206092816	1.4295276382294115	0.1528526369938559	0.311819379467466	AN_2
3300047160_125	1618.1003029623644	-0.23444179750752991	0.22657093011306842	-1.0347390876249376	0.3007907764298954	0.5102159032350316	AN_2
3300047160_1260	4591.365588127421	0.3795780182818601	0.2256313281630283	1.6822930635217408	0.0925120255286309	0.2087660753079724	AN_2
3300047160_127	629.621837270486	-12.707054464469568	1.4716103578193662	-8.634795478946543	5.883220062504655e-18	1.0715865113847765e-16	AN_2
3300047160_1272	1375.808147940053	0.22333145336493643	0.39736861748110763	0.5620258962084604	0.5740983754598126	0.76334581482669694	AN_2
3300047160_1283	4614.238010359469	-0.07563403516451167	0.08796562744454428	-0.859813513092864	0.3898918491357234	0.5814716995030312	AN_2
3300047160_133	1171.9608971557304	-1.370388555276035	3.5243548194561134	-0.38883387895873567	0.6973990373064722	0.8508935622638777	AN_2
3300047160_137	106.94518365340888	-23.532875580799377	4.785242585274362	-4.917802005109866	8.752136812172288e-7	5.022508152900789e-6	AN_2
3300047160_148	2927.3326310760476	0.017068328086926904	0.3076238321905788	0.055484414082562855	0.9557525465821428	0.9748675975137857	AN_2
3300047160_152	3695.5368377711034	1.6442460591197283	0.673052304394035	2.442969214108972	0.014566979847235715	0.043700939541707146	AN_2
3300047160_164	1973.305473860752	0.3501102138619979	0.15034088577335214	2.3287757821901485	0.019870947019421596	0.056933612246657384	AN_2
3300047160_168	358.298867483809	0.3620927035941782	0.31230160779936683	1.1594327232115913	0.24627984474514153	0.4485811457857935	AN_2
3300047160_185	2756.014778987238	-1.6622265644803182	0.3013237054153346	-5.5164148542152045	3.459849953091289e-8	2.9408724601275957e-7	AN_2
3300047160_197	866.0215091826858	-0.31931884582877784	0.17304774232463105	-1.845264442859634	0.06499908020215077	0.15490435001447148	AN_2
3300047160_203	685.6453398424381	0.8663268113219278	2.8190919367591847	0.3073070445222348	0.7586096742023338	0.8827596022884429	AN_2
3300047160_205	284.24044426766307	24.283961968679478	4.784931868566965	5.075090437171106	3.8731174435520037e-7	2.5324229438609256e-6	AN_2
3300047160_209	1331.4499207779934	-0.3639971025092905	0.3322053428851116	-1.0956991219589554	0.2732104670876548	0.4739365245398093	AN_2
3300047160_211	5707.835782255914	1.189654900434261	0.2789143266498907	4.265305818899666	1.9962857161812645e-5	8.930751888179341e-5	AN_2
3300047160_212	2109.948175855352	-1.2049348623486522	0.26267363481358885	-4.587193774524635	4.492436752371754e-6	2.082857039735995e-5	AN_2
3300047160_214	104.75268558306564	-23.52110318000675	4.785252975194189	-4.915331185610359	8.863249681589626e-7	5.022508152900789e-6	AN_2
3300047160_215	1412.7218505244798	0.2509214814776141	0.21323570377154405	1.176732962817736	0.23930210685908265	0.44218867571787013	AN_2
3300047160_219	4143.466570046025	-0.45041869919730854	0.19709405193030163	-2.285298286711311	0.022295343334836938	0.06179687554764586	AN_2
3300047160_221	1278.1708577555678	-13.728561184043665	1.579030408711373	-8.694298164433308	3.489801550275882e-18	7.415828294336249e-17	AN_2
3300047160_228	3840.639983721213	0.05639453551648432	0.4635845984301194	0.1216488548313695	0.9031771202202674	0.9616195457366521	AN_2
3300047160_238	1341.5201882061015	-27.002269465026963	4.784785552195635	-5.643360432869599	1.6676271898047426e-8	1.5749812348155903e-7	AN_2
3300047160_250	3654.947849622586	0.3216434785128797	0.06124494260257092	5.251755734348225	1.5065617230349403e-7	1.1299212922762053e-6	AN_2
3300047160_262	3346.324779732647	-0.5064601620423493	0.22133208352431288	-2.2882365447335418	0.022123749589515598	0.06179687554764586	AN_2
3300047160_266	1666.4212087722422	-0.6277346374444566	0.7153246198319406	-0.8775521211501673	0.3801868219098731	0.5736546721125304	AN_2
3300047160_267	2436.5653718391172	0.41850945479228646	0.16470724049984728	2.5409293090103984	0.011055827030074064	0.034380925520352275	AN_2
3300047160_27	4731.359114615093	0.11749072859006139	0.08873452692136648	1.324070039773556	0.18547978465749956	0.3583132203610787	AN_2
3300047160_298	4385.684635783479	0.4657706515569374	0.19699023986380063	2.3644351714022585	0.01805758744669199	0.052927411481683416	AN_2
3300047160_300	1755.7652640738022	-0.025473834781873365	0.20560798999158067	-0.12389515982776973	0.9013982853195145	0.9616195457366521	AN_2
3300047160_303	1771.323535005275	-3.0348137389332797	3.409756105132401	-0.8900383620884925	0.37344528771829755	0.5668365974295587	AN_2
3300047160_305	697.1728843907401	0.20066131369366438	0.3104850852626575	0.646283261960597	0.5180959257515461	0.718013375362197	AN_2
3300047160_311	728.8057803012626	1.5322706175097685	2.752529946841471	0.5566771832103223	0.5777480088688334	0.76334581482669694	AN_2
3300047160_316	1128.7937941171845	-0.5831512600884263	0.15221979298571855	-3.830981823389671	1.2763293508507355e-4	5.424399741115626e-4	AN_2
3300047160_317	3222.169316493647	1.099570642167635	0.4156343177739017	2.6455241907281186	0.00815644548122545	0.026327767059651768	AN_2
3300047160_324	3689.298781035336	-1.6057172249023808	0.18550029470599824	-8.65614379452767	4.879929448556203e-18	9.572169302937169e-17	AN_2
3300047160_328	4106.130202461897	0.7470448291714419	0.3502495923580896	2.132892786946273	0.032933522195123875	0.08569436897710804	AN_2
3300047160_331	4335.799676067073	-0.27221109612312583	0.2372350437036587	-1.1474320651512064	0.2512030951937477	0.45110414981975827	AN_2
3300047160_335	2745.5456089125223	0.2899688215833344	0.12729395339369662	2.2779465469700244	0.022729762530243208	0.062052733961158	AN_2
3300047160_342	1878.4901821567662	-0.13960672628400644	0.24511473983991022	-0.5695566344773335	0.568978448140468	0.76334581482669694	AN_2
3300047160_348	1355.861661233102	-0.29402365374044453	0.12288886049856847	-2.3925980967483187	0.01672955528222087	0.04960507670891071	AN_2
3300047160_352	1930.1267627165764	0.056469274085094195	0.21188056068791142	0.26651465288630405	0.7898428760010605	0.9015065726927414	AN_2
3300047160_357	4224.065791730731	0.5157817333662861	0.3863998920126707	1.334839227515552	0.1819289715764967	0.35413654772524167	AN_2
3300047160_363	1096.4954532788752	0.2505323942460197	0.37478070153582654	0.6684773074476741	0.5038289624619248	0.7137576968210602	AN_2
3300047160_367	1028.1557386015256	-0.06806645949366154	0.09414222719770121	-0.723017306046097	0.46966925193141595	0.6766421426130569	AN_2
3300047160_369	2743.8633400558397	-0.10272572800118637	0.10037914604790536	-1.0233771858565237	0.30612954194101893	0.5102159032350316	AN_2
3300047160_379	448.12507056318134	-0.25190699677728273	0.40515866333631007	-0.6217490074207849	0.5341069212477876	0.7283276198833466	AN_2
3300047160_386	1321.1617301094486	0.0877680818304157	0.27133907155449083	0.32346274838929695	0.7463448149102555	0.8826135499008685	AN_2
3300047160_391	6125.1705441677495	-0.1102853916342774	0.2518068801366086	-0.4379760853811703	0.6614036193692454	0.8147725745853023	AN_2
3300047160_398	2834.87022741894	0.6984047479031122	0.33741610108999553	2.0698619468572246	0.038465274326296435	0.0980864495320559	AN_2
3300047160_400	9703.000790784954	0.3877445880376022	0.2526992724793832	1.5344111767050572	0.12492852970836746	0.26770399223221597	AN_2
3300047160_401	513.7207904265132	1.4795599808767026	2.8044100021952265	0.5275833347187243	0.597788562363835	0.7732089780437821	AN_2
3300047160_405	3101.196803813361	-0.06979162082586123	0.18730077052062968	-0.37261790558503993	0.7094328443650149	0.857371446981416	AN_2
3300047160_408	1348.6045317636824	0.6694007579757456	0.1836113864475887	3.645747526484824	2.6661564135581714e-4	0.001079158548344974	AN_2
3300047160_425	147.4784351765792	22.556315836992518	4.785113243408929	4.713852042699689	2.4307719504874723e-6	1.2153859752437362e-5	AN_2
3300047160_434	969.423534065822	-0.13348936751262677	0.27044638711240365	-0.493589021239709	0.6215964559129229	0.7885925186954993	AN_2
3300047160_442	2861.465724803131	-0.6156545844647078	0.13525097764049013	-4.5519418432684144	5.315303009511117e-6	2.420361191830955e-5	AN_2
3300047160_451	299.1393219611137	-11.63337922955586	1.537514587640986	-7.5663537263766685	3.8384595200614285e-14	5.15161672429297e-13	AN_2
3300047160_452	1835.480006804109	-0.44492133282128704	0.09039540520160216	-4.921946329340656	8.568771622355743e-7	5.022508152900789e-6	AN_2
3300047160_468	2829.284138539424	0.481808661334388	0.1645484574569595	2.9280654998568636	0.0034107818381883385	0.011753369847811166	AN_2
3300047160_475	981.3250411313013	-1.5798397735437886	3.471711604005474	-0.45506077512920556	0.6490655163305177	0.8073741788501562	AN_2
3300047160_48	699.1553176248942	0.19807741563585055	0.31035022910403964	0.6382383419135432	0.5233185418068185	0.72133096303102	AN_2
3300047160_482	2468.925039392427	0.2971080903815776	0.19657055217143882	1.5114577799143336	0.13067185768896772	0.27538284058418816	AN_2
3300047160_496	607.3177504808651	-0.0032740191786519582	0.12041709152434137	-0.027188990675714345	0.9783089966295655	0.9860426645871114	AN_2
3300047160_50	2954.1607963555052	-0.4210568642469051	0.29297631723393697	-1.4371703085840137	0.1506696073892574	0.3098447571311342	AN_2
3300047160_500	7601.29936613889	0.35316272931592024	0.112692561475715	3.13386016513633	0.0017252304997788473	0.0063758518470087835	AN_2
3300047160_501	4686.5900182286605	-0.1909372758919607	0.2116182244661917	-0.9022723651216769	0.3669122017799388	0.5636301894812312	AN_2
3300047160_502	7743.038900908521	0.23871493816533462	0.2776569348363614	0.8597477974249862	0.3899280808432092	0.5814716995030312	AN_2
3300047160_506	1596.9524945755488	0.6950885266499144	0.14267907712335454	4.871692056495214	1.1064653305490052e-6	5.758135903877476e-6	AN_2
3300047160_509	851.3070729504085	0.2984956248310072	0.27102492332222533	1.1013585805026558	0.27074062472260896	0.4739365245398093	AN_2
3300047160_518	1099.961999665145	0.18128579654571617	0.15760774105305214	1.1502340896104448	0.2500474691697913	0.45110414981975827	AN_2
3300047160_520	154.6872393625718	-24.049843111193145	4.785089300376149	-5.025996716362769	5.008244564405218e-7	3.1148838144471482e-6	AN_2
3300047160_524	741.128102515613	-26.187995662232424	4.784817627343387	-5.473143952776408	4.421206784485452e-8	3.6367991291735175e-7	AN_2
3300047160_525	450.07040120202356	-0.5760270850762972	0.19642048095087491	-2.93262231253961	0.003361124995862495	0.011740916081437482	AN_2
3300047160_526	2151.389891739247	-0.15061341484177831	0.2677128702960095	-0.5625931046021262	0.5737119884726725	0.76334581482669694	AN_2
3300047160_527	166.386242449381	-24.151335662382355	4.785065171924707	-5.047232335326357	4.482561194599228e-7	2.857632761557008e-6	AN_2
3300047160_530	2212.575594324082	0.934147475673872	0.5263935550307229	1.7746179958820936	0.07596098376680119	0.17609137145940276	AN_2
3300047160_533	2343.6132213643473	0.2348162331848637	0.8652081794049556	0.2713985359527667	0.7860845279439153	0.9015065726927414	AN_2
3300047160_534	161.38593686416567	-10.743033941335565	2.334208421038147	-4.602431318689856	4.175872892070844e-6	1.9778852359603623e-5	AN_2
3300047160_538	773.400808016336	-0.04021178145096578	0.3199341059346517	-0.12568769851370348	0.899979139804457	0.9616195457366521	AN_2
3300047160_540	1001.066409228445	-0.3509689944167625	0.0977745656971796	-3.589573545166732	3.312193763632231e-4	0.0012993990918864905	AN_2
3300047160_545	132.90375154094383	-23.84401593961529	4.785145593843699	-4.982923815378088	6.263061448529305e-7	3.8025730223213634e-6	AN_2
3300047160_546	4119.128200299472	0.6051615858783786	0.34503773797554455	1.7538997021864056	0.079447694648171	0.18088537620788936	AN_2
3300047160_547	1083.0266392501926	-0.2560848453813777	0.13974274475093953	-1.8325448368556965	0.06687028808200075	0.1578881801936129	AN_2
3300047160_55	10679.411493205374	0.6385587122704545	0.10017642125980439	6.374341429250827	1.8375082221920652e-10	2.2312599840903646e-9	AN_2
3300047160_552	981.6125932634753	-0.3283403048336413	0.1578032304494124	-2.0806944439511876	0.037461882961382864	0.09649272883992556	AN_2
3300047160_564	833.2892107612537	-0.018586702384592712	0.1787997688895625	-0.10395260855215634	0.9172069576282679	0.9616195457366521	AN_2
3300047160_567	1933.5249612756847	-0.8250859844806304	0.3706943377449643	-2.2257852372384632	0.0260285701248729	0.06913838939419364	AN_2
3300047160_568	763.7384058415828	-0.21170843160865524	0.2810651376852434	-0.7532361834420792	0.45130799962653156	0.6538837494588952	AN_2
3300047160_571	481.7110115941913	-12.320724629990051	1.5189513588567392	-8.111335862172323	5.006625742891095e-16	7.979309777732682e-15	AN_2
3300047160_578	9620.354880079758	-16.640567137817552	1.5571935494738525	-10.686254861150752	1.1804176282457145e-26	7.52516238006643e-25	AN_2
3300047160_581	5553.274151334101	1.059000696191193	0.5522689005934571	1.9175454113987083	0.05516867759163035	0.13271710175345036	AN_2
3300047160_590	414.4815134949557	-0.057488553451208575	0.45543813571442393	-0.1262269207233361	0.8995523021407669	0.9616195457366521	AN_2
3300047160_597	5334.065847251062	-0.2970537439374762	0.38376915027389275	-0.7740427903740347	0.4389054871360993	0.6424841200843778	AN_2
3300047160_607	1103.547001600585	-1.6812408964891445	3.501814442069103	-0.4801056493146897	0.6311522714013997	0.7913058700747304	AN_2
3300047160_614	98.88234921278325	-23.43639915440562	4.785283085194577	-4.8975993138037435	9.701460480908212e-7	5.377983527459987e-6	AN_2
3300047160_617	3788.538909616021	-0.158739846256576	0.11849731641530653	-1.339607098782123	0.1803731147156133	0.3538088019421645	AN_2
3300047160_618	1140.021013052481	1.0362201536379296	0.323217019063115	3.2059578936825277	0.0013461368463174677	0.0050480131736905035	AN_2
3300047160_624	940.8110756530644	0.18386379784850654	0.11679676697723866	1.5742199258335454	0.11543661429429235	0.24946048004275043	AN_2
3300047160_627	786.3382494185024	-0.020009627419459993	0.45900318757239955	-0.043593656778916884	0.9652283080497719	0.9806104324808439	AN_2
3300047160_628	549.2405465528668	-0.6298879874742327	0.30739110705940687	-2.0491418684812492	0.04044824443871777	0.10112061109679443	AN_2
3300047160_642	827.8555837638798	-0.17695737779123866	0.11217352327535728	-1.5775324927331882	0.11467305172012801	0.24946048004275043	AN_2
3300047160_649	1755.5764197074384	0.22332119283052143	3.7104243651191373	0.060187507102937764	0.9520062955642716	0.9748675975137857	AN_2
3300047160_653	4620.4873079110375	0.6310988738377965	0.2440942594279858	2.585472002974274	0.00972457701339036	0.030614409116228914	AN_2
3300047160_663	287.78694603506165	0.6851230761298955	3.0202815610161284	0.22684079688894837	0.8205475391561745	0.9177176424773005	AN_2
3300047160_666	900.5747060026307	0.13507129327471695	0.17527163343618368	0.7706397813876502	0.4409204745677103	0.6424841200843778	AN_2
3300047160_667	1290.5278460477339	-0.039736187307438095	0.10531954393625015	-0.37729167657135304	0.7059568570606765	0.8572333264308214	AN_2
3300047160_668	953.7266178220219	-0.1611824947163452	0.11176095218660181	-1.4422076008016345	0.1492438170020405	0.30940791329691325	AN_2
3300047160_669	1079.4134337065282	-0.4987247683532897	0.3630689354113803	-1.3736365734187714	0.16955453672176696	0.3377844286253951	AN_2
3300047160_674	860.3786042021529	-0.2345841798451786	0.2075741531523813	-1.1301223022356213	0.2584246934131014	0.4608272504918941	AN_2
3300047160_679	864.2124815005382	-0.09902231202515004	0.17711045153304764	-0.5590992014758267	0.5760940197001405	0.76334581482669694	AN_2
3300047160_680	2389.047930787852	0.7566006399913904	0.14006442420171514	5.401804521766103	6.597382276179555e-8	5.257289001330583e-7	AN_2
3300047160_682	259.44560499061606	-24.574318261183524	4.784950694959778	-5.13575161538631	2.8101861464470135e-7	1.8857828087999696e-6	AN_2
3300047160_683	4058.4867606666476	1.7323065696182722	0.10381071935930859	16.687164681158123	1.62507268812815e-62	4.1439353547267826e-60	AN_2
3300047160_685	987.6770776291364	0.6585021208484855	0.672251107565738	0.9795478407361224	0.32730936250073994	0.5350249194723633	AN_2
3300047160_692	7492.103547099681	0.3029155892862951	0.28846171344980365	1.0501067391704535	0.29366904064384497	0.5025879554642985	AN_2
3300047160_693	1371.9460262253267	0.07002538737370949	0.3082634577007764	0.22716084448024773	0.8202986733887248	0.9177176424773005	AN_2
3300047160_701	423.14378925398887	-12.133714157575922	1.4796749268947444	-8.200256648965333	2.398743558052423e-16	4.077864048689119e-15	AN_2
3300047160_709	989.9512124677212	-0.0344295646262063	0.2582637460927363	-0.13331164418967062	0.8939469190660178	0.9616195457366521	AN_2
3300047160_715	739.4016717750486	-0.4950774118292365	0.1625401253632538	-3.0458781222348	0.0023200185680706	0.008451496212257187	AN_2
3300047160_716	4855.309351851851	-1.4306363765593149	0.23512725162301384	-6.084519623667845	1.1684109193730462e-9	1.2414366018338616e-8	AN_2
3300047160_723	3493.193583476717	-0.11751489648331989	0.12941634720738054	-0.9080375008190471	0.3638584089698214	0.5636301894812312	AN_2
3300047160_725	1003.0158690000396	0.21262763182295913	0.17411477723750315	1.221192337586155	0.22201320473061328	0.4162747588698999	AN_2
3300047160_726	1274.143762853738	0.039204065309272736	0.3496432197822769	0.11212591319141019	0.9107235712237635	0.9616195457366521	AN_2
3300047160_73	1100.4683830467459	0.5315734313101284	0.3778851026646228	1.406706503013181	0.15951443662707943	0.32282683603099405	AN_2
3300047160_731	1381.8072749674225	-0.3384371627752897	0.18663201703246488	-1.813392836645055	0.06977125361105618	0.16322632725522318	AN_2
3300047160_735	696.6025239873211	0.5795672285900958	2.837385280952049	0.20426102598080345	0.8381495246200749	0.9278901822278842	AN_2
3300047160_739	2132.6525508894442	-14.467128701346425	1.5717440292121703	-9.204506861462683	3.4324365116047756e-20	9.725236782880197e-19	AN_2
3300047160_740	622.0424697603548	-0.11469495053542447	0.3621847685013375	-0.31667524564882665	0.7514900339000901	0.8827596022884429	AN_2
3300047160_742	909.171612971206	-0.2900280142543849	0.287034013062719	-1.0104308237191797	0.3122889263601527	0.5171017936483048	AN_2
3300047160_743	1367.00238322229	0.32726390109964315	0.298055930021523	1.097994933622059	0.27220670157827687	0.4739365245398093	AN_2
3300047160_747	190.1852050281232	-0.339261947883577	4.563303158940967	-0.07434569566539855	0.9407353177283992	0.9691077628518436	AN_2
3300047160_748	3285.654010280322	2.0402156865138026	3.7683536523884666	0.5414077007397298	0.5882266005282759	0.7686578015649074	AN_2
3300047160_750	6183.468947884706	0.2891588085941738	0.08703223477123073	3.3224334564571905	8.923595295082878e-4	0.0034477527276456574	AN_2
3300047160_757	1512.405506363899	0.352619144565224	0.2576972133741317	1.3683467506235003	0.1712035636137629	0.33842564900394995	AN_2
3300047160_760	747.2859058771121	0.07094351649839256	0.34211209923588937	0.20736921218760043	0.8357215251060126	0.9278901822278842	AN_2
3300047160_761	533.137736555637	0.1965835267287771	0.34294575135692296	0.5732204756902836	0.566495422236503	0.76334581482669694	AN_2
3300047160_766	3149.526349306617	0.8090131505991827	0.32191799600742077	2.513103214585535	0.011967431595863871	0.036767410324642015	AN_2
3300047160_774	1343.4273815473978	0.28374109817251286	0.3144324563591479	0.9023912526651541	0.3668490661458585	0.5636301894812312	AN_2
3300047160_78	1758.1015338711209	-0.10591576978265606	0.11467974550792992	-0.9235786957282021	0.3557057100999129	0.5564721231624404	AN_2
3300047160_780	1017.6270701979789	1.2148873875174624	0.15131350804604785	8.028942050221628	9.8316780827162e-16	1.47475171240743e-14	AN_2
3300047160_79	6818.35175468112	-0.2345415957465503	0.22792009680270614	-1.0290518433290063	0.3034553137609065	0.5102159032350316	AN_2
3300047160_791	1513.6655426759107	-0.20339267755753906	0.1929677907462933	-1.0540239734876375	0.29187194140296996	0.5025879554642985	AN_2
3300047160_792	2959.5794645981823	0.310673721009076	0.15312880525707562	2.028839188600152	0.0424746723197682	0.1041446292455855	AN_2
3300047160_797	4536.622368799322	-0.21560709385318516	0.24047419489567026	-0.8965913949591402	0.3699369914499081	0.5648738492199196	AN_2
3300047160_800	32059.551450684365	0.33608755519843303	0.030829295484992726	10.901564564199523	1.1329224706018637e-27	9.629841000115842e-26	AN_2
3300047160_807	542.0342451681885	-25.416504445602282	4.784843893908729	-5.311877463329236	1.0850155422629672e-7	8.384211008395656e-7	AN_2
3300047160_809	933.6022586255251	13.343267853472536	1.8722197908095832	7.126977248596788	1.0259704267202265e-12	1.3081122940682887e-11	AN_2
3300047160_810	998.0638638648051	-0.5904507679423042	4.5623230554919205	-0.1294188861158234	0.8970262043925439	0.9616195457366521	AN_2
3300047160_817	963.2941769960988	0.7360433069095572	3.658665783035669	0.20117806614706613	0.8405593415476127	0.9278901822278842	AN_2
3300047160_840	949.3516644586205	-26.462836263567045	4.784801907786837	-5.530602263910058	3.191331834576219e-8	2.806171095920468e-7	AN_2
3300047160_843	1718.463440350211	2.312695102201743	3.506370803741839	0.6595694613170233	0.5095301571512953	0.7178463539976814	AN_2
3300047160_846	4247.559255929702	0.22815647850754764	0.15550886651042403	1.4671605782185668	0.14233237809066046	0.29749800338621657	AN_2
3300047160_873	29169.346649592313	0.7695938679928969	0.6632094479107514	1.160408480936571	0.24588253544039565	0.4485811457857935	AN_2
3300047160_876	11200.219512102387	-16.859931619013633	1.5462872183487961	-10.903492843339624	1.1091605026259048e-27	9.629841000115842e-26	AN_2
3300047160_877	2043.7697384266276	-0.31167139834180285	0.13847529568778436	-2.250736471034646	0.024402233358798056	0.06550073164730004	AN_2
3300047160_882	3252.486512291712	-0.23012200325340462	0.3648739401074766	-0.6306890625995935	0.5282438519085719	0.724205280842397	AN_2
3300047160_884	1017.6063920825216	-0.053807883720406006	0.20394981388111674	-0.26382904056863155	0.7919116560124473	0.9015065726927414	AN_2
3300047160_887	691.098621650036	-12.841451094828257	1.4570309042079137	-8.813437695619271	1.2136557285825381e-18	3.0948221078854725e-17	AN_2
3300047160_888	402.8356253860711	-2.010012894946131	2.798088816506486	-0.7183520705592555	0.4725402315844646	0.676953702550778	AN_2
3300047160_890	1747.770438579516	0.23028889178471773	0.24152013949275503	0.9534976762947166	0.340337972973113	0.5458250509946152	AN_2
3300047160_891	1326.3524219516835	-0.4522965418394037	0.2555975477928963	-1.7695652628322054	0.0767995898817527	0.17643149026889135	AN_2
3300047160_892	2602.521758832975	0.10485470646979245	0.11225515397666844	0.9340747641002378	0.35026532844060976	0.5513435725454043	AN_2
3300047160_894	7283.025031003782	2.450104638538865	3.7802694002897552	0.6481296381551712	0.516901105956757	0.718013375362197	AN_2
3300047160_895	1402.9051210199955	0.8789013820477173	0.3862408235185206	2.2755268954773578	0.022874341146466085	0.062052733961158	AN_2
3300047160_897	439.13130470350427	0.03314370236716096	0.28252469896441196	0.11731258360295035	0.9066123536128319	0.9616195457366521	AN_2
3300047160_900	1814.0290754139023	-0.517622500898108	0.41012910703754274	-1.262096476490086	0.20691407300011122	0.3937543926494654	AN_2
3300047160_901	1021.7571621163861	-0.29894526731410176	0.3577184389163937	-0.8356999102972479	0.4033237457560841	0.5944945385422049	AN_2
3300047160_904	1832.3031996224188	1.057966543929076	0.35443720407254803	2.984919561978392	0.0028365290388943924	0.010046040346084306	AN_2
3300047160_906	200.500633924128	0.3774677938344691	4.563237462557311	0.08271929675623985	0.9340747408633403	0.9682482069924869	AN_2
3300047160_909	3115.4442676470626	0.025492474246795214	0.25841842776239493	0.09864805102147936	0.92141771685802	0.9616195457366521	AN_2
3300047160_912	557.5417164988503	-0.8606073791347587	2.836684552636729	-0.303384942232937	0.7615965196214016	0.8827596022884429	AN_2
3300047160_919	65.77494211029703	-9.447914142883226	4.785553330342459	-1.9742574140756934	0.0483524805699163	0.11742745281265386	AN_2
3300047160_920	2184.1026651133375	-0.42457533356801896	0.090509778828906845	-4.690933278829523	2.719616546486136e-6	1.33365811414224e-5	AN_2
3300047160_923	198.51002681764123	-11.041758221924301	1.8793289009855807	-5.8753729675171	4.218923877219194e-9	4.13779072573421e-8	AN_2
3300047160_924	507.1364611255399	-0.44626962970326706	4.562546004689421	-0.09781153532360827	0.9220819474449939	0.9616195457366521	AN_2
3300047160_927	4858.6448422281965	-0.1294051965888361	0.0811730938095989	-1.5941883020052345	0.11089386580849793	0.24377530845833595	AN_2
3300047160_928	3352.9952671002634	0.12472051315859331	0.12403350402322064	1.0055388996770103	0.3146374282082045	0.5176293173747881	AN_2
3300047160_929	121.5618374556971	-23.051493781748732	4.785182998845358	-4.8172648334057335	1.4553946394397738e-6	7.422512661142846e-6	AN_2
3300047160_93	649.5489869164496	-1.3563482083009692	2.7798625388726053	-0.4879191648271381	0.6256070991388627	0.7897515360416336	AN_2
3300047160_930	634.5606040232813	-12.71832660092629	1.4613122416717026	-8.703360061075557	3.221996238075328e-18	7.415828294336249e-17	AN_2
3300047160_931	1226.0659953166933	0.06671283754198927	0.6984834914892641	0.09551097249234654	0.9239089753156069	0.9616195457366521	AN_2
3300047160_933	609.5043672174013	0.18258695776336897	0.3824244589966288	0.4774458156845521	0.6330446960597843	0.7913058700747304	AN_2
3300047160_935	1758.2551492605685	0.7624526431259737	0.26470429833661474	2.8803938882639173	0.003971786235839475	0.013153318053754106	AN_2
3300047160_937	533.3089512010462	-0.9420669544942586	2.839190108018104	-0.3318083392280724	0.7400339869104733	0.8818161993559378	AN_2
3300047160_939	196.46781156741523	23.34991821105255	4.785019289169116	4.879796046779801	1.061956034799164e-6	5.641641434870559e-6	AN_2
3300047160_946	682.7705781749743	-0.19537874417905543	0.36259960077550774	-0.5388277972760872	0.5900056813534457	0.7686578015649074	AN_2
3300047160_949	315.44920227574573	-1.493479171469104	2.9096750910506453	-0.5132803920488004	0.6077551978888143	0.7787817862394354	AN_2
3300047160_950	279.80886390472403	0.9664698601474289	3.003588017755621	0.3217717790969238	0.7476255952101474	0.8826135499008685	AN_2
3300047160_952	1761.510007394786	-0.6754843409175347	0.5594132341225015	-1.207487237904021	0.2272445570005393	0.4229734455119527	AN_2
3300047160_955	1184.5026285981564	-1.1628533792820757	0.18958990310597623	-6.133519561071078	8.595584390479892e-10	9.52988704161901e-9	AN_2
3300047160_957	3352.577602123493	0.276760285226673	0.07621895433764558	3.6311215186794725	2.821922667585833e-4	0.0011243598128662302	AN_2
3300047160_962	1597.2124067564425	-1.4035457048913957	0.2692942396277235	-5.211941060572551	1.8687492658952827e-7	1.3236973966758251e-6	AN_2
3300047160_964	443.7110705399156	24.901199897021776	4.784861476953035	5.2041631752480075	1.9487272346941105e-7	1.3430417428297248e-6	AN_2
3300047160_967	1997.9209313863948	0.08584036152021067	0.08810054940873958	0.9743453598905173	0.32988508960163576	0.5358006232383257	AN_2
3300047160_968	2655.4183377033123	-14.783418587262926	1.56827926244266	-9.42652175623182	4.239133091503323e-21	1.5442556261904962e-19	AN_2
3300047160_97	1852.3498382704554	0.11810037054152556	0.3426632965705603	0.34465427643840646	0.7303542962873932	0.8743678194989919	AN_2
3300047160_971	1721.957665586024	-0.026948858070810957	0.09587603809309114	-0.2810802219908678	0.7786488704659265	0.8984410043837612	AN_2
3300047160_972	986.0913674464634	0.001651540057662028	0.14568219386848744	0.011336595185770834	0.9909548994732431	0.9939171780664917	AN_2
3300047160_984	728.7808333837551	0.25624616121143184	0.2740605867901389	0.9349982214248546	0.349789216020623	0.5513435725454043	AN_2
3300047160_99	749.4682182012403	-0.2894644357120692	0.28265986604448684	-1.0240733492264211	0.30580063123742485	0.5102159032350316	AN_2
3300047160_991	1437.824341506603	-0.03735404715244196	0.20135775552552457	-0.18551084389549066	0.8528283756858057	0.937376016378795	AN_2
3300047160_992	731.6943358046532	-0.3148004062028412	0.10794723743592495	-2.916243284036793	0.0035427413493628185	0.012045320587833582	AN_2
3300047160_995	4142.334122123573	1.236951093916363	0.4265139080582752	2.90014245853703	0.003729930972934798	0.012514899974978599	AN_2
3300047160_996	773.0508832758259	-0.46689024947398955	0.12339787934729397	-3.783616476584353	1.5456593968231558e-4	6.461363052293521e-4	AN_2
3300047160_997	9624.630242807612	-29.707382817099315	4.784751476175442	-6.208761931527755	5.340365274992261e-10	6.189968841468303e-9	AN_2
3300047160_998	725.0116539543249	0.6458489630512851	2.82720347174522	0.22844092033199345	0.819303480500438	0.9177176424773005	AN_2
GRE.SIPMG.052b4f26_bin.20	29452.720949741262	-0.18190864735823012	0.07931754961609991	-2.2934224296977805	0.021823696530775382	0.06179687554764586	AN_2
GRE.SIPMG.082b2f20_bin.18	110570.23424687001	-0.11223439763060002	0.08026685926637715	-1.39826571833506	0.16203328839039574	0.3253424294452828	AN_2
GRE.SIPMG.117b4f26_bin.29	26115.199969100555	0.7932796881493428	0.280874278183471	2.8243230148371272	0.004738060770726288	0.015489814058143633	AN_2
GRE.SIPMG.169b2f20_bin.29	18787.937321243175	-0.19064496896839273	0.05911918436473583	-3.22475641396215	0.0012607989379092416	0.004798563121893382	AN_2
GRE.SIPMG.176b2f22_bin.12	172336.57681874078	-0.07903402658155226	0.08198529399162031	-0.9640024781716376	0.33504468342803656	0.5407366726211982	AN_2
GRE.bulkMG.LF176_bin.18	39520.065469609704	0.21860720659637972	0.13492721403460167	1.6201861734158283	0.10519229062721895	0.23325247052122464	AN_2
GRE.bulkMG.LF176_bin.7	15955.816540550606	-0.2084503004020989	0.05695724227087291	-3.659768136434114	2.524435658167434e-4	0.0010382759561817672	AN_2
GRE.bulkMG.OX080_bin.28	22615.552085608077	-0.3061604752390377	0.058580834913364445	-5.226290743240862	1.7294434208311142e-7	1.2600230637483832e-6	AN_2
GRE.bulkMG.T000H_bin.41	59403.11172510988	0.3357256342764533	0.03578264604284517	9.382359087543847	6.451284635315958e-21	2.0563469775069617e-19	AN_2
GRE.bulkMG.T000H_bin.8	28856.386948546864	-0.14750069745776753	0.13453124189985	-1.0964047857937154	0.2729016705276835	0.4739365245398093	AN_2
3300047160_1008	843.111883613501	0.24765666652037124	0.10613448695022781	2.333423127927408	0.019625948582822583	0.06592305806025021	AN_3
3300047160_101	604.0077010707785	0.18987801429162499	0.341522885076366	0.5559744971385078	0.5782282890526893	0.7952588028742198	AN_3
3300047160_1011	1778.411429496373	0.4494067873712374	0.44303803602474867	1.0143751796203182	0.3104037631214444	0.5280895190767431	AN_3
3300047160_1016	775.7196585541744	0.4475001810766185	0.17075667531758848	2.6206892365661125	0.008775221284376578	0.03284439966438091	AN_3
3300047160_102	1752.824934774913	0.21679725556324594	0.2182072591220528	0.9935382371581957	0.3204477260028624	0.5347598994442673	AN_3
3300047160_103	1179.180751856535	0.3083582731360598	0.2045616589590838	1.5074099159400016	0.13170561865751101	0.294863116369281	AN_3
3300047160_1033	568.1450132840951	0.16915778507635926	0.37529285720427374	0.4507354238940014	0.6521802480743759	0.834084812542547	AN_3
3300047160_1039	2028.6923576013469	1.1230365194495437	0.27176391371473374	4.132397506713777	3.589988639522791e-5	2.001227709691428e-4	AN_3
3300047160_104	6879.384024283465	-1.8903203303792109	0.6308289369047132	-2.996565661135396	0.0027303942981411746	0.012333850105396341	AN_3
3300047160_1044	4484.706703263587	0.49768170853228344	0.06660505808035919	7.472130839249912	7.890649093932893e-14	1.3782333750736118e-12	AN_3
3300047160_1046	2307.9704313834027	-0.6555899086956072	0.1315862170547159	-4.982208041006309	6.286279566192095e-7	5.1468913948197785e-6	AN_3
3300047160_105	934.4610187585719	-1.6124757701885624	3.452886027067893	-0.4669936272289409	0.6405044375126132	0.834084812542547	AN_3
3300047160_1053	1279.84399945338	0.3098645896620546	0.35727776209856266	0.8672932450147062	0.385781356897234	0.6088838283558753	AN_3
3300047160_1055	1256.5377796634752	-0.2654391702012152	0.4970429793555547	-0.5340366552312491	0.5933161739703369	0.7971735260524525	AN_3
3300047160_1059	693.1911632644307	0.6757393436264364	0.4495495134881573	1.5031477587045319	0.1328009455403632	0.294863116369281	AN_3
3300047160_106	386.1556516182195	-12.012248747108352	1.5193936563906194	-7.905948992602701	2.6590004674745465e-15	5.3589086344487015e-14	AN_3
3300047160_1066	11302.399513582257	0.3634620837668577	0.08461074666567295	4.295696446256706	1.741457438650734e-5	9.918735846228095e-5	AN_3
3300047160_1071	5363.090637290666	1.4222835618489515	0.2863340443856992	4.9672177994073925	6.792029194802837e-7	5.233857791289245e-6	AN_3
3300047160_1073	2236.969024603587	0.15033283968942532	0.27474394016632786	0.5471743602367171	0.5842589493421062	0.7952588028742198	AN_3
3300047160_1076	1142.9218935931028	-0.5605370775364795	0.21529708330682173	-2.603551654890063	0.009226336324013278	0.03404648051959829	AN_3
3300047160_1077	1294.0325186176487	0.133978907858877	0.1121580929226575	1.194554083148211	0.23226129824163155	0.44744455984784903	AN_3
3300047160_1079	2398.815232157259	-14.64713323013656	3.366559990411774	-4.350771491330242	1.3565937130504512e-5	7.898390062649294e-5	AN_3
3300047160_1081	436.49543342062555	-0.015364230270740723	0.1970863884846644	-0.07795683095555957	0.937862392346637	0.9598435421672613	AN_3
3300047160_1082	1063.36361198791	1.3741831559242919	0.5582459007259588	2.4616090402764534	0.013831534663294825	0.04897110921328708	AN_3
3300047160_1085	194.26129318425598	-0.5317940808245574	4.563301569643289	-0.11653713275542459	0.9072268588860991	0.9553079429080763	AN_3
3300047160_1097	4173.195643347849	0.7286444914194363	0.25533317767923913	2.8537007922048887	0.004321320987704558	0.017690407793415533	AN_3
3300047160_1099	186.20389762405134	23.68281592379479	4.785032835154021	4.94935285497001	7.44606467041882e-7	5.573911267570659e-6	AN_3
3300047160_1115	500.1946813150579	0.23491451365534638	0.2566558070666052	0.915290077946233	0.36003936654778035	0.5751848416799906	AN_3
3300047160_1122	448.325484301551	1.5826497169293614	4.463903939616601	0.35454385630558466	0.7229313431064041	0.8728479810777783	AN_3
3300047160_1125	1672.5054944583585	0.0805095618234663	0.14775033562627596	0.5449027339410555	0.5858204158577268	0.7952588028742198	AN_3
3300047160_1132	3501.023017063681	-0.2838662933871881	0.21159189817456106	-1.3415744923891246	0.1797340013568332	0.3650411500425605	AN_3
3300047160_1137	13550.441974838031	0.2360233654980896	0.16745183099282096	1.4095000580089714	0.15868735631870445	0.32996894726587755	AN_3
3300047160_1146	4446.566655499695	0.026758420710093548	0.1764310886430112	0.15166499802218106	0.8794511652786074	0.9482148366378401	AN_3
3300047160_1171	9478.925843221845	0.11663080972974832	0.16833953243116379	0.6928307810136052	0.48841575281456395	0.7094759937459298	AN_3
3300047160_1185	2161.1714731003717	-0.10429075347028315	0.16468742477447426	-0.6332648264620123	0.5265607184874461	0.7497766752375592	AN_3
3300047160_1190	1774.1013681344368	0.48256788808805	0.29860523556483004	1.6160730978987805	0.10607850985715751	0.25733860724606733	AN_3
3300047160_1208	954.957968924412	0.6943054527673503	3.553270270775485	0.19539899862889443	0.8450806004807678	0.9381827005337338	AN_3
3300047160_1219	5477.601610525779	0.3228862818960642	0.22508671702317506	1.4344972736121948	0.15143040656284998	0.31995779451182815	AN_3
3300047160_125	1584.7250612319249	-0.1394839583179398	0.31716587017120945	-0.43978237079117277	0.6600947371227861	0.8355643640272307	AN_3
3300047160_1260	4960.683285176052	0.2174007210226366	0.28331398945904385	0.7673490512690135	0.4428740118447558	0.6703208773037351	AN_3
3300047160_127	1223.9472107665113	-13.676531938364382	1.4554096146574051	-9.397032835724229	5.612341920266348e-21	2.450722638516305e-19	AN_3
3300047160_1272	1904.9641948469389	-0.8075610860258605	0.5096985639382127	-1.5843895650523272	0.11310509507379049	0.26876587230120835	AN_3
3300047160_1283	4508.120245223913	-0.007287248597427376	0.10126713416166805	-0.07196064802025146	0.9426332249550666	0.96097239275574875	AN_3
3300047160_133	847.6360342518185	-13.146506269609725	1.467029732898717	-8.961308673433242	3.20847520032686e-19	9.34022780539597e-18	AN_3
3300047160_137	173.0712496635159	-10.854416566387002	2.155392240465221	-5.0359356235059	4.755203667395889e-7	4.152877869525743e-6	AN_3
3300047160_148	3080.71317881838	-0.21861481499142305	0.20650679059644594	-1.0586325726142272	0.28976714661734126	0.5124278300504361	AN_3
3300047160_152	4385.730907714024	0.825148982442907	0.5628591514139141	1.4659954988208246	0.14264951312441262	0.3088774581702157	AN_3
3300047160_164	2006.5641018528179	0.31639900034731766	0.2696662914134916	1.1732982965311327	0.2406762051664105	0.45040832681142534	AN_3
3300047160_168	355.28909709419884	0.39471265328985367	0.3482831711171322	1.1333095768704444	0.25708427141616835	0.4677505493821952	AN_3
3300047160_185	4100.132783914338	-2.315378399121362	0.4366161456421775	-5.303006822424972	1.1391066266531967e-7	1.1937837447325501e-6	AN_3
3300047160_197	810.5104994352705	-0.22361773755236558	0.19425639666151798	-1.151147356768942	0.24967161826223794	0.46066171820215734	AN_3
3300047160_203	766.275122823219	0.11054925050143678	0.7986561959581809	0.138419073264443	0.8899092238270274	0.9488640518740002	AN_3
3300047160_205	550.558398549752	0.0737991025861578	4.5624980615950745	0.016175152644417174	0.9870946581882389	0.990876630058692	AN_3
3300047160_209	1308.6564544648372	-0.2716926493154124	0.27520170107654496	-0.9872491639862483	0.323520505375626	0.5364707114456583	AN_3
3300047160_211	6646.725919251293	0.9151579295027489	0.12462878668727052	7.343070199336397	2.0874896607841037e-13	3.2171899477966775e-12	AN_3
3300047160_212	2150.9058128962024	-1.1985714729014334	0.2292913168315307	-5.227286795958657	1.720155730788582e-7	1.6691881535800314e-6	AN_3
3300047160_214	118.14316263043258	23.052840944283716	4.785203827982384	4.817525391390409	1.4534959923376553e-6	9.06704642839204e-6	AN_3
3300047160_215	1387.5436544646054	0.2938938680267213	0.23987897491631868	1.2251756041947637	0.22050906413745924	0.43114458808965916	AN_3
3300047160_219	4045.035208005307	-0.4281205316853824	0.19512445239091747	-2.194089599942474	0.028228968789269	0.08804749789033903	AN_3
3300047160_221	1555.980947410687	-14.022816163732728	1.54345031483476	-9.085369337097186	1.0334719985872576e-19	3.3846207953732686e-18	AN_3
3300047160_228	3776.512536205384	0.15716252850895707	0.4403030728131855	0.35694170268859093	0.7211354490677616	0.8728479810777783	AN_3
3300047160_238	3518.9162007399027	-28.33382500624133	4.784761162882759	-5.921680109351697	3.1866903823761523e-9	3.9757756199169136e-8	AN_3
3300047160_250	3615.947977476714	0.3018398435671948	0.07553392848504187	3.996082947373361	6.43991776840402e-5	3.5151217819205275e-4	AN_3
3300047160_262	3366.94714051512	-0.4693958424559431	0.1612862961449509	-2.910326876339752	0.003610509296287539	0.01576589059378892	AN_3
3300047160_266	2252.57123713992	-1.2966542624221067	0.41383172214587044	-3.133288708991363	0.0017285932263843289	0.008234389551139894	AN_3
3300047160_267	2491.68110231768	0.3301444548606828	0.12120483715455602	2.723855438539095	0.006452474276337746	0.024861003829418964	AN_3
3300047160_27	4510.189021104008	0.24186525490654565	0.1268209696586321	1.9071392968968917	0.05650255168772821	0.15420488064775825	AN_3
3300047160_298	4796.88370333462	0.3438515239919283	0.21748292766685928	1.5810506492658618	0.11386645734898523	0.26876587230120835	AN_3
3300047160_300	1695.6829120832622	0.01883996155986063	0.20024355399203791	0.09408523362809343	0.9250414502032049	0.9579480630562834	AN_3
3300047160_301	304.13136502878626	-24.97634437760151	4.784921883238657	-5.219801908384837	1.7911460737962466e-7	1.6760009690522022e-6	AN_3
3300047160_303	3649.672969049907	-4.7504375812409325	3.3236321570818794	-1.4292910155893352	0.1529206072210609	0.3205215927353437	AN_3
3300047160_305	682.5394608338624	0.27230935896020536	0.2722137248278101	1.0003513200242045	0.3171405194067442	0.5346469263971444	AN_3
3300047160_311	816.2062057491347	1.2950268774269649	3.4641622283316322	0.3738355169499842	0.7085266934852468	0.8715210971508669	AN_3
3300047160_316	1202.1664673529122	-0.7883844125675158	0.15991491331377156	-4.930024325002224	8.221937853757709e-7	5.983743660234777e-6	AN_3
3300047160_317	4404.000393619954	-0.08558415398568929	0.40849890192997856	-0.2095088960615111	0.834050991431607	0.9381827005337338	AN_3
3300047160_324	4030.8193521914513	-1.7067358838359232	0.30922631212899443	-5.519374700313195	3.402080737768441e-8	3.875413709979703e-7	AN_3
3300047160_328	4026.952055614375	0.6491015551305404	0.285948804041889	2.2699922012454112	0.023208056228995508	0.07600638414996029	AN_3
3300047160_331	4358.610064227367	-0.29073418358706005	0.24435236056361795	-1.189815326180843	0.2341189844041629	0.4477311964517568	AN_3
3300047160_335	2688.7257278394654	0.31652659726179744	0.15516020362338423	2.0399985941633143	0.04135046575392147	0.1235775893846036	AN_3
3300047160_342	1892.516778070435	-0.04605463994330664	0.23352417654476987	-0.19721572568944407	0.8436587249609989	0.9381827005337338	AN_3
3300047160_348	1390.7201482915507	-0.21719312840992247	0.22490163599688867	-0.9657249821558753	0.3341818152370907	0.545514678212197	AN_3
3300047160_352	1829.4390674760184	0.03203108005043386	0.1987343703095463	0.16117534174155498	0.8719553016288952	0.9482148366378401	AN_3
3300047160_357	4331.981035324129	0.3857121043084237	0.3373922867447109	1.143215537112365	0.2529491129436291	0.463445227910705	AN_3
3300047160_363	1034.6147324605938	0.34938351020584885	0.3702593721929997	0.9436182753092629	0.34536474987569615	0.5551261623768858	AN_3
3300047160_367	1035.115776728146	0.05969540356583011	0.10389233374820672	0.5745891098231347	0.5655692189173893	0.788186890193383	AN_3
3300047160_369	2686.0902358469366	-0.005740724325087483	0.12536691125266275	-0.045791383609329786	0.9634765264919933	0.9746120568836417	AN_3
3300047160_379	448.0772621007799	-0.1926437966137959	0.2523220563610354	-0.7634837770113575	0.4451749337818699	0.6703208773037351	AN_3
3300047160_386	1386.0872684403791	-0.02100206976852876	0.18907258189429346	-0.1110794043118879	0.9115533806374774	0.9553079429080763	AN_3
3300047160_391	6780.441821162947	-0.45305786205801335	0.31153080846245107	-1.454295529530655	0.14586438935601945	0.310703008221765	AN_3
3300047160_398	2969.2041865183	0.5687900018479247	0.39095220088311183	1.4548837442610623	0.14570144883596658	0.310703008221765	AN_3
3300047160_400	10617.776760515528	0.17277318037630923	0.2794652201454381	0.6182278434733143	0.536425158535996	0.7584900050690936	AN_3
3300047160_401	574.4499332680587	1.304474403824315	2.6304193124909028	0.49591880565575286	0.6199516975244672	0.8203401250071234	AN_3
3300047160_405	3005.611470109993	-0.03011470027524737	0.21747693039617055	-0.1384730795141738	0.8898665440686642	0.9488640518740002	AN_3
3300047160_408	1327.5086254240575	0.7082349889219601	0.16127388787977046	4.391504404296055	1.1256905499465724e-5	6.702975547409135e-5	AN_3
3300047160_425	157.11770392932564	23.4454134702519	4.785087781372674	4.899683044795937	9.59913836973706e-7	6.448651930438743e-6	AN_3
3300047160_427	48.9975673520746	-9.033602767730196	4.785837698918869	-1.8875698124428468	0.059083725902729325	0.15690726116379872	AN_3
3300047160_434	930.7140782997806	-0.04051790746834711	0.22873905188804608	-0.1771359421747458	0.8594016105306682	0.9468448487776818	AN_3
3300047160_442	2913.1743520502696	-0.6057463661514214	0.25645789449852574	-2.3619720006509826	0.018178015069771725	0.06185246686078172	AN_3
3300047160_451	70.27933903024841	-9.55397862383925	4.785507131620509	-1.996440160063872	0.045886033127772306	0.13508023235366678	AN_3
3300047160_452	1847.7545498473153	-0.28407183854175766	0.17570033870390842	-1.6167973302571588	0.105922035904438	0.25733860724606733	AN_3
3300047160_457	100.71722177926445	-23.471448752776794	4.7852771646944765	-4.904929838954347	9.346074034487858e-7	6.443872097462681e-6	AN_3
3300047160_468	2856.0484240570677	0.5004654516767013	0.14432517361113817	3.4676241098807057	5.250812090362377e-4	0.0025956844673112127	AN_3
3300047160_475	957.1612495819373	-1.5290661474093346	3.4775784599364634	-0.4396927819242563	0.6601596311207509	0.8355643640272307	AN_3
3300047160_48	676.3072583494235	0.28586007835917565	0.27367675243517925	1.0445172116944133	0.2962461602405628	0.5124278300504361	AN_3
3300047160_482	2497.4785012312605	0.28922892245254084	0.15772939274544368	1.8337033917281456	0.06669803488361525	0.173018664747596	AN_3
3300047160_496	614.2728029211388	0.08029517900216208	0.14562948252452995	0.551366231687578	0.5813826443306875	0.7952588028742198	AN_3
3300047160_50	2763.3569393190364	-0.385807602212421	0.2989652444605836	-1.2904764328326028	0.19688528930806853	0.39078746817207544	AN_3
3300047160_500	7795.488018109087	0.31573485831087666	0.21126001436435615	1.4945320308761068	0.1350366163865426	0.2973075083468417	AN_3
3300047160_501	4721.888339500741	-0.2174193132802356	0.19783263320431307	-1.0990063153822263	0.2717653112423735	0.48768843524316347	AN_3
3300047160_502	8407.41587449525	0.09304458268825967	0.24758625376450918	0.37580673916072377	0.7070605773329387	0.8715210971508669	AN_3
3300047160_506	1557.0426404968762	0.6163249686164223	0.21934265494751043	2.8098728392063608	0.0049561077354993615	0.019674245859103524	AN_3
3300047160_509	862.6535808673037	0.35150764171490195	0.22299247699981625	1.576320629485593	0.11495192971087118	0.2689054070022165	AN_3
3300047160_518	1048.3516815654013	0.16394197520493553	0.17012585388955712	0.9636511527011288	0.3352208518784875	0.545514678212197	AN_3
3300047160_520	138.0840534467557	-23.908504159214427	4.78513342118519	-4.99641327729013	5.840642262213504e-7	4.936284750644962e-6	AN_3
3300047160_524	1729.2348566338587	-14.175126413439186	1.4561124495193352	-9.734911900601094	2.1400305202109894e-22	1.6697661798967702e-20	AN_3
3300047160_525	455.2898776878428	-0.6865862606737716	0.2646191558035559	-2.594620403004647	0.009469543957038768	0.034458618288113294	AN_3
3300047160_526	2073.036984366415	-0.0920375575909816	0.2965950670565849	-0.31031385148904894	0.7563222987548108	0.8925965868187407	AN_3
3300047160_527	82.40499963758	-23.205693177555784	4.7853951991165395	-4.849274137659503	1.2391407277565537e-6	8.116371766805427e-6	AN_3
3300047160_530	2819.15595118725	0.7607734020505003	0.6340490389045571	1.1998652397058815	0.23019168181503363	0.44674237507806525	AN_3
3300047160_533	3233.2707699811376	-0.7062283000788926	0.8425218076160408	-0.8382314780399599	0.4019007112711882	0.6157776979710603	AN_3
3300047160_534	123.64079750321704	-10.369163559905243	2.7751317849372708	-3.7364580724369554	1.866305509692844e-4	9.779440870790503e-4	AN_3
3300047160_538	751.3975639742357	0.0265473875216726	0.27116577178249257	0.09790095315926077	0.9220109431128721	0.9579480630562834	AN_3
3300047160_540	976.8641720155454	-0.33627054734064515	0.11890239122464034	-2.828122663280461	0.004682186225752678	0.01887281217149541	AN_3
3300047160_545	469.3650787544458	-12.293768248496693	1.647428537248241	-7.462398501989905	8.496145909244089e-14	1.3912438926387195e-12	AN_3
3300047160_546	4227.522496777759	0.5014066467661832	0.28906940348746635	1.7345545419784405	0.08281973712081989	0.20665496310147438	AN_3
3300047160_547	1096.0598860902692	-0.2992692099945063	0.17679919690572043	-1.6927068404846541	0.09051128257260409	0.22371656635870069	AN_3
3300047160_55	11031.43939096724	0.5806691487195275	0.09370910181574083	6.196507462650649	5.772979381351668e-10	7.562602989570684e-9	AN_3
3300047160_552	961.0241339182473	-0.20238326292849193	0.1941754087512465	-1.0422703071930202	0.2972863746857492	0.5124278300504361	AN_3
3300047160_564	853.2851735500195	0.13411405395463993	0.10243810871825172	1.3092203246695084	0.19045972942146117	0.38091945884292233	AN_3
3300047160_567	2036.2447991826973	-0.720129885237168	0.3644989711077148	-1.975670556898113	0.0481921016970074	0.13875088620457074	AN_3
3300047160_568	752.4792641963563	-0.2253203498353268	0.40422149862890344	-0.5574180260070302	0.5772418522892278	0.7952588028742198	AN_3
3300047160_571	488.9606197913525	-12.35278033941284	1.5133962375867294	-8.1622909008355	3.28729331801049e-16	7.829734993806803e-15	AN_3
3300047160_578	20254.977585473636	-17.725198842564154	1.484229414533271	-11.942357878777115	7.117642145282652e-33	1.8648222420640546e-30	AN_3
3300047160_581	6404.32977973145	0.5904126327528852	0.44489419620299736	1.3270854908691379	0.1844804043010813	0.3717989686683331	AN_3
3300047160_590	410.775585048661	-0.05446928673872205	0.5365496197522247	-0.10151770634722587	0.9191395025374725	0.9579480630562834	AN_3
3300047160_597	6322.249391664233	-0.7666083531011096	0.33944479831698493	-2.2584183257544725	0.02391959127042113	0.07736954213395478	AN_3
3300047160_598	55.92651627054979	-9.224419914600672	4.78570245424884	-1.9274954936680302	0.053917909115540785	0.1502818317901243	AN_3
3300047160_607	1159.7629630847437	-1.607234268291928	3.523432602860333	-0.45615581435761554	0.6482779365963707	0.834084812542547	AN_3
3300047160_614	48.750104890700484	-9.026298166147178	4.785843240038272	-1.886041333454749	0.05928938494357279	0.15690726116379872	AN_3
3300047160_617	3608.188834423884	-0.07129060585836842	0.10506927338938477	-0.6785105060560072	0.49744806478250964	0.7161065547967996	AN_3
3300047160_618	1175.596242196373	0.9445236094106447	0.2912466990284021	3.2430362732404245	0.0011826315369377642	0.005737953012549893	AN_3
3300047160_624	931.811883526907	0.22000865445881365	0.09790069197669607	2.2472635281391447	0.024623190289284645	0.0786740958023485	AN_3
3300047160_627	765.756247376096	0.08331801840583641	0.4021501586416166	0.20718136401404924	0.8358682209232638	0.9381827005337338	AN_3
3300047160_628	546.0094125316143	-0.6314449084778232	0.30601329149000817	-2.0634558237756835	0.03906934083764464	0.1190252011565453	AN_3
3300047160_642	827.455811156326	-0.04386971534348898	0.12559446848971212	-0.3492965563772619	0.7268666834570625	0.8735737204850934	AN_3
3300047160_649	1516.5982806582365	0.011801998575748308	3.7296132583558026	0.003164402783400446	0.9974751760886614	0.9974751760886614	AN_3
3300047160_653	4764.4848717295135	0.47495537208730154	0.16369927610147642	2.9013895687167177	0.0037151169875573836	0.01580074505621496	AN_3
3300047160_663	248.9241057168684	0.3766505517937192	2.995436160781199	0.1257414718848457	0.8999365725640366	0.9545885911408	AN_3
3300047160_666	900.8363033377859	0.14954896953677496	0.1753890090157766	0.8526701323873878	0.39384225847182364	0.6157776979710603	AN_3
3300047160_667	1246.153220362891	-0.058674161600672625	0.1301824346313814	-0.45070720767215394	0.6522005868837036	0.834084812542547	AN_3
3300047160_668	942.5864542037787	0.023729722809949144	0.14814041039959475	0.16018399534563502	0.8727361364607494	0.9482148366378401	AN_3
3300047160_669	1103.3407272395948	-0.5004175290104178	0.36609816397653594	-1.3668943967784846	0.17165840855285233	0.3513633050066196	AN_3
3300047160_674	848.560760501542	-0.29172214253273576	0.21049389566514387	-1.3858935985336636	0.1657793958096803	0.3420015882057971	AN_3
3300047160_679	838.4170349419652	-0.02004875537055825	0.11376283657870553	-0.17623290675147454	0.8601109695003368	0.9468448487776818	AN_3
3300047160_68	79.93037502383886	-23.14849488361591	4.7854152810687385	-4.837301158625067	1.316139392564785e-6	8.410451728096919e-6	AN_3
3300047160_680	2539.209380254433	0.6350874553962478	0.2190430946005748	2.8993721831511285	0.0037391076087226246	0.01580074505621496	AN_3
3300047160_682	265.02333897306386	-24.796308505759747	4.784947842251957	-5.182148128513303	2.193449021727484e-7	1.9816677368710373e-6	AN_3
3300047160_683	5254.4010223783425	0.8605505170730168	0.29859208393429415	2.8820272317144977	0.003951255836073702	0.016432206810338256	AN_3
3300047160_685	1098.6132368003834	0.5228092964768487	0.49881427243867676	1.048104124849639	0.2945906360698176	0.5124278300504361	AN_3
3300047160_690	105.1715460839985	-23.518302116016102	4.785254667195915	-4.9147440944449174	8.889850233541177e-7	6.294975030237265e-6	AN_3
3300047160_692	7558.414161107323	0.2536959676448427	0.3270793579396071	0.7756404110701657	0.4379613328529957	0.6671271465551446	AN_3
3300047160_693	1353.6402441303344	0.1829215283315122	0.2804299073964044	0.6522896577965264	0.5142143305696063	0.7361975661706932	AN_3
3300047160_701	469.5816277581141	-12.294451665429962	1.4736455435939775	-8.34288253296368	7.250117636113098e-17	1.8995308206616316e-15	AN_3
3300047160_709	932.7950395171124	0.05426578145938846	0.2275024481523648	0.23852834068425116	0.811471336899643	0.9324802204723968	AN_3
3300047160_715	748.7654713339358	-0.32904250982320854	0.21289802288595827	-1.5455404675104223	0.12221558839097665	0.27679610760464884	AN_3
3300047160_716	5488.082155022154	-1.6448168399526435	0.31313490006089906	-5.252741995966455	1.498513811039131e-7	1.5100408403548165e-6	AN_3
3300047160_723	3359.689413423148	-0.17950791924234435	0.16063739395831558	-1.1174728051734053	0.2637922209755851	0.4766452544524365	AN_3
3300047160_725	985.4415904326064	0.2350427576643777	0.15001525041759967	1.566792422837583	0.11716321907936753	0.26926985437538853	AN_3
3300047160_726	1250.9346266658101	0.10412671685637616	0.36167632905296415	0.287900281251549	0.7734230716186519	0.9046287712682446	AN_3
3300047160_73	1085.057846190051	0.4875665724315698	0.413986181645937	1.1777363449501865	0.23890173264167633	0.4503039852670446	AN_3
3300047160_731	1353.8417959695394	-0.3211727470247786	0.15168561887164028	-2.1173579236708133	0.03422948235574103	0.10550734561416648	AN_3
3300047160_735	712.8181860324837	0.4818039019645243	3.5131624678688578	0.13714250518473586	0.8909181555763515	0.9488640518740002	AN_3
3300047160_739	4239.085869891243	-15.468740001050456	1.6289330705429637	-9.496240380149162	2.1760507653810016e-21	1.1402506010596448e-19	AN_3
3300047160_740	617.5173522375716	-0.1062979337563152	0.3248721311831569	-0.3271992995188202	0.7435171506596885	0.8854613339674472	AN_3
3300047160_742	1040.374474502521	-0.7418440922587705	0.3079785606833792	-2.4087523839733493	0.016007154279592616	0.05518255817438507	AN_3
3300047160_743	1291.8586407528542	0.2863643438117741	0.27082574979744195	1.0573748767462248	0.29034053274738886	0.5124278300504361	AN_3
3300047160_747	247.01197663878867	0.5866371439635912	2.9505578748789354	0.19882244946226027	0.8424016344325121	0.9381827005337338	AN_3
3300047160_748	3735.6697420934133	1.2166305620056346	3.8647416530977106	0.3148025589318415	0.7529115687034766	0.8925919954765198	AN_3
3300047160_750	6053.7314024239195	0.3026373282063111	0.10166931154631323	2.9766831662713806	0.0029138496580632927	0.01293946797309462	AN_3
3300047160_757	1451.3677225501283	0.35082471209903093	0.3008197938910085	1.1662288161334888	0.24352194479523526	0.45250176976135914	AN_3
3300047160_760	666.5687501721676	-0.2544384758170965	0.6946779969655226	-0.3662682234481719	0.7141649386089444	0.8728479810777783	AN_3
3300047160_761	505.1539819261237	0.2276732493471588	0.37012319990329434	0.6151282854104936	0.5384700035986695	0.7584900050690936	AN_3
3300047160_766	3295.7513822883243	0.6735753106239972	0.2420355059507645	2.782960739491741	0.005386532384955035	0.021063753505346557	AN_3
3300047160_774	1334.3216557145759	0.21655904436038712	0.303878543697306	0.7126500006400649	0.47606236317855527	0.7046798822191044	AN_3
3300047160_78	1670.2978003943222	-0.10677579406866222	0.1105743586489414	-0.9656469671025711	0.3342208649586418	0.545514678212197	AN_3
3300047160_780	1176.098074205454	0.6870694664214877	0.1757564043216326	3.909214398606818	9.259675692213609e-5	4.951091900734624e-4	AN_3
3300047160_79	6720.2367546625865	-0.14542406059312324	0.32307812264568136	-0.4501204210370174	0.65262361286726	0.834084812542547	AN_3
3300047160_791	1463.6115794336372	-0.15711300068560685	0.1736421051702553	-0.9048093521531443	0.36556639627079673	0.5804751261996893	AN_3
3300047160_792	2927.1165862884254	0.39557753114618327	0.14747813509891453	2.682279179085543	0.007312240870221753	0.027765320405769556	AN_3
3300047160_797	4536.536080623235	-0.2509852817796269	0.17072804096870797	-1.4700882195774094	0.14153786248426223	0.3088774581702157	AN_3
3300047160_800	32036.34048533319	0.35138530897307646	0.11267184770311298	3.1186611042269092	0.0018167479108167086	0.008499784868463887	AN_3
3300047160_807	561.5854332298226	-25.816116500934196	4.784841233022979	-5.39539667957259	6.837232797790299e-8	7.463979137587742e-7	AN_3
3300047160_809	1034.027853678105	3.2199189202173404	3.376490054497536	0.9536290254811678	0.340271458042858	0.5503155679458568	AN_3
3300047160_810	1976.4848153206326	-1.9336739389218072	3.595555938391272	-0.5377955376177443	0.5907182130599311	0.7971735260524525	AN_3
3300047160_817	1306.0469985477855	-0.31176438794482153	3.666078999304088	-0.08504028091156848	0.9322293671426833	0.9582935692607499	AN_3
3300047160_840	2224.1869020579957	-14.538199986809698	2.4609374316311188	-5.907586190508599	3.471567094065012e-9	4.134320812022878e-8	AN_3
3300047160_843	2130.8248419044535	1.5217383338655766	0.8618487959784245	1.7656674128528593	0.07745166295168976	0.19511861243598766	AN_3
3300047160_846	4260.087028947682	0.2814273507598956	0.14162059282140482	1.9871922942364644	0.04690109146243841	0.13653428847954294	AN_3
3300047160_873	39582.467865981285	-0.20341848188243009	0.5203752521141958	-0.39090729441105343	0.6958657619811495	0.8715210971508669	AN_3
3300047160_876	11787.300455399181	-16.944152985349938	1.520301853129386	-11.145255759882243	7.55269868888168e-29	9.894035282435e-27	AN_3
3300047160_877	1947.3620439478577	-0.23232844132300393	0.0963720334338354	-2.410745452232363	0.015919955085587065	0.05518255817438507	AN_3
3300047160_882	3128.1657166505975	-0.15349337770956722	0.3241309897394054	-0.473553540292376	0.6358183126789945	0.8329219896094828	AN_3
3300047160_884	996.1854455477802	0.023485318259932365	0.2780627380822337	0.08446050133113077	0.9326903059598903	0.9582935692607499	AN_3
3300047160_887	1083.1149843646015	-13.500176821509577	1.4706085955414268	-9.17999314191366	4.3111888569253026e-20	1.613616400734899e-18	AN_3
3300047160_888	422.402638875824	-1.864522469768375	2.6482072224410906	-0.7040697019358164	0.4813893673257838	0.7077216167508391	AN_3
3300047160_890	1761.2852500624624	0.10308572207101177	0.2140482299222294	0.4816004416783363	0.6300898123724291	0.8295654816159619	AN_3
3300047160_891	1391.3682651079093	-0.5564310277492907	0.2989533038836036	-1.8612640185636988	0.0627069017297536	0.16429208253195443	AN_3
3300047160_892	2739.0025555156926	-0.04345342345013001	0.1310474130648642	-0.33158551118152924	0.7402022615834821	0.8854613339674472	AN_3
3300047160_894	8301.402152385252	1.3394636309056815	0.8365761880172022	1.60112569553335	0.10934908203303316	0.2628390779142632	AN_3
3300047160_895	1522.1713663290932	0.632520234432124	0.3516549721311353	1.7986955526289319	0.07206685282202455	0.18331568387738284	AN_3
3300047160_897	428.2189325010409	0.05942015878809386	0.2978866240227916	0.19947239653012272	0.8418932338383907	0.9381827005337338	AN_3
3300047160_900	2361.5349363049654	-1.055980826745572	0.46302637357289267	-2.28060621816682	0.022571759019341747	0.0748582387730068	AN_3
3300047160_901	1011.5159546243872	-0.24353869235613712	0.35290581981009417	-0.6900954268399152	0.49013417888554695	0.7094759937459298	AN_3
3300047160_904	1963.122039718963	0.866102422027133	0.23225301312660251	3.729133199899608	1.921395721513341e-4	9.87069958895089e-4	AN_3
3300047160_906	228.08618414023329	-0.12502816492674465	3.0379770240798045	-0.04115507258143776	0.9671722701898735	0.9746120568836417	AN_3
3300047160_909	3122.8098649901153	-0.06891797862765159	0.25414445275258646	-0.27117640334547966	0.7862553606470755	0.91555068662015	AN_3
3300047160_912	298.9250729758296	1.1347249540716036	4.562965540129018	0.2486814647387232	0.8036071875089599	0.9275113794156278	AN_3
3300047160_916	57.906215961542706	-9.274604210437296	4.78566975718099	-1.9379950312117906	0.052623828750108244	0.14986351231009087	AN_3
3300047160_920	2170.675888240896	-0.38358978249589104	0.20242203196004266	-1.8950001577477011	0.058092380771788854	0.15690726116379872	AN_3
3300047160_923	157.57337017245482	-10.719064532624353	2.309281452996992	-4.641731530261555	3.4550158761701507e-6	2.1051492082711153e-5	AN_3
3300047160_924	515.0287090313483	-0.5165903680385442	4.562542221024528	-0.1132242383770298	0.9098527797819377	0.9553079429080763	AN_3
3300047160_927	4623.9081847864245	0.021414518528913525	0.07164710332116876	0.2988888250362303	0.7650248739183666	0.8988184617336864	AN_3
3300047160_928	3391.533635883704	0.1886191330200619	0.09882180320704204	1.9086793288408737	0.05630347136537056	0.15420488064775825	AN_3
3300047160_929	56.668903654672135	-9.243444649694437	4.78568992485771	-1.9314758780510142	0.053424229571136905	0.1502818317901243	AN_3
3300047160_93	449.19292955075235	-1.8739014885076195	2.67450802801269	-0.7006527813266779	0.4835197305282451	0.7077216167508391	AN_3
3300047160_930	740.4342610892991	-2.741968210800023	3.2546222868625025	-0.842484309736389	0.39951691861196537	0.6157776979710603	AN_3
3300047160_931	1342.5799339972373	-0.20097227369833848	0.5563259467141684	-0.36124914698899513	0.7179132051994366	0.8728479810777783	AN_3
3300047160_933	597.169238736669	0.2922324860730741	0.34606582532282526	0.8444419087047007	0.39842251201138595	0.6157776979710603	AN_3
3300047160_935	2270.202852693552	-0.056265437446514036	0.33904349038210363	-0.16595345152653607	0.8681935824119821	0.9482148366378401	AN_3
3300047160_937	276.1733286158441	1.142105001485335	4.563039995409477	0.25029476021124486	0.8023594082844437	0.9275113794156278	AN_3
3300047160_939	201.36204935582376	23.795761126886237	4.785010489152708	4.972979929893487	6.593148920311473e-7	5.233857791289245e-6	AN_3
3300047160_946	685.4909689114494	-0.0989108454043949	0.26151429456150965	-0.37822347558569314	0.7052645875370631	0.8715210971508669	AN_3
3300047160_949	310.8851301845665	-1.4402068870365154	2.7923562520415994	-0.5157676016387682	0.6060167330944948	0.8059714927449626	AN_3
3300047160_950	250.08210109171128	0.6341471464888623	2.9750079678857664	0.21315813380477378	0.8312036221801641	0.9381827005337338	AN_3
3300047160_952	2382.9200980523565	-1.4214171113740073	0.3928415166426912	-3.618296567841776	2.9654846592809997e-4	0.0014941480398685037	AN_3
3300047160_955	1521.4251012337156	-1.679985677233526	0.2671337280550708	-6.288931350844583	3.1965877815155036e-10	4.6528111042059e-9	AN_3
3300047160_957	3254.6383863037017	0.24194600732567959	0.1342014278289819	1.8028571770041135	0.07141064780923025	0.18331568387738284	AN_3
3300047160_962	1890.1445904166956	-1.8092776855186035	0.22470589576718428	-8.051758852794764	8.16125890621305e-16	1.781874861189849e-14	AN_3
3300047160_964	509.2504671061662	2.7149881204462725	4.563048202288924	0.5949943984997519	0.5518472152756344	0.7731763123113167	AN_3
3300047160_967	2020.824713207527	-0.08153084114144346	0.0968048410998778	-0.8422186350920664	0.39966558474344777	0.6157776979710603	AN_3
3300047160_968	5082.106663378653	-15.730413686816012	1.6188374619253652	-9.717105056431691	2.549261343353848e-22	1.6697661798967702e-20	AN_3
3300047160_97	1816.3994701335946	0.14115770880717476	0.33057995778277227	0.4270002021717573	0.6693791804392524	0.8431603138225198	AN_3
3300047160_971	1668.1392198066994	-0.1522454663728649	0.15256949256867006	-0.9978762058498732	0.3183393912899028	0.5346469263971444	AN_3
3300047160_972	948.2833806988037	0.13287139084350044	0.1259568860792889	1.0548958058542264	0.29147298067467714	0.5124278300504361	AN_3
3300047160_984	712.229433818586	0.31517815771614216	0.3060373683014305	1.0298682133670305	0.30307187404874486	0.518985823534452	AN_3
3300047160_99	695.1900503723406	-0.15326765646594792	0.2101857935504908	-0.7292008364453518	0.4658788196429774	0.6935241519685231	AN_3
3300047160_991	1433.600800810944	-0.03048743217153432	0.19841482456692844	-0.1536550116054984	0.8778817589516387	0.9482148366378401	AN_3
3300047160_992	735.1454703995889	-0.20916807637085477	0.17759005064508737	-1.177814160258763	0.23887070217385414	0.4503039852670446	AN_3
3300047160_995	5511.334781027513	0.2266030054306454	0.30100350761417527	0.7528251322609302	0.4515550022094075	0.6760423461649414	AN_3
3300047160_996	761.2452630451703	-0.3990431713425308	0.19576008306623585	-2.0384297201565533	0.041506976587195106	0.1235775893846036	AN_3
3300047160_997	17029.624204382413	-30	4.784749099457144	-6.2699212385877585	3.6123077790111177e-10	4.981182305794278e-9	AN_3
3300047160_998	702.6490527040487	0.6847440112891376	3.4917720075263525	0.1961021538099291	0.8445302104949356	0.9381827005337338	AN_3
GRE.SIPMG.052b4f26_bin.20	28399.78056051021	-0.07360280388794717	0.05778413463387778	-1.2737545410050182	0.2027504204162016	0.39940308382740464	AN_3
GRE.SIPMG.082b2f20_bin.18	105846.63246767281	-0.025273194976649482	0.06711871701689776	-0.37654466741798304	0.7065120148685178	0.8715210971508669	AN_3
GRE.SIPMG.117b4f26_bin.29	28399.538787399004	0.6432436167998127	0.20923758085233823	3.0742260266035015	0.0021104946898028703	0.00970087032856758	AN_3
GRE.SIPMG.169b2f20_bin.29	18213.27809160579	-0.09651031806463506	0.06157683377569191	-1.5673153708454153	0.11704099430604738	0.26926985437538853	AN_3
GRE.SIPMG.176b2f22_bin.12	165589.21172429604	0.00296781413501242	0.07039079834526735	0.04216196157422837	0.9663695858462981	0.9746120568836417	AN_3
GRE.bulkMG.LF176_bin.18	38705.112997451986	0.21130616623993645	0.09584971903309242	2.204556970761514	0.027485198033003234	0.08676050463429937	AN_3
GRE.bulkMG.LF176_bin.7	15391.444355966818	-0.1199532089723774	0.07768213722894983	-1.5441543352346696	0.1225509484051117	0.27679610760464884	AN_3
GRE.bulkMG.OX080_bin.28	22211.464904093416	-0.21765798184869978	0.08473874996003042	-2.5685767367510697	0.010211710016996467	0.03665024691031609	AN_3
GRE.bulkMG.T000H_bin.41	58506.49858261091	0.34579775844335187	0.045505501395816834	7.599031937600843	2.983541482549179e-14	5.583484774484892e-13	AN_3
GRE.bulkMG.T000H_bin.8	27591.502162747514	-0.05192283382579191	0.0997187082979473	-0.5206930044726696	0.6025806484120401	0.8054904585916046	AN_3
3300047160_1000	89.90195634182092	-24.143274521444297	4.328480296275116	-5.577771612411138	2.436192148037768e-8	1.1899861646184484e-7	HF_1
3300047160_1008	383.32998685877976	-2.1082239404705496	3.470993803210286	-0.6073833777866948	0.5435965170173078	0.6452033426280196	HF_1
3300047160_101	495.97270857237606	0.08973621303936478	0.251855149707051	0.35630088621869666	0.7216152457119047	0.7816499944763089	HF_1
3300047160_1011	887.1453783297623	-1.2842226896547289	2.5452908084001873	-0.5045485118700098	0.6138759810145357	0.6992130007968254	HF_1
3300047160_1016	468.45574006549316	-1.099422411377043	2.201669659597058	-0.49935847850047377	0.6175268648276566	0.7002313556527892	HF_1
3300047160_102	451.3564341539612	-12.51988619597104	1.487516428140633	-8.416637261358288	3.87444990409267e-17	5.788883974350224e-16	HF_1
3300047160_1021	453.03434138684105	24.736727319604753	4.407494155651683	5.612424304155936	1.995114936927381e-8	9.936454783912838e-8	HF_1
3300047160_103	592.3719428058749	-0.6734985847504441	0.2547101122381003	-2.6441768598526028	0.008188985566921263	0.017049199459000006	HF_1
3300047160_1033	585.547623307099	0.3937078607633073	0.2461886109729667	1.599212324271732	0.10977343283609696	0.17318293130663745	HF_1
3300047160_1039	549.7294858020978	-12.804356123493323	1.2842378625575823	-9.970392944180311	2.054145276596904e-23	5.217529002556136e-22	HF_1
3300047160_104	741.4303900250932	-13.23595282109906	1.2583637084075852	-10.51838409886176	7.10821749963821e-26	3.0091454081801755e-24	HF_1
3300047160_1044	2086.447246197769	-1.412205149593929	0.2741812230907541	-5.150626777700559	2.5961736831251797e-7	1.014504793098147e-6	HF_1
3300047160_1046	2623.1256311488023	-0.04939664952431888	0.1969241682531872	-0.25084097072741807	0.8019370639370875	0.8468769377980219	HF_1
3300047160_105	1074.0395534713148	0.2312915155141442	0.15325292001480967	1.5092144116522754	0.13124399845682036	0.20203621580625677	HF_1
3300047160_1053	1125.9988567122737	-0.8412322776006744	0.2054448786814493	-4.0946860442554005	4.2274084127468076e-5	1.4510293741049854e-4	HF_1
3300047160_1055	642.4606623591992	-2.969497094753394	4.0769905050799675	-0.7283551656677575	0.46639620091773415	0.5835696307049482	HF_1
3300047160_1059	337.57187815129953	-0.9750670312594364	2.285678284451246	-0.4265985453388223	0.6696717574345374	0.7468443437499472	HF_1
3300047160_106	726.0605287556682	1.5677539488756598	2.1091747703047603	0.7433020586763092	0.4572988254821932	0.577880107823269	HF_1
3300047160_1066	5709.36132819036	-1.0658758317404433	0.15528041185592092	-6.864200184691878	6.686481156507275e-12	5.478600689525316e-11	HF_1
3300047160_1071	79.85194089710515	-23.978839527832577	4.328543378935794	-5.5397017954173675	3.0298713274036027e-8	1.399249667564573e-7	HF_1
3300047160_1073	2015.813058863197	-0.1419172530007049	0.17669226697433346	-0.8031888176595752	0.421865607807044	0.5439282455989299	HF_1
3300047160_1076	1927.425757872356	0.9871951648295657	0.5073180438478451	1.9459098228440805	0.05166557280111732	0.08866929386137702	HF_1
3300047160_1077	2215.1796416450684	1.0985887003506385	0.20490486667106464	5.361457334804114	8.255322195597497e-8	3.6152617891064903e-7	HF_1
3300047160_1081	541.0985534058558	0.7988723359648164	0.3461305573912397	2.308008694712937	0.02099865290065599	0.03921807232916633	HF_1
3300047160_1082	514.8810879538242	-12.709871001755431	1.3066407993598077	-9.727134655509508	2.3100838281480426e-22	5.334193566814571e-21	HF_1
3300047160_1089	736.8156933863032	12.798815335872948	4.407452170430225	2.9039033983716758	0.003685418535458632	0.008284038123951261	HF_1
3300047160_1090	490.3718170342594	12.211484455862827	3.6884583055834392	3.3107286145481365	9.305340664208985e-4	0.002514421839052215	HF_1
3300047160_1097	1487.244094389601	-3.6957251642678917	4.164977421532929	-0.8873337812495684	0.37489922327784303	0.4985570822647755	HF_1
3300047160_1099	241.56582578025865	-25.491821440433565	4.328165592971805	-5.889751880525988	3.867758813224002e-9	2.2753379413522352e-8	HF_1
3300047160_1115	711.7978368972383	0.9628388461609109	0.31083997073754566	3.097538723467045	0.001951349005611627	0.004765794686782243	HF_1
3300047160_1122	292.5545438229981	-11.894297095482898	1.8146051796258447	-6.554757601835676	5.573233039661579e-11	3.9322255335390026e-10	HF_1
3300047160_1125	2733.5119756517884	0.9147146412542757	0.4102160341587321	2.2298363912814025	0.025758306488456385	0.04741021629034726	HF_1
3300047160_1132	4903.408750022075	0.5308633230859552	0.29427512619381374	1.8039694008535438	0.07123610399821856	0.1190392790496547	HF_1
3300047160_1137	6888.646443420977	-2.136885201961972	0.26201507126428014	-8.155581248250463	3.4750452095192117e-16	4.6455867537783144e-15	HF_1
3300047160_1171	9842.593923531544	0.26462743687496376	0.3600592957452089	0.7349551587809131	0.46236680377930284	0.5813919215838759	HF_1
3300047160_1176	486.11077299434726	12.198893355377724	3.6944282435017515	3.301970576051856	9.600814089641298e-4	0.0025669545039672522	HF_1
3300047160_1185	680.3754472341668	-13.111908599723701	1.234742631048444	-10.619143026259753	2.4277964586347118e-26	1.2333206009864336e-24	HF_1
3300047160_1190	783.8515845600183	-13.316202581366944	1.419441159372449	-9.38129945960859	6.516458416179551e-21	1.182271741221147e-19	HF_1
3300047160_1208	267.330410829439	-25.62975644389712	4.328147613320081	-5.9216456400471	3.1873585226159865e-9	2.0239726618611514e-8	HF_1
3300047160_1219	4094.33840481245	-0.5901464377994096	0.0460459689469262	-12.816462576336008	1.326139726080187e-37	3.368394904243675e-35	HF_1
3300047160_125	2559.099367140777	0.5319550048265369	0.26803782485657546	1.9846266291378132	0.04718602737349172	0.0815323194072578	HF_1
3300047160_1260	2387.915644272547	-1.5325198255727608	0.4426584814738344	-3.4620816943803394	5.360144263172055e-4	0.0015561717228344647	HF_1
3300047160_1283	4879.644457619762	0.08652702607052179	0.24394516820126366	0.3546986673625519	0.7228153494025107	0.7816499944763089	HF_1
3300047160_133	2491.419807424567	0.6533627984947042	0.30336441411969906	2.153722612425153	0.03126193173657376	0.05631582029141656	HF_1
3300047160_137	163.6936460374546	-0.688478599316603	4.165817959271807	-0.1652685273450956	0.8687326296873911	0.900051392748242	HF_1
3300047160_144	459.82151423561	12.118679660732507	3.737182925960371	3.24273119641803	0.0011838985026604372	0.0031001053574819695	HF_1
3300047160_148	1453.5897562201596	-14.207162996062127	1.3818181676182708	-10.281499642279183	8.53885069148048e-25	2.711085094545053e-23	HF_1
3300047160_152	1540.1883810955508	-14.290621483501448	1.288978562687142	-11.086779793846762	1.4542908013552543e-28	9.234746588605865e-27	HF_1
3300047160_164	721.9362232676266	-2.6992508065648164	4.142286932646527	-0.6516329869114722	0.5146379624244051	0.6179597107013495	HF_1
3300047160_168	187.9561552240505	-1.8815545883474176	3.7994681446656196	-0.4952152555849387	0.620448183054324	0.7004170599813258	HF_1
3300047160_185	396.9522483516092	0.5551891608696162	3.6022028343010972	0.15412490256877345	0.8775112534648826	0.9023799934416201	HF_1
3300047160_197	1267.4039490693576	0.6117816849171603	0.3659756371464344	1.6716459316453731	0.0945941617740329	0.15206909551015416	HF_1
3300047160_203	217.44578871294084	-25.34835858740755	4.3281862865813485	-5.856577538262371	4.725030357606367e-9	2.609038501808733e-8	HF_1
3300047160_205	487.851666800619	-12.632071648671358	1.3039544816713895	-9.68750966865021	3.4073536430175874e-22	7.21223187772056e-21	HF_1
3300047160_209	1932.3923794385992	0.3582097964947729	0.2010676231479588	1.781538921515865	0.07482445237939483	0.12421837192396268	HF_1
3300047160_211	2222.4246702500695	-2.7490303160144496	2.594998042467779	-1.0593573756225996	0.28943705396565017	0.40393962476524803	HF_1
3300047160_212	2589.557349950198	0.6891088506572282	0.2663290800567168	2.5874337511715853	0.009669378743559562	0.01980663065213007	HF_1
3300047160_214	499.04230707665437	12.23705974543746	1.5020930622490845	8.146672168976606	3.7407601649225734e-16	4.750765409451668e-15	HF_1
3300047160_215	1243.7995870576488	0.04840983897251876	0.19459085094552114	0.24877756964057818	0.8035328425563908	0.8468769377980219	HF_1
3300047160_219	4801.543023598202	0.39630840294400493	0.18505266275446539	2.1415979486328243	0.03222584895805726	0.05764341996722919	HF_1
3300047160_221	371.7228020182391	24.458316998551318	4.407518000523463	5.549226797405367	2.8693575500309873e-8	1.349660773533094e-7	HF_1
3300047160_228	2592.2058063950435	-0.27789415472680895	0.1506325835333372	-1.844847563577152	0.06505971624766411	0.109438198191435	HF_1
3300047160_234	479.243956548018	12.17864985507965	1.4983766153663194	8.127896371435458	4.3680438568734793e-16	5.283253045932685e-15	HF_1
3300047160_250	2505.620746081148	-0.5275370155415711	0.15351945657852686	-3.436287668669086	5.897444208161571e-4	0.0016580495248563988	HF_1
3300047160_259	866.6441111068827	-1.289344632902015	4.164849357097593	-0.3095777355559712	0.7568820895050303	0.807764919051587	HF_1
3300047160_262	4443.099570404051	0.12126246342848375	0.28764222905941716	0.4215739247502321	0.6733360421997556	0.7468443437499472	HF_1
3300047160_267	1650.120604733235	-0.6522401004367533	0.23122629775112824	-2.8207868515836703	0.004790602184549193	0.010489766852374958	HF_1
3300047160_27	5078.299732165348	0.444241376632092	0.1890643624393702	2.3496833083736384	0.018789389812722965	0.03561570904799726	HF_1
3300047160_283	122.28786598093673	22.91386542596835	4.407788947551472	5.198494233417644	2.009093565593994e-7	7.973590088451164e-7	HF_1
3300047160_298	2824.3929573626287	-1.5542266000021545	0.2222849275154545	-6.992046727478164	2.7090461364763755e-12	2.5485100691296273e-11	HF_1
3300047160_300	1840.4493895086357	-0.4666744730106455	0.19813706517048812	-2.355311322538733	0.01850719299659741	0.03534456406868979	HF_1
3300047160_305	731.826555089609	-0.20209784794846056	0.19404432761475057	-1.0415035081556168	0.2976419258785353	0.41312048728496154	HF_1
3300047160_311	260.02130868782757	-25.59167713279864	4.3281523516986145	-5.912841104762637	3.3625652793391517e-9	2.0335513832193917e-8	HF_1
3300047160_316	999.1361899355024	0.40456395232439657	0.16312590119494397	2.4800718301682916	0.01313559180781322	0.025664925532188906	HF_1
3300047160_324	3569.007132431799	1.4635758408814534	0.4350411943895518	3.3642235718278073	7.675933498334105e-4	0.0020964377511579167	HF_1
3300047160_328	1995.8907931870076	-0.8169066480935462	0.11878534692269145	-6.877166832919299	6.105459493222136e-12	5.1692890375947416e-11	HF_1
3300047160_331	4885.911601342554	0.059090592358813185	0.1495283489498802	0.39517986237258274	0.692710153248454	0.7649929518482927	HF_1
3300047160_335	1765.9345097739915	-0.5033027269066287	0.25100931329017867	-2.0051157477363675	0.04495067432624535	0.07820185807442685	HF_1
3300047160_342	1770.3274721500609	0.11630585358434554	0.5483158674329655	0.2121146960945181	0.8320175547407773	0.8661166348531042	HF_1
3300047160_348	2322.5472462437547	0.9459874818262313	0.3044174576941694	3.1075336118752106	0.001886555310758715	0.004652282028472948	HF_1
3300047160_352	1995.295836420697	0.26141964348017277	0.25911793887994833	1.008882845433912	0.31303082320763365	0.4251862518435238	HF_1
3300047160_357	2553.0176362060515	-0.5491365835357316	0.10066913466761027	-5.454865439629265	4.90099443561082e-8	2.1839519063949968e-7	HF_1
3300047160_363	1112.7714898506304	0.3906212270401973	0.2773348094344073	1.4084825047271372	0.15898824391349245	0.23895274529010108	HF_1
3300047160_367	1657.6665537024342	0.8479954957065486	0.2713552587094452	3.125038002725952	0.0017778209037685405	0.004470955540170389	HF_1
3300047160_369	4588.431692323183	0.7244813050213379	0.1969190992116078	3.6790809419802173	2.3407597431770107e-4	7.163288852613984e-4	HF_1
3300047160_379	611.9437388004187	0.7488331286351021	0.3980221702162689	1.8813854721414562	0.05991950165561263	0.10146368947017072	HF_1
3300047160_386	769.706058585698	-2.8922843089104107	4.1297616550683705	-0.7003513884053745	0.48370788661364156	0.5964165203876939	HF_1
3300047160_391	3674.061547811086	-0.5489140753988263	0.13174110361948935	-4.166612092337306	3.091599084721938e-5	1.0906474548880171e-4	HF_1
3300047160_398	967.0526314709741	-2.8755323715868903	4.16498035575303	-0.690407187062709	0.48993815831852255	0.6011801556178972	HF_1
3300047160_400	4571.15424054513	-1.2148729226686528	0.40336852582144866	-3.0118188329012487	0.0025968753156320875	0.006164545141780844	HF_1
3300047160_401	365.2698303791763	-2.841479606908985	3.3990618574665614	-0.8359599577946011	0.40317742998473555	0.5251644472621684	HF_1
3300047160_405	3010.496309905952	0.014812870814615466	0.19087169970560638	0.07760642796948056	0.9381411290253523	0.953151387089758	HF_1
3300047160_408	852.7313060253185	0.06578063346202655	0.20123687043704916	0.32688161627222295	0.7437574260486508	0.797417620987297	HF_1
3300047160_425	249.42311058249098	-25.478268820497703	4.3281597070727	-5.886628623907603	3.941530292106234e-9	2.2753379413522352e-8	HF_1
3300047160_434	1008.9051638388937	0.15133916601801523	0.2631507018845486	0.5751045501083705	0.5652205908448571	0.6564537402935785	HF_1
3300047160_442	4953.867522491292	0.9365363041897664	0.3484784988303004	2.687500971604662	0.007198889285322521	0.015237648987266003	HF_1
3300047160_451	933.8899324879349	0.5248903073985756	0.3096693117199701	1.6950026610102942	0.09007491598573766	0.14572629719985586	HF_1
3300047160_452	2604.7800555941385	0.10658403102455917	0.2527621459876157	0.42167718828349143	0.6732606571566515	0.7468443437499472	HF_1
3300047160_468	1816.364609356239	-1.0750252604461863	0.2618449902181369	-4.105578875313245	4.033036372261946e-5	1.4032756692527868e-4	HF_1
3300047160_475	1468.4407847120444	0.28658941249828424	0.27779267648842243	1.0316665511886827	0.30222835199898956	0.4172065293899095	HF_1
3300047160_48	906.8874532584636	0.36293268682266916	0.24420335394289894	1.4861904268011497	0.13722875899295733	0.20997653484464554	HF_1
3300047160_482	1745.4352974494643	-1.1176707616348827	0.2897340838871086	-3.857574320011206	1.1451786431315191e-4	3.7291714789154597e-4	HF_1
3300047160_496	588.9637562136934	0.07001140411166881	0.30640678186183984	0.22849169227343427	0.8192640139263181	0.8598886757739042	HF_1
3300047160_50	3070.302539954354	0.3713865856856477	0.4780472721374777	0.776882553947183	0.43722806506188505	0.5580699925915518	HF_1
3300047160_500	3803.8880246319836	-1.2518221917529462	0.1816758558032661	-6.890415824480963	5.5629536150298114e-12	5.046393636491329e-11	HF_1
3300047160_501	5190.547449405456	-0.22382792379815603	0.16789100446424338	-1.3331740107959495	0.18247470600531918	0.26946846119390155	HF_1
3300047160_502	5029.431832154526	-0.9488451756924756	0.4274618631262985	-2.2197188978520135	0.026437855212288405	0.04831090089151982	HF_1
3300047160_506	907.4780310852351	-0.8482993848822643	0.12334292921954439	-6.877568015044728	6.0882957543230924e-12	5.1692890375947416e-11	HF_1
3300047160_509	499.01862996130524	-0.7984177041463023	2.2217341758235563	-0.35936689133853894	0.7193206395766214	0.7816499944763089	HF_1
3300047160_518	694.0371032571383	0.35856968894453656	0.28100592587882967	1.2760218056723562	0.20194781095531456	0.2965014103043347	HF_1
3300047160_520	402.2691935026156	0.7995402324336348	3.5898650562209857	0.22272152850093554	0.8237522448609697	0.8610414411303962	HF_1
3300047160_524	4546.152414644994	0.9071728301682243	0.13300012647470819	6.820841860934138	9.050853113048537e-12	7.184114658482276e-11	HF_1
3300047160_525	502.72033032841443	0.5118452335054604	0.2341112434463962	2.186333411289818	0.02879122142844795	0.05223550173446985	HF_1
3300047160_526	3539.160446726209	0.5470553948153871	0.16723003292741268	3.2712748137342067	0.0010706381559132125	0.0028327301208537084	HF_1
3300047160_527	272.7669680850089	-11.793252331406348	1.7923403956260218	-6.579806135143903	4.7106206250365606e-11	3.4185646821693897e-10	HF_1
3300047160_530	822.6131185194672	-13.385850303489203	1.2909101055305292	-10.369312507618785	3.419761701227773e-25	1.2408849601597919e-23	HF_1
3300047160_533	1187.9290130339455	-1.880955599306651	2.6242452647288004	-0.7167605957368608	0.4735218292126198	0.5867050957073435	HF_1
3300047160_534	530.2223929120212	2.170811359821894	2.113979526308415	1.0268838145337778	0.3044751765474245	0.4180361883407882	HF_1
3300047160_538	1297.1580162311343	0.6076389477804527	0.24872395981131576	2.4430253854168815	0.014564712757768442	0.028239977408192247	HF_1
3300047160_540	923.8356609439918	0.020303944241832725	0.3847155961746822	0.052776504107760705	0.9579099824099309	0.9655795392735829	HF_1
3300047160_546	2119.065991436199	-1.4213017364459535	0.18713814218201907	-7.594933453296393	3.079506510137266e-14	3.412477686893128e-13	HF_1
3300047160_547	586.539174412739	-1.6110982613857707	2.1439203833709657	-0.7514729902668219	0.45236804991428226	0.5745074233911385	HF_1
3300047160_55	4722.698185225066	-1.3678587065486933	0.14802721040401243	-9.24058963764419	2.4514257038483303e-20	4.151080858516506e-19	HF_1
3300047160_552	1286.6060819230615	0.08063049986692146	0.1194313327215034	0.6751201550680183	0.499599429394991	0.6077411999364042	HF_1
3300047160_564	1653.6557803224034	1.1123663794821235	0.3563953891853983	3.1211581665650168	0.0018014125227207827	0.004485870399716459	HF_1
3300047160_567	2417.599863333106	0.976377066776848	0.30819921538906536	3.168006334942438	0.0015348817591672524	0.003898599668284821	HF_1
3300047160_568	1019.2549852272807	1.1381125958257983	0.2800399776512999	4.064107579821882	4.821658475458703e-5	1.6329350036886807e-4	HF_1
3300047160_571	718.2757000630643	1.119515293177614	4.1649763371688415	0.2687927139433903	0.7880892005081469	0.8375508658120054	HF_1
3300047160_581	1157.9008463404875	-2.075739206731872	2.53368295562521	-0.8192576747313138	0.4126394153377486	0.5347469974274905	HF_1
3300047160_590	584.7465794663892	-0.7916714664956663	0.7233202435529793	-1.0944964883146957	0.27373728669686814	0.3906138810168792	HF_1
3300047160_597	3087.892461114222	-0.16473440172727638	0.1210231734809441	-1.361180648210443	0.1734566081430545	0.2576489968908529	HF_1
3300047160_598	521.2667893476594	1.2287348917518013	3.4689264147765826	0.35421186408502653	0.7231801129997346	0.7816499944763089	HF_1
3300047160_603	362.2851854216016	-12.202734462975654	1.6067875996547059	-7.594491310237886	3.090038850336297e-14	3.412477686893128e-13	HF_1
3300047160_607	2068.7331964085424	0.8151748162752633	0.558434687161162	1.459749609071127	0.14435890222093353	0.2182569116911733	HF_1
3300047160_614	443.0560163591634	1.4877772191031022	2.206144692728068	0.6743788038958365	0.5000705149083011	0.6077411999364042	HF_1
3300047160_617	5143.176677953702	0.606322530069522	0.18887059065265444	3.2102537932154265	0.0013261782390814872	0.003437237476803038	HF_1
3300047160_618	165.00298084687864	-24.95947193876285	4.328252157110705	-5.766639981397104	8.086754487522648e-9	4.1080712796615055e-8	HF_1
3300047160_624	288.6419542174757	-11.874872714499876	1.7878225686376512	-6.642086817121184	3.092726941818788e-11	2.3104489506528595e-10	HF_1
3300047160_627	1008.6187293091149	0.6259796098297261	0.1256020680458818	4.983832030544743	6.233719933887559e-7	2.3990376715264244e-6	HF_1
3300047160_628	758.8282446621649	0.680823933272967	0.23784804013851915	2.8624323869831563	0.004204029473044381	0.009366872685555024	HF_1
3300047160_642	1419.8995693732245	0.9319832418938668	0.2368942038682984	3.9341749467707703	8.34829625701453e-5	2.7538535704957026e-4	HF_1
3300047160_649	1697.1984926999517	-0.21945148750138754	4.164721439563584	-0.05269295694465068	0.9579765507753657	0.9655795392735829	HF_1
3300047160_653	2566.332419369024	-1.5992392236157673	0.2764588646691223	-5.784727596019772	7.262992731893307e-9	3.764898273267143e-8	HF_1
3300047160_663	286.0426343487629	-1.8890896505443608	3.629131631198952	-0.5205348944370652	0.6026908135421457	0.6895651650437163	HF_1
3300047160_666	1122.5434873111026	0.19215445114798688	0.10080131093491776	1.9062693665963448	0.056615266531204175	0.09651193086527424	HF_1
3300047160_667	1696.5339096594664	0.4592891451833241	0.39096654953105314	1.174753046607749	0.24009352995159988	0.34649861708924073	HF_1
3300047160_668	1508.578687967052	0.8629877439645898	0.20062396182642897	4.30151880218181	1.696313770749217e-5	6.0685027854971984e-5	HF_1
3300047160_669	1610.8064024011169	0.5800649358211862	0.21463790033865923	2.702528001373244	0.006881438793097454	0.014688113054174399	HF_1
3300047160_673	383.33878040543567	11.856213773311667	3.877082790849943	3.0580243995028336	0.0022280143420260684	0.0053388268195719004	HF_1
3300047160_674	792.4172184830272	0.7404898483997794	0.19720493369290376	3.7549255717552326	1.7339299603885848e-4	5.505227624233756e-4	HF_1
3300047160_679	1181.4890934450148	0.7720104650939597	0.2061304115584158	3.7452526255456378	1.8021234268619665e-4	5.599785953632015e-4	HF_1
3300047160_68	263.72375020960135	-11.744601462911476	1.8732476890680705	-6.269646844595519	3.618678887400006e-10	2.4841741551340584e-9	HF_1
3300047160_680	1459.3954587680503	-1.1528096203856462	0.15513504021364669	-7.431007326249673	1.077737419437306e-13	1.094981218148303e-12	HF_1
3300047160_682	1049.696375336886	1.4818201256313224	4.1648967699616035	0.35578796005668667	0.7219993663723984	0.7816499944763089	HF_1
3300047160_683	191.49847611022017	-25.17362299263026	4.328214367980827	-5.816168251475518	6.021186289624434e-9	3.2540028033289495e-8	HF_1
3300047160_685	237.05749734695496	-11.590804426732308	2.1127953657542533	-5.486004283521548	4.111269309929518e-8	1.8647542941466027e-7	HF_1
3300047160_690	235.52136149867025	-1.6997216677198996	3.722185255495913	-0.4566461771912647	0.6479253827737531	0.7281993240023596	HF_1
3300047160_691	132.88745629068086	23.028618555025748	4.4077567419253025	5.2245665773667165	1.7456351181055158e-7	7.054200488764554e-7	HF_1
3300047160_692	5094.894794691963	-0.5568915133932927	0.21085019582876072	-2.6411714307610366	0.008261990222163224	0.01706134566202812	HF_1
3300047160_693	1338.8162400076876	0.19665742494287192	0.16538871957387724	1.1890618988378303	0.23441531008961025	0.3402370786443486	HF_1
3300047160_701	802.2688726215704	0.01281609075038469	2.1503533254907397	0.00595999299206324	0.9952446417620788	0.9952446417620788	HF_1
3300047160_709	1257.1861618509479	0.7036681792165996	0.20169259229837677	3.4888151874988953	4.8516646299977473e-4	0.0014497915482581504	HF_1
3300047160_715	869.6529684444489	0.6383352395359789	0.22384381756378843	2.8516992181572025	0.0043486227254253655	0.009604784106591678	HF_1
3300047160_716	2656.839776882246	0.5608795403887998	0.2459250232434869	2.2806932494766134	0.022566604906628426	0.04183881493637679	HF_1
3300047160_718	156.63839013288526	23.257894371089627	4.407700401862228	5.276650464097628	1.3156649272774682e-7	5.485098094096199e-7	HF_1
3300047160_723	2763.4084598639124	-0.39696753140656765	0.17021926901876708	-2.332095148186784	0.019695686240208985	0.03705706892602283	HF_1
3300047160_725	885.6157128081866	-0.1262872880255551	0.19432755553034486	-0.6498681449519647	0.5157773963334098	0.6179597107013495	HF_1
3300047160_726	1491.3899470251222	-0.11412921841885851	0.1939568573145122	-0.5884257973606544	0.5562465263401921	0.6541047115296703	HF_1
3300047160_73	691.4188356484378	-0.4863864676004861	0.1729112070141441	-2.8129262180252996	0.004909291421099634	0.010657777956917153	HF_1
3300047160_731	2042.3215108319735	0.6303573409700994	0.2362028766704637	2.668711532457485	0.007614281485038251	0.015983698323964596	HF_1
3300047160_732	150.74972884969407	23.026508523714046	4.4077127770098565	5.224139976592344	1.7496639007565626e-7	7.054200488764554e-7	HF_1
3300047160_735	263.12767709801244	-25.59928024220329	4.3281503098059035	-5.914600559089939	3.3268193804227083e-9	2.0335513832193917e-8	HF_1
3300047160_740	659.2719873427709	-0.16032501695740614	0.18236992937452445	-0.8791198061394995	0.3793363198170718	0.5018303397580013	HF_1
3300047160_743	1283.8585881389436	-0.033724145064273715	0.3079782660310673	-0.10950170445102704	0.9128045699435057	0.9311339789785158	HF_1
3300047160_747	453.76702097356826	0.7799296578140266	0.28816782794173107	2.7065119079557074	0.006799414381872594	0.014636027567759651	HF_1
3300047160_750	4065.5486115224076	-0.3461176759635643	0.31999386751594117	-1.0816384659194187	0.27941320533121566	0.3942830786340488	HF_1
3300047160_757	1062.858715618265	-0.07205546491674404	0.22069149907954771	-0.32649859744154364	0.7440471502912968	0.797417620987297	HF_1
3300047160_760	404.5966817070095	-1.9443107731164366	3.4680509874363996	-0.5606350022419021	0.5750463850480132	0.6639171900099788	HF_1
3300047160_761	567.2624788130291	0.548167704725116	0.3194362470836384	1.716047285584308	0.08615338821455124	0.14027538850317958	HF_1
3300047160_766	2036.986116726935	-1.0222894238418458	0.2061480259603284	-4.959006612261121	7.085455587136247e-7	2.6861279390038907e-6	HF_1
3300047160_774	942.3305078609397	-0.6847075826248792	0.21354483320344378	-3.2063879624404654	0.0013441263504444523	0.003448566596089807	HF_1
3300047160_78	1476.2012040234154	-0.15410552425633672	0.23372205838208848	-0.65935378681461565	0.5096686106011878	0.6164563194890558	HF_1
3300047160_780	379.165228812508	-12.268442154583711	1.4901675382330397	-8.232928070041687	1.8269190452413425e-16	2.577985763840561e-15	HF_1
3300047160_79	10068.132266599594	0.7647584177003451	0.22099564346813874	3.4605135454201905	5.391461086985547e-4	0.0015561717228344647	HF_1
3300047160_791	1550.1127493877593	0.2514390262293492	0.2222150936851349	1.1315119151430049	0.2578396912723816	0.3700072405829657	HF_1
3300047160_792	2915.706051717041	0.4082299646853422	0.27761102044682856	1.4705106592248247	0.1414235009223195	0.2150992169716716	HF_1
3300047160_797	4112.529900496799	0.32627037993365293	0.21424038486317235	1.5229172601702996	0.1277794069698055	0.1979022522581134	HF_1
3300047160_800	18169.234076788343	-0.6949300180567037	0.1461982003385565	-4.753341808910294	2.000816634146355e-6	7.473638604017267e-6	HF_1
3300047160_807	1695.0297478786974	0.07247995949298248	2.728274242237792	0.026566229439432303	0.9788057087507422	0.9826745060185317	HF_1
3300047160_809	471.4547247325239	-12.582745770089156	1.378080325955789	-9.130633050263015	6.809989947382028e-20	1.081085904146897e-18	HF_1
3300047160_817	217.44578871294084	-25.34835858740755	4.3281862865813485	-5.856577538262371	4.725030357606367e-9	2.609038501808733e-8	HF_1
3300047160_846	3041.3348001631775	-0.8061101744472137	0.15168512147774954	-5.314365486831619	1.070296087999441e-7	4.607715361895899e-7	HF_1
3300047160_874	392.24325276511087	11.889345229771004	3.857219636538843	3.0823614805714152	0.002053652852483244	0.0049678840431499425	HF_1
3300047160_877	2693.4508605083074	0.7079279449597036	0.15177265544476012	4.6643971727658435	3.0952305629491167e-6	1.1394037144769212e-5	HF_1
3300047160_881	156.44210142344554	23.25690056050465	4.407700796720274	5.276424519969658	1.317287337558536e-7	5.485098094096199e-7	HF_1
3300047160_882	4888.481242386716	0.6242780377198733	0.1549504307581472	4.02888868824296	5.6041143733140015e-5	1.8729540142391532e-4	HF_1
3300047160_884	1711.755775383183	0.950997446703775	0.25397436561998127	3.7444623373003747	1.8078049141646662e-4	5.599785953632015e-4	HF_1
3300047160_888	749.6864554736958	1.2345629533406195	0.48867536595553596	2.526345789758821	0.011525597590502177	0.023234141174504386	HF_1
3300047160_890	1476.6134139984204	-0.5491237607529085	0.22849570351021625	-2.4032126307721	0.016251734679313103	0.031272277337466126	HF_1
3300047160_891	510.2748161786747	1.9111177112838882	2.1463770053311046	0.8903923712083727	0.3732552372571401	0.4985570822647755	HF_1
3300047160_892	2457.2053967299207	-0.38076094344147354	0.09933316460233618	-3.8331703713033476	1.265022753255668e-4	4.0672883459106284e-4	HF_1
3300047160_893	1128.6528327142416	-13.842106012745392	1.2071256202858875	-11.466997121200293	1.9324937600921504e-30	1.6361780502113542e-28	HF_1
3300047160_895	296.8687212541791	-11.915420677260594	1.7004181876311468	-7.007347230189281	2.4287898004003874e-12	2.3727408050065325e-11	HF_1
3300047160_897	749.2526960459325	0.41310122086341616	0.23727273642771707	1.741039560983289	0.08167664424329699	0.1338443073406286	HF_1
3300047160_900	1996.0060528835882	-0.6713784813317695	0.2679832094232009	-2.5053005476605215	0.012234738087723249	0.024090104451796164	HF_1
3300047160_901	990.1522633340055	-0.29762005390547697	0.27291935576235576	-1.0905054831091912	0.2754905393194955	0.39091953624107184	HF_1
3300047160_903	222.41213044439837	11.070792974789772	4.381235710041004	2.5268654113764084	0.011508559666796278	0.023234141174504386	HF_1
3300047160_904	880.958451207706	-3.421726199871221	4.088439008771795	-0.8369272948746126	0.4026334368191051	0.5251644472621684	HF_1
3300047160_906	542.9611081926826	-0.48957845248424636	0.29364400049203293	-1.6672516777591357	0.09546437081596973	0.1525028313663919	HF_1
3300047160_909	3130.126286895973	-0.9741121239113768	0.16804899164187648	-5.7965960663856535	6.76744259956711e-9	3.581105042270929e-8	HF_1
3300047160_912	1007.6821752269816	1.631348691709362	2.5573513896267492	0.6379055683651909	0.5235351527722022	0.6243095249020627	HF_1
3300047160_916	749.3396624833979	1.66161157902917	2.1002659283520786	0.7911434245533432	0.42886030139900994	0.5501541240169118	HF_1
3300047160_919	220.37229406512688	11.057499261134677	4.390639693870095	2.518425567138289	0.011788079588584723	0.02339197043359781	HF_1
3300047160_920	3924.9417631174424	0.6761908615826909	0.4433194155839371	1.525290429005951	0.12718667393951197	0.1979022522581134	HF_1
3300047160_923	418.465991006405	0.27238325692350995	2.2961870797695916	0.11862415711826145	0.9055731258707814	0.9274821531095906	HF_1
3300047160_924	536.4996085225641	-1.8247565015455787	3.374933192775531	-0.540679295652933	0.5887286516394512	0.6766383598028082	HF_1
3300047160_927	8679.337608697891	0.8724184667571044	0.25344567184066336	3.442230677766626	5.769380390928133e-4	0.0016465422688716246	HF_1
3300047160_928	2953.8585180482855	-0.17689272320514993	0.2457015365789065	-0.7199496009189231	0.47155602696278137	0.5867050957073435	HF_1
3300047160_929	735.8017627035931	2.000756863766691	2.06237823337372	0.9701212083167565	0.3319860787502462	0.4485343829923539	HF_1
3300047160_93	1125.357316795418	-0.24053426960019905	0.2364415191534958	-1.017309779015784	0.30900608602857943	0.42197605296375895	HF_1
3300047160_930	1409.7339342914088	0.8331130102054507	0.2797379465132031	2.978190912565841	0.0028995531541589465	0.006695331828694294	HF_1
3300047160_931	516.2387602096745	-12.713619463312257	1.3287432280588634	-9.568153722134374	1.0883173835675724e-21	2.1264047340474107e-20	HF_1
3300047160_933	675.1739268522607	0.9406444701421159	0.27579845804659464	3.4106226583152224	6.481472356242706e-4	0.001789449976614834	HF_1
3300047160_935	1766.0133624092875	-2.7100034027269864	2.5406952497971873	-1.066638512802082	0.28613510240489987	0.40153765751847825	HF_1
3300047160_937	844.0421921400814	0.07241855157123349	0.12471284438681515	0.5806823822141105	0.561454537691245	0.6564537402935785	HF_1
3300047160_939	1266.1732212877055	-14.007981630735035	1.1975263408754664	-11.697430906191448	1.3137071121575377e-31	1.668408032440073e-29	HF_1
3300047160_946	1223.6350793109364	0.9537554448185492	0.32004500876359343	2.980066611577925	0.0028818570875981044	0.006695331828694294	HF_1
3300047160_949	566.7278913353691	0.766080375964111	0.2636233101381549	2.9059659996023783	0.00366121229762126	0.008284038123951261	HF_1
3300047160_950	135.14406022200583	-10.779982984684585	3.1019359730677514	-3.475243550569937	5.10389736793709e-4	0.0015074301528558384	HF_1
3300047160_957	2178.27525723996	-0.16251215193316115	0.2831438764750444	-0.5739560888843187	0.5659975162373767	0.6564537402935785	HF_1
3300047160_962	1302.6581860957078	0.18196143780238944	0.3043429177040645	0.5978829380196854	0.5499180451980076	0.6496706208385764	HF_1
3300047160_964	959.0076466468048	-13.607169351397243	1.3410924660099668	-10.14633196164426	3.4405252622482124e-24	9.709926851233844e-23	HF_1
3300047160_967	1523.3227250275072	-0.8318647576787916	0.12470205522070135	-6.6708183454276915	2.5438093211862422e-11	1.9579623260039561e-10	HF_1
3300047160_97	1650.4994528680459	-0.26365508517142394	0.12437078845113661	-2.1199116645868172	0.03401349551380091	0.05999602680906549	HF_1
3300047160_971	433.24702944401906	-26.290696481468633	4.328083053294673	-6.074443618048255	1.2441833963360638e-9	8.10314314536821e-9	HF_1
3300047160_972	1450.1374566777283	0.9801916888087644	0.21279436855268183	4.606285849928857	4.0992479893026135e-6	1.487441413261234e-5	HF_1
3300047160_984	554.3313924808662	-0.2409838241327555	0.26206350884502	-0.9195626861398293	0.35780133344138254	0.4808547020852443	HF_1
3300047160_99	1063.195657160311	0.75560514496086	0.22001544823754374	3.4343276847771933	5.940256171729618e-4	0.0016580495248563988	HF_1
3300047160_990	336.2098484227933	11.666944052251559	3.9984363028245524	2.917876681944355	0.00352423696419975	0.00806447017033096	HF_1
3300047160_991	1733.826769954761	0.22443790643530037	0.16196347007894218	1.3857316487841838	0.16582886036867	0.24776782666848343	HF_1
3300047160_992	1183.3383027628304	1.3211337488982577	0.52437479104199	2.5194455787491625	0.011753980864791513	0.02339197043359781	HF_1
3300047160_996	926.1844994067787	0.979547077049039	0.16107528102948832	6.081299817007376	1.1921213726463277e-9	7.968390227688611e-9	HF_1
3300047160_998	526.7992503899718	0.5649033214007454	3.4979553067206917	0.16149529421241757	0.8717033173860926	0.900051392748242	HF_1
GRE.SIPMG.052b4f26_bin.20	39111.30257550152	0.5815160161572004	0.19353504884133388	3.0047064841156783	0.0026583724956422226	0.00625209827678819	HF_1
GRE.SIPMG.066b5f18_bin.18	436.93866721278516	24.54517644790459	4.407498173164953	5.568958961196596	2.562658298425967e-8	1.2281419015098032e-7	HF_1
GRE.SIPMG.082b2f20_bin.18	119412.90873889248	0.37638263843467135	0.21611499003152662	1.7415850625621345	0.08158107700281353	0.1338443073406286	HF_1
GRE.SIPMG.117b4f26_bin.29	15384.926480063712	-1.5072281273074029	0.19994711402069307	-7.538133944516027	4.767440529525457e-14	5.045541227081109e-13	HF_1
GRE.SIPMG.169b2f20_bin.29	20844.697881951415	0.3701429530493387	0.23927915067704594	1.5469085041551283	0.12188531011475076	0.19110412820460923	HF_1
GRE.SIPMG.176b2f22_bin.12	173324.6400395354	0.2765548086316879	0.22234555311234808	1.2438063399988426	0.21357084644794036	0.3117643390676831	HF_1
GRE.bulkMG.LF176_bin.18	33460.426957526295	-0.12548348583544616	0.14351975783202917	-0.8743289964459662	0.38193911262036095	0.502655619717988	HF_1
GRE.bulkMG.LF176_bin.7	18233.388942423044	0.4199400693500028	0.2619582026329084	1.6030804347000354	0.1089168969946587	0.17290557397902068	HF_1
GRE.bulkMG.OX080_bin.28	35424.65258806561	0.6496476341070286	0.18565532220654293	3.4992136308610147	4.6663254990473755e-4	0.0014110079485214683	HF_1
GRE.bulkMG.T000H_bin.41	49006.910956678796	-0.15629638251560585	0.07727286736712517	-2.0226554008024333	0.04310868808241526	0.07551452946850673	HF_1
GRE.bulkMG.T000H_bin.8	36882.884250323856	0.5325314676908468	0.25031647645195887	2.1274327413003955	0.033384144158609214	0.05929771060340378	HF_1
3300047160_1000	93.56089723583834	-24.2331021806714	4.3284809233280654	-5.598523502799487	2.1618509761222497e-8	1.334020236485193e-7	HF_2
3300047160_1008	536.0670356362416	-0.7565066760403724	2.113846000439266	-0.3578816412752713	0.7204318901634441	0.8360975606025292	HF_2
3300047160_101	549.3056208363744	0.30882626519367273	0.2624693180933053	1.1766185375004021	0.23934779542632667	0.38084900781673364	HF_2
3300047160_1011	1210.037340617598	-0.21346666203265569	0.229057366524641	-0.9319353717868395	0.3513699261637834	0.5168406472060302	HF_2
3300047160_1016	663.1298012345471	-0.16079760426668482	0.17649876225124436	-0.9110409739745988	0.3622737850449648	0.518284768109666	HF_2
3300047160_102	472.34272701215815	-12.625304875321305	1.3382953213824773	-9.433870591641307	3.9522899949241024e-21	7.691764374736907e-20	HF_2
3300047160_1021	397.98349280941375	23.794119511911067	4.4075057880639275	5.398545267109687	6.718341796534049e-8	3.695087988093727e-7	HF_2
3300047160_103	684.49464320021	-0.4074520660166853	0.2938402894796204	-1.3866446522301858	0.16555014542840807	0.2928964111425681	HF_2
3300047160_1033	591.3763092042045	0.37418958509640854	0.2330376759643619	1.6057042430925752	0.10833890857308984	0.2133522563516635	HF_2
3300047160_1039	559.5936607063962	-12.8698527324921	1.2189256144881513	-10.55835776976135	4.647207038152923e-26	2.351486761305379e-24	HF_2
3300047160_104	794.5358295766728	-13.375585565061256	1.2755593768526667	-10.486054830363416	1.0012211182965648e-25	4.221815715483848e-24	HF_2
3300047160_1044	2542.841087542206	-0.9371986617034934	0.31087244099975947	-3.0147370371252	0.002572021450678436	0.00916509052143161	HF_2
3300047160_1046	2526.0776251661805	-0.24144484984238473	0.20253127646522415	-1.1921361187087678	0.23320787665248977	0.37342780248784757	HF_2
3300047160_105	1087.1303047892463	0.30473476895583945	0.1909263381084957	1.5960855478340081	0.11046969487285457	0.21499102156024774	HF_2
3300047160_1053	1294.903047161924	-0.4945083534447812	0.25194094396800226	-1.962794715525025	0.049670032100199484	0.12320115805245559	HF_2
3300047160_1055	807.1108537298844	-1.5686361179371389	2.522478758416762	-0.6218629642382781	0.534031979816842	0.6789451803701559	HF_2
3300047160_1059	391.7923553154218	-0.6277651789060235	2.1828527506783115	-0.28758933863539277	0.7736611068008297	0.8699389334249329	HF_2
3300047160_106	748.7914272353258	0.5192213985534431	0.4186305945758389	1.2402853620374399	0.21486986466386626	0.35072306941908493	HF_2
3300047160_1066	6544.7580105836005	-0.6180930272689327	0.223073712067819	-2.7708017297933325	0.00559184648555515	0.017908065327157635	HF_2
3300047160_1071	40.35532378688019	-9.076065426096466	4.329142451128676	-2.096504221922795	0.03603748579412838	0.0959735147990998	HF_2
3300047160_1073	2171.553617329384	-0.05161935431207593	0.16556123177591112	-0.31178406779398254	0.7552046329870595	0.8529766613648485	HF_2
3300047160_1076	1724.2830712664447	0.4839587598292056	0.5526059266147026	0.8757755509318662	0.38115206388090356	0.5269479353107573	HF_2
3300047160_1077	1831.8502711898327	0.587534926006277	0.16034018918198034	3.6643023125003675	2.48013710390047e-4	9.959915671219348e-4	HF_2
3300047160_1081	490.7722469227991	0.4180165099045113	0.38583850929895197	1.0833975868920525	0.2786319863105898	0.43247786832257185	HF_2
3300047160_1082	516.5278563181346	-12.754320227492942	1.235288275225475	-10.324974731234228	5.433310933400406e-25	1.7182845826878785e-23	HF_2
3300047160_1085	136.02696944748396	-24.688577152682484	4.328324254754026	-5.70395739773094	1.1705734530212792e-8	7.40387709035959e-8	HF_2
3300047160_1089	577.5676233020347	12.387724699804545	4.407468256459488	2.8106214223209367	0.00494459278102541	0.01624651913765492	HF_2
3300047160_1090	509.0848146247557	0.864924496683472	4.165097571858949	0.20766008040897888	0.8354943893695238	0.8918990738839221	HF_2
3300047160_1097	2022.342956626564	-1.6015687586388063	0.22941529373910147	-6.981089763179269	2.9289908605525597e-12	2.5552920266199915e-11	HF_2
3300047160_1099	217.92134449341228	-25.386377180140403	4.328194523299622	-5.865350331062977	4.481853858672138e-9	3.017155971615091e-8	HF_2
3300047160_1115	630.8608853093364	0.6180185335748605	0.16076547676529462	3.844224183013624	1.2093441531340746e-4	5.099401179048681e-4	HF_2
3300047160_1122	303.1859825645887	-11.985663349832643	1.4812672638678257	-8.0914927658201	5.893789408668274e-16	6.7778578199685154e-15	HF_2
3300047160_1125	2384.730172878758	0.3500872344472408	0.4617912330203236	0.7581071475902907	0.4483868411246982	0.5970624779186771	HF_2
3300047160_1132	4520.636678186107	0.1467466052204602	0.15991206387571283	0.917670635121781	0.35879132563103794	0.518284768109666	HF_2
3300047160_1137	7708.806504431008	-1.6973414667019753	0.19998497061598328	-8.487345131356184	2.114111984996754e-17	2.674351661020894e-16	HF_2
3300047160_1171	10465.644686059853	0.39219386082494706	0.3058867360130596	1.2821538649789725	0.19978867648912055	0.3353036917090595	HF_2
3300047160_1176	214.91509199018668	23.642288212847728	4.407608513854356	5.363971899621609	8.1411574632954e-8	4.38236774088029e-7	HF_2
3300047160_1185	1008.8332391638912	-1.6740293503628605	4.164832182553428	-0.4019440104634721	0.687725232227322	0.8130583352967872	HF_2
3300047160_1190	805.758872953317	-13.395815347994489	1.3492446732916754	-9.928381125502968	3.1330060503515055e-23	7.926505307389309e-22	HF_2
3300047160_1208	666.54811783537	-1.8715877058318575	4.16496893994696	-0.4493641448033684	0.6531689920308014	0.7831836729089704	HF_2
3300047160_1219	4500.37240980994	-0.37551096632012576	0.06180964756649838	-6.075280819489052	1.237709297144562e-9	8.946870062216405e-9	HF_2
3300047160_125	2221.1657175065257	-0.011028125697490074	0.36362962161376117	-0.030327907964560405	0.9758055394686923	0.9875152059423167	HF_2
3300047160_1260	2697.106918386931	-1.1062873863834835	0.3529983206491273	-3.1339735111179445	0.0017245642321185727	0.006323402184434767	HF_2
3300047160_1283	5086.126733707855	0.11815400132848808	0.24713144761431632	0.47810184607862677	0.6325777182046741	0.7621055366942026	HF_2
3300047160_133	2446.1808618390523	0.5127028033434995	0.2242985506255336	2.2858052444549974	0.022265654741469458	0.06123055053904101	HF_2
3300047160_137	180.9679604077194	-0.6088666258369103	4.1657043644752925	-0.14616174662543593	0.8837937029659606	0.9316658618766168	HF_2
3300047160_144	397.5224416720236	11.848866626729452	3.6013768612145554	3.290093506829899	0.0010015409434017337	0.003781938189263263	HF_2
3300047160_148	1858.958592036051	-2.429822163948554	4.1647626566802876	-0.5834239221414249	0.559607957682903	0.7009163382454884	HF_2
3300047160_152	1569.279650328813	-14.357484038895922	1.2749027889312163	-11.261630426687017	2.02968331696076e-29	1.711699597303574e-27	HF_2
3300047160_164	1039.5938982416528	-0.9103780968443121	2.61403032427046	-0.348266081074781	0.7276403646070935	0.8367864192981574	HF_2
3300047160_168	273.56133786416876	-0.721831738662371	2.250705915397593	-0.3207134853665934	0.7484275268706735	0.8491128443869076	HF_2
3300047160_185	249.9037949299318	-0.6950759674981343	4.165402329631273	-0.16686886703682796	0.8674732301477459	0.9182875616208357	HF_2
3300047160_197	1228.2665386956685	0.42770893856580816	0.27420882173845934	1.559792773457002	0.11880885976111423	0.22431822029523807	HF_2
3300047160_203	200.4876369339393	-23.977775663420342	4.328213336483863	-5.539878420803378	3.026817096055429e-8	1.823296965004818e-7	HF_2
3300047160_205	524.8384101170501	-12.777348212026917	1.239798265546308	-10.305989746159769	6.620661829013516e-25	1.8611416030449107e-23	HF_2
3300047160_209	1848.6632810980122	0.18737061822164283	0.14030466254583562	1.3354553927274613	0.18172734555180503	0.31525696663151964	HF_2
3300047160_211	2714.7177623340144	-1.780294056181463	0.2664204007618436	-6.682273771417713	2.352629818539697e-11	1.9840511469684779e-10	HF_2
3300047160_212	2440.7471128728866	0.44447280939682327	0.25369413828467213	1.7520026769324757	0.07977334761781814	0.17061660034773624	HF_2
3300047160_214	250.48275212043646	11.182525467348972	3.968263800396952	2.817989435639426	0.004832539983952533	0.0160872712623683	HF_2
3300047160_215	1334.4058327982966	0.19656845573480372	0.2143196811954968	0.9171740767731879	0.3590514286430351	0.518284768109666	HF_2
3300047160_219	4709.353351137989	0.26763955978324433	0.19502782371791383	1.3723147532546707	0.16996547482538368	0.29861989674181993	HF_2
3300047160_221	311.58149763739436	23.9264746343397	4.4075391760768134	5.42853362806337	5.6818941221264215e-8	3.194487139773299e-7	HF_2
3300047160_228	2653.376876227365	-0.24993748040731495	0.12861848562785577	-1.943246953866982	0.05198632738619486	0.12646673873757017	HF_2
3300047160_234	388.7947515877489	11.816945524688638	1.5311726187283456	7.7175789196796964	1.185601206141281e-14	1.1998284206149762e-13	HF_2
3300047160_250	2872.0292980336812	-0.14409169191325355	0.1673678426151101	-0.8609281786861298	0.38927760076419954	0.5323634215856351	HF_2
3300047160_259	509.65821114259904	-26.40557511527597	4.328071200520565	-6.101002939161445	1.0540496984057303e-9	7.843369814607346e-9	HF_2
3300047160_262	4815.655081197022	0.24334459783175835	0.27148116805561856	0.8963590350469692	0.3700610386645649	0.5229024094252349	HF_2
3300047160_267	1890.1539414552688	-0.3561384703817295	0.21207639738104594	-1.679293286663304	0.0930948987288137	0.18994362401927312	HF_2
3300047160_27	5118.016828949081	0.4387813958283293	0.1535235699019583	2.8580718655027337	0.0042622384833220185	0.014572247787573928	HF_2
3300047160_298	3254.968899698654	-1.0964342187522937	0.19151178802521931	-5.725152639731552	1.0334078404026221e-8	6.703902144150344e-8	HF_2
3300047160_300	1956.926665923078	-0.3338241665256357	0.1640295842249138	-2.0351460872320644	0.0418361758623317	0.1075412666514795	HF_2
3300047160_305	774.9391460636655	-0.03887120216602765	0.20970863559929648	-0.18535813775595444	0.8529481406378707	0.9067053763923584	HF_2
3300047160_311	378.3492097717327	-12.305183720297931	1.4277416770550015	-8.618634531759133	6.775724012717083e-18	9.523656528985678e-17	HF_2
3300047160_316	981.6620052294187	0.2253161864742047	0.11018747931929947	2.044843823146976	0.0408702577565512	0.1065997444578088	HF_2
3300047160_324	3419.15298026339	1.1536018854745838	0.39606257044699733	2.912675853647633	0.0035834636621806973	0.012419401459338581	HF_2
3300047160_328	2171.317623827573	-0.6031344924083705	0.12757869251499723	-4.727548781999552	2.2724647927348333e-6	1.0266671295748443e-5	HF_2
3300047160_331	5084.406687138022	0.08851973173956319	0.09940334193170586	0.8905106208640334	0.37319176805203785	0.5229024094252349	HF_2
3300047160_335	2035.8579096139742	-0.14688422355419853	0.28164879851746993	-0.5215155339818986	0.602007687122681	0.7393589555438752	HF_2
3300047160_342	1974.773206820169	0.3412998536462227	0.5193081056916458	0.6572203474306626	0.5110392440717023	0.656309282995638	HF_2
3300047160_348	2090.9165728868734	0.6010711081589544	0.33923379489284244	1.7718491412355346	0.07641960272859186	0.1681231260029021	HF_2
3300047160_352	1976.5626463430751	0.18353806552765387	0.22136386685337703	0.8291238680304698	0.4070343190916824	0.5506934905358056	HF_2
3300047160_357	2935.5371651199407	-0.21847246561040307	0.15273494613018523	-1.4304026101805527	0.1526014995479603	0.27381687507541813	HF_2
3300047160_363	1136.7884001392315	0.3939365470055418	0.2475295371349212	1.5914728866915724	0.11150319255851804	0.21534586043744322	HF_2
3300047160_367	1424.3682852594477	0.4914655632115485	0.1640710121496967	2.9954442090181073	0.002740454285797098	0.009629651865370358	HF_2
3300047160_369	4234.195575624608	0.47470567143038445	0.13837167789129892	3.4306563211822905	6.021229315739654e-4	0.002343647718280204	HF_2
3300047160_379	484.8688355161873	-0.03654303411933147	2.1733417707469322	-0.01681421422585201	0.9865848301880218	0.9904998493554346	HF_2
3300047160_386	987.154713664125	-1.4844151691593794	2.5542293849714057	-0.5811596945416855	0.561132829445385	0.7009163382454884	HF_2
3300047160_391	4185.400584654434	-0.2831307097306696	0.17833669735991914	-1.5876188912439888	0.11237254376465104	0.21538070888224783	HF_2
3300047160_398	1494.732400367494	-0.800168421426772	0.220674649344098	-3.626009710698891	2.87834534783062e-4	0.001137845895314292	HF_2
3300047160_400	5461.250861280607	-0.7687484107116488	0.32476988948857405	-2.3670556772434246	0.01793023519230972	0.05274825004249255	HF_2
3300047160_401	596.787218053676	-0.6580492698806136	0.24032033286638493	-2.7382172038122166	0.006177326251970015	0.01933847005898319	HF_2
3300047160_405	3064.899583838945	0.019397060423134157	0.14909882142074668	0.1300953303205327	0.8964910045884107	0.9372405957060657	HF_2
3300047160_408	932.3599889893806	0.20859711930323477	0.21512313572966807	0.9696638095000896	0.3322140953886893	0.4944127419608141	HF_2
3300047160_425	346.6397795751186	-12.178892482257265	1.5968624100093198	-7.626763837584595	2.4071998630888655e-14	2.2556354272647517e-13	HF_2
3300047160_434	995.19461150351	0.10801165149155832	0.18742842306232468	0.5762821333434669	0.5644244972915299	0.7009163382454884	HF_2
3300047160_442	4615.631111393694	0.6239086705737772	0.35464052181766664	1.7592706760524983	0.07853154482381326	0.16981607555918593	HF_2
3300047160_451	689.1972588892398	-0.2264077908664431	2.111645350946692	-0.10721866281425528	0.9146155099899914	0.9458666542546692	HF_2
3300047160_452	2284.1186287742116	-0.4043908151441811	0.39923517320179736	-1.0129137969008002	0.3111013376857339	0.4741484243041607	HF_2
3300047160_457	331.4842082784169	-12.114402761064047	1.3439774345653288	-9.013843870810305	1.9895786705168302e-19	2.960961197886812e-18	HF_2
3300047160_468	1997.5305753685411	-0.7524961391482288	0.30207211596525746	-2.4911142054395263	0.01273431797135573	0.03835455293753571	HF_2
3300047160_475	1470.8291783425411	0.1907815647453417	0.22649752245226903	0.8423119276527453	0.39961337633233524	0.5435601301724775	HF_2
3300047160_48	885.9537632590451	0.2739579064110773	0.15375643615356602	1.7817654549267692	0.07478748784823176	0.16597574057546172	HF_2
3300047160_482	1958.5251681958537	-0.6900258325804537	0.3543233578882608	-1.9474466394001035	0.051481211165707294	0.12645384878566937	HF_2
3300047160_496	631.7331383914805	0.2142703629708948	0.28985382607418697	0.7392359309966573	0.4597637460726217	0.6090064280438392	HF_2
3300047160_50	3157.519357370377	0.3077822023746445	0.4632516448185545	0.6643952715919573	0.5064373583904811	0.656309282995638	HF_2
3300047160_500	4445.644915645758	-0.7059164282688537	0.2493173283787445	-2.8313973716118017	0.004634510375519282	0.01563374833341838	HF_2
3300047160_501	5257.500665244194	-0.23221527148197776	0.1158113128393322	-2.0051173394790505	0.04495050419890924	0.11372477562324036	HF_2
3300047160_502	5956.2418901518695	-0.4962427791956432	0.3932013217854777	-1.2620577594761564	0.206928003329888	0.34442621606882673	HF_2
3300047160_506	1040.7435432042785	-0.471732438409072	0.1847543417541892	-2.5532955487276157	0.010670890606725944	0.03252693160845378	HF_2
3300047160_509	526.2432077520236	-0.7178381558658588	2.1234819053749265	-0.3380476914113924	0.7353272485308533	0.8382642432943499	HF_2
3300047160_518	716.4051217136293	0.4725974818128638	0.2614296033754138	1.8077427946605273	0.0706465407795171	0.15817322847095422	HF_2
3300047160_520	238.1199879882728	-0.5189591815869311	4.165440053000294	-0.12458688037369156	0.9008506154098297	0.9379226571962425	HF_2
3300047160_524	4354.319343246583	0.32028958086945425	0.2159474259233749	1.4831831382102387	0.13802575991167207	0.2530472265047321	HF_2
3300047160_525	502.060336104276	0.43208883343667465	0.18876371328284636	2.2890460561624275	0.022076676562908324	0.06123055053904101	HF_2
3300047160_526	3350.058219104814	0.24671039214971044	0.12776174048926886	1.9310193427619473	0.053480660421730684	0.1285263885920592	HF_2
3300047160_527	274.69032471405154	-11.843261170572081	1.4888651908420787	-7.954555753885091	1.7977540224721762e-15	1.8951323653560856e-14	HF_2
3300047160_530	852.3042587529613	-13.476844596691262	1.2401884279819588	-10.866771768400431	1.6596985925406723e-27	1.0497593597819752e-25	HF_2
3300047160_533	1362.9329469689158	-1.5447834016755075	2.6857126687751154	-0.5751856554260675	0.5651657430912238	0.7009163382454884	HF_2
3300047160_534	549.4366519552425	1.0668341870125557	0.3376351234671487	3.1597251377680107	0.0015791804009496384	0.005875480021180273	HF_2
3300047160_538	1240.8932584571385	0.43382239675582673	0.23034229518997348	1.883381410253094	0.05964869779158269	0.13973259760435575	HF_2
3300047160_540	979.1583416804431	0.08618346244148667	0.375622289532696	0.22944182185968184	0.8185255338628246	0.8849870088345924	HF_2
3300047160_546	2352.911344178328	-1.0527169923044686	0.16222866127754146	-6.489093752080442	8.635422098684021e-11	6.827380596772054e-10	HF_2
3300047160_547	668.863961983453	-1.0567774461751118	2.0835508371205265	-0.5072002215389098	0.6120143395954325	0.7480175261721953	HF_2
3300047160_55	5408.833755662159	-0.8574733408948659	0.23049529434417865	-3.720133824573769	1.9911724272389788e-4	8.125268130507446e-4	HF_2
3300047160_552	1268.1528835142608	-0.07391759636304303	0.15143862039277567	-0.4881026792989012	0.6254771133866821	0.7571565056786151	HF_2
3300047160_564	1341.2856614369075	0.582470115697409	0.4378358732444328	1.3303389495730757	0.18340661955866838	0.31525696663151964	HF_2
3300047160_567	2163.3322429186696	0.574930527324553	0.33029167759812644	1.7406751859611924	0.0817405302326856	0.17233628457391215	HF_2
3300047160_568	900.1354344770704	0.7514112673178001	0.3275280007236893	2.2941893995552127	0.021779621939003926	0.061224937228533255	HF_2
3300047160_571	661.3162162646383	0.9363136250746609	4.16499274762959	0.22480558354094188	0.822130522216211	0.8851022217902187	HF_2
3300047160_581	1529.625790756374	-1.048982917791756	0.23006341934560953	-4.55953806465832	5.126626421525429e-6	2.2755026046419888e-5	HF_2
3300047160_590	568.5172148863802	-1.2463312522325791	0.772693492610765	-1.6129697792866018	0.10675107360019456	0.21335181459862676	HF_2
3300047160_597	3112.8343871592488	-0.2555050953881935	0.08391422373674955	-3.0448365486850966	0.0023280679575563693	0.008414302760882307	HF_2
3300047160_598	564.5343959508655	0.0659848678099936	2.152869872623898	0.03064972418865793	0.9755488865890419	0.9875152059423167	HF_2
3300047160_603	380.6013144601	-12.313744657221612	1.4493098834790028	-8.496281435453282	1.957610186496035e-17	2.606712511492089e-16	HF_2
3300047160_607	1679.3855135360834	0.048257261857912785	2.759519255903918	0.017487561195547976	0.986047656058472	0.9904998493554346	HF_2
3300047160_614	403.09133087028374	1.3308137586772613	2.1396061309898595	0.6219900660228425	0.5339484001249557	0.6789451803701559	HF_2
3300047160_617	4848.539961422178	0.3154645068291247	0.16794992241890763	1.8783248142400453	0.06033674396427614	0.14004767177029234	HF_2
3300047160_618	379.3836949056275	-2.178860679147248	3.309210675817636	-0.658423078067974	0.5102663100494893	0.656309282995638	HF_2
3300047160_624	418.9102860973459	-1.931103992956662	3.294947344920745	-0.5860803802930307	0.5578215001478909	0.7009163382454884	HF_2
3300047160_627	867.0841642085849	0.16369644802492708	0.20367290496749857	0.8037222626693973	0.42155739384255164	0.5643069875246856	HF_2
3300047160_628	748.1639675023177	0.6179826289230297	0.2257495144841843	2.7374704673676042	0.006191367884496595	0.01933847005898319	HF_2
3300047160_642	1171.9751495684518	0.3713106672747531	0.39122535096766753	0.9490966430379398	0.3425714616052862	0.506845495825365	HF_2
3300047160_649	1833.387448450892	-3.718383789695756e-5	4.16471633235217	-8.928300256156145e-6	0.9999928762470714	0.9999928762470714	HF_2
3300047160_653	2949.9928165441293	-1.2007980744754927	0.18718070320338967	-6.415180913017039	1.4065572726820223e-10	1.0783605757228839e-9	HF_2
3300047160_663	454.64629352695346	-0.41629848437930306	0.46163295371516627	-0.9017954221616614	0.367165552044458	0.5218701385800443	HF_2
3300047160_666	1237.0295004857282	0.3475840527778284	0.07253805199731507	4.791747823482962	1.6533463245930372e-6	7.746233705963675e-6	HF_2
3300047160_667	1719.8163718348594	0.46704931794293236	0.3874952303660357	1.2053033981908583	0.22808619824577672	0.36755291819223895	HF_2
3300047160_668	1243.0660958964597	0.31352663819103965	0.28454125903251204	1.101867051748779	0.2705194745646103	0.4224779448447309	HF_2
3300047160_669	1491.5366819373685	0.2898087432677823	0.27742053927829186	1.0446549632616182	0.29618246687375016	0.45414644920641695	HF_2
3300047160_673	166.64432109583908	23.287615607923406	4.40767318808415	5.283426110374952	1.2679001586254176e-7	6.546504900657769e-7	HF_2
3300047160_674	751.1322490560499	0.48159493700067674	0.1735475119714626	2.775003407020137	0.005520112953850617	0.017904981760566745	HF_2
3300047160_679	1051.6802366089796	0.444612964540953	0.23060249363049487	1.9280492484759384	0.05384900075398527	0.1285263885920592	HF_2
3300047160_68	264.6678739213174	-11.789634059895054	1.5322211871014022	-7.694472677406475	1.4207890083925471e-14	1.3825369966281321e-13	HF_2
3300047160_680	1660.8620457484947	-0.7082466059879344	0.12960275790996376	-5.464749496148531	4.635609628958103e-8	2.6654755366509094e-7	HF_2
3300047160_682	893.7649874842267	1.0361427166945838	4.164901442819486	0.24877964843104497	0.8035312344626471	0.8828996917623114	HF_2
3300047160_683	355.4865283442834	-12.215259440694815	1.3107290297467804	-9.319439154448787	1.1695688003906277e-20	2.1135779035630632e-19	HF_2
3300047160_685	364.88639930400643	-1.663360826091237	3.370652416011613	-0.4934833441115947	0.6216711057356858	0.7561672584188871	HF_2
3300047160_690	261.3893430024658	-1.5109053319648094	3.5247962956502605	-0.42865039713907066	0.6681776636446981	0.7936570370991015	HF_2
3300047160_692	5868.225287648555	-0.18901935294016636	0.2713306048083815	-0.6966385272817093	0.4860290383995059	0.637126148782772	HF_2
3300047160_693	1395.291952463595	0.2531248275750737	0.19756790991181938	1.2812041575377857	0.20012196619789718	0.3353036917090595	HF_2
3300047160_701	967.4736039370891	0.2470619358844254	0.36358310897519136	0.6795198395789156	0.4968085413030198	0.6478997987096083	HF_2
3300047160_709	1222.1449678841304	0.6166226105754513	0.180914613405307	3.408362646714547	6.535397731600569e-4	0.0025052357971135516	HF_2
3300047160_715	815.0067480383592	0.37358019726263314	0.280224819508451	1.3331445726968048	0.18248436453590594	0.31525696663151964	HF_2
3300047160_716	2660.93211074199	0.39012943635144914	0.28101370611886484	1.3882932677540998	0.16504776139555713	0.2928964111425681	HF_2
3300047160_718	130.39116951128753	22.849422900604527	4.407753207611749	5.183916118794006	2.1727468183845504e-7	1.0778528334339045e-6	HF_2
3300047160_723	2960.6947180275624	-0.23635338791838348	0.17807471905737748	-1.32727087353836	0.18441909510460439	0.31525696663151964	HF_2
3300047160_725	983.0695062469288	0.09639269873548947	0.22164816679039298	0.4348905751458147	0.6636418559976069	0.7919876866386536	HF_2
3300047160_726	1449.0047824881913	-0.18486977128283397	0.16139414183011394	-1.1454552760498014	0.25202061186457536	0.3985075925108598	HF_2
3300047160_73	801.8066219595887	-0.0796440842044672	0.2358081992468474	-0.33774942711425665	0.7355520237602596	0.8382642432943499	HF_2
3300047160_731	1875.7571374935	0.36350542817490267	0.28969680188214947	1.2547788785144374	0.20955904210382018	0.34535879932667557	HF_2
3300047160_732	115.76973268436896	22.537322885214035	4.407799869033051	5.113054937804629	3.1699005812029263e-7	1.5422785520083468e-6	HF_2
3300047160_735	262.0867369774105	-25.639795298468865	4.328158211329238	-5.923950568940622	3.142979665626404e-9	2.2088162650096673e-8	HF_2
3300047160_740	668.0709234708672	-0.1329289114803792	0.15020625454273243	-0.8849758745735986	0.3761696433761071	0.5229171416162367	HF_2
3300047160_743	1319.31598832669	-0.14923628345073525	0.2782126513300497	-0.5364108452195907	0.5916746376727906	0.730213089420566	HF_2
3300047160_747	386.47967497110847	0.2644205526987666	0.3625098955578731	0.729416095778144	0.4657471749297476	0.6137189336313861	HF_2
3300047160_750	4468.754172493989	-0.12627845730480075	0.34922596669473227	-0.3615952688168349	0.717654500707251	0.8360975606025292	HF_2
3300047160_757	1249.272989106244	0.2880018560455909	0.2872000374429767	1.0027918471381587	0.3159613033300736	0.47867191462580017	HF_2
3300047160_760	568.9313717402908	-0.7390737836449252	2.105658922992455	-0.35099406441124437	0.7255928013871376	0.8367864192981574	HF_2
3300047160_761	567.8012853616109	0.5675165071322504	0.2841137117614199	1.9974977751472045	0.04577113590788084	0.11465442955142427	HF_2
3300047160_766	2370.0968481804157	-0.5948441358187807	0.22672407630691604	-2.623647852085815	0.008699367806176765	0.026840732377594167	HF_2
3300047160_774	1044.6245771277129	-0.4075066494254197	0.22406462574095085	-1.8187014040161464	0.06895699741502964	0.15717225536939186	HF_2
3300047160_78	1572.3493067024065	-0.05672229952461288	0.21373594086639341	-0.2653849385119092	0.7907129376454481	0.8812791771995523	HF_2
3300047160_780	374.44014294859073	-12.29020380252592	1.3413499253330736	-9.162563452243166	5.0678871114399914e-20	8.547836261295453e-19	HF_2
3300047160_79	8748.643793018622	0.306427737929689	0.3130710978822996	0.9787800279312012	0.3276886800067275	0.49348354786727416	HF_2
3300047160_791	1547.5541029829014	0.15169403094023529	0.18435484590209572	0.8228372310907117	0.410600561340026	0.552563521377801	HF_2
3300047160_792	3022.7178668166525	0.4248475062813075	0.2649201838977261	1.6036811541899059	0.10878435205282447	0.2133522563516635	HF_2
3300047160_797	4146.39786250474	0.20871953604439691	0.09067585498167222	2.301820435953807	0.021345300596674246	0.06067821405571443	HF_2
3300047160_800	21035.80310400011	-0.28787939273846	0.22372108335550436	-1.2867781096920794	0.1981716388743334	0.3353036917090595	HF_2
3300047160_807	1601.4335088954044	-0.37508717487704013	2.7187042429698907	-0.1379654207871092	0.8902677463654939	0.9345964308318255	HF_2
3300047160_809	497.56394702048766	-12.700354262273306	1.313954210933353	-9.66575102586851	4.215166976164231e-22	8.88697704141292e-21	HF_2
3300047160_817	216.75909732278078	-25.378440634999926	4.328195679643347	-5.863515079588815	4.53169671625982e-9	3.017155971615091e-8	HF_2
3300047160_846	3567.0010262033343	-0.38992964103766714	0.2699432779244673	-1.4444873161345146	0.14860194507117994	0.26854494359291803	HF_2
3300047160_874	500.3559774171346	12.180886452087174	1.521570151338053	8.005471480480495	1.1900981161117339e-15	1.3091079277229073e-14	HF_2
3300047160_877	2545.6626398624508	0.4261654458799183	0.10379320526030754	4.105908906186289	4.02728177728642e-5	1.756728085609421e-4	HF_2
3300047160_882	4408.990516101048	0.2990314302431213	0.16496351864798278	1.8127124875483973	0.06987617745146858	0.1578452937073353	HF_2
3300047160_884	1519.2280295983783	0.5143254606914979	0.3139785750178991	1.638090945097695	0.10140272360467936	0.20523911257587102	HF_2
3300047160_888	697.8673732979574	0.8588090078154499	0.44732238332955465	1.9198882949318943	0.05487201073683779	0.12974410015345758	HF_2
3300047160_890	1535.6551561579204	-0.32330881038044545	0.20064130646329434	-1.6113771190958235	0.10709755120168221	0.21335181459862676	HF_2
3300047160_891	521.703092858365	0.8355659776331962	0.48572722927433465	1.7202370533797593	0.08538936023537233	0.1770779355700754	HF_2
3300047160_892	2741.5306174976004	-0.15570726889466768	0.08997326670238104	-1.7305948155658892	0.08352405702375176	0.17464121014057185	HF_2
3300047160_893	1254.135593383967	-14.034076296492165	1.19095322961122	-11.783902127771643	4.7253723453093846e-32	1.1162392175540124e-29	HF_2
3300047160_895	302.3811068187978	-11.98182912909834	1.4360621432815002	-8.34353108265847	7.210447849164247e-17	8.686872884945497e-16	HF_2
3300047160_897	777.728820322282	0.408370631919684	0.19717110973147264	2.0711484176147508	0.03834492832712518	0.10105486319544449	HF_2
3300047160_900	2207.55322032708	-0.5811959158333266	0.33225729404619425	-1.7492344825769937	0.08025049581573364	0.17061660034773624	HF_2
3300047160_901	1039.3892088912564	-0.20647266488193128	0.22545793728273453	-0.9157923973331006	0.3597757918230881	0.518284768109666	HF_2
3300047160_903	298.8175218150419	11.437215646081167	1.5344179983089694	7.45378095061824	9.070254613602677e-14	8.195622918719563e-13	HF_2
3300047160_904	1185.6547779687824	-1.5484406238510855	0.23827524490139837	-6.498537540027928	8.110455837522152e-11	6.619178473848725e-10	HF_2
3300047160_906	593.5452052458193	-0.2995262569839317	0.2795289440918209	-1.07153932826914	0.2839269970474223	0.43800933081096244	HF_2
3300047160_909	3506.0297924929837	-0.7527705156448968	0.147719551920267	-5.095943670687626	3.4700830506372835e-7	1.656473607191005e-6	HF_2
3300047160_912	960.6886301227157	0.3657479382464337	0.291905920936956	1.2529651233947585	0.21021839959015035	0.34535879932667557	HF_2
3300047160_916	545.5458446466243	1.0499653115382181	4.165093891784087	0.25208682896905193	0.8009739502476246	0.8828996917623114	HF_2
3300047160_919	235.16016673386108	0.8594602144922492	3.6352806567798517	0.23642197003121157	0.8131052497257651	0.8828996917623114	HF_2
3300047160_920	3362.6050792682086	0.20480070297968025	0.5207404204464067	0.3932875093585286	0.6941071425994889	0.8167865445473055	HF_2
3300047160_923	514.2132615522776	0.4940707970150578	0.33858229061374134	1.4592340199467182	0.14450070832487855	0.2630120806201027	HF_2
3300047160_924	789.4763726989235	-0.725120990953323	2.5711340051071825	-0.28202380331518156	0.7779252584199499	0.8708632317710059	HF_2
3300047160_927	7508.6948483022425	0.4584183784761591	0.19910345624563153	2.3024129621869243	0.02131189467401071	0.06067821405571443	HF_2
3300047160_928	3201.557040847731	-0.015768653773336864	0.2528834662759567	-0.06235541613515163	0.9502797985998048	0.9733635184038487	HF_2
3300047160_929	741.3542695720668	0.714267741808361	0.4056216713324389	1.7609210559732698	0.07825176555906671	0.16981607555918593	HF_2
3300047160_93	1107.1184313038602	-0.2760288327190743	0.18440535649224932	-1.4968590824566204	0.1344299289926803	0.24825381047553371	HF_2
3300047160_930	1345.4859835182301	0.5954611535031341	0.32614559723168757	1.8257525429053392	0.06788754470521875	0.15614135282200312	HF_2
3300047160_931	524.3239455475433	-12.77590856815232	1.30385528586935	-9.798563311904617	1.1419830433706872e-22	2.6265609997525805e-21	HF_2
3300047160_933	592.8212084812333	0.5526262723280084	0.3643150453831658	1.5168911614583132	0.1292941655090279	0.24182127535230954	HF_2
3300047160_935	1988.3538613023418	-2.1448675843023852	0.4501554393698043	-4.764726573792145	1.8910991270385378e-6	8.699055984377273e-6	HF_2
3300047160_937	677.1626112071411	-0.44608307204977143	2.0943496747735932	-0.2129935976894568	0.8313319564157462	0.8912160380219653	HF_2
3300047160_939	1290.5583892507898	-14.075376809829175	1.19982814495253	-11.73116072417692	8.824025435209584e-32	1.1162392175540124e-29	HF_2
3300047160_946	1021.4886398420938	0.4313130088962309	0.4438793301585977	0.9716897805133732	0.33120490237448164	0.4944127419608141	HF_2
3300047160_949	574.8037254788519	0.6203703243504246	0.2822674877866511	2.197810060290489	0.02796264422999341	0.07526115947008864	HF_2
3300047160_950	133.82294075039596	-10.805697766801513	2.7444404157727087	-3.9373045611409725	8.240199566096227e-5	3.5335093054616025e-4	HF_2
3300047160_957	2403.765570470577	-0.016325020197874622	0.30757489848210684	-0.05307656859658959	0.9576709006826073	0.9769787817447567	HF_2
3300047160_962	1220.0488828660623	-0.07060026662463638	0.2805474050045326	-0.2516518255568813	0.8013101963825121	0.8828996917623114	HF_2
3300047160_964	1023.1754834552233	-13.740448253108433	1.3294915133754033	-10.335115429374385	4.888232317658352e-25	1.7182845826878785e-23	HF_2
3300047160_967	1671.105155882072	-0.5917703344445346	0.11174526786537241	-5.295708227729904	1.1855600955657794e-7	6.248889670377961e-7	HF_2
3300047160_97	1771.204050298494	-0.133254802226292	0.14636429069871992	-0.9104324667591711	0.36259448203719713	0.518284768109666	HF_2
3300047160_971	657.7779436477446	-1.5813541887824591	4.16494625646356	-0.37968177532383834	0.7041816500769289	0.8248053586549213	HF_2
3300047160_972	1230.0295962693808	0.5764989246743694	0.15213793985085833	3.7893172816689544	1.5106187482933885e-4	6.265353169151267e-4	HF_2
3300047160_984	623.9299593181926	0.024980944141891632	0.29496488469611026	0.08469124779930476	0.9325068542129824	0.9590416020970918	HF_2
3300047160_99	983.1613137279725	0.4450921451694128	0.19223367951800238	2.3153702633451942	0.020592677466548526	0.059884452862491694	HF_2
3300047160_990	169.7044016225321	23.21068191208663	4.4076680035183395	5.2659778126572	1.394451263413109e-7	7.05592339287033e-7	HF_2
3300047160_991	1707.363348725859	0.11052513298473653	0.12816846211197852	0.8623426634250528	0.38849898208306144	0.5323634215856351	HF_2
3300047160_992	1046.823876924313	0.8999345544862027	0.5943544443684069	1.5141378398247223	0.12999088319333635	0.24182127535230954	HF_2
3300047160_996	852.1677156166436	0.654515497665015	0.2661695743861789	2.4590169600504175	0.013931803609810724	0.04146760368567192	HF_2
3300047160_998	680.1215482813766	-0.2233301481830552	2.116336385493576	-0.10552677245161557	0.915957827242664	0.9458666542546692	HF_2
GRE.SIPMG.052b4f26_bin.20	35068.4713851758	0.22792909355000285	0.10281395013089716	2.21690824309168	0.02662936236051211	0.07244331910978025	HF_2
GRE.SIPMG.066b5f18_bin.18	1313.5875894749272	13.573424973353843	1.4894717105887179	9.112912233820747	8.019968414787031e-20	1.2681575055881992e-18	HF_2
GRE.SIPMG.082b2f20_bin.18	115901.6504152907	0.2264641563418371	0.1332228656000893	1.699889544649498	0.0891517039154174	0.18337708203740327	HF_2
GRE.SIPMG.117b4f26_bin.29	17949.13444849912	-1.0116583824131353	0.18276608015794973	-5.535263335181463	3.1076109197907155e-8	1.8284315411791884e-7	HF_2
GRE.SIPMG.169b2f20_bin.29	20286.48414963681	0.23339350217508598	0.14862771444484554	1.5703228906321929	0.11634001140638044	0.2213084427504831	HF_2
GRE.SIPMG.176b2f22_bin.12	173893.8908045161	0.20239177247538348	0.16665450066139234	1.2144392841007152	0.22458002186307194	0.3642227277651103	HF_2
GRE.bulkMG.LF176_bin.18	35840.119217308405	0.0389486191027049	0.16457605151523677	0.2366603083748121	0.8129203295839984	0.8828996917623114	HF_2
GRE.bulkMG.LF176_bin.7	17141.147416308406	0.18266540002753023	0.16236937544929228	1.1249990924832767	0.26058941883701264	0.40949765817244843	HF_2
GRE.bulkMG.OX080_bin.28	30963.908541127028	0.19445736088125018	0.21877801185474133	0.8888341165215499	0.3740922375729941	0.5229024094252349	HF_2
GRE.bulkMG.T000H_bin.41	52960.33757427845	0.02370580130896493	0.09865625356918312	0.24028685918365159	0.8101078814908181	0.8828996917623114	HF_2
GRE.bulkMG.T000H_bin.8	33936.87759977936	0.2755513727740811	0.1355583181918403	2.032714601726797	0.04208136521144851	0.1075412666514795	HF_2
3300047160_1000	116.5397785989915	-23.680506334632206	4.785206615681055	-4.948690461354692	7.47144569234913e-7	5.375290095328957e-6	HF_3
3300047160_1008	739.7916585428513	0.03662138949063896	0.3309695584167637	0.11064881515333973	0.9118948362256838	0.9800031642425397	HF_3
3300047160_101	570.8387751753194	0.42351814704531254	0.2375978262636475	1.7825000914585845	0.07466771632581996	0.2544597174787812	HF_3
3300047160_1011	1416.0288528983021	0.22949235882177427	0.31458601271987524	0.7295059206148715	0.4656922474655914	0.8608431933015422	HF_3
3300047160_1016	751.9159728771191	0.22320873022881393	0.25094324441071453	0.8894789367730179	0.37374573834959657	0.7796932295186172	HF_3
3300047160_102	773.1475458513339	-1.7941937899732985	2.5506857340838063	-0.7034162484222165	0.48179638350899645	0.8665643286724312	HF_3
3300047160_103	775.1760246400233	-0.14661526332819844	0.37353157112065194	-0.39251103431051404	0.6946806599646409	0.9579562714654795	HF_3
3300047160_1033	550.3838903052012	0.3071444840443081	0.1712351287339767	1.7937001964209935	0.0728610339541651	0.25161343725505014	HF_3
3300047160_1039	659.6984746193399	-12.789800865967068	1.4596137375171367	-8.762455804042409	1.910420221973064e-18	6.731809966754876e-17	HF_3
3300047160_104	1050.9489643412555	-13.461598570218401	1.5343334061164609	-8.773581098185788	1.7307219651967777e-18	6.731809966754876e-17	HF_3
3300047160_1044	3280.5921280434122	-0.15176825499195326	0.414347436672984	-0.3662825965826682	0.7141542145403849	0.9583727542277705	HF_3
3300047160_1046	2445.595623522652	-0.5412833607636931	0.11857113959001345	-4.565051517892996	4.993716905106933e-6	3.0078434381923154e-5	HF_3
3300047160_105	1128.3719350785113	0.2161059317223742	0.29926307478397957	0.7221269509389635	0.4702164297181472	0.8608431933015422	HF_3
3300047160_1053	1546.7015559876434	-0.01192203357020223	0.29378749845234003	-0.04058046592522484	0.9676303572606442	0.986453780840803	HF_3
3300047160_1055	932.6295685732276	-1.4983724588123661	3.4741374407712713	-0.43129337406977253	0.6662550675487513	0.9579562714654795	HF_3
3300047160_1059	528.4718052374903	0.32615664454020926	0.4971534378110547	0.6560482533848363	0.5117930775732198	0.8956378857531346	HF_3
3300047160_106	697.3302401677299	0.27765853957368297	0.4550205974118846	0.6102109248525874	0.541722093740133	0.9110780667447692	HF_3
3300047160_1066	7837.874233865947	-0.1058575280973095	0.3080086599324079	-0.3436836098067496	0.73108423864338	0.9620683269729267	HF_3
3300047160_1071	107.61849335552334	-23.572252392012718	4.785244789511742	-4.926028537490533	8.391774695170165e-7	5.874242286619116e-6	HF_3
3300047160_1073	2144.796408148805	-0.1134567730524212	0.22988779478232807	-0.49353108615378677	0.6216373805010647	0.9368577355509914	HF_3
3300047160_1076	1474.9711221494995	-0.14343759637767933	0.5654211426487903	-0.25368276061578965	0.7997406535097474	0.9698962032023302	HF_3
3300047160_1077	1533.6658237424804	0.232257122274676	0.33615223281073625	0.6909283937597513	0.48961054161523226	0.8668661842980016	HF_3
3300047160_1081	438.7684464343875	0.07527297007441093	0.41009859544937344	0.18354847080597564	0.8543676905067653	0.9761726593426243	HF_3
3300047160_1082	655.2457788047491	-12.780030949892984	1.4599137303434513	-8.753963117318188	2.059884400343894e-18	6.731809966754876e-17	HF_3
3300047160_1085	151.7445270776058	-24.037675039000867	4.7850997432214735	-5.023442839002971	5.075333504514237e-7	3.98336781111875e-6	HF_3
3300047160_1089	620.222987681231	0.834613462748593	4.56248160057934	0.1829297158464408	0.8548531664220992	0.9761726593426243	HF_3
3300047160_1090	369.3813020047668	0.17801245526918963	4.562703013128986	0.03901469255328832	0.9688786745688641	0.986453780840803	HF_3
3300047160_1097	2503.789915370281	-0.9971164601648069	0.35226846590840666	-2.8305583856150984	0.00464668294472349	0.02074984280488593	HF_3
3300047160_1099	250.22506833514805	-24.72275204398932	4.7849605125221215	-5.166761978346634	2.381842687266796e-7	2.0563241866736673e-6	HF_3
3300047160_1115	528.3394649616712	0.20415686378772518	0.23333020133070442	0.874969732265258	0.38159037490015746	0.7796932295186172	HF_3
3300047160_1122	379.66059076431475	-11.992691237237384	1.5685668456113473	-7.645636059943142	2.0791496811586e-14	3.167645690706338e-13	HF_3
3300047160_1125	2052.7162085337377	-0.10592345803247237	0.5473063900349961	-0.19353594250141928	0.8465392600755874	0.9761726593426243	HF_3
3300047160_1132	4028.812848505192	-0.301489400003374	0.1238308735123431	-2.4346868551591245	0.014904682168902535	0.05938942587301164	HF_3
3300047160_1137	9143.397489806017	-1.271131788706369	0.1789256301523159	-7.1042465387674145	1.209807255860207e-12	1.4242730875808801e-11	HF_3
3300047160_1171	10013.064809148196	0.3522166339008769	0.2874154207400868	1.2254618523735739	0.22040125473793912	0.5884940719291364	HF_3
3300047160_1176	452.93594753376203	0.18403355516984796	4.562588878334169	0.04033533594134386	0.9678257826839709	0.986453780840803	HF_3
3300047160_1185	1367.2992137330425	-0.9010876863581584	3.6031669971134734	-0.25008213249067474	0.8025238332553157	0.9698962032023302	HF_3
3300047160_1190	981.1842243278766	-13.362500622967717	1.5724029757121352	-8.498139999331846	1.9265267661386746e-17	4.1580869369159726e-16	HF_3
3300047160_1208	885.3313084468491	-1.0935889914661103	3.5057675034765494	-0.3119399647528353	0.7550861493393928	0.9633857767433632	HF_3
3300047160_1219	4775.274526010594	-0.2860596627172889	0.15174792394524095	-1.885097702031924	0.059416648245913174	0.21080701226974674	HF_3
3300047160_125	2078.9815600008496	-0.4847132556964062	0.4569221275087051	-1.0608224607970462	0.2887705927143152	0.6861613166330977	HF_3
3300047160_1260	3260.8910339361555	-0.493442432166355	0.39084424559625947	-1.2625040223211552	0.2067674798465491	0.5637134450553286	HF_3
3300047160_1283	5294.390547258545	0.2700186586215876	0.06371580878291934	4.237859705140759	2.256607003730233e-5	1.298802697702512e-4	HF_3
3300047160_133	2477.4178002898693	0.5616969459599216	0.12662414090585128	4.435938849745559	9.167187021188863e-6	5.3961396329270815e-5	HF_3
3300047160_137	95.11611713426664	-23.405206870161493	4.785310356718769	-4.891053061438249	1.002979192449856e-6	6.660810534474684e-6	HF_3
3300047160_144	328.6418936099539	0.7403698267929646	4.562822010273721	0.16226138673082938	0.8711000205937084	0.9761726593426243	HF_3
3300047160_148	2804.017660544859	-0.9432952848344803	0.5641799155798054	-1.6719760111720028	0.09452905254483905	0.31388493088606817	HF_3
3300047160_152	2155.324237639609	-3.8014051793466175	3.3641362290223653	-1.129979561039157	0.25848483696697605	0.649976434703367	HF_3
3300047160_164	1463.2306652154198	0.12512071551161227	0.4636442388190706	0.26986362610759956	0.7872651714239357	0.9698962032023302	HF_3
3300047160_168	361.14987361563476	-0.02151020726719981	0.2640298611330327	-0.08146884286077699	0.9350691022863937	0.986453780840803	HF_3
3300047160_185	305.20168675233083	-0.23903889290326077	4.5628369644602955	-0.0523882169722746	0.9582193627192502	0.986453780840803	HF_3
3300047160_197	1106.1811011442674	0.13260437477976314	0.28291157181901416	0.4687131527606569	0.6392746842460458	0.9461265326841478	HF_3
3300047160_203	242.5220126068565	-24.676592417707187	4.784967326988991	-5.157107819424816	2.507934049064501e-7	2.095338447444212e-6	HF_3
3300047160_205	684.9525558861163	-12.843983209967059	1.4673968596006381	-8.752903569292519	2.079323541854788e-18	6.731809966754876e-17	HF_3
3300047160_209	1773.6441308939766	-0.022929813304306487	0.15790755935936973	-0.14521035849919178	0.8845447877206	0.9761726593426243	HF_3
3300047160_211	3352.6546782818914	-1.1661898913931605	0.31388658435798816	-3.7153225066258933	2.0294468200520585e-4	0.0011183547370074108	HF_3
3300047160_212	2388.6339515963427	0.24354645850873072	0.19168620692237143	1.2705476435629066	0.20388962313965608	0.5637134450553286	HF_3
3300047160_214	218.2083205486202	0.24090219350993833	4.563135109549935	0.052793131854844126	0.9578967338569189	0.986453780840803	HF_3
3300047160_215	1348.4634112243607	0.21944946199543808	0.24993913081653787	0.8780116233840949	0.3799374109590068	0.7796932295186172	HF_3
3300047160_219	4886.816942144296	0.32432257225109523	0.30231490845060616	1.0727971502076445	0.2833621397238981	0.6857512033224705	HF_3
3300047160_221	416.416999628721	24.74729224841431	4.78486830636665	5.171990254253406	2.316136673958539e-7	2.0563241866736673e-6	HF_3
3300047160_228	2636.1578521602382	-0.3742889018213336	0.11866493513150479	-3.1541659834604525	0.0016095751185258582	0.007865659541475419	HF_3
3300047160_234	293.9990931514223	0.6288508187084422	4.562894669367686	0.1378183947418595	0.8903839461868475	0.9761726593426243	HF_3
3300047160_250	3103.519829774559	0.03807055442807879	0.24984446634520965	0.15237701672958714	0.8788895833808291	0.9761726593426243	HF_3
3300047160_259	694.7398864910094	-26.11505320720568	4.784823237628536	-5.457892990034231	4.818178776996729e-8	4.6218826046005665e-7	HF_3
3300047160_262	5219.52707817084	0.4578363520724907	0.23527344402769187	1.945975475322251	0.05165768562945545	0.1884414165919572	HF_3
3300047160_267	2142.713421702504	-0.05108784427288992	0.3060770206390256	-0.1669117275325964	0.8674395053630234	0.9761726593426243	HF_3
3300047160_27	4762.038599205304	0.3066259117801061	0.07699972330245612	3.982169008266104	6.828919005451997e-5	3.84497830959145e-4	HF_3
3300047160_283	146.5964898100295	-23.992907255893996	4.785112170080218	-5.014074153979921	5.328943359008439e-7	4.025881191024009e-6	HF_3
3300047160_298	3785.906573414097	-0.5926216315324865	0.2440665894480529	-2.4281145275667484	0.015177549620251973	0.05956038411583729	HF_3
3300047160_300	2038.0216919895959	-0.30277034900740835	0.20195175856655004	-1.4992211563616324	0.13381626832164725	0.40774604112125457	HF_3
3300047160_301	418.97045572169066	24.073300886119654	4.7848675460125305	5.031132137854295	4.875919327406478e-7	3.946447205619618e-6	HF_3
3300047160_305	819.3741676534423	0.07473324619566094	0.2373812099655495	0.31482376472218154	0.7528954669326119	0.9633857767433632	HF_3
3300047160_311	475.3455273212772	-12.316952828058644	1.5723741831512787	-7.833347151104697	4.750502783180997e-15	7.689876380274239e-14	HF_3
3300047160_316	962.0880928022195	0.09667223745973214	0.11746494514293762	0.8229879760476302	0.41051483111459247	0.79345777058716	HF_3
3300047160_324	3087.184266248509	0.857126466536736	0.30769651928915615	2.7856228875025266	0.005342498529127977	0.02345266303464654	HF_3
3300047160_328	2450.8235183802444	-0.4301899907007405	0.13789979319332837	-3.11958401632725	0.0018110660420801801	0.008686409349977161	HF_3
3300047160_331	5033.999506632437	0.03448024689893032	0.07070281895821538	0.48767853116730436	0.6257775608120522	0.9368577355509914	HF_3
3300047160_335	2244.25616695688	0.10882234364113658	0.38413881916618736	0.28328910855025435	0.77695522559164365	0.9698962032023302	HF_3
3300047160_342	2184.102701759821	0.6499481134519446	0.40721560216560504	1.5960786128907358	0.11047124299475257	0.35323520908198663	HF_3
3300047160_343	736.2859815751717	12.98528978743896	1.5386758572870942	8.439262711467952	3.1934559952471223e-17	6.362346944376959e-16	HF_3
3300047160_348	1898.4147946056237	0.2747375672737724	0.26047107585581547	1.0547718834848834	0.29152966664501334	0.6864198514641677	HF_3
3300047160_352	1947.3981386402443	0.07240221278494602	0.18865339580504828	0.38378430706736616	0.7011383201931713	0.9579562714654795	HF_3
3300047160_357	3304.2831561896883	0.09071953027370466	0.22845896451550385	0.39709332687423693	0.6912986406530006	0.9579562714654795	HF_3
3300047160_363	1054.695955820585	0.3072928818870752	0.23652713153727076	1.299186608698434	0.19387989602859115	0.5458140551239685	HF_3
3300047160_367	1205.8457215965777	0.08229764131935931	0.25090566483073684	0.3280023245982829	0.742909904998399	0.9620683269729267	HF_3
3300047160_369	3919.5711258543315	0.21483594647372953	0.2241877727107567	0.9582857435802588	0.3379186906755375	0.7640101706996211	HF_3
3300047160_379	408.7085186799182	-0.6958810306837493	2.820548149408503	-0.2467183660132455	0.8051261918474941	0.9698962032023302	HF_3
3300047160_386	1290.8832172984191	-0.7602424589181602	0.10730040945990352	-7.085177612507163	1.3886608401323425e-12	1.5637528591055507e-11	HF_3
3300047160_391	4727.47981036447	0.008017416609009289	0.302227211511616	0.026527778782424894	0.9788363771277466	0.986453780840803	HF_3
3300047160_398	1805.6355756775783	-0.31516467419034144	0.3529385450847995	-0.8929732345176914	0.3718715063057624	0.7796932295186172	HF_3
3300047160_400	6332.1092861470315	-0.2764327477644095	0.4693581984137432	-0.5889590268128899	0.5558887596447968	0.9177003204513856	HF_3
3300047160_401	726.5067664276221	-0.13010416459577331	0.2391042676406164	-0.5441315032959815	0.5863509830789924	0.9225956020800994	HF_3
3300047160_405	2999.2640569322884	-0.08309641541724354	0.06276677010354055	-1.3238918504196895	0.1855389651901533	0.5280724393873595	HF_3
3300047160_408	962.2326361970505	0.3939935995982189	0.23846586883114348	1.6522012207843624	0.09849353768032325	0.3188728282400465	HF_3
3300047160_425	419.66887551393677	-12.137225309953338	1.6506834953718874	-7.352848286169425	1.9402712479892485e-13	2.3930012058534066e-12	HF_3
3300047160_427	93.40010471174122	-23.37862465176082	4.7853207226302645	-4.885487516270528	1.0317324334005644e-6	6.680467506268655e-6	HF_3
3300047160_434	984.8968136832624	0.001084720090430291	0.16692087543763443	0.006498408827454108	0.9948150564195862	0.9948150564195862	HF_3
3300047160_442	4334.0295081251115	0.39435852003548616	0.28165452538506464	1.40014977389885	0.16146847263700215	0.47523107287481314	HF_3
3300047160_451	610.4878154352714	-0.9225511696828932	2.6616115908626936	-0.3466137481704728	0.7288815159745072	0.9620683269729267	HF_3
3300047160_452	2231.762498002303	-0.9185563898038215	0.5829551866573618	-1.575689539826863	0.11509736927025699	0.36353925171947027	HF_3
3300047160_457	613.1447406890385	-1.1268071709801584	2.6483813125450504	-0.4254701411925141	0.670493983706113	0.9579562714654795	HF_3
3300047160_468	2208.967244970355	-0.4301519101682334	0.45479954540199735	-0.9458054972065156	0.3442478012226699	0.7640101706996211	HF_3
3300047160_475	1441.4305328745834	0.14644623116490443	0.2739539945367709	0.5345650513785373	0.5929506557167108	0.9225956020800994	HF_3
3300047160_48	819.2043477643724	0.0844632813321741	0.14507326899949588	0.5822111951752297	0.5604244334618296	0.9177003204513856	HF_3
3300047160_482	2336.3310746766865	-0.26490161366883314	0.4694263048967765	-0.5643092662373983	0.5725436762833138	0.9210485227166353	HF_3
3300047160_496	627.3568260706428	0.17409106951931572	0.3987175068190623	0.4366276036088832	0.66238144049952985	0.9579562714654795	HF_3
3300047160_50	3277.898504012832	0.41608779294969506	0.5053507217923582	0.8233643982419401	0.41030080233317673	0.79345777058716	HF_3
3300047160_500	5397.195668265911	-0.17393126848164284	0.3504266114454014	-0.4963414957677733	0.619653494246915	0.9368577355509914	HF_3
3300047160_501	5373.6210853398225	-0.22481373076273647	0.10926495150808566	-2.0575100035266125	0.0396371936670643	0.14878308927202397	HF_3
3300047160_502	7492.994821615414	0.18797348482450962	0.1595307489368651	1.1782899915984273	0.2386810164216332	0.6254609099037096	HF_3
3300047160_506	1229.236233478299	0.01838396312761544	0.31703606792390016	0.05798697683832061	0.9537590020489403	0.986453780840803	HF_3
3300047160_509	635.7103576782636	-0.2761762567939197	0.33867069038922276	-0.8154713845373501	0.41480253779738857	0.7958063502927677	HF_3
3300047160_518	680.3748038103366	0.4311064968726841	0.28348686974526893	1.520728269566985	0.12832804146278598	0.39567812784359013	HF_3
3300047160_520	279.683328162292	-11.551775272565711	1.7330087686514528	-6.665733885209806	2.633460575061869e-11	2.728265155764096e-10	HF_3
3300047160_524	4439.000652678732	0.2625122231391677	0.10667366681600804	2.46089059253913	0.013859262210169206	0.056086701756778504	HF_3
3300047160_525	488.93281677879816	0.34432206023905104	0.3206151873028275	1.073941827695866	0.2828487548361419	0.6857512033224705	HF_3
3300047160_526	3049.0452448745896	-0.03843194344008359	0.1994230873295544	-0.19271561760837305	0.8471816916484527	0.9761726593426243	HF_3
3300047160_527	155.66684118623536	-23.97374908203311	4.785090839594193	-5.010092783121802	5.440379987870283e-7	4.025881191024009e-6	HF_3
3300047160_530	1314.0486438219632	-1.7817691395455797	3.506842574820208	-0.5080835827473462	0.611394728101246	0.9368577355509914	HF_3
3300047160_533	1437.3172738716064	-1.7619444884808133	3.593159488761507	-0.4903607796958998	0.623878624766053	0.9368577355509914	HF_3
3300047160_534	523.2830180696449	0.8991404235653578	0.3523514213077302	2.551828569977821	0.010715923036913879	0.04549875518951958	HF_3
3300047160_538	1171.4665517925605	0.3011994794011586	0.3298574955503132	0.9131200092896377	0.3611794277992	0.7719372196930318	HF_3
3300047160_540	1026.5744966034047	0.1881882021732282	0.4710670246744366	0.39949347399828855	0.689529631364004	0.9579562714654795	HF_3
3300047160_546	2683.907294311674	-0.6901887691373829	0.2728719911746787	-2.5293499936223185	0.011427401041999645	0.04773704628835336	HF_3
3300047160_547	894.8640790770799	-0.23588798332606126	0.4325874562354902	-0.5452954770783957	0.5855503143267269	0.9225956020800994	HF_3
3300047160_55	6517.412311988613	-0.3349644780479306	0.40187933619087984	-0.833495151113799	0.4045655313710267	0.79345777058716	HF_3
3300047160_552	1258.1533872446253	-0.33896466611569515	0.130650534217322	-2.5944376587995173	0.009474579420642195	0.04089860116577214	HF_3
3300047160_564	1150.7775444687559	0.17462272023641054	0.517157049732966	0.33765897675875634	0.7356201926109136	0.9620683269729267	HF_3
3300047160_567	2112.1721438320137	0.539867750995931	0.45909244409088285	1.1759456247749913	0.2396166053506201	0.6254609099037096	HF_3
3300047160_568	810.9332185762788	0.4379427166063981	0.40685735253930055	1.0764035942157266	0.2817467956241942	0.6857512033224705	HF_3
3300047160_571	535.6313820503191	0.6430113810517138	4.448292423761656	0.14455240793453894	0.8850642754139735	0.9761726593426243	HF_3
3300047160_581	1900.1925925331261	-0.4364981807328	0.1989408072491194	-2.1941108351199383	0.028227442514635746	0.10911802404911429	HF_3
3300047160_590	580.368884641054	-2.2743868508388987	2.656854370522279	-0.8560449816418821	0.3919728991573782	0.7869843479206275	HF_3
3300047160_597	3121.68829711285	-0.3832797776992961	0.180840374183756	-2.119436986509643	0.034053553814039995	0.12970397702700526	HF_3
3300047160_598	491.83190278743643	-0.6114999058984588	2.756866117934974	-0.22180979407026913	0.824461954803958	0.9760390902286027	HF_3
3300047160_603	482.04002728686123	-12.33712702762399	1.6245130582716631	-7.594353867952033	3.09332009090732e-14	4.450943908583311e-13	HF_3
3300047160_607	1623.7405240485637	-0.20610160468737576	3.6892464386759722	-0.05586550210544981	0.9554489532233309	0.986453780840803	HF_3
3300047160_614	346.2362212154432	1.068554835508994	2.8777718492323223	0.37131325605052495	0.7104042257021137	0.9583727542277705	HF_3
3300047160_617	4452.352865129311	0.038605932079165774	0.24288837596562599	0.15894516123171476	0.873712079421948	0.9761726593426243	HF_3
3300047160_618	665.3181589860742	-0.3422025086286144	0.37015857620898274	-0.9244754292425607	0.35523883845535664	0.7719372196930318	HF_3
3300047160_624	570.5461518314149	-0.9008743697041784	2.691274594830672	-0.33473892683955536	0.7378220343766702	0.9620683269729267	HF_3
3300047160_627	783.9915786549454	-0.266817349829814	0.41249967181775316	-0.646830453595359	0.517741680372638	0.8999670819900218	HF_3
3300047160_628	707.887321602976	0.48103047655560244	0.2778832950601307	1.7310521542920132	0.08344246283785865	0.2806701022727973	HF_3
3300047160_642	1000.243993344271	-0.13045838127826226	0.5245730895346501	-0.24869438383503845	0.8035971934345657	0.9698962032023302	HF_3
3300047160_649	1875.653791307666	1.6212645983826772	4.562246764658509	0.3553653894703417	0.7223158741313545	0.9620683269729267	HF_3
3300047160_653	3360.852542514369	-0.9409709409131236	0.1250169941408731	-7.526744242889152	5.202112403734477e-14	6.736735562836147e-13	HF_3
3300047160_663	468.8968080705989	-0.5415548464305258	0.5179445144847548	-1.0455846741986605	0.2957528281619612	0.6900899323779095	HF_3
3300047160_666	1253.6949423834963	0.34007787841960485	0.09396383895323175	3.6192420638419263	2.9546715613800026e-4	0.0015942915299946264	HF_3
3300047160_667	1735.0580824536928	0.4710345305284306	0.41614832310966704	1.1318909734121396	0.25768027409756117	0.649976434703367	HF_3
3300047160_668	1077.008477004204	-0.10191576611974056	0.44916763980730867	-0.22689917324289446	0.8205021449462679	0.9760390902286027	HF_3
3300047160_669	1403.3085159517327	-0.056735363097657567	0.1486721983146508	-0.381613803662084	0.702747843932205	0.9579562714654795	HF_3
3300047160_673	361.49653072009505	0.4030673413591217	4.562725866446635	0.08833915364567431	0.9296071204721199	0.986453780840803	HF_3
3300047160_674	728.36890243851	0.35418053992528364	0.17559421317621787	2.0170399326875605	0.04369134621902892	0.16165798101040701	HF_3
3300047160_679	947.5066541154528	0.15144719839903242	0.2634933402381754	0.5747667028780961	0.565449088733162	0.9177003204513856	HF_3
3300047160_68	346.9953729171492	-11.862906977702671	1.565988391919964	-7.575347964845561	3.581663336676085e-14	4.882372653679506e-13	HF_3
3300047160_680	1977.0402888401777	-0.24752926125447514	0.25935268263474753	-0.9544118022603082	0.33987523442586437	0.7640101706996211	HF_3
3300047160_682	1123.3866194717712	-0.13015851384514857	3.62503809640627	-0.03590541958005433	0.9713577744556113	0.986453780840803	HF_3
3300047160_683	612.5395274542027	-1.2702325598856177	2.6365619965471154	-0.4817761014340398	0.6299650082149337	0.9377065352164817	HF_3
3300047160_685	643.9213793622343	0.21571542285711498	0.4412859630129836	0.4888336383606386	0.6249594808952846	0.9368577355509914	HF_3
3300047160_690	453.7717350379959	0.018134021707302595	0.2657144308193135	0.06824628098439176	0.9455895859264853	0.986453780840803	HF_3
3300047160_692	6640.459921423053	0.21443765144085788	0.3899947835077939	0.5498474864512449	0.5824239851324683	0.9225956020800994	HF_3
3300047160_693	1394.2470935626627	0.299935297267847	0.1546315821025921	1.9396768317926898	0.052418976935807986	0.18856270869964262	HF_3
3300047160_699	553.3863915691361	25.07684137110875	4.784835553908135	5.240899313797025	1.59795893431449e-7	1.4781120142409034e-6	HF_3
3300047160_701	988.4590344707597	0.20188818693860297	0.1892025932096718	1.0670476736799963	0.28595030872133903	0.6857512033224705	HF_3
3300047160_709	1117.6881184287226	0.524036367626602	0.18054780307815269	2.902479890047543	0.003702209285926651	0.016822319386929872	HF_3
3300047160_715	801.2133106957682	0.15085314325592322	0.24211941472117446	0.6230526512285114	0.5332499230982248	0.902691046290459	HF_3
3300047160_716	2803.102079823795	0.38309520231712874	0.3450607383783622	1.1102254174656678	0.266901902572108	0.6646883919824613	HF_3
3300047160_723	3132.9088716089927	-0.12039939049483286	0.21026981299355968	-0.5725947475804364	0.5669191168811649	0.9177003204513856	HF_3
3300047160_725	1049.8115442732574	0.1827658873133386	0.19412424448322085	0.9414892395325509	0.34645420101086527	0.7640101706996211	HF_3
3300047160_726	1396.5992614161603	-0.4761604785652911	0.1404704158231147	-3.389756311143046	6.995477884625243e-4	0.0035526054355253687	HF_3
3300047160_73	895.5689206147732	0.251621692537768	0.4210081934457721	0.5976645976372859	0.5500637521081937	0.9177003204513856	HF_3
3300047160_731	1760.3039487204233	0.07960601923584816	0.31036189796280095	0.25649417585849893	0.7975692770541719	0.9698962032023302	HF_3
3300047160_735	649.8969491757672	-1.5291674965393969	2.620811345133612	-0.5834710305947024	0.559576253277958	0.9177003204513856	HF_3
3300047160_740	678.7398429345234	-0.2153493814381106	0.17186087856163232	-1.2530448071745575	0.2101894005139193	0.567073486803178	HF_3
3300047160_743	1471.9382355938449	0.043325819378607036	0.1475125948417624	0.29370928919718947	0.7689800554836352	0.96682443869059	HF_3
3300047160_747	336.8504519077675	-0.26104041248434207	0.379903391752176	-0.6871231427557974	0.4920051316285955	0.8668661842980016	HF_3
3300047160_750	4726.438998329166	0.02560646651971332	0.4047025773582181	0.06327230898025152	0.9495496658012209	0.986453780840803	HF_3
3300047160_757	1431.8922212490259	0.733528089100009	0.39864897067907945	1.8400350760983504	0.0657630878353491	0.2301708074237218	HF_3
3300047160_760	750.5386873617674	-0.06281104152796882	0.16458078471884788	-0.38164261785036724	0.7027264681947241	0.9579562714654795	HF_3
3300047160_761	517.9070572390723	0.4554846490188448	0.2913580549055135	1.563315794260629	0.11797833513235916	0.36814926264194003	HF_3
3300047160_766	2918.1452816365522	-0.0754021085988684	0.28457006248146105	-0.2649685210782868	0.7910337118602554	0.9698962032023302	HF_3
3300047160_768	661.7331985019202	12.831323202865207	1.4744333754852679	8.702545273462858	3.2452210695096417e-18	9.33902507781108e-17	HF_3
3300047160_774	1172.925626222935	-0.08339221906387434	0.2730401180881985	-0.3054211214373144	0.7600454372359813	0.964959648255486	HF_3
3300047160_78	1660.3800747753276	0.061516404902311	0.24312495910587412	0.2530238159362418	0.8002498094171373	0.9698962032023302	HF_3
3300047160_780	442.4953035058962	-12.213640912050415	1.5444288094858354	-7.908192878191989	2.611519850620221e-15	4.509224275404248e-14	HF_3
3300047160_79	7823.774652734159	-0.16441262065481646	0.3707822105697357	-0.4434210055606057	0.657461245113359	0.9579562714654795	HF_3
3300047160_791	1511.351695626719	0.15459799958198195	0.1647610613034469	0.9383163616387051	0.3480818538322598	0.7640101706996211	HF_3
3300047160_792	2954.548343851583	0.3436841949179328	0.20773952762858597	1.654399616872144	0.09804634427219205	0.3188728282400465	HF_3
3300047160_797	4045.235374725198	0.12260035876999993	0.0914523364356062	1.3405929640335192	0.18005264290570439	0.5181514945841937	HF_3
3300047160_800	23769.39575660746	0.06526376394029108	0.35337987496639756	0.18468443893840003	0.8534765521416263	0.9761726593426243	HF_3
3300047160_807	1580.9522116411163	-0.8299316951672123	3.6512229656396196	-0.22730238689266824	0.8201886172101683	0.9760390902286027	HF_3
3300047160_809	669.0749524465175	-12.810145105811422	1.4784017205635922	-8.664860793673842	4.5206502980294405e-18	1.170848427189625e-16	HF_3
3300047160_817	366.9205951406077	-11.94343697924628	1.7699951236555682	-6.747723098004654	1.501832092838977e-11	1.6207271335220627e-10	HF_3
3300047160_846	4137.661185704892	-0.047246128788716556	0.37899916326187133	-0.12466024563772352	0.9007925312080587	0.9761726593426243	HF_3
3300047160_874	586.3509807467531	12.656819615596707	1.4663940091949466	8.631254312437711	6.068279213628643e-18	1.4288039239361986e-16	HF_3
3300047160_877	2318.221208142756	0.1531318038077292	0.15934225634575136	0.9610244471212563	0.33653987583381406	0.7640101706996211	HF_3
3300047160_882	4002.0321673055396	0.008909206667992135	0.2417877027296401	0.03684722823953602	0.9706068169064994	0.986453780840803	HF_3
3300047160_884	1371.6257787486497	0.2020291372507456	0.3799109884276748	0.5317801890565919	0.5948782453566664	0.9225956020800994	HF_3
3300047160_887	161.060023085601	-23.52875090261563	4.785079176879731	-4.917107958484886	8.78321191283748e-7	5.986452330065546e-6	HF_3
3300047160_888	632.5489967296614	0.5557649664525062	0.48681425178095045	1.1416365983931407	0.2536051047001261	0.649976434703367	HF_3
3300047160_890	1744.6925941818631	-0.2315898425422678	0.23126258225250915	-1.0014151026360214	0.31662616559265766	0.7321980079330208	HF_3
3300047160_891	447.15040582003314	0.5547656319976045	0.6106405128143835	0.908497913839262	0.36361521545386055	0.7719372196930318	HF_3
3300047160_892	2990.0159729998945	0.06576443040150849	0.19758860550603669	0.33283513608024967	0.7392587341467275	0.9620683269729267	HF_3
3300047160_893	1676.5054828190027	-14.135371433753868	1.450313413029619	-9.74642536348465	1.9107827222090449e-22	4.948927250521426e-20	HF_3
3300047160_895	603.298624767006	-0.7324570311124221	0.2246883426126124	-3.259879985742114	0.0011145936620977344	0.0055515338169867924	HF_3
3300047160_897	775.4546774679304	0.45987149613180156	0.13542557248252815	3.3957508002495733	6.844064010368849e-4	0.0035452251573710636	HF_3
3300047160_900	2404.8076226788785	-0.5690627392540627	0.38560878800986076	-1.4757514790858726	0.14001062065849854	0.41681322701782897	HF_3
3300047160_901	1063.9030300085362	-0.2584109244018234	0.3080002249766656	-0.8389958949588456	0.401471613186595	0.79345777058716	HF_3
3300047160_903	271.50435742547387	11.546013060944833	1.7700858167200968	6.52285496662482	6.898155902259672e-11	6.871624533404827e-10	HF_3
3300047160_904	1378.0497772763179	-1.28077858699848	0.27703395548660015	-4.623182688016849	3.778966279922482e-6	2.387200649999812e-5	HF_3
3300047160_906	608.9676831492397	-0.3086058584448644	0.38365256987480517	-0.8043888733641735	0.421172425088728	0.8020857213086805	HF_3
3300047160_909	3995.030790172446	-0.6006375413493074	0.19310000641793357	-3.110499851819399	0.0018677098943575769	0.008795215684338407	HF_3
3300047160_912	718.9045969565653	-0.5857493991090671	2.653642300091496	-0.2207341204535633	0.8252994623940695	0.9760390902286027	HF_3
3300047160_916	515.5646335890976	-0.44768729047186273	2.752200960194691	-0.16266518940542526	0.8707820567077449	0.9761726593426243	HF_3
3300047160_919	175.93449780240704	0.05507903523162447	4.563380228601179	0.012069788725124037	0.9903699357422777	0.9942085789040696	HF_3
3300047160_920	3147.5517175367904	-0.2167415073738636	0.7228970759810034	-0.2998234666805586	0.7643118145012462	0.9656427314918183	HF_3
3300047160_923	517.3673458018242	0.4659672541739827	0.31320123776813313	1.4877567454536824	0.13681505658834311	0.4120360425160566	HF_3
3300047160_924	966.6176685630011	-0.16044751058210144	0.2536277043707672	-0.632610349015935	0.5269881272166536	0.902691046290459	HF_3
3300047160_925	472.896095740447	12.34656485700342	1.4884879993036964	8.294702317236721	1.0885745947875125e-16	2.0138630003568982e-15	HF_3
3300047160_927	6657.078485184615	0.1211559398113225	0.2982980101778174	0.4061573851568794	0.6846269635580213	0.9579562714654795	HF_3
3300047160_928	3312.5919992765744	0.03177661257879494	0.28284845824148175	0.11234500897178541	0.9105498556664448	0.9800031642425397	HF_3
3300047160_929	349.66316307495055	0.6636207222486986	4.562769092108537	0.14544253913625677	0.8843614803373665	0.9761726593426243	HF_3
3300047160_93	1107.8867788478285	-0.4889063901584653	0.1961997957188546	-2.491880220196794	0.012706888143508531	0.052239429034423954	HF_3
3300047160_930	1349.8431325854333	0.48491481242172074	0.3824534239983387	1.267905533050809	0.20483168794904358	0.5637134450553286	HF_3
3300047160_931	803.8697283313609	-2.203262627625998	2.5219675310542624	-0.8736284668601441	0.3823206183353837	0.7796932295186172	HF_3
3300047160_933	561.0066250195588	0.3619511567994514	0.46582930402792794	0.7770038373922291	0.43715650632483377	0.8204603995516807	HF_3
3300047160_935	2341.0905183562163	-2.1707939870141826	0.4731170306220245	-4.5882812211603525	4.469103372900492e-6	2.7559470799553034e-5	HF_3
3300047160_937	869.5834458119612	0.07168096481759755	0.11208565894426338	0.6395195022517751	0.5224850307823167	0.9021574864841334	HF_3
3300047160_939	1639.4827729151207	-14.103169072006366	1.4625915702397072	-9.642588784847822	5.2838325255784785e-22	6.84256312062413e-20	HF_3
3300047160_946	903.4188806365186	-0.08250309316412832	0.6298714379142146	-0.13098402022694167	0.8957879484988899	0.9761726593426243	HF_3
3300047160_949	607.3192525496823	0.7714413125467957	0.22176272806737027	3.478678853158932	5.038920593852996e-4	0.002663429456750869	HF_3
3300047160_950	172.66892442718535	-0.32759553063305047	4.563423652038216	-0.07178722722505342	0.9427712377914332	0.986453780840803	HF_3
3300047160_956	1248.9982966576688	0.13325789166947796	4.562266533099292	0.029208703766579736	0.9766981395947429	0.986453780840803	HF_3
3300047160_957	2596.701249860179	0.22921879068793655	0.3669135600518569	0.6247215029489246	0.5321538577277272	0.902691046290459	HF_3
3300047160_962	1321.7531693005267	-0.08634859173612455	0.4386554434653173	-0.19684833055753878	0.8439462286681141	0.9761726593426243	HF_3
3300047160_964	1274.0205877445346	-13.739295484410754	1.5331360624183323	-8.961563047925907	3.201080884538761e-19	2.0726998727388477e-17	HF_3
3300047160_967	1873.4472874680646	-0.3855274804091593	0.1284248298126595	-3.001969953719618	0.0026823864967409844	0.012406037547427053	HF_3
3300047160_97	1859.0448442814368	-0.08177548365523288	0.18654137796593037	-0.43837718230090605	0.6611128843243073	0.9579562714654795	HF_3
3300047160_971	1409.0803739659252	-0.2635342496379462	0.3831894690199646	-0.687738758353549	0.4916173079800439	0.8668661842980016	HF_3
3300047160_972	1008.9927588416904	0.08919381544092314	0.28339991083372396	0.3147277470149058	0.7529683750063695	0.9633857767433632	HF_3
3300047160_984	678.4009829990498	0.3044977049541423	0.4320311101014591	0.704805042587404	0.48093157003313247	0.8665643286724312	HF_3
3300047160_99	842.635076503514	0.07141686245682613	0.19337105666625654	0.3693255013861051	0.7118851197274219	0.9583727542277705	HF_3
3300047160_990	295.18276470741995	0.5732899617555021	4.562885246453074	0.12564198545232863	0.9000153266939658	0.9761726593426243	HF_3
3300047160_991	1731.0564047764306	0.06300247756857916	0.16392966106145093	0.3843262845822755	0.7007366288795978	0.9579562714654795	HF_3
3300047160_992	872.7268693585975	0.28503992956699586	0.6995511784391693	0.40746115273935174	0.6836693204309052	0.9579562714654795	HF_3
3300047160_996	751.9816878124337	0.32532220845650683	0.37696283680135695	0.8630087019106807	0.3881326825368305	0.7853622248206179	HF_3
3300047160_998	483.37518694356436	0.744571698618791	4.523921585134224	0.1645854563583687	0.8692702792406957	0.9761726593426243	HF_3
GRE.SIPMG.052b4f26_bin.20	31998.48035041048	-0.10779777120911728	0.1463134188630765	-0.7367592941697093	0.46126874143171803	0.8594863599339206	HF_3
GRE.SIPMG.066b5f18_bin.18	1852.5407907680305	14.316465411657786	1.5186200403500818	9.42728597757571	4.208369199463798e-21	3.633225408870412e-19	HF_3
GRE.SIPMG.082b2f20_bin.18	109119.70532506687	0.03206630507525649	0.059613235782328994	0.5379057964969891	0.5906420864384978	0.9225956020800994	HF_3
GRE.SIPMG.117b4f26_bin.29	22314.225682660508	-0.4106482166816231	0.2982722923117147	-1.3767561629642353	0.1685876482066418	0.49060899871371033	HF_3
GRE.SIPMG.169b2f20_bin.29	19631.135924341586	-0.06051471420573027	0.1476927839173771	-0.40973372293925786	0.682001289291239	0.9579562714654795	HF_3
GRE.SIPMG.176b2f22_bin.12	167352.72260856198	0.08788332223617808	0.10506725871637916	0.8364482266869856	0.4029027913259735	0.79345777058716	HF_3
GRE.bulkMG.LF176_bin.18	37385.47827333438	0.16364256045899078	0.20677368347790376	0.7914090309102509	0.4287053417175567	0.8104721423711474	HF_3
GRE.bulkMG.LF176_bin.7	15665.955868765077	-0.06615709341256296	0.09197675957416078	-0.7192805412895694	0.47196808281397296	0.8608431933015422	HF_3
GRE.bulkMG.OX080_bin.28	27590.033763562802	-0.27660796940916194	0.30171687373556705	-0.9167799135145115	0.35925798027752687	0.7719372196930318	HF_3
GRE.bulkMG.T000H_bin.41	55291.67658605026	0.18193664358697556	0.15533293848093105	1.1712689231673192	0.2414906988045211	0.6254609099037096	HF_3
GRE.bulkMG.T000H_bin.8	30933.263422060223	0.009832468840205607	0.07746549721254209	0.12692707326499514	0.898998118569947	0.9761726593426243	HF_3
3300047160_1000	59.16043530111019	-9.672041914168066	4.328809932197279	-2.2343420167811785	0.02546057771542128	0.1273028885771064	HF_4
3300047160_1008	775.8741382307129	0.10286411152586067	0.2560263050022426	0.40177165203770626	0.6878520866267214	0.9286003169460739	HF_4
3300047160_101	516.075233617277	0.23285100433995148	0.24033612608888538	0.9688556112194069	0.33261723538134613	0.8205303158313954	HF_4
3300047160_1011	1412.2699161597218	0.18783698471301422	0.3354288561519226	0.5599905353042703	0.5754858935044012	0.914995223158813	HF_4
3300047160_1016	755.7821261399984	0.16961048463091366	0.240769956847987	0.7044503676926739	0.4811523485744642	0.914995223158813	HF_4
3300047160_102	772.4554891912127	-1.1233204583747793	2.1069818589581413	-0.533141969684655	0.5939353082370711	0.914995223158813	HF_4
3300047160_1021	387.7834006585757	24.403492504683697	4.407505200934729	5.536804017726011	3.080409112403486e-8	3.7805020924951874e-7	HF_4
3300047160_103	788.5477961447863	-0.14469468308371505	0.30004301518502813	-0.4822464638761409	0.6296308733318912	0.914995223158813	HF_4
3300047160_1033	424.5910518751936	0.951773183580502	2.306005715506216	0.4127366975634612	0.6797995349401517	0.9286003169460739	HF_4
3300047160_1039	454.6758914623115	-1.1882162709480981	4.165062857184337	-0.28528171403188746	0.7754283211160409	0.9556870926312382	HF_4
3300047160_104	1181.8536640306947	-2.441740070640335	2.538796320577736	-0.961770761541314	0.33616476822006214	0.8205303158313954	HF_4
3300047160_1044	3185.7191569736906	0.12901302413790974	0.49116198171791653	0.2626689950363551	0.79280571620982	0.9556870926312382	HF_4
3300047160_1046	2731.157750161512	-0.2960742012555441	0.2660276092221678	-1.112945389845922	0.2657318842704665	0.7224095217813854	HF_4
3300047160_105	1233.232537049987	0.27915010253255773	0.24849717718670747	1.1233532134766235	0.2612875119801133	0.7198737574962305	HF_4
3300047160_1053	1525.7759325043469	0.015037047653746638	0.35954779207424686	0.04182211095497835	0.966640508438627	0.9848790085978464	HF_4
3300047160_1055	1073.016518092492	-0.6538732904246989	0.39440122602873906	-1.6578885846999185	0.09733995666174473	0.3600244972420696	HF_4
3300047160_1059	502.36944584567	0.15904470753472377	0.4159087596719114	0.3824028800455797	0.702162554450565	0.9298818411158414	HF_4
3300047160_106	671.7842919736532	1.2688437954373013	2.1313778716645895	0.5953162094370175	0.5516321228229033	0.914995223158813	HF_4
3300047160_1066	7708.375364639226	-0.07682378993621647	0.29959082352830557	-0.2564290488989497	0.7976195597478857	0.9556870926312382	HF_4
3300047160_1071	184.57809637778786	-0.5402009604711955	4.1656913705952965	-0.12967858451645164	0.8968207265579432	0.9570814077891094	HF_4
3300047160_1073	2124.176819631183	-0.20088945798856941	0.1444254667206335	-1.3909559203790278	0.164238793850846	0.5342707751774508	HF_4
3300047160_1076	1754.445015741215	0.05323417198051652	0.6013387000698309	0.08852610346604112	0.9294585382154918	0.9652069435314724	HF_4
3300047160_1077	1576.0248841621728	0.0880464150493602	0.32899194596457343	0.2676248343746422	0.7889881129821688	0.9556870926312382	HF_4
3300047160_1081	493.26324759930003	0.07664887156046465	0.41361210354830125	0.18531583312700053	0.8529813200729871	0.9570814077891094	HF_4
3300047160_1082	642.9615278553008	-2.3559187272937465	3.2482242082106536	-0.7252943689473792	0.46827145955585653	0.914995223158813	HF_4
3300047160_1085	244.5966424686632	-0.5433942285447312	4.1654244284238375	-0.13045350789147483	0.8962076350595404	0.9570814077891094	HF_4
3300047160_1089	481.0971322293728	-0.04750164650405767	4.165036847352246	-0.01140485624617101	0.9909004385478893	0.9909004385478893	HF_4
3300047160_1090	474.55966198942815	0.4384925908418464	3.5904616519263075	0.12212707817296756	0.902798377110364	0.9585192678286951	HF_4
3300047160_1097	2385.555436229307	-0.7258519957068708	0.39659165514980843	-1.830225084873981	0.06721628826094282	0.26302025841238497	HF_4
3300047160_1099	482.47579852891397	0.11543294037005136	3.5883902685078604	0.03216844649900669	0.9743377191960516	0.9889894142215563	HF_4
3300047160_1115	417.9802752100353	0.9613240356828693	2.3190401299990033	0.4145353171112578	0.6784821079095974	0.9286003169460739	HF_4
3300047160_1122	297.5034382719075	-12.002407353508719	2.2104295546348953	-5.429898151850942	5.638622177070895e-8	6.343449949204757e-7	HF_4
3300047160_1125	2255.4653766750366	-0.10769210565846783	0.5694996726710067	-0.18909950404954898	0.8500148301847109	0.9570814077891094	HF_4
3300047160_1132	3993.5977163685866	-0.5526540133857809	0.2739221189706356	-2.01755891587939	0.04363721929707943	0.19636748683685742	HF_4
3300047160_1137	8701.032069920946	-0.9394341055134035	0.1804655286124435	-5.205615237084271	1.9335491093578217e-7	1.8200062319109149e-6	HF_4
3300047160_1155	715.3747405327113	12.630289665744437	4.40745022363931	2.8656681357402563	0.0041613022835033635	0.02880901580886944	HF_4
3300047160_1171	9185.629897780605	-0.04208757555678881	0.16267694226617532	-0.2587187524580113	0.7958522496971747	0.9556870926312382	HF_4
3300047160_1176	555.6098553258282	0.5111282127042568	3.4822729832383583	0.14678005290352922	0.8833056296169832	0.9570814077891094	HF_4
3300047160_1185	1317.9529288367848	0.5729938797425315	2.6857573105802306	0.21334536723973097	0.8310575900532224	0.9570814077891094	HF_4
3300047160_1190	1172.3626201467966	-1.526379238375245	2.612823329378185	-0.584187695054951	0.5590940392656107	0.914995223158813	HF_4
3300047160_1208	599.3472530605976	0.45785077543616937	3.436368976450611	0.13323679109368475	0.8940061151334473	0.9570814077891094	HF_4
3300047160_1219	4744.987678033361	-0.2954820748258977	0.071631549221795765	-4.1250270032689675	3.7069126223859144e-5	2.9437247295417555e-4	HF_4
3300047160_125	2110.6910274031934	-0.6234185292034565	0.46622928332858343	-1.3371500922306743	0.18117364891406695	0.5672694962161142	HF_4
3300047160_1260	3170.5380611822998	-0.3259740273223184	0.376322502686425	-0.8662092354172611	0.38637542966389765	0.8766501345315325	HF_4
3300047160_1283	5027.982668225649	0.050129775917734876	0.20115100141794154	0.24921464752530723	0.8031947497225911	0.9556870926312382	HF_4
3300047160_133	2430.6435692380082	0.20397259759550618	0.21667226401426048	0.9413876691761597	0.3465062303196569	0.8353275195206014	HF_4
3300047160_137	391.7742160821179	1.3601801465383017	2.303106804261401	0.590584919475546	0.5547985717290085	0.914995223158813	HF_4
3300047160_144	621.3428295256392	1.6505228606023359	2.131297193085302	0.7744217305579101	0.4386814371420155	0.914995223158813	HF_4
3300047160_148	2661.801612158194	-0.708449542251538	0.48460543061625505	-1.4619100354501364	0.1437658645861904	0.49135168909204313	HF_4
3300047160_152	1914.876093445293	-3.0826050316858242	2.5529274188946376	-1.207478524015589	0.22724791088534588	0.6527333610536531	HF_4
3300047160_164	1439.0183904317187	0.1280838433599321	0.47451505296342517	0.2699257748727406	0.7872173574460432	0.9556870926312382	HF_4
3300047160_168	287.87603588358013	1.0568724352400054	2.4219163380961892	0.43637858939041124	0.6625620705764104	0.9286003169460739	HF_4
3300047160_185	410.15623440803165	0.38997344000562184	3.6937540963217628	0.10557644873922632	0.915918411480753	0.9585192678286951	HF_4
3300047160_197	1054.919627278204	-0.1223137974523943	0.17360408277778694	-0.7045559960070515	0.4810865911394709	0.914995223158813	HF_4
3300047160_203	135.45540011672898	22.93598369544065	4.407728812833461	5.203583221513236	1.9548215083487606e-7	1.8200062319109149e-6	HF_4
3300047160_205	583.1384855844137	-12.973385561457745	1.279163965601935	-10.142081789610819	3.5935838035443775e-24	3.2342254231899398e-22	HF_4
3300047160_209	1788.0303906805668	-0.08379294617770759	0.17420689862518937	-0.48099671619773376	0.6305188325994057	0.914995223158813	HF_4
3300047160_211	3266.23737096664	-0.6883013540157673	0.33062198235846696	-2.081837841228286	0.03735728399937736	0.17095706237003197	HF_4
3300047160_212	2652.2667244204313	0.2042465423394255	0.18710579769546015	1.091609906561336	0.2750045999192252	0.7351608116652556	HF_4
3300047160_214	314.9909287414039	0.8509911737516296	3.84868598233812	0.22111213480571956	0.8250051218850488	0.9570814077891094	HF_4
3300047160_215	1261.6337656569228	0.00931764496300204	0.11236077623653064	0.08292613557054347	0.9339102724296211	0.9661140749271943	HF_4
3300047160_219	5133.774088701722	0.2537814240152346	0.23806676078523953	1.0660094806102365	0.2864193562476458	0.7581688841849448	HF_4
3300047160_221	304.1938808961046	24.065268667711745	4.407538189699807	5.460024991717839	4.7606756395953425e-8	5.588619229090185e-7	HF_4
3300047160_228	2459.4854539459634	-0.6584938495025925	0.17521635546599437	-3.7581757008431307	1.7115668406074864e-4	0.0013203515627543466	HF_4
3300047160_234	472.64839153069005	1.3623389209155574	2.251646851730484	0.6050411146261873	0.5451516786492856	0.914995223158813	HF_4
3300047160_250	2980.8643425870687	0.059722652995928875	0.22847669480267763	0.26139494466824265	0.7937879551301765	0.9556870926312382	HF_4
3300047160_259	639.4576743980067	-26.90074328710006	4.328055918618864	-6.215433393865304	5.118318139976845e-10	8.129093516433812e-9	HF_4
3300047160_262	5222.53909706998	0.37876164942414725	0.2710124428158017	1.3975802936899806	0.1622391394440342	0.5342020445108443	HF_4
3300047160_267	2270.9541683324637	0.14745218525799028	0.2369155888730304	0.6223827902562122	0.5336901939645844	0.914995223158813	HF_4
3300047160_27	4346.311193131574	0.035358094208152925	0.14209207023700007	0.24883932051365	0.8034850741751521	0.9556870926312382	HF_4
3300047160_274	257.5778150579169	23.8329232860367	4.407565883528142	5.407275561121973	6.399065297799363e-8	6.910990521623312e-7	HF_4
3300047160_283	550.8217486638898	1.3325068106721543	2.1781880626174712	0.6117501209105498	0.5407030952977637	0.914995223158813	HF_4
3300047160_298	3762.8755812573463	-0.3297163524235403	0.25379776319385733	-1.2991302534518179	0.19389923220326052	0.5882336257851724	HF_4
3300047160_300	2025.165761810716	-0.35099060068967325	0.14727147886609268	-2.3832897136098783	0.017158684578014248	0.09084009482478131	HF_4
3300047160_301	544.1403804974449	24.87567063985531	4.407470705632479	5.6439786674170564	1.6616467176521793e-8	2.2432230688304422e-7	HF_4
3300047160_303	336.15124293274977	11.540743424203038	4.239427607482101	2.722240946828519	0.006484084767682058	0.04376757218185389	HF_4
3300047160_305	777.5931270554105	-0.09669914538724085	0.18807263825938048	-0.5141584989831331	0.607141180548892	0.914995223158813	HF_4
3300047160_311	498.72263850036114	-1.872493853998955	3.4605495511553523	-0.5410972524215979	0.5884405519446788	0.914995223158813	HF_4
3300047160_316	1025.7135401917362	0.19880413037979083	0.15988435879235008	1.2434245093229404	0.21371144325109973	0.6254665400636117	HF_4
3300047160_324	4051.623580934759	1.0723776743382298	0.33160820965267557	3.233869497565913	0.0012212524611049855	0.008911842283739084	HF_4
3300047160_328	2378.905482246176	-0.4542036311043596	0.0765969801483317	-5.929785093678425	3.0333141947750196e-9	4.5499712921625294e-8	HF_4
3300047160_331	5524.001312701896	0.14122966059207223	0.13838172625134385	1.0205802775978936	0.30745333747035597	0.790594296352344	HF_4
3300047160_335	2078.5971805062227	-0.1395234563632346	0.28657357364290575	-0.48686783847380255	0.6263519918820679	0.914995223158813	HF_4
3300047160_342	1960.0093828542006	0.2828269811604886	0.5418584031827018	0.5219573591537087	0.6017000199942979	0.914995223158813	HF_4
3300047160_343	1248.1076612307809	13.433522509941351	1.483939428499588	9.052608382758583	1.395931898579194e-19	4.187795695737582e-18	HF_4
3300047160_348	2164.611621931147	0.3344060826528304	0.26012360485191494	1.2855660786463556	0.19859454157946296	0.5957836247383889	HF_4
3300047160_352	1871.471833261603	-0.11946055656074932	0.0635858483692765	-1.8787286735089068	0.060281550542597755	0.246606343128809	HF_4
3300047160_357	3314.152065449432	0.12869930146618846	0.2259036646919507	0.5697087811376892	0.5688752332776512	0.914995223158813	HF_4
3300047160_363	974.6690952481792	-0.018879785647060707	0.09258267059042513	-0.20392353694983226	0.8384132517110323	0.9570814077891094	HF_4
3300047160_367	1247.7807859879708	-0.04115054182671422	0.30176833200878034	-0.13636467933128546	0.8915329946166689	0.9570814077891094	HF_4
3300047160_369	3987.4905582012893	0.08814324085830351	0.23657904756898826	0.37257416395930104	0.7094654047031974	0.9298818411158414	HF_4
3300047160_379	474.64402567190064	-0.41687910528595357	2.3018271011059754	-0.18110791426760622	0.8562828726370746	0.9570814077891094	HF_4
3300047160_386	1321.0527272510126	-0.6217894949391983	0.07395034827923883	-8.408202387246396	4.1634228835950495e-17	1.021931071427876e-15	HF_4
3300047160_391	4818.778683290146	0.06805319777188922	0.28162790822816686	0.24164223709233557	0.8090573912687556	0.9570814077891094	HF_4
3300047160_398	1772.667876516601	-0.11419993141067661	0.3504073365413431	-0.32590622256335844	0.744495307598438	0.952336799944627	HF_4
3300047160_400	6849.639040597157	-0.03584469490861778	0.40029159131398373	-0.08954645984682114	0.9286476322384726	0.9652069435314724	HF_4
3300047160_401	740.753720097746	0.11063479229748929	0.3693684918391978	0.2995241736689697	0.7645401302445749	0.9556870926312382	HF_4
3300047160_402	386.2275996529245	23.41397683849238	4.407505698121267	5.312296442060816	1.0825231687348275e-7	1.1241586752246286e-6	HF_4
3300047160_405	2785.12180360585	-0.3058244203476945	0.12149960139926874	-2.517081676199928	0.011833139445976817	0.06797760958327108	HF_4
3300047160_408	916.779644747081	0.17256930832277056	0.16820811407819156	1.02592737139037	0.3049258196924322	0.790594296352344	HF_4
3300047160_425	387.3515783759688	-2.453179568568623	3.565132369897574	-0.6881033616822206	0.49138769368023916	0.914995223158813	HF_4
3300047160_427	158.35741961732666	-0.5691024131988228	4.165870946441709	-0.1366106680968894	0.8913385436427921	0.9570814077891094	HF_4
3300047160_434	950.3185181901026	-0.19643632392150662	0.09954541115251593	-1.97333379456881	0.04845754506539197	0.20767519313739413	HF_4
3300047160_442	5131.606261535225	0.4983522691245943	0.26879046679951624	1.8540548519390094	0.06373131294628973	0.2548295682188276	HF_4
3300047160_451	682.4694792137891	-0.7571547100378724	2.1542978305479306	-0.3514624112327567	0.7252414674725385	0.9369148144382077	HF_4
3300047160_452	2191.2800461648767	-1.1121309935063628	0.5684662514943426	-1.9563711840111422	0.05042144416309086	0.21271546756303958	HF_4
3300047160_457	640.0520218031004	0.9244906840349645	2.1553662911510094	0.42892509167955284	0.6679777393240172	0.9286003169460739	HF_4
3300047160_468	2090.1289314648257	-0.511637290363213	0.3470294524232458	-1.4743339125556623	0.14039170862738654	0.4859712990947996	HF_4
3300047160_475	1449.22779197899	-0.12088206321081438	0.22940060007030683	-0.5269474586106853	0.5982300755920669	0.914995223158813	HF_4
3300047160_48	816.6611237593776	-0.004073969602235363	0.1651180350520507	-0.02467307463385882	0.9803157318702191	0.9893029375421539	HF_4
3300047160_482	2208.1190057750127	-0.2896276829613246	0.4163674658592069	-0.6956059411694311	0.4866756444774154	0.914995223158813	HF_4
3300047160_496	633.0227696287102	0.1694848326511787	0.29304441494709244	0.5783588562224544	0.5630218657244286	0.914995223158813	HF_4
3300047160_50	2874.576470283774	0.012283194054611531	0.5436677303579549	0.022593200531736884	0.9819747676344344	0.9893029375421539	HF_4
3300047160_500	5343.641811874918	-0.08873475651676635	0.3788135145662358	-0.23424390393878364	0.8147956325635928	0.9570814077891094	HF_4
3300047160_501	5677.354759384814	-0.2121637491359944	0.09371083686633448	-2.2640257651163287	0.023572530144679076	0.12008647432195001	HF_4
3300047160_502	7281.86878646711	0.20548478878057896	0.4333140751222597	0.47421674156926785	0.6353453560934714	0.914995223158813	HF_4
3300047160_506	1226.2579572157706	0.06590790693234518	0.29353714178210977	0.2245300425431957	0.8223448930237179	0.9570814077891094	HF_4
3300047160_509	624.2150418912923	-0.28357518044083674	0.21372574675300926	-1.3268180588862255	0.1845688751766041	0.5672694962161142	HF_4
3300047160_518	661.5725250854132	0.21503981818650664	0.1438892805357092	1.4944811551346933	0.13504990383528542	0.47355161085100084	HF_4
3300047160_520	223.84539069927777	-0.8337037520635545	4.165505381615985	-0.2001446825019162	0.8413674286886734	0.9570814077891094	HF_4
3300047160_524	5244.436711628924	0.3892525253704219	0.24080028067338047	1.6164953142160197	0.1059872656849001	0.3815541564656404	HF_4
3300047160_525	540.1143534911238	0.3873407512526352	0.31268704041068895	1.2387489764330963	0.2154384749107996	0.6254665400636117	HF_4
3300047160_526	2986.7019463848364	-0.204927398932624	0.2988387849974621	-0.6857456569245667	0.49287351020544684	0.914995223158813	HF_4
3300047160_527	374.74787631946185	0.3964636938059562	3.7465877881518663	0.10581993969545435	0.9157252160266783	0.9585192678286951	HF_4
3300047160_530	1109.7740328351033	-1.637568189262615	4.164808306050489	-0.3931917315098543	0.6941778762471285	0.9298818411158414	HF_4
3300047160_533	1902.2521252215724	-0.3985068916060387	0.8118291118287371	-0.4908753403882706	0.6235146192175477	0.914995223158813	HF_4
3300047160_534	536.257396311122	2.0467009558571583	2.1331892095127065	0.9594558920184557	0.33732912984179586	0.8205303158313954	HF_4
3300047160_538	1176.4145738358645	0.1139878911934084	0.29659289170819986	0.384324420376043	0.700738010408808	0.9298818411158414	HF_4
3300047160_540	1055.3493801927073	0.15174111882048652	0.4025674544616479	0.3769333987105575	0.7062231003580632	0.9298818411158414	HF_4
3300047160_546	2633.6181741997884	-0.5341526442007257	0.20561666740237208	-2.5978081006217275	0.009382090997619422	0.057571922030846455	HF_4
3300047160_547	809.7092702515395	-0.38818686802715	0.4366165844175019	-0.8890795308314666	0.37396033885068725	0.8699517295412469	HF_4
3300047160_55	6375.024115523682	-0.3114724967770082	0.3934373723835758	-0.7916698276272108	0.42855321975963456	0.914995223158813	HF_4
3300047160_552	1391.2796672051363	-0.13492656046264234	0.18503045336204468	-0.729212721533113	0.46587155062016317	0.914995223158813	HF_4
3300047160_564	1239.9250480714727	0.07465517133873983	0.5114256064625836	0.1459746449832908	0.8839414043702325	0.9570814077891094	HF_4
3300047160_567	2114.7309008271723	0.31262737950725444	0.41887796642233893	0.7463447699992986	0.45545917331014735	0.914995223158813	HF_4
3300047160_568	921.2401303070153	0.4260541439709481	0.3842821893211577	1.1087012508271106	0.26755908214125385	0.7224095217813854	HF_4
3300047160_571	790.6097737093808	1.2656697208724614	2.0939513956623075	0.6044408306202044	0.5455505965776367	0.914995223158813	HF_4
3300047160_581	1858.4623308049663	-0.27404623622901897	0.3433626911689189	-0.798124674803998	0.42479814371302127	0.914995223158813	HF_4
3300047160_590	562.3959334265443	-2.0355151775576528	2.2317889386541467	-0.9120554109319788	0.3617395490912324	0.8493015500402848	HF_4
3300047160_597	3221.359118136908	-0.36796460498727473	0.18541750971969195	-1.984519183455497	0.04719799169816187	0.2055396412661888	HF_4
3300047160_598	565.7392111627096	-0.30971462219466794	2.2397455092688703	-0.13828116672762944	0.890018209284426	0.9570814077891094	HF_4
3300047160_603	394.0428966793067	-12.407874677300281	1.8320938461059493	-6.772510427712413	1.2656667904298338e-11	2.1358127088503445e-10	HF_4
3300047160_607	1675.1430835115311	-0.4058042753986336	2.7444822743399215	-0.1478618678622124	0.8824517823838275	0.9570814077891094	HF_4
3300047160_614	402.90259283918186	1.2158161345599965	2.3152204852033393	0.5251405394563166	0.5994854962158962	0.914995223158813	HF_4
3300047160_617	4531.540170199511	-0.09168743495357719	0.25797492302769753	-0.3554122000599769	0.7222808103930003	0.9369148144382077	HF_4
3300047160_618	676.9562840639444	-0.1890967197509569	0.3507285805155641	-0.5391540075604573	0.5897805924917153	0.914995223158813	HF_4
3300047160_624	647.3934852482626	-0.17379633535826944	0.3362824090713347	-0.5168166120797668	0.6052841825028794	0.914995223158813	HF_4
3300047160_627	772.7506383559172	-0.42548935441466845	0.42679171375986996	-0.9969484896186755	0.31878951337768074	0.8078957616082609	HF_4
3300047160_628	775.309103909796	0.504728043932945	0.1897986477453933	2.659281559318673	0.007830749103095497	0.050340529948471054	HF_4
3300047160_642	1038.5712887031639	-0.2414593474345166	0.5044272417754772	-0.478680228658212	0.6321661333543879	0.914995223158813	HF_4
3300047160_649	1865.9525828249166	1.3393619781112398	4.16476827543793	0.3215933971669539	0.7477607466231886	0.952336799944627	HF_4
3300047160_653	3374.7421854431864	-0.6815931611596205	0.12168072909266282	-5.601488142305351	2.1251932818665528e-8	2.7323913623998536e-7	HF_4
3300047160_663	479.70797492300824	-0.4212787605325647	0.5306746072475442	-0.7938551322770385	0.42727977244343335	0.914995223158813	HF_4
3300047160_666	1270.458448850394	0.2975853105185287	0.1170333665546201	2.5427390433961756	0.010998733873010083	0.06455778577636354	HF_4
3300047160_667	1580.7987863545245	0.24173669177377616	0.2754753184031175	0.8775257731802678	0.3802011262439523	0.8699517295412469	HF_4
3300047160_668	1094.9121521381726	-0.2558801607022374	0.44443830968100945	-0.5757383086212629	0.5647920775719394	0.914995223158813	HF_4
3300047160_669	1616.3307025043207	0.086919199713575	0.3153541117529973	0.2756241205494568	0.7828367815030799	0.9556870926312382	HF_4
3300047160_673	575.5971682383035	1.334596239797827	2.160873552939317	0.6176188504794505	0.5368266156726833	0.914995223158813	HF_4
3300047160_674	819.4490859855192	0.3829748746337082	0.1686694917533414	2.270563992649971	0.023173385297294864	0.12008647432195001	HF_4
3300047160_679	1024.0131137745552	0.16923917704966077	0.26504221882332524	0.6385366746513471	0.5231243883670262	0.914995223158813	HF_4
3300047160_68	140.32936018522724	-24.829019249140377	4.3283293881120875	-5.736397816056738	9.671135307940387e-9	1.3743192279704762e-7	HF_4
3300047160_680	2019.9440029321256	-0.11491180583246288	0.2809763286842775	-0.4089732625184413	0.6825592829248428	0.9286003169460739	HF_4
3300047160_682	948.4614141377999	-0.7120486032511707	4.164815457550886	-0.1709676240180615	0.8642492230282093	0.9570814077891094	HF_4
3300047160_683	380.0620397213483	-0.28296048489372033	4.16513846727717	-0.06793543290739551	0.9458370325151559	0.9747175525919547	HF_4
3300047160_685	670.6772990000436	0.3586628097735968	0.579903785274851	0.6184867539769638	0.5362545267003694	0.914995223158813	HF_4
3300047160_690	646.4284206201855	0.5697926047723675	0.2568439624175638	2.2184387727441606	0.02652492992956232	0.13021329238148774	HF_4
3300047160_691	169.19335936457418	23.139042792384856	4.407660266832264	5.249733734359393	1.5231921805966235e-7	1.5231921805966234e-6	HF_4
3300047160_692	6594.972824471345	0.1416364063801771	0.322048338760188	0.4397985933585147	0.6600829865247975	0.9286003169460739	HF_4
3300047160_693	1297.7265500222406	0.06629540514188324	0.18296022656655905	0.3623487267478085	0.7170914498547433	0.9353366737235782	HF_4
3300047160_699	1427.2782668925972	13.62699447086661	1.5938719100836252	8.549617058093236	1.2349756326274428e-17	3.3344342080940957e-16	HF_4
3300047160_701	1332.5622300717598	0.5960697604920934	0.27247040097268777	2.187649588227541	0.02869513677934786	0.1383515523289986	HF_4
3300047160_709	1119.2683782648014	0.26595906557890964	0.21312723595121513	1.2478886820443151	0.21207182597782728	0.6254665400636117	HF_4
3300047160_715	907.489331507058	0.39540654982465157	0.21362561874767938	1.8509322624440467	0.06417929866251953	0.2548295682188276	HF_4
3300047160_716	3310.7485572667924	0.46691569001181477	0.2779273051770127	1.6799921465594567	0.0929588437385564	0.34859566401958647	HF_4
3300047160_718	386.8682125665472	11.743686807971947	1.641974575826184	7.152173353270673	8.541460430728416e-13	1.7739956279205173e-11	HF_4
3300047160_723	2974.1785995168393	-0.2965005799918552	0.15557771597132675	-1.905803656652864	0.056675684350372506	0.2354220734553935	HF_4
3300047160_725	1031.942399846105	0.08339452172078556	0.20669202271962456	0.40347237703464395	0.6866007516885284	0.9286003169460739	HF_4
3300047160_726	1471.6663275768624	-0.37606703730760127	0.25936493100509417	-1.4499532988143835	0.14707154280577261	0.49636645696948256	HF_4
3300047160_73	872.3852412792806	0.243412863924696	0.326464576389373	0.7456026825843991	0.4559074619377832	0.914995223158813	HF_4
3300047160_731	1927.2220128800466	0.13955104784334071	0.2664499800854221	0.523742008907644	0.600457992854978	0.914995223158813	HF_4
3300047160_732	113.18452316112894	22.688530155702875	4.407796434562828	5.147363425814187	2.6417320910292717e-7	2.3775588819263446e-6	HF_4
3300047160_735	659.0571829212995	-1.1257034246893576	2.165466455507452	-0.5198433907051966	0.6031727338715334	0.914995223158813	HF_4
3300047160_739	172.6725212351323	10.579674625003415	4.407654731356056	2.4002956832665703	0.016381833171545537	0.09026724400647541	HF_4
3300047160_740	719.4256273015965	-0.19575498233129504	0.17236979409228184	-1.1356687136639116	0.25609523913708604	0.7128424182166312	HF_4
3300047160_743	1315.4533593916412	-0.34901311716128963	0.21266777319655103	-1.641118971226195	0.1007727213952426	0.36768425373939867	HF_4
3300047160_747	357.2029214718584	-0.22707638498193786	0.5373478090081947	-0.42258734691979527	0.6725963599144409	0.9286003169460739	HF_4
3300047160_750	4383.175825393511	-0.2568896757021815	0.2764249221629272	-0.9293289248021153	0.35271864953906545	0.8373261828746222	HF_4
3300047160_757	1412.74393249692	0.6410007699949303	0.35751915481228264	1.7929130827451503	0.07298682309664434	0.281520603372771	HF_4
3300047160_760	607.9840815812322	0.9689277101771995	2.1682320965586483	0.446874535117828	0.6549656511850418	0.9286003169460739	HF_4
3300047160_761	391.7278295550064	1.1549814312895776	2.3155005960346937	0.49880420383716984	0.6179173257491284	0.914995223158813	HF_4
3300047160_766	2885.637569879002	0.04353197522992679	0.3671293655223872	0.11857393964654744	0.9056129128135917	0.9585192678286951	HF_4
3300047160_768	1274.470557301057	13.463586407742792	1.452449719393713	9.269571419906235	1.8689537445187363e-20	8.410291850334314e-19	HF_4
3300047160_774	1118.0569113982742	-0.1703124857481426	0.26775717217495104	-0.6360706768924993	0.5247303568732038	0.914995223158813	HF_4
3300047160_78	1586.8480937068368	-0.2082806477919036	0.2583774563023011	-0.8061099864231797	0.42017943392084306	0.914995223158813	HF_4
3300047160_780	462.7097735678246	-2.441930039970605	3.4448260295964426	-0.7088689004874579	0.47840583582744	0.914995223158813	HF_4
3300047160_79	8376.049114434663	-0.20185961550762593	0.4192368080333644	-0.481493064634633	0.6301661076789336	0.914995223158813	HF_4
3300047160_791	1419.2304604246638	-0.15894717355538995	0.23491588331728303	-0.6766131404606307	0.4986514395902547	0.914995223158813	HF_4
3300047160_792	2723.9213851029044	0.06191424307917883	0.09030977639933349	0.685576307989129	0.4929803258551259	0.914995223158813	HF_4
3300047160_797	4549.123120197818	0.24248169113986745	0.11501419138209679	2.108276276397074	0.03500709878041962	0.1629640805295396	HF_4
3300047160_800	23286.581838588703	0.049674110382124395	0.2893966274324531	0.17164716404208488	0.8637149261420387	0.9570814077891094	HF_4
3300047160_807	1750.2510671959765	-0.7520251778031296	2.731300907311538	-0.2753358942583004	0.783058190118239	0.9556870926312382	HF_4
3300047160_809	510.65696489038453	-12.781900459950798	1.3560294755639986	-9.425975386438086	4.2612635832383274e-21	2.301082334948697e-19	HF_4
3300047160_817	290.6941978044544	-11.968984633980737	2.4129314034118345	-4.960350143836183	7.036622753001799e-7	6.128671430033825e-6	HF_4
3300047160_846	4050.006907058438	0.020157431999656864	0.3594461773797348	0.05607913859760335	0.9552787627687461	0.976989643740763	HF_4
3300047160_874	1147.3667317867544	13.312168841279677	1.4499865830469414	9.180891048871667	4.275388210665961e-20	1.6490783098282992e-18	HF_4
3300047160_877	2337.5787225214817	0.08049531628297471	0.21390649038878037	0.3763107708264133	0.7066858728613508	0.9298818411158414	HF_4
3300047160_881	586.5283835162176	12.344023815788171	1.501713893643619	8.219957122350236	2.0357595153243112e-16	4.5804589094797e-15	HF_4
3300047160_882	4259.175464404746	-0.01561676281292334	0.2729321536757424	-0.057218479400843576	0.9543711578421663	0.976989643740763	HF_4
3300047160_884	1464.2672087782248	0.198281226354574	0.3927956551411127	0.5047948564587381	0.6137029288264858	0.914995223158813	HF_4
3300047160_887	537.8513467678995	1.2506082959663372	2.189197353726757	0.5712633873951005	0.5678211160178044	0.914995223158813	HF_4
3300047160_888	754.9999261761069	0.6077087514010837	0.45835245667121266	1.3258546835650713	0.18488783580377055	0.5672694962161142	HF_4
3300047160_890	1658.1239498876544	-0.23921662607597927	0.23358574090635617	-1.0241062881140528	0.3057850746741729	0.790594296352344	HF_4
3300047160_891	443.98379634622233	1.5708594373439964	2.2707464281744056	0.6917810891843648	0.4890748142620427	0.914995223158813	HF_4
3300047160_892	3135.3464670282997	0.11577312316023095	0.16941692139761622	0.68336221792459	0.49437798803014754	0.914995223158813	HF_4
3300047160_893	1990.7063703251097	-1.880705483280477	0.27028322886043915	-6.958276661152291	3.444602681284984e-12	6.643162313906755e-11	HF_4
3300047160_895	633.2722777330239	-0.5066766740684419	0.21186600957083715	-2.391495809520286	0.016779875511643658	0.09061132776287575	HF_4
3300047160_897	753.5238487827186	0.18112611350617583	0.1561068306118286	1.1602702636155593	0.24593878747181866	0.69170283976449	HF_4
3300047160_900	2863.5350785422197	-0.16226555155959504	0.3439677289086454	-0.47174643991876125	0.6371077850142846	0.914995223158813	HF_4
3300047160_901	1122.2707885424886	-0.14738348468978021	0.25331047576545773	-0.5818294101118968	0.5606815919591304	0.914995223158813	HF_4
3300047160_903	458.04323909276536	2.5145886237717066	2.127728855807968	1.1818181705379163	0.23727785634511334	0.6743686443492695	HF_4
3300047160_904	1332.531794947026	-1.0272804689837722	0.23137038511858268	-4.439982534745176	8.996617869788172e-6	7.360869166190322e-5	HF_4
3300047160_906	596.9275951383297	-0.4182792888674264	0.29800593658512364	-1.4035938131317978	0.1604398385018319	0.5342020445108443	HF_4
3300047160_909	4119.615433049245	-0.4197126796451099	0.1628554906216483	-2.5772092672036546	0.009960163016222498	0.059760978097334994	HF_4
3300047160_912	604.1011684139246	0.5234898576324745	3.4293329102714263	0.15265063828143796	0.8786737893558761	0.9570814077891094	HF_4
3300047160_916	615.0180287013324	1.085896103150249	2.1796521374897906	0.49819697578019384	0.6183452138218054	0.914995223158813	HF_4
3300047160_919	224.79260699647222	0.42738199170693286	4.035797565784046	0.10589777726472863	0.9156634576384318	0.9585192678286951	HF_4
3300047160_920	3126.0887354867327	-0.38360470415322434	0.6810811073713777	-0.5632291073727488	0.5732788848126786	0.914995223158813	HF_4
3300047160_923	654.3414454056232	0.6550787334127951	0.271387082909713	2.4138169230063595	0.01578639224502434	0.08879845637826192	HF_4
3300047160_924	819.1365790854504	0.8452005965525952	2.1033772585021198	0.4018302437835088	0.6878089625926647	0.9286003169460739	HF_4
3300047160_925	1090.7003983229683	13.239083422086248	1.4567505400847656	9.088092338250233	1.0079192064111168e-19	3.401727321637519e-18	HF_4
3300047160_927	6502.881779610076	-0.0965598601164612	0.31723580403654217	-0.3043788213304528	0.760839300949675	0.9556870926312382	HF_4
3300047160_928	3117.103362690588	-0.15014626085159663	0.17838703351736904	-0.8416881983576308	0.39996250587714544	0.8924783188994155	HF_4
3300047160_929	581.6932136725052	1.4218688849042425	2.173388754607226	0.654217466566952	0.5129717100696547	0.914995223158813	HF_4
3300047160_93	1187.4150685538966	-0.49119092466258085	0.22931151794573695	-2.1420246530259925	0.03219149826014245	0.15248604439014843	HF_4
3300047160_930	1472.3336613908389	0.408934487045525	0.30225981244219086	1.3529237768707223	0.17607998254190982	0.5659713724561387	HF_4
3300047160_931	662.5846968541349	-2.478783037847936	4.165052106900237	-0.5951385419023543	0.5517508674092423	0.914995223158813	HF_4
3300047160_933	581.9853347766016	0.2405371522195644	0.41226914726748476	0.5834468909784831	0.5595924993439279	0.914995223158813	HF_4
3300047160_935	2437.8463820355914	-1.4573833071834457	0.4335086448644481	-3.361832167474188	7.742716864432768e-4	0.005807037648324576	HF_4
3300047160_937	679.8018972872244	1.0131014258690876	2.129291631146482	0.47579270544711616	0.634222067199594	0.914995223158813	HF_4
3300047160_939	1305.5766051304352	-14.136191897313534	1.2010633484094813	-11.769730477608455	5.590282793575765e-32	1.5093763542654566e-29	HF_4
3300047160_946	925.1647118870678	-0.19549407489429887	0.5995198068712537	-0.32608443066215664	0.7443604763302418	0.952336799944627	HF_4
3300047160_949	727.8457370656399	0.905845528207496	0.13105497576715758	6.911950674935771	4.780340876109171e-12	8.604613576996507e-11	HF_4
3300047160_950	267.88834851506306	0.7587333632243106	2.4682493879349456	0.30739736711090726	0.7585409319842668	0.9556870926312382	HF_4
3300047160_956	2258.167168182249	1.5758317347529833	2.6756132228926046	0.5889609609005266	0.5558874621862074	0.914995223158813	HF_4
3300047160_957	2474.3827461466144	0.041908729138411684	0.27282565299255196	0.15360992882716853	0.8779173077906459	0.9570814077891094	HF_4
3300047160_962	1380.1629292616635	-0.0978746113747983	0.3815571621928206	-0.2565136264571996	0.7975542599568598	0.9556870926312382	HF_4
3300047160_964	1047.9648543438736	-13.819060574847146	1.3195749565016448	-10.472357410815958	1.1572456844077794e-25	1.562281673950502e-23	HF_4
3300047160_967	1865.0090883312362	-0.3885419025021895	0.0808684689227707	-4.804615540245316	1.5504914503265618e-6	1.3082271612130366e-5	HF_4
3300047160_968	1272.781979970313	13.46148499699494	4.407421726181151	3.0542765891973676	0.002256039781104243	0.016029756339424887	HF_4
3300047160_97	1855.739707321824	-0.09653841277653073	0.11253845325405668	-0.8578260139989157	0.39098854294149243	0.879724221618358	HF_4
3300047160_971	1467.9404056679232	-0.2319871959394972	0.3248652777772355	-0.7141027736998534	0.4751636309518125	0.914995223158813	HF_4
3300047160_972	1022.8874025750838	-0.04971040779904407	0.3489300476243902	-0.1424652538165914	0.8867125228267453	0.9570814077891094	HF_4
3300047160_984	650.372400454826	0.18451615440442778	0.31011642593645045	0.5949899423974373	0.5518501939408005	0.914995223158813	HF_4
3300047160_99	926.2909984515048	0.138043618729485	0.2795333426764026	0.4938359675013404	0.6214220294249366	0.914995223158813	HF_4
3300047160_990	239.93732589855222	-0.053737696394539604	4.165471521958223	-0.01290074751712072	0.9897069782441099	0.9909004385478893	HF_4
3300047160_991	1824.270783566179	0.031566590557347736	0.15357216296120213	0.20554890905145742	0.8371432898662095	0.9570814077891094	HF_4
3300047160_992	1020.5840544521983	0.49094522260446216	0.6439129521066203	0.762440359365796	0.4457972260530262	0.914995223158813	HF_4
3300047160_996	838.4942701718908	0.3555829480317926	0.4048083030756022	0.8783983562841686	0.3797275760827452	0.8699517295412469	HF_4
3300047160_998	490.3109534285163	0.5191583820719183	3.5623284136240057	0.14573568795241182	0.8841300472172269	0.9570814077891094	HF_4
GRE.SIPMG.052b4f26_bin.20	31724.9326956329	-0.21485954361292317	0.231592290114259	-0.9277491211254031	0.3535377216581739	0.8373261828746222	HF_4
GRE.SIPMG.066b5f18_bin.18	4574.461983592025	15.307364445666154	1.515466476889795	10.10076084103265	5.4815240142672275e-24	3.700028709630379e-22	HF_4
GRE.SIPMG.082b2f20_bin.18	101236.32714576097	-0.2164832340450648	0.12382413715726094	-1.7483120740031777	0.08041000364302052	0.3057845208959935	HF_4
GRE.SIPMG.117b4f26_bin.29	22770.965983371476	-0.17614168868007832	0.3997866066721697	-0.44058926872584514	0.6595103731482312	0.9286003169460739	HF_4
GRE.SIPMG.169b2f20_bin.29	17931.78786363097	-0.18831962258254636	0.12030736641747272	-1.5653207961436677	0.1175077093295897	0.4174615989340687	HF_4
GRE.SIPMG.176b2f22_bin.12	154500.20047147662	-0.17044773796782514	0.06326443330396805	-2.6942110924928553	0.007055546407303462	0.04646335438955938	HF_4
GRE.bulkMG.LF176_bin.18	37278.778201473775	0.09533315338656405	0.0958973546046366	0.9941166133268365	0.32016609811882935	0.8078957616082609	HF_4
GRE.bulkMG.LF176_bin.7	14844.023361233267	-0.30673567823104275	0.1538737855685495	-1.993423877223028	0.04621505143762737	0.2045584243960556	HF_4
GRE.bulkMG.OX080_bin.28	27595.678761327355	-0.3496672669480366	0.3634247123160214	-0.9621449920664124	0.3359767762680725	0.8205303158313954	HF_4
GRE.bulkMG.T000H_bin.41	56003.18804341417	0.1728372290358897	0.06537098470539625	2.643944095607639	0.008194618931462271	0.051454583988251465	HF_4
GRE.bulkMG.T000H_bin.8	29322.45038116478	-0.2391558542663602	0.18002729663307693	-1.328442179264605	0.18403207307150266	0.5672694962161142	HF_4
3300047160_1000	278.9807608270643	0.043376326589265164	4.16537963603283	0.010413534990673127	0.9916913513751784	0.9955651457164877	LF_1
3300047160_1008	387.2547009756503	0.2207674378211789	3.7847826152303194	0.05833028214957184	0.9534855469050004	0.987502073336601	LF_1
3300047160_101	556.8112105778131	0.03433628415477468	0.8030793330187432	0.04275578108292982	0.9658962133152388	0.987502073336601	LF_1
3300047160_1011	1122.6516022907024	0.795962405304769	0.7681826384660332	1.0361629714701814	0.3001261183416303	0.987502073336601	LF_1
3300047160_1016	556.961777488049	0.5446962991913836	0.9702605007557086	0.5613918105159749	0.5745304656434462	0.987502073336601	LF_1
3300047160_102	652.4494606957281	1.85045282166408	3.3865152782955197	0.5464179752927141	0.5847786567821154	0.987502073336601	LF_1
3300047160_1021	159.40352262917753	-23.782248930532578	4.407693797138564	-5.395621843325824	6.828663361047472e-8	1.0323332257583532e-6	LF_1
3300047160_103	610.589894080005	0.7239757595568254	1.0299636756633963	0.7029138761524913	0.48210942304874843	0.987502073336601	LF_1
3300047160_1033	633.1043774214817	-0.651507279426759	2.328187006591255	-0.27983459987634063	0.7796044048826202	0.987502073336601	LF_1
3300047160_1039	566.1530012324906	1.129018300992808	4.164985768237485	0.2710737476230512	0.7863343122570299	0.987502073336601	LF_1
3300047160_104	143.32106401817384	-23.643583420454583	4.4077256904766635	-5.36412315120674	8.134339397742099e-8	1.1614029028998441e-6	LF_1
3300047160_1044	2364.3240723944336	1.3205772802830507	2.740156704173391	0.48193494856398095	0.6298521583207171	0.987502073336601	LF_1
3300047160_1046	2588.9338602645116	0.25728687948286766	0.2355717937719121	1.0921803300949553	0.2747538464401069	0.987502073336601	LF_1
3300047160_105	901.8952311039538	-1.417388186436796	2.0712466754875	-0.684316456948901	0.49377535725433486	0.987502073336601	LF_1
3300047160_1053	1121.0170237317932	0.5661614634563799	0.6618828232467001	0.8553802026153464	0.39234069989467163	0.987502073336601	LF_1
3300047160_1055	1238.5811490153671	0.2430976566485758	2.7411901566353922	0.08868325171098679	0.9293336432825923	0.987502073336601	LF_1
3300047160_1059	446.8530176356535	0.845817575304109	1.0209691206510525	0.8284457954661226	0.40741808041364935	0.987502073336601	LF_1
3300047160_106	669.6162252251086	-0.7923585617247968	2.2913925395118993	-0.3457978273306157	0.7294946580865529	0.987502073336601	LF_1
3300047160_1066	5877.1659708605675	0.7293416392560423	0.48145895915987935	1.5148573422098226	0.12980853517680657	0.7758324079171928	LF_1
3300047160_1073	1919.0817376147247	0.6128503758921887	0.48833664906145724	1.2549751837590657	0.20948776883933234	0.9125145185035324	LF_1
3300047160_1076	1486.646400699947	-0.370333879530096	0.6320353097923397	-0.5859385920254553	0.5579167820567739	0.987502073336601	LF_1
3300047160_1077	1807.879683349176	-0.11573167390033637	0.5251009510266875	-0.22039890362806536	0.8255604991990239	0.987502073336601	LF_1
3300047160_1081	427.7544879715272	-0.7692910704184693	2.5111484640954562	-0.3063502940657778	0.7593379496203136	0.987502073336601	LF_1
3300047160_1082	359.18342784916683	0.48096809947164293	4.165185255708698	0.11547339912731136	0.9080699038369167	0.987502073336601	LF_1
3300047160_1089	620.7813870188817	-12.359460721222407	3.6566083364912574	-3.3800340599458556	7.247684761993135e-4	0.006898722162341614	LF_1
3300047160_1090	268.1964268235912	-24.491579867831543	4.407578524213056	-5.556697341473764	2.7492685990198465e-8	5.888016916234172e-7	LF_1
3300047160_1097	1696.9374490300804	1.1825547398259495	2.7101482963691064	0.436343185135022	0.6625877537295475	0.987502073336601	LF_1
3300047160_1099	737.8034898404738	2.699554785764995	4.165053796248508	0.6481440379465211	0.5168917932323218	0.987502073336601	LF_1
3300047160_1115	535.4204570392527	-1.3497250302111297	2.3529738265655573	-0.5736251780502006	0.5662214700315411	0.987502073336601	LF_1
3300047160_1122	638.8567743325154	3.602293689353077	3.1800679724199328	1.1327725446735792	0.2573097839359951	0.987502073336601	LF_1
3300047160_1125	2296.986517444332	-0.2211559907835135	0.6153210504641932	-0.359415610138277	0.7192841986464238	0.987502073336601	LF_1
3300047160_1132	3725.489518918132	-0.6196420792420753	2.8201559582494395	-0.21971908235412158	0.8260899422358199	0.987502073336601	LF_1
3300047160_1137	7140.5216831973685	1.0089495663601684	0.7504713040344412	1.344421246936665	0.17881220700872896	0.8415171453428366	LF_1
3300047160_1171	10199.714746598904	0.0733735746428092	0.353426906361734	0.20760608013163273	0.8355365565448213	0.987502073336601	LF_1
3300047160_1176	361.24823315837364	-24.90133429503259	4.407535014712591	-5.649718995291151	1.6071032876384183e-8	4.130255449230735e-7	LF_1
3300047160_1185	730.9620633928207	-0.1283776539206311	4.164917186461476	-0.030823578998866265	0.975410236030287	0.987502073336601	LF_1
3300047160_1190	332.09780277820636	-24.777052026316298	4.4075460225662555	-5.621507273993267	1.8929852667972565e-8	4.422701941517226e-7	LF_1
3300047160_1208	992.4506461946182	-0.08244223793483704	2.1396206410400684	-0.038531240703848287	0.9692641234917957	0.987502073336601	LF_1
3300047160_1219	3911.1261041647463	0.2793146692795989	0.39302654115089586	0.7106763539726463	0.4772848158903666	0.987502073336601	LF_1
3300047160_125	2226.2310057324707	-0.18390874700787418	0.45427532003426485	-0.40483983808321883	0.685595243299072	0.987502073336601	LF_1
3300047160_1260	2999.0287914466467	0.5455728793660228	0.6173892491629216	0.8836773236750236	0.3768704248428359	0.987502073336601	LF_1
3300047160_1283	5572.04698134068	0.012585147179357195	0.2837597896740176	0.044351411430826666	0.9646242915671769	0.987502073336601	LF_1
3300047160_133	2415.4404253255616	-0.3419120971626239	0.4028225541070747	-0.8487908476736878	0.3959976838067995	0.987502073336601	LF_1
3300047160_137	198.64507773594568	1.1466726403392469	4.1656680138575375	0.2752674088584876	0.7831108015657119	0.987502073336601	LF_1
3300047160_144	322.98313377522254	-11.41676429090293	4.344052663286506	-2.628136713762937	0.008585400356243129	0.07354826305181614	LF_1
3300047160_148	1791.441682043104	-0.08554101159092357	2.8404163319282256	-0.030115659676148175	0.9759748117801427	0.987502073336601	LF_1
3300047160_152	616.6965381707112	2.447879578901514	3.3179044743463875	0.73777879918732	0.4606488785372473	0.987502073336601	LF_1
3300047160_164	1088.781113536346	0.8009080995334275	0.7440410343406906	1.076430012012883	0.2817349860568118	0.987502073336601	LF_1
3300047160_168	463.55472552695903	0.5502566099196828	0.9196972361828122	0.5983019066182188	0.5496385046534455	0.987502073336601	LF_1
3300047160_185	58.1822857596498	-22.418535618914998	4.4081881599716395	-5.085657600209886	3.663544677500024e-7	3.7661239284700247e-6	LF_1
3300047160_197	1239.9452790201476	0.36235205186326186	0.47370129157210406	0.7649378591742909	0.4443085485170596	0.987502073336601	LF_1
3300047160_203	217.10173011036986	-24.206088002191592	4.407618264283681	-5.491874874541914	3.976891181264986e-8	7.300435954179296e-7	LF_1
3300047160_205	376.90834789735925	0.6294377961489583	4.165156470844156	0.15111984400945916	0.8798811790134093	0.987502073336601	LF_1
3300047160_209	1883.233603785105	-0.10148741610870747	0.6268275375297827	-0.16190644161654347	0.8713795300750427	0.987502073336601	LF_1
3300047160_211	2164.991655454081	1.107115236502172	2.779931389039457	0.39825271978554505	0.6904439082181668	0.987502073336601	LF_1
3300047160_212	2555.8093589491064	-0.4449971486728227	0.7234664532866563	-0.6150902321057632	0.5384951324559967	0.987502073336601	LF_1
3300047160_214	271.6526575944035	0.303796213253397	3.9855206072219045	0.07622497615566395	0.9392401123925932	0.987502073336601	LF_1
3300047160_215	1382.863279549219	0.25778359069528484	0.3420773671634282	0.7535827138546941	0.45109982727864595	0.987502073336601	LF_1
3300047160_219	5747.888063695779	0.022804205780795405	0.3465438685420821	0.06580467251298722	0.9475333361744674	0.987502073336601	LF_1
3300047160_221	381.065700185913	1.8064776574062897	4.1652381262259555	0.4337033328375647	0.6645038860954624	0.987502073336601	LF_1
3300047160_228	1999.0102376562795	-0.4397591816225466	2.7391529971570003	-0.16054568039060904	0.8724512405201066	0.987502073336601	LF_1
3300047160_234	337.6709815173748	-11.481131494337765	2.1155680217982313	-5.426973453956262	5.731764911548304e-8	9.820423881786093e-7	LF_1
3300047160_250	2847.0149482290203	0.4285265394129831	0.3082243453789137	1.3903072415846212	0.16443559980461123	0.8342360579751928	LF_1
3300047160_259	112.57873785685665	-22.656661367399042	4.407811793439746	-5.140115419882379	2.7456975568659216e-7	3.2074739641570084e-6	LF_1
3300047160_262	5018.763255081447	0.09123657988027828	0.3920938704186653	0.23269065589538235	0.8160016255915941	0.987502073336601	LF_1
3300047160_267	1768.128472974236	0.8350299347441923	0.5288652773424338	1.5789086002020143	0.11435702308210868	0.7510141752949814	LF_1
3300047160_27	5447.056999421375	0.04591455357387557	0.4336317513887726	0.105883744506317	0.9156745915628751	0.987502073336601	LF_1
3300047160_283	63.1636458418116	-22.52774719394879	4.408126763542179	-5.110503486484693	3.213013819382032e-7	3.4406022982549262e-6	LF_1
3300047160_298	3160.7822177464227	1.032194941702299	0.7018844368561183	1.4706052556539193	0.14139790180112324	0.7899839296280147	LF_1
3300047160_300	1801.3570653790891	0.5498247365659531	0.5319460861707354	1.0336098917917018	0.30131857315530536	0.987502073336601	LF_1
3300047160_305	938.729313685024	-0.025988004360192597	0.4959988606695243	-0.05239529043496728	0.9582137266530942	0.987502073336601	LF_1
3300047160_311	425.8935259415821	1.0591768207588925	4.165103390759162	0.2542978460291809	0.7992654637410758	0.987502073336601	LF_1
3300047160_316	986.5572503618884	0.1498442710127416	0.36173366180148797	0.4142392230418773	0.6786989192215973	0.987502073336601	LF_1
3300047160_324	2978.5206159653103	-0.8723842953763838	0.6205877676856625	-1.4057387863601274	0.15980170502206453	0.8342360579751928	LF_1
3300047160_328	1893.847481333074	0.47109362339421773	0.5008689363384441	0.940552685974307	0.3469341381460913	0.987502073336601	LF_1
3300047160_331	5164.867246983527	0.2603310305605947	0.283121931500704	0.9195014641949324	0.3578333401245728	0.987502073336601	LF_1
3300047160_335	1906.7863418180077	0.4774526307898999	0.3443211639847893	1.3866490960485711	0.16554878971492154	0.8342360579751928	LF_1
3300047160_342	1919.085739055155	0.19320075959104654	0.36310970680278903	0.5320726931047787	0.5946756492688032	0.987502073336601	LF_1
3300047160_348	1783.6351838515398	-0.2869413400259265	0.5449450326127683	-0.5265509782705436	0.5985054420347236	0.987502073336601	LF_1
3300047160_352	2122.843641864987	-0.14689111353823708	0.35139671145882106	-0.4180207405141033	0.67593195311774	0.987502073336601	LF_1
3300047160_357	2611.1338438793887	0.4408899157940213	0.470795933798391	0.9364777478788159	0.3490272642960747	0.987502073336601	LF_1
3300047160_363	1264.8923131621461	-0.19578133768801748	0.5430770555157464	-0.36050379168033336	0.7184704216378155	0.987502073336601	LF_1
3300047160_367	1345.0918098740642	0.025933907143759514	0.4660063521919154	0.05565140265100754	0.9556195145280203	0.987502073336601	LF_1
3300047160_369	4423.2313149059355	-0.21516493203867723	0.4278074752814617	-0.50294804198341	0.6150008028669547	0.987502073336601	LF_1
3300047160_379	585.555253370034	-0.7471981675726966	2.383003148941238	-0.31355315997155725	0.7538604394673276	0.987502073336601	LF_1
3300047160_386	1246.2640255354552	1.0993688688495358	2.6564026209391605	0.41385626568191625	0.6789793745699197	0.987502073336601	LF_1
3300047160_391	4382.357204605841	0.6847020965685437	0.4256101498980533	1.6087541538484242	0.10767010926878479	0.7281899495283604	LF_1
3300047160_398	1561.1126253058596	0.6546568592515543	0.6686314623492207	0.9790996926041037	0.327530723523678	0.987502073336601	LF_1
3300047160_400	4827.08686004103	0.39524151384545597	0.5823964376450774	0.6786468602789137	0.4973616438248237	0.987502073336601	LF_1
3300047160_401	644.8159992163207	0.9524605839915434	1.3561380766727826	0.7023330443817035	0.4824714902887953	0.987502073336601	LF_1
3300047160_405	2959.492857992056	0.06927060973457116	0.4309952131953658	0.16072245726583392	0.8723120010385632	0.987502073336601	LF_1
3300047160_408	817.2736805775166	-0.028194356530868048	0.4252969305232062	-0.06629334591289657	0.9471442807650533	0.987502073336601	LF_1
3300047160_425	498.35501228957366	1.0749201135572723	3.6007127738702405	0.29852981369627274	0.7652988248446908	0.987502073336601	LF_1
3300047160_427	106.85475778869765	-23.24046576700441	4.407833509442538	-5.272537113123324	1.3455061696217552e-7	1.7289754279639553e-6	LF_1
3300047160_434	1259.0723191510303	-0.4306298729153398	0.6132453783915317	-0.7022146241767524	0.482545326829142	0.987502073336601	LF_1
3300047160_441	2355.816072543688	-27.46472678010695	4.40742884357934	-6.23146232300881	4.6210114087793435e-10	1.979333220093819e-8	LF_1
3300047160_442	4074.3340007880424	-0.3344280966593597	0.43173161030099205	-0.7746203629291937	0.4385640211687639	0.987502073336601	LF_1
3300047160_451	865.5834990189365	-0.3658921611397902	0.8752326781021414	-0.41805130257840967	0.6759096083742907	0.987502073336601	LF_1
3300047160_452	2845.858325229816	0.32945010828271376	0.43191973733315114	0.7627577065981593	0.44560790835464426	0.987502073336601	LF_1
3300047160_457	909.1423290965507	-0.33794901313247394	2.1531028168516144	-0.15695906878550353	0.8752771065612817	0.987502073336601	LF_1
3300047160_468	1177.8327865765561	0.0027766935714420454	2.7624061645239295	0.0010051720876899282	0.9991979888453371	0.9991979888453371	LF_1
3300047160_475	1681.6636938057175	-0.6687221475223017	2.730813671358973	-0.2448801815136352	0.8065492074351305	0.987502073336601	LF_1
3300047160_48	694.8015398247533	-0.23127156697935009	2.2819289060615455	-0.1013491552541438	0.9192732967915436	0.987502073336601	LF_1
3300047160_482	1690.185885517441	0.5565376210161462	0.5112325041888417	1.0886193981331231	0.2763217589341528	0.987502073336601	LF_1
3300047160_496	590.9403848801837	0.4893664494970025	0.7246415187531805	0.6753221238813466	0.4994711308220345	0.987502073336601	LF_1
3300047160_50	3535.9900525231396	0.013419705933916207	0.3603424420344435	0.03724153574069823	0.9702924208358736	0.987502073336601	LF_1
3300047160_500	4502.145697112161	0.6280648780032843	0.420914362210689	1.4921440900819296	0.135661375613921	0.7899839296280147	LF_1
3300047160_501	4309.911088534756	0.0400809368995721	0.47976774549740514	0.08354237498399918	0.933420284769555	0.987502073336601	LF_1
3300047160_502	6270.5571666507685	0.9057657282249973	0.5939740570889821	1.5249247293123886	0.12727787299841178	0.7758324079171928	LF_1
3300047160_506	975.7418346888744	0.7845724921507173	0.5568255702597065	1.4090094529688866	0.158832372971021	0.8342360579751928	LF_1
3300047160_509	426.1735261674709	-0.04462276695301484	2.56918030668115	-0.017368483962364727	0.9861426515164515	0.993877103685208	LF_1
3300047160_518	770.3747295921397	0.036318138686711715	0.593691357125512	0.06117343338557936	0.9512210871840874	0.987502073336601	LF_1
3300047160_520	569.5727827091225	-0.5294833457301642	3.555931535424834	-0.14890144550179193	0.8816314005858751	0.987502073336601	LF_1
3300047160_524	4487.990382822502	-1.1455518784957326	2.8340762431288065	-0.4042064433774897	0.6860609159508357	0.987502073336601	LF_1
3300047160_525	511.28829391148213	-0.4650218300079478	2.419647368701186	-0.19218578542606454	0.847596679945143	0.987502073336601	LF_1
3300047160_526	3226.097103961365	-0.07018639284530404	0.34781045783437825	-0.2017949468291309	0.8400770321329706	0.987502073336601	LF_1
3300047160_527	443.36192636972464	-0.2580624203463451	3.688916595586934	-0.069956154784054	0.9442285575088958	0.987502073336601	LF_1
3300047160_530	990.3064623360827	1.3893018578872696	4.16483610873795	0.33357899845625927	0.738697268163005	0.987502073336601	LF_1
3300047160_533	407.0657439569435	-25.060376583693905	4.4075208977644955	-5.685821386894521	1.3018540544490428e-8	3.7175165777044895e-7	LF_1
3300047160_534	426.0751847414357	-1.3781819553975023	2.4530199397308485	-0.5618307185667312	0.5742313605558461	0.987502073336601	LF_1
3300047160_538	1257.264473013884	-0.1516341348374304	0.5675198155385235	-0.2671873839216411	0.7893248893373082	0.987502073336601	LF_1
3300047160_540	1044.6067480741956	-0.15159404993573353	0.6494449923605077	-0.23342092358698716	0.8154345671933699	0.987502073336601	LF_1
3300047160_546	2421.332293923813	0.6266186591868477	0.6874692817872043	0.9114860485952708	0.3620393332486181	0.987502073336601	LF_1
3300047160_547	1234.0840263737314	1.0221252659544553	0.7562008920145794	1.351658371139225	0.17648462797682984	0.8415171453428366	LF_1
3300047160_55	4734.49976267764	0.663317459082689	0.49483790561244834	1.3404742271344752	0.18009121787492613	0.8415171453428366	LF_1
3300047160_552	1317.0954678998296	0.24286464510947925	0.35800764459900086	0.6783783775944461	0.4975318150914572	0.987502073336601	LF_1
3300047160_564	1344.4545800542087	-0.2603268525333464	0.6133911687982646	-0.4244059350306103	0.6712697930917086	0.987502073336601	LF_1
3300047160_567	2378.0155547625727	-0.41286616603600745	0.5263805198504573	-0.7843492501456952	0.4328352082406309	0.987502073336601	LF_1
3300047160_568	644.3778576266004	-0.9149421546481589	2.2692061533454724	-0.4031992215864861	0.6868016722878079	0.987502073336601	LF_1
3300047160_571	678.3025817111059	-12.487450116239796	1.7608427806583475	-7.091746210056846	1.3243021153488823e-12	8.508641091116569e-11	LF_1
3300047160_581	1136.7201434569572	1.455186927254579	2.6383692517564947	0.5515478647599414	0.5812581643662794	0.987502073336601	LF_1
3300047160_590	599.6082437720607	-2.29886928866298	2.2899177514715703	-1.0039091086069172	0.31542242575594664	0.987502073336601	LF_1
3300047160_597	3976.061368546586	0.5145137319511954	0.26684897589357837	1.9281083250489515	0.05384165370162125	0.3843695833699073	LF_1
3300047160_598	279.57990952393317	-1.793757617379846	3.9017634385116615	-0.45972997739301175	0.6457100495198962	0.987502073336601	LF_1
3300047160_603	833.2798949296745	1.9367765407883	4.164911927482822	0.46502220803474315	0.641915553000065	0.987502073336601	LF_1
3300047160_607	2095.5359732594547	-0.23467596947430344	0.5584358414596542	-0.42023801491842155	0.6743115864582616	0.987502073336601	LF_1
3300047160_614	453.0904966558213	-0.2620646416769538	2.4880519161959334	-0.10532924975200408	0.916114554115273	0.987502073336601	LF_1
3300047160_617	4928.816359792555	-0.09644437363970294	0.33616829926870595	-0.2868931242163707	0.7741941553744485	0.987502073336601	LF_1
3300047160_618	225.5444481449994	0.1782350073062294	4.165543475138428	0.042787935924809034	0.9658705809204361	0.987502073336601	LF_1
3300047160_624	568.5806094653491	1.0031382136346731	3.5254005036071194	0.2845458870866678	0.7759920738001957	0.987502073336601	LF_1
3300047160_627	1079.0739428745696	-0.362569014416761	0.5855380708903749	-0.6192065596442516	0.535780291069011	0.987502073336601	LF_1
3300047160_628	597.5821623350683	-0.7770277929879589	2.336171447736938	-0.3326073494052288	0.7394306949370952	0.987502073336601	LF_1
3300047160_642	1223.4187099350731	-0.2103431195345532	0.6159524637637408	-0.3414924558451542	0.7327328832813582	0.987502073336601	LF_1
3300047160_649	4194.83069179909	1.4902619577870426	0.721835606387905	2.064544814080833	0.03896608948106462	0.28612242847524594	LF_1
3300047160_653	2822.8877656034206	0.9015105171393948	0.6571122981831246	1.3719276288573756	0.17008596840289059	0.8406171899912093	LF_1
3300047160_663	369.95043235536366	-0.6073201915045189	2.640977306230946	-0.22996039764205778	0.8181225431523436	0.987502073336601	LF_1
3300047160_666	1127.1143184071418	0.02775901672003543	0.47608455427412466	0.05830690466814025	0.9535041677442853	0.987502073336601	LF_1
3300047160_667	1499.1161239535072	0.08234107010804738	0.4568317543440115	0.1802437534717463	0.8569612105745312	0.987502073336601	LF_1
3300047160_668	1304.8398777573227	-0.2628507156953523	0.5100258333958108	-0.515367454909611	0.6062962701906576	0.987502073336601	LF_1
3300047160_669	1088.0018066690088	-0.7296113979048315	2.6220762158208615	-0.2782571282644509	0.7808149836607228	0.987502073336601	LF_1
3300047160_673	456.22687664554604	-11.915092483965731	3.9981668536847947	-2.9801388786424785	0.002881177268840955	0.026445091360433052	LF_1
3300047160_674	608.3289415404453	-1.6827168205538543	2.2645102821304124	-0.7430819960644132	0.45743203904250496	0.987502073336601	LF_1
3300047160_676	223.88615917631893	-24.250840400426625	4.407611942013436	-5.502036186368219	3.7542987179332896e-8	7.300435954179296e-7	LF_1
3300047160_679	1132.553916820226	-0.3289691622798609	0.5676645303956895	-0.5795133299072844	0.562242854896559	0.987502073336601	LF_1
3300047160_68	345.40109606234563	1.1804242506057916	4.165224376625844	0.28339991891673966	0.7768702905353865	0.987502073336601	LF_1
3300047160_680	1571.3557547501523	0.7291478400842022	0.6487874143288629	1.1238624917508118	0.26107136558748617	0.987502073336601	LF_1
3300047160_682	993.1037931897802	-13.037464793293124	1.5883431935279997	-8.208216490250157	2.244981643208026e-16	2.8848014115223134e-14	LF_1
3300047160_683	457.8990322571888	1.8045268289921919	4.165133823186747	0.4332458224863342	0.6648361926984195	0.987502073336601	LF_1
3300047160_685	194.75692362455	0.226992331079966	4.165683995249984	0.054491010681270866	0.9565439703875833	0.987502073336601	LF_1
3300047160_690	192.0775794452115	0.26886135040888964	4.112977315085712	0.06536903313878033	0.9478801793033447	0.987502073336601	LF_1
3300047160_692	5553.88682722804	0.5516482933454173	0.3725619150712803	1.4806889030508483	0.13868949239692357	0.7899839296280147	LF_1
3300047160_693	1498.7664511941514	-0.12967296390033087	0.5136055556250632	-0.2524757812296589	0.8006733316554223	0.987502073336601	LF_1
3300047160_701	681.2163082888004	-1.3779384139606101	2.2064600000709604	-0.6245018780835797	0.5322980373209356	0.987502073336601	LF_1
3300047160_709	1028.9862184499848	0.24609133320263823	0.6710033455890961	0.366751276011279	0.7138045548666104	0.987502073336601	LF_1
3300047160_715	743.2122880032384	-1.471098443169865	2.180929808603764	-0.6745281014392964	0.49997562606200013	0.987502073336601	LF_1
3300047160_716	2052.022728592498	0.12095540297389212	0.370263918102764	0.32667348088808873	0.7439148599373484	0.987502073336601	LF_1
3300047160_718	38.25684543100262	-21.848970806402647	4.40859361109312	-4.95599566070803	7.196082191344763e-7	7.1130504737523244e-6	LF_1
3300047160_723	3472.6657482130795	0.4474873492845727	0.28539376124206367	1.5679647212225687	0.11688936580466637	0.7510141752949814	LF_1
3300047160_725	879.7830296223492	0.20486388731010866	0.579297192726879	0.35364211993807426	0.7236071043998367	0.987502073336601	LF_1
3300047160_726	1234.946138718831	0.12480636075162471	0.451253505108894	0.2765770444741634	0.7821048931934333	0.987502073336601	LF_1
3300047160_73	801.6177443124882	0.5062887775837048	0.42022096345902915	1.2048156127581369	0.2282744913978867	0.9333918992084854	LF_1
3300047160_731	2013.8370871575196	-0.29258041272016183	0.6264532340622047	-0.4670427045654131	0.6404693251593667	0.987502073336601	LF_1
3300047160_732	68.34426032725987	-22.59487164398834	4.4080723559844355	-5.125794183780435	2.962861350124403e-7	3.3106755086172676e-6	LF_1
3300047160_735	667.5098366154646	0.5678540856015509	2.3914237277175876	0.2374543996615438	0.8123042913970917	0.987502073336601	LF_1
3300047160_740	505.7751722093227	-0.41339325871725097	2.4246066695411157	-0.17049910152869882	0.8646176408949179	0.987502073336601	LF_1
3300047160_742	151.89309109073102	-10.328361139780517	4.407707831948381	-2.3432499461324263	0.01911657167859754	0.14843437589229994	LF_1
3300047160_743	1386.425135961606	0.06671812441425047	0.5131836495496938	0.13000828158261474	0.8965598745477171	0.987502073336601	LF_1
3300047160_747	493.0479568795778	-0.7242117307594702	2.4862589994594746	-0.2912857151716364	0.7708328116496832	0.987502073336601	LF_1
3300047160_750	4373.838378502956	0.3777978173182618	0.36936694015842	1.0228252077899171	0.30639049718915923	0.987502073336601	LF_1
3300047160_757	1083.7412862130977	0.7483201301558194	0.7402068924785002	1.010960770238376	0.3120352062464597	0.987502073336601	LF_1
3300047160_760	653.8990002839187	0.2997300099062992	2.374639757403412	0.12622125481215887	0.8995567870134688	0.987502073336601	LF_1
3300047160_761	585.5494342817584	-0.1839750189390064	0.7211606603266636	-0.25510961573482305	0.7986384375494981	0.987502073336601	LF_1
3300047160_766	1982.327122917534	0.620699599520958	0.5895948296861927	1.0527561780881296	0.29245275396605697	0.987502073336601	LF_1
3300047160_774	1240.962937410942	0.04187917107119808	0.6483542943872787	0.06459303413849617	0.9484980310811134	0.987502073336601	LF_1
3300047160_78	1707.7428121836988	0.21864253619623875	0.3397932114207692	0.6434576349599039	0.5199271958930528	0.987502073336601	LF_1
3300047160_780	329.1401641230685	0.3443996821748707	4.165242163839218	0.08268419184958699	0.9341026549028204	0.987502073336601	LF_1
3300047160_79	8620.321473738291	-0.02672552263216429	0.3574396698572553	-0.07476932440889177	0.9403982490525596	0.987502073336601	LF_1
3300047160_791	1658.5977800964251	-0.09435666476663768	0.39271312155414684	-0.2402686836467925	0.810121970831126	0.987502073336601	LF_1
3300047160_792	2966.403778901452	0.1561473866906118	0.3373966558423963	0.462800635355292	0.64350727578409606	0.987502073336601	LF_1
3300047160_797	3470.955471117633	0.28636569175408644	0.45761066074169976	0.6257845726101358	0.5314562521648308	0.987502073336601	LF_1
3300047160_800	19767.712408022453	0.7118040507175568	0.3915487737467427	1.8179192438946525	0.0690764765755927	0.47980147243046817	LF_1
3300047160_807	1881.64489893242	-13.959436396944286	1.5849686005030843	-8.807389870381929	1.2809355473284664e-18	3.2920043566341587e-16	LF_1
3300047160_809	117.87945502086488	-23.365634451209083	4.407793876979773	-5.300981648266014	1.1518166789112558e-7	1.557983613053646e-6	LF_1
3300047160_846	2899.7621262659272	0.8704821212932259	0.7596051414784983	1.1459665999612854	0.25180897219832293	0.987502073336601	LF_1
3300047160_874	162.99010188833404	-23.817637731428274	4.407687544269911	-5.403658379186092	6.52952487748322e-8	1.0323332257583532e-6	LF_1
3300047160_877	2679.584569238918	-0.16199787954178238	0.43811681468192365	-0.3697595575266705	0.7115616512451468	0.987502073336601	LF_1
3300047160_881	75.51741884557286	-22.770516143387002	4.408009441824189	-5.165714013072478	2.395227871080958e-7	2.9313026803228866e-6	LF_1
3300047160_882	4898.645347247542	-0.027985228598796544	0.5450053961277979	-0.051348534890899154	0.9590477938371252	0.987502073336601	LF_1
3300047160_884	1659.7593413822888	-0.5472273128750683	0.6810282710771659	-0.8035309782507739	0.42166789900042223	0.987502073336601	LF_1
3300047160_888	615.4554391922736	-1.1524974124327725	2.34425458325664	-0.4916263876219972	0.6229834856824994	0.987502073336601	LF_1
3300047160_890	1649.965345678078	0.09769811700463463	0.4490302879905085	0.21757578412327444	0.8277596539528526	0.987502073336601	LF_1
3300047160_891	324.81211538264915	-1.3664294708424058	2.5299337328667373	-0.5401048466570179	0.5891247284489113	0.987502073336601	LF_1
3300047160_892	2518.7006169361694	0.4655883156787797	0.4361644538533513	1.0674604763535394	0.2857639519971787	0.987502073336601	LF_1
3300047160_893	2855.8623462184287	1.5717477341339816	4.164696347432412	0.37739791884298696	0.7058779132638764	0.987502073336601	LF_1
3300047160_895	578.0402323240857	0.8772805775782224	2.3810570076935793	0.3684416520661149	0.7125439445448534	0.987502073336601	LF_1
3300047160_897	784.1805923651358	-0.07678761222774373	0.5176710177683831	-0.1483328399545445	0.8820800994860174	0.987502073336601	LF_1
3300047160_900	2260.6286858926314	0.33354065298203667	0.32138543991762475	1.0378212935456175	0.2993532614584666	0.987502073336601	LF_1
3300047160_901	930.7612422116539	0.42971455906229056	0.672453764785544	0.6390246907151055	0.5228068697083643	0.987502073336601	LF_1
3300047160_903	147.3055869715025	-10.28412072142456	4.407717118279189	-2.3332079726204324	0.019637232608319836	0.14843437589229994	LF_1
3300047160_904	1073.0875001608501	0.8450861531002489	2.6813819269603876	0.3151681394594309	0.7526339947674363	0.987502073336601	LF_1
3300047160_906	355.7164269834103	-0.6048913050826693	2.6056840994102473	-0.23214299278242373	0.8164269534001857	0.987502073336601	LF_1
3300047160_909	4524.047395260144	0.6391712464393234	0.5063312407108496	1.2623579093045432	0.20682002763883758	0.9125145185035324	LF_1
3300047160_912	609.2345558529596	-12.332522164322823	1.7568088900862926	-7.0198427580344624	2.2211807606912893e-12	1.1416869109953227e-10	LF_1
3300047160_916	443.19158849866506	-11.873454457051581	1.9823761744049102	-5.989506235170464	2.1047906283685594e-9	7.727588449867425e-8	LF_1
3300047160_919	153.21369903990802	-10.34085658698527	4.407705260238373	-2.3460862232031428	0.018971718086621833	0.14843437589229994	LF_1
3300047160_920	3580.8133548624814	-0.09885205858926395	0.6773544923705846	-0.14593844095328065	0.8839699849491967	0.987502073336601	LF_1
3300047160_923	391.8156773787035	-1.1779794735777265	2.469134332572489	-0.47708197080976084	0.6333037524704657	0.987502073336601	LF_1
3300047160_924	942.8746069959143	-0.3642348374055068	2.1397111524976435	-0.17022617140652022	0.864832270275647	0.987502073336601	LF_1
3300047160_927	7883.255954208526	-0.14909169746988904	0.44160282362615133	-0.3376149098088782	0.7356534048800569	0.987502073336601	LF_1
3300047160_928	3042.9607270951055	0.36433647891567744	0.5039539098523542	0.7229559525045035	0.4697069461493183	0.987502073336601	LF_1
3300047160_929	525.1143314451072	-1.0597267707354787	2.369358415229567	-0.44726317636194435	0.6546850512242643	0.987502073336601	LF_1
3300047160_93	627.4953047812174	-0.9340968345525679	2.310512201254995	-0.40428128189290535	0.6860058883572294	0.987502073336601	LF_1
3300047160_930	1619.2226348960642	-0.7758963869799043	0.5973959896364811	-1.2987974483257607	0.19401345058203068	0.8859620002563766	LF_1
3300047160_931	433.796764259871	2.2534546403322344	3.5921849665685124	0.6273214384294026	0.530448553266003	0.987502073336601	LF_1
3300047160_933	479.62872275424644	-1.9081449446639627	2.3552597814674567	-0.8101632608336237	0.417846349776228	0.987502073336601	LF_1
3300047160_935	2217.906348663903	1.3418038539026267	1.0388734628861684	1.2915950804777183	0.19649740861717302	0.8859620002563766	LF_1
3300047160_937	917.2621175060825	-0.2641593303941961	2.1547297532608605	-0.12259510966256003	0.9024277271556881	0.987502073336601	LF_1
3300047160_939	995.807684795012	2.017647083700824	4.16486990245745	0.4844442037698048	0.6280706536259257	0.987502073336601	LF_1
3300047160_946	1039.5458981039512	-0.3915597672045486	0.7186301768066868	-0.5448696420521721	0.5858431768082644	0.987502073336601	LF_1
3300047160_949	555.1490476864259	-0.28435015134882763	0.6337685023311822	-0.4486656410075702	0.6536728740022413	0.987502073336601	LF_1
3300047160_950	443.0925563742837	0.7901275287180065	0.9528102419107042	0.8292601128358316	0.4069572361292792	0.987502073336601	LF_1
3300047160_956	451.3112234438589	-25.20643118918473	4.407509990198676	-5.718973126603964	1.0716974114363565e-8	3.4428279342392954e-7	LF_1
3300047160_957	2297.8165246360695	0.4433337097009873	0.2898551762624189	1.5295007507460117	0.12614035309273475	0.7758324079171928	LF_1
3300047160_962	1636.7562453618252	0.18829873804247035	0.4706441601160544	0.40008727187019266	0.6890922386536136	0.987502073336601	LF_1
3300047160_964	990.8265377767186	1.3564632809862869	4.164834806384208	0.3256943778194963	0.7446555983549044	0.987502073336601	LF_1
3300047160_967	1772.4207547580888	0.5995514760288216	0.4281212461497207	1.400424485869008	0.1613862418479299	0.8342360579751928	LF_1
3300047160_97	1587.4716499887586	0.5791494304539945	0.6189119366156038	0.9357541779222377	0.34939976887491764	0.987502073336601	LF_1
3300047160_971	685.4055528782026	-12.502540542910772	1.731695544026861	-7.219826017359574	5.205412923473693e-13	4.459303737775797e-11	LF_1
3300047160_972	1281.5783376809902	-0.1422635488399774	0.5215585178995141	-0.27276622652606464	0.785032922733512	0.987502073336601	LF_1
3300047160_984	422.863344847494	0.2659935588751174	2.6047039093246327	0.10212045903677636	0.9186610619453658	0.987502073336601	LF_1
3300047160_99	1017.1355171224805	0.06134194037787414	0.4677935599351923	0.13113036525422112	0.895672180556954	0.987502073336601	LF_1
3300047160_990	303.0660079819253	-11.324932189191431	4.407559079000046	-2.5694340078501563	0.010186479134983505	0.08444919799002455	LF_1
3300047160_991	1633.521748671301	0.30121682564102487	0.2993068953868391	1.0063811769244986	0.3142322446960241	0.987502073336601	LF_1
3300047160_992	856.0897986258212	-0.19694360947675288	0.5377783912482011	-0.3662170378762158	0.7142031295945787	0.987502073336601	LF_1
3300047160_996	922.2018508670981	-0.39844703390527275	0.5162930463105709	-0.7717458849244134	0.44026494839835145	0.987502073336601	LF_1
3300047160_998	818.8917786137162	-0.38577414574931473	2.2009888276954976	-0.17527310493131035	0.8608650437793587	0.987502073336601	LF_1
GRE.SIPMG.052b4f26_bin.20	37124.48023013877	-0.17756634375559516	0.3244095268098537	-0.5473524329008753	0.5841366279764209	0.987502073336601	LF_1
GRE.SIPMG.066b5f18_bin.18	746.469312524295	-12.625356320454374	4.407470297519506	-2.8645357695455913	0.004176209853433688	0.037009859735601995	LF_1
GRE.SIPMG.082b2f20_bin.18	123548.50144354098	-0.08361493249954144	0.28583715213858985	-0.2925264678644722	0.7698841260091553	0.987502073336601	LF_1
GRE.SIPMG.117b4f26_bin.29	14962.784144259174	0.7577446250910392	0.629651612644336	1.2034347405365222	0.22880813093437583	0.9333918992084854	LF_1
GRE.SIPMG.169b2f20_bin.29	20979.84746465438	-0.05329595822107966	0.3076660376701276	-0.17322665388963843	0.8624732735642943	0.987502073336601	LF_1
GRE.SIPMG.176b2f22_bin.12	183548.99238947075	-0.012820990169662585	0.2811905015475853	-0.04559538853232891	0.9636327447695809	0.987502073336601	LF_1
GRE.bulkMG.LF176_bin.18	33475.46370149552	0.425186415828024	0.3508587368049436	1.2118450282867037	0.22557170814743324	0.9333918992084854	LF_1
GRE.bulkMG.LF176_bin.7	18111.938030745623	-0.08593906569273461	0.34222715447521546	-0.25111702729877455	0.8017236317347456	0.987502073336601	LF_1
GRE.bulkMG.OX080_bin.28	32207.405519468524	-0.185483560770387	0.3968237390972742	-0.46742052577887494	0.6401990401330895	0.987502073336601	LF_1
GRE.bulkMG.T000H_bin.41	48826.31899380992	0.3523519911526113	0.2856758624765425	1.2333978380184072	0.21742737122561404	0.9313139067497134	LF_1
GRE.bulkMG.T000H_bin.8	35882.47581956807	-0.15549801972513955	0.32670663774285186	-0.475956107899867	0.6341056480992591	0.987502073336601	LF_1
3300047160_1000	447.230587039681	0.49141236964859175	2.4156165312413123	0.20343144836654592	0.8387978214409874	0.9997322423542595	LF_2
3300047160_1008	592.736009036179	0.7927864122406209	2.2655169599093914	0.34993620717468743	0.726386573467003	0.9997322423542595	LF_2
3300047160_101	573.7114466373539	-0.2820357528601924	0.5460928964888854	-0.5164611271700229	0.6055323821827725	0.9997322423542595	LF_2
3300047160_1011	1400.3509571051738	0.25819806821778074	0.3767965536376521	0.6852453020737498	0.49318914131724495	0.9997322423542595	LF_2
3300047160_1016	694.7020494551631	-0.14680096381996793	0.2819723816952818	-0.520621781953847	0.6026302724637974	0.9997322423542595	LF_2
3300047160_102	920.2509171778709	1.1584437375680148	2.1764861988881745	0.5322541159047038	0.5945500068507615	0.9997322423542595	LF_2
3300047160_103	708.220032135033	0.34373664532286635	0.506341617711065	0.6788631100021758	0.49722460170158345	0.9997322423542595	LF_2
3300047160_1033	591.242515136613	-0.8122166480353353	2.284571276942881	-0.3555225683841259	0.7221981406814555	0.9997322423542595	LF_2
3300047160_1039	631.6968587190931	2.6103978609250436	3.3764057756322177	0.7731291895554994	0.4394459277325882	0.9997322423542595	LF_2
3300047160_104	177.92362229417944	-24.0295017367352	4.4076759387068085	-5.451739663008289	4.9879441106733104e-8	3.373652019532276e-6	LF_2
3300047160_1044	3165.786189035483	0.6699042891017468	0.5530268069263851	1.2113414407973169	0.22576457248523585	0.9997322423542595	LF_2
3300047160_1046	2470.608176871686	0.17826848101048712	0.3035996197991818	0.5871828203487346	0.5570809291321754	0.9997322423542595	LF_2
3300047160_105	1168.3793113669406	-0.44592478162243393	0.12584901396325432	-3.54333154928521	3.9510563350869215e-4	0.008560622059354997	LF_2
3300047160_1053	1332.1683535907432	0.27491149446082125	0.5620632407580274	0.4891113215126139	0.6247628865736543	0.9997322423542595	LF_2
3300047160_1055	1426.2705733386083	-0.4379362872788612	2.211300219809022	-0.19804469938355243	0.8430100912341747	0.9997322423542595	LF_2
3300047160_1059	532.0696552315079	0.09999306287273924	0.47866451267890486	0.20890009646446475	0.8345262288544041	0.9997322423542595	LF_2
3300047160_106	558.4957685925953	-0.6114897205905021	2.324195641773837	-0.2630973527356803	0.7924755443020992	0.9997322423542595	LF_2
3300047160_1066	6864.074938759775	0.3364325934774923	0.4053442105179318	0.829992349089217	0.40654310941039357	0.9997322423542595	LF_2
3300047160_1071	36.995662212828464	8.969022213736809	4.32928140106812	2.0717115342800243	0.03829235102828422	0.47409577463589986	LF_2
3300047160_1073	1960.692259771223	0.45739181119858013	0.4863302475693225	0.9404963262816232	0.34696303317898924	0.9997322423542595	LF_2
3300047160_1076	1307.3216600380056	-0.2337345532354459	0.4525954009085593	-0.516431569490625	0.6055530214166207	0.9997322423542595	LF_2
3300047160_1077	1433.667356305632	0.11922255150917112	0.38129884934508584	0.31267482635719013	0.7545277229214055	0.9997322423542595	LF_2
3300047160_1081	398.18956053983607	0.10327283170474325	0.7110137747797737	0.1452473009214632	0.884515621141962	0.9997322423542595	LF_2
3300047160_1082	607.5853966712616	0.9022263101416808	2.332588801123665	0.3867918381958519	0.6989103200283087	0.9997322423542595	LF_2
3300047160_1085	175.58597274236666	11.215852294903375	2.9298348639406107	3.8281516931019515	1.2910917824888793e-4	0.0030516714858828055	LF_2
3300047160_1089	632.4129252568616	0.15208029012608618	3.5184214236192424	0.04322401208256855	0.9655229640993137	0.9997322423542595	LF_2
3300047160_1090	352.63035879617036	-0.27069100479685265	3.7599115404976766	-0.07199398227358905	0.9426066968755229	0.9997322423542595	LF_2
3300047160_1097	2170.1682508573135	0.8448652530741326	2.1579244554080033	0.39151753016969826	0.6954147335261986	0.9997322423542595	LF_2
3300047160_1099	786.6151269921647	3.802211707987625	3.097967382594174	1.2273246417474324	0.21970059748400442	0.9997322423542595	LF_2
3300047160_1115	459.8908938814723	0.37897065189069085	0.791245968264278	0.478954291194712	0.6319711465324471	0.9997322423542595	LF_2
3300047160_1122	627.2810317524787	4.52825273827647	3.064499789181106	1.477648245975735	0.13950195361644813	0.9997322423542595	LF_2
3300047160_1125	2006.972003693242	0.0017907578103817	0.49227075166467155	0.0036377497633691244	0.9970975020293122	0.9997322423542595	LF_2
3300047160_1132	3638.58114158119	0.26381132492362247	0.3851230813875101	0.6850052299466726	0.4933406207318768	0.9997322423542595	LF_2
3300047160_1137	8230.634126925439	0.7409732050653659	0.5023880469772761	1.4749021389413777	0.140238855209683	0.9997322423542595	LF_2
3300047160_1155	173.8786696256638	-23.99520278419011	4.4076821344476	-5.443950369437733	5.211174506472113e-8	3.373652019532276e-6	LF_2
3300047160_1171	10074.670144788448	-0.05490094835768964	0.21127524757142668	-0.25985508945684255	0.7949755548748845	0.9997322423542595	LF_2
3300047160_1176	506.0138052125338	-0.19084676785025556	3.6144764876312534	-0.052800666570479465	0.9578907303968374	0.9997322423542595	LF_2
3300047160_1185	979.4857116576244	1.0286374425871092	2.1824543051292142	0.4713214110231773	0.637411227981611	0.9997322423542595	LF_2
3300047160_1190	1043.277026144784	0.7047688417374273	2.210718315749015	0.318796310102784	0.7498809765186829	0.9997322423542595	LF_2
3300047160_1208	990.3389835607289	-0.2721428520715732	2.2375312520650583	-0.12162639150644604	0.9031949112568476	0.9997322423542595	LF_2
3300047160_1219	4157.220655556224	0.017822081444208767	0.2929035038101499	0.06084625554961075	0.9514816519381352	0.9997322423542595	LF_2
3300047160_125	1912.978763792243	1.479309303302332e-4	0.44081580876565307	3.3558444907967535e-4	0.9997322423542595	0.9997322423542595	LF_2
3300047160_1260	3694.473387720739	0.06627519574826173	0.4165715557947632	0.15909678619755363	0.8735926202144381	0.9997322423542595	LF_2
3300047160_1283	5553.132656794442	-0.11856768561751849	0.2123097776102745	-0.558465497689733	0.5765265582303701	0.9997322423542595	LF_2
3300047160_133	2279.3388632880938	-0.4126184182506362	0.2740810085844901	-1.5054615435838914	0.1322054567135399	0.9997322423542595	LF_2
3300047160_137	192.14555354409651	2.203252556494945	3.810011203958014	0.5782798103601652	0.5630752229945621	0.9997322423542595	LF_2
3300047160_144	366.3284143319039	-0.9275075518324724	2.4300335649165548	-0.3816850784381335	0.7026949693364533	0.9997322423542595	LF_2
3300047160_148	2667.0977273715653	-0.25192193017889075	0.5115996528282615	-0.49242005694530494	0.6224224232950334	0.9997322423542595	LF_2
3300047160_152	612.32958191344	2.2424948995954224	3.3691124388708196	0.6656040545642963	0.5056642141249359	0.9997322423542595	LF_2
3300047160_164	1392.5222942669438	0.1996516478148823	0.28339937461075915	0.7044886675882686	0.4811285049427672	0.9997322423542595	LF_2
3300047160_168	488.21539437737573	0.2785193534024263	0.5855388595131287	0.4756633123103275	0.634314262155375	0.9997322423542595	LF_2
3300047160_197	1153.2814981235695	0.42770734004362937	0.4495954987735139	0.9513158855246663	0.3414440452873135	0.9997322423542595	LF_2
3300047160_203	707.8627306203932	-0.4338332971542258	3.4437224075616224	-0.12597801036507114	0.8997493310673853	0.9997322423542595	LF_2
3300047160_205	587.4065266479599	1.3815542960912452	3.470222864824157	0.39811687891730013	0.6905440329967223	0.9997322423542595	LF_2
3300047160_209	1753.5600061823673	-0.22231282621165177	0.5715988352089043	-0.38893155919466194	0.6973267756963717	0.9997322423542595	LF_2
3300047160_211	2997.2858622232593	0.6916365312630385	0.6526132414130952	1.0597954306986581	0.2892376760259185	0.9997322423542595	LF_2
3300047160_212	2391.9430030182884	-0.4629515589827622	0.5808367819684344	-0.7970424280188256	0.4254263907026097	0.9997322423542595	LF_2
3300047160_214	191.97777112319108	2.462922077306072	3.795031347309178	0.648985963990094	0.5163474486192785	0.9997322423542595	LF_2
3300047160_215	1375.642647396251	-0.021562044074368725	0.22763771131412683	-0.09472087884688998	0.9245365336180255	0.9997322423542595	LF_2
3300047160_219	5468.540009234338	-0.10773784630746312	0.20172305886777162	-0.534087907015552	0.5932807160085314	0.9997322423542595	LF_2
3300047160_221	265.86484142966435	25.011894497239897	4.328168053821117	5.778863987307097	7.520669223138714e-9	9.776869990080328e-7	LF_2
3300047160_228	2346.6956712815963	0.17023788426494701	0.34905798886144324	0.48770659803612765	0.62575767758601	0.9997322423542595	LF_2
3300047160_234	318.7051511038636	0.18573102877396658	3.8027751717378413	0.04884091758942689	0.961046073546712	0.9997322423542595	LF_2
3300047160_250	3159.2197344357287	0.13209998268464154	0.22562439264583634	0.5854862638544561	0.558220800107204	0.9997322423542595	LF_2
3300047160_262	5173.110220952033	-0.14072857753317247	0.27812967687540063	-0.5059818826748844	0.6128693682456514	0.9997322423542595	LF_2
3300047160_267	2068.1524959141375	0.5410989285602915	0.4361548314084402	1.240612024892545	0.21474910760080612	0.9997322423542595	LF_2
3300047160_27	4969.6325505882505	0.08328405628166173	0.25161877937716337	0.3309930065149203	0.7406497680987785	0.9997322423542595	LF_2
3300047160_283	64.26672644739591	-22.273845469928418	4.4081467381262724	-5.05288203708848	4.351927020502717e-7	1.1634416791143776e-5	LF_2
3300047160_298	3704.810699341671	0.7044628953226134	0.48783941827135524	1.444046686138765	0.1487258433110185	0.9997322423542595	LF_2
3300047160_300	1773.214746333609	0.39356896262722907	0.4465417744906877	0.8813709827621887	0.378117057953807	0.9997322423542595	LF_2
3300047160_301	499.7591629216416	-1.363526273402126	4.165227949971745	-0.3273593401800196	0.7433961155476976	0.9997322423542595	LF_2
3300047160_305	973.1051720190062	-0.2635645441708498	0.3196332253807667	-0.8245843149030441	0.4096076293506164	0.9997322423542595	LF_2
3300047160_311	509.2045607935353	0.4224055735517928	3.6118072679423467	0.11695130504359333	0.9068986415246543	0.9997322423542595	LF_2
3300047160_316	937.0509548437087	0.04792708206240694	0.16828424297388397	0.28479839357178993	0.7757986030260199	0.9997322423542595	LF_2
3300047160_324	2987.821443069012	-0.9317776262131688	0.36040102831521575	-2.5853911421090974	0.009726858233429187	0.1580614462932243	LF_2
3300047160_328	2017.5492827799862	0.1174227117691792	0.40097260489862135	0.2928447238904698	0.7696408413033057	0.9997322423542595	LF_2
3300047160_331	5087.180816814713	0.06818880866208768	0.1237983601034517	0.5508054275121732	0.5817670631461742	0.9997322423542595	LF_2
3300047160_335	2161.533023904819	0.1028694895975326	0.30255768626565344	0.33999959104397215	0.7338568359022495	0.9997322423542595	LF_2
3300047160_342	2052.6751966563747	-0.051951979049536766	0.22263674777978854	-0.23334862536225515	0.8154907030068524	0.9997322423542595	LF_2
3300047160_343	271.4251980815664	-23.82214491484133	4.407584098992909	-5.404807799421108	6.487792345254377e-8	3.373652019532276e-6	LF_2
3300047160_348	1655.1311248455472	-0.26470622946747124	0.3503133008285242	-0.7556271167592435	0.4498727930618194	0.9997322423542595	LF_2
3300047160_352	1978.2289288751606	-0.1708047701304446	0.08823194477357024	-1.9358608786056015	0.05288474230872138	0.6250015000121618	LF_2
3300047160_357	3016.648690565463	0.05838334868468157	0.42358701299411083	0.13783082789059276	0.8903741197437582	0.9997322423542595	LF_2
3300047160_363	1131.8964367548913	-0.2887142391988542	0.3866753596913417	-0.7466579702138672	0.4552700462345169	0.9997322423542595	LF_2
3300047160_367	1163.9394825862832	0.20711144785539307	0.33768976689372127	0.6133186971003945	0.5396656329256367	0.9997322423542595	LF_2
3300047160_369	3935.809148060022	-0.14890998925612645	0.2970244597012476	-0.5013391469709354	0.6161324589133477	0.9997322423542595	LF_2
3300047160_379	439.64149746577084	-0.42905155434634834	3.653591759232393	-0.11743281204369986	0.9065170836974362	0.9997322423542595	LF_2
3300047160_386	1256.2042030348591	0.9652897937034097	2.1733749106092906	0.44414324882070044	0.6569390196853001	0.9997322423542595	LF_2
3300047160_391	4832.275365381316	0.30714404755003666	0.3168271852866783	0.9694371626352709	0.33232711797971376	0.9997322423542595	LF_2
3300047160_398	1880.5328366154931	0.0775401868940661	0.47311246657179273	0.16389377235380823	0.8698147697504921	0.9997322423542595	LF_2
3300047160_400	6018.9726857803635	0.01252521757689802	0.4315195173434709	0.029025842571399823	0.9768439798830029	0.9997322423542595	LF_2
3300047160_401	817.2681224511031	0.39240718025782323	0.7161829537954262	0.5479147167329987	0.5837504632102437	0.9997322423542595	LF_2
3300047160_405	2804.296584768369	0.0050358002821823105	0.31662549717484595	0.01590459494612797	0.9873105042298954	0.9997322423542595	LF_2
3300047160_408	860.6198575066117	-0.23454368191931116	0.2254994148047695	-1.0401077187822056	0.29828985796426993	0.9997322423542595	LF_2
3300047160_425	603.4496252025599	0.779221369620758	2.334567238746513	0.33377550951976065	0.7385489652156025	0.9997322423542595	LF_2
3300047160_427	178.6602135771254	1.7484196017555524	4.1659298254962875	0.419694924061104	0.6747083336773417	0.9997322423542595	LF_2
3300047160_434	1191.77574468248	-0.4754250987738472	0.5614642182497268	-0.846759389682761	0.397129248128021	0.9997322423542595	LF_2
3300047160_441	1843.8673061786471	-27.227523650939602	4.40743531420024	-6.177634317902685	6.506921150921274e-10	1.6917994992395313e-7	LF_2
3300047160_442	4010.876759856628	-0.43430347773125	0.17487753562458266	-2.4834720833646036	0.013010853215337213	0.1989895197639809	LF_2
3300047160_451	689.952604251446	0.35040991079258926	2.263983302270906	0.15477583710140788	0.8769980408339252	0.9997322423542595	LF_2
3300047160_452	2506.6415217830618	0.5784543621384028	0.5078666440565879	1.138988687104936	0.2547078727297511	0.9997322423542595	LF_2
3300047160_457	901.7217748255453	-0.795605026938497	2.1909193796071667	-0.3631375185887258	0.7165021590441885	0.9997322423542595	LF_2
3300047160_468	1645.3707781922735	0.19190824092942474	0.5678849612404826	0.3379350643662445	0.7354121228391184	0.9997322423542595	LF_2
3300047160_475	1713.3793904077334	-0.2502489350063229	0.5469431600957732	-0.4575410266809128	0.6472822206193166	0.9997322423542595	LF_2
3300047160_48	721.5011956302209	0.2924088987981641	0.5773980621663342	0.5064251474988988	0.6125582244937247	0.9997322423542595	LF_2
3300047160_482	1997.1084430999533	0.24254500463537276	0.466008716741647	0.5204731068793259	0.6027338672541684	0.9997322423542595	LF_2
3300047160_496	616.1363513294867	0.36161550887406485	0.5459756486754891	0.6623290063418155	0.507760391134631	0.9997322423542595	LF_2
3300047160_50	3310.8894177078996	-0.04886503011182153	0.18554827815334668	-0.2633548023088468	0.7922771237994646	0.9997322423542595	LF_2
3300047160_500	5413.790741976156	0.17285038609106562	0.20085229176679759	0.8605845846745728	0.3894668791047847	0.9997322423542595	LF_2
3300047160_501	4238.36068318165	-0.15345094270351922	0.41771301099025193	-0.3673597390221112	0.7133506989041813	0.9997322423542595	LF_2
3300047160_502	7484.002405518858	0.35924889651112624	0.35105534563581303	1.0233397695752886	0.3061472263481318	0.9997322423542595	LF_2
3300047160_506	1106.4597125675907	0.3461645335047862	0.3721920906290156	0.9300695587586452	0.35233507083647675	0.9997322423542595	LF_2
3300047160_509	424.3701383933677	0.36062632249275334	2.4432385164502453	0.14760176710733236	0.8826570604282371	0.9997322423542595	LF_2
3300047160_518	732.1958650829679	-0.16445546425747226	0.4263869890207576	-0.38569531550472835	0.6997223325949364	0.9997322423542595	LF_2
3300047160_520	421.9321667507922	-0.055539756227489676	3.714077958963688	-0.014953847722406594	0.9880690004428567	0.9997322423542595	LF_2
3300047160_524	4476.704165205101	-1.3370776271508533	2.8053737113526833	-0.4766130165617567	0.6336377127577683	0.9997322423542595	LF_2
3300047160_525	572.3611804500308	0.03946842359302136	0.6428406013167198	0.06139690541042186	0.951043116837	0.9997322423542595	LF_2
3300047160_526	2854.2744664270404	-0.01810042529590105	0.16664912366541235	-0.1086139842669797	0.9135086685366854	0.9997322423542595	LF_2
3300047160_527	475.7413972695269	1.8322920545196855	2.2498844204723376	0.8143938585676399	0.4154193557733787	0.9997322423542595	LF_2
3300047160_530	1187.6023176237973	0.7229421384550252	4.164786670601787	0.17358443436205206	0.8621920658779686	0.9997322423542595	LF_2
3300047160_533	497.57605768225767	-3.019781108278246	4.166042795202804	-0.7248559980602028	0.4685403776792132	0.9997322423542595	LF_2
3300047160_534	463.9176624127214	-0.5333194160572081	0.8225285466172625	-0.6483901601355258	0.5167326329680572	0.9997322423542595	LF_2
3300047160_538	1155.150610302177	-0.153043901742422	0.49555019571452474	-0.3088363258978251	0.7574460349117693	0.9997322423542595	LF_2
3300047160_540	1080.8998024576704	-0.37200398816213326	0.54737257512718	-0.6796175129448155	0.4967466777770334	0.9997322423542595	LF_2
3300047160_546	2704.103557709391	0.35426174351712864	0.5446931170405913	0.6503877732876301	0.5154417730749954	0.9997322423542595	LF_2
3300047160_547	1411.5737509565247	0.7341964290382991	0.7866025383595517	0.9333766333496141	0.3506255406079433	0.9997322423542595	LF_2
3300047160_55	5768.626517018655	0.18280751006144483	0.2966952510054803	0.616145723404478	0.5377983470404115	0.9997322423542595	LF_2
3300047160_552	1255.2078282235784	0.07703600943542005	0.23761150540949572	0.32420992957667377	0.7457791050409304	0.9997322423542595	LF_2
3300047160_564	1108.8251673770806	-0.11789032962978638	0.37085799471	-0.3178853666670261	0.7505718930183681	0.9997322423542595	LF_2
3300047160_567	2128.52456525334	-0.42067015445217465	0.3328385179400711	-1.263886635043598	0.20627071948450465	0.9997322423542595	LF_2
3300047160_568	736.6060849033172	-0.04604077398344325	0.3804554407669083	-0.12101489175877188	0.9036792399650869	0.9997322423542595	LF_2
3300047160_571	585.2281620113563	-0.37056594679852056	3.559148764636362	-0.10411645348473689	0.917076933829401	0.9997322423542595	LF_2
3300047160_581	1444.3073543399228	1.1758615049154768	2.17302643829328	0.5411169805366068	0.5884269548659853	0.9997322423542595	LF_2
3300047160_590	497.5622561758508	-0.9149725303839428	0.6518629880764822	-1.4036270613919106	0.16042993240949033	0.9997322423542595	LF_2
3300047160_597	3793.2888704054335	0.4161698983601386	0.25684502746071536	1.6203151856766709	0.10516458847905218	0.9997322423542595	LF_2
3300047160_598	329.0446075989768	0.6422126798437482	2.425110037635785	0.2648179545988086	0.7911497047789511	0.9997322423542595	LF_2
3300047160_603	1001.072278985101	2.0735402501925524	3.280421308687721	0.6320957142611777	0.5273243355129736	0.9997322423542595	LF_2
3300047160_607	1708.8773438693163	0.07091144679077745	0.7279080815261812	0.09741813367712544	0.92239434462911285	0.9997322423542595	LF_2
3300047160_614	354.45047330301765	-0.05010744223282131	3.7484551765986294	-0.013367491372349584	0.9893346026512814	0.9997322423542595	LF_2
3300047160_617	4369.236187824326	-0.10609843552127327	0.24696982726108982	-0.42960080062374933	0.6674860545928578	0.9997322423542595	LF_2
3300047160_618	524.8067793865923	0.33826649666569936	2.3197665518458392	0.1458191973655886	0.8840641205861169	0.9997322423542595	LF_2
3300047160_624	823.1746863695829	1.2682454753456158	2.2054732675827293	0.5750445920097931	0.5652611393626505	0.9997322423542595	LF_2
3300047160_627	889.0357669678393	-0.1263454040100312	0.4550778626080646	-0.27763469593080614	0.7812927952972059	0.9997322423542595	LF_2
3300047160_628	580.7936241031887	-0.9219758273850372	2.2678524977364454	-0.40654135500667077	0.6843448773376287	0.9997322423542595	LF_2
3300047160_642	971.5628649790244	0.13347850378975992	0.7382211713650756	0.1808109940046006	0.8565159333778953	0.9997322423542595	LF_2
3300047160_649	4466.759776003457	1.0284865005913177	0.6410055430062331	1.6044892463298353	0.10860625295728503	0.9997322423542595	LF_2
3300047160_653	3197.5197097411187	0.5306824859460272	0.43641651837776607	1.2159999990803823	0.22398492236058443	0.9997322423542595	LF_2
3300047160_663	468.3884914577893	0.18877510509022946	2.373545310266912	0.07953296879299984	0.9366087093546718	0.9997322423542595	LF_2
3300047160_666	1208.7332321032682	-0.2105047312363829	0.3507560086508865	-0.600145759572438	0.5484090983968652	0.9997322423542595	LF_2
3300047160_667	1459.1390569985226	-0.02153291639898247	0.33933671019108036	-0.06345590014961039	0.9494034750153869	0.9997322423542595	LF_2
3300047160_668	1043.122205618902	0.02585062373466482	0.4216403996688505	0.06130964621741058	0.9511126086852533	0.9997322423542595	LF_2
3300047160_669	1241.6297488450393	-0.11856669356217459	0.39064477461240216	-0.303515370658206	0.7614971355096933	0.9997322423542595	LF_2
3300047160_673	508.4860940809538	-0.28520942985081815	3.631025290305246	-0.07854790508133358	0.9373922251588251	0.9997322423542595	LF_2
3300047160_674	639.7751564806578	-0.3539696171719089	0.660842054105666	-0.5356342184532199	0.592211374789962	0.9997322423542595	LF_2
3300047160_676	572.7922142642699	1.2035182625910805	3.498600467431462	0.34399991476439074	0.7308463501927471	0.9997322423542595	LF_2
3300047160_679	1043.1491742811218	-0.36487189019168526	0.4448201908555293	-0.82026827399611	0.4120631883081236	0.9997322423542595	LF_2
3300047160_68	267.50620241987286	1.866888384253256	4.165523569886274	0.44817616631664514	0.6540260620903945	0.9997322423542595	LF_2
3300047160_680	1825.1066049107365	0.3619521948097595	0.4594559495724579	0.7877843243657427	0.4308228717202092	0.9997322423542595	LF_2
3300047160_682	878.1411183892467	-0.8367262362402637	3.3682710600482735	-0.24841416303005964	0.8038139764474131	0.9997322423542595	LF_2
3300047160_683	353.45076748236625	2.5767712218178684	4.165500175755772	0.618598274659861	0.5361810387614399	0.9997322423542595	LF_2
3300047160_685	359.8902403459451	0.8859315705121799	2.4157880819833224	0.36672569796968474	0.7138236358903862	0.9997322423542595	LF_2
3300047160_690	388.35997293866166	0.17210201486873958	0.6368637882295619	0.270233632449368	0.7869805199150054	0.9997322423542595	LF_2
3300047160_692	6358.803507387616	0.1108278293370509	0.29115462743911813	0.38064938315371805	0.7034634325029796	0.9997322423542595	LF_2
3300047160_693	1470.3572953706673	-0.31868903957786815	0.46491874680754536	-0.6854725514215294	0.4930457757073513	0.9997322423542595	LF_2
3300047160_701	919.673046656047	-0.5599338031391827	0.2017641918069037	-2.775189185576901	0.0055169604899444	0.09562731515903626	LF_2
3300047160_709	917.1233214616168	0.25989004101258845	0.5466479969070971	0.4754248483174389	0.6344841869381848	0.9997322423542595	LF_2
3300047160_715	842.4185295823481	-0.503174901042793	0.4382890197958604	-1.1480435929632786	0.2509505682310467	0.9997322423542595	LF_2
3300047160_716	2154.935064075663	-0.09150953730096315	0.35078655420004234	-0.260869569273109	0.7941930926863231	0.9997322423542595	LF_2
3300047160_723	3482.4705872803656	0.19309036815525313	0.17811639191999107	1.084068490686631	0.2783344323015644	0.9997322423542595	LF_2
3300047160_725	957.0947526053536	7.823914148439189e-4	0.4567409856134542	0.0017129870965993553	0.9986332347111911	0.9997322423542595	LF_2
3300047160_726	1148.3163409704655	0.09872773741448744	0.3456611301873744	0.28562001565223594	0.7751691715395759	0.9997322423542595	LF_2
3300047160_73	904.3504804230618	-0.015361806793448951	0.26289125569820593	-0.058434072874162114	0.9534028749013379	0.9997322423542595	LF_2
3300047160_731	1828.6846486037678	-0.3591860776959047	0.5297244126860954	-0.6780621566496532	0.49773228385491586	0.9997322423542595	LF_2
3300047160_732	50.32205666583657	9.412848387437789	4.328938929965812	2.1744008265582364	0.029675046077212153	0.4088071382615771	LF_2
3300047160_735	714.3911971788978	0.11848189386859652	2.3067994981824413	0.05136202516167964	0.9590370443428677	0.9997322423542595	LF_2
3300047160_740	620.3538755139144	0.14028545009882273	0.4649249220676551	0.30173785796410507	0.7628519060785752	0.9997322423542595	LF_2
3300047160_743	1392.3906091978045	-0.1406169782692666	0.4014130854576722	-0.35030491870722597	0.7261098742597563	0.9997322423542595	LF_2
3300047160_747	339.7683984740315	-0.17937381339666075	2.551420413011138	-0.07030351112734384	0.9439520879488799	0.9997322423542595	LF_2
3300047160_750	4599.68877612821	0.13736689204682076	0.2773943339970873	0.4952043903256623	0.6204558518741895	0.9997322423542595	LF_2
3300047160_757	1213.6033166662132	0.3754031887108041	0.6889290100878753	0.5449083769355569	0.5858165345874936	0.9997322423542595	LF_2
3300047160_760	735.1819086231046	-0.4186460507298388	2.2445465645997285	-0.18651698179605208	0.8520393629691843	0.9997322423542595	LF_2
3300047160_761	482.8212261606207	-0.1134195939865032	0.7550281472456378	-0.15021902746309632	0.8805918144853354	0.9997322423542595	LF_2
3300047160_766	2441.3859875093444	0.19899614386580594	0.5247045584883612	0.37925369743137083	0.7044994798485595	0.9997322423542595	LF_2
3300047160_768	107.0632629394053	-23.340985605877428	4.407852195958138	-5.2953194817377	1.1880850975555914e-7	4.4128875052064825e-6	LF_2
3300047160_774	1406.3967857938492	-0.3958689889536717	0.5986996400484881	-0.6612146767310745	0.5084746503121883	0.9997322423542595	LF_2
3300047160_78	1778.4181372408311	-0.034633756062290216	0.2025826958469296	-0.1709610779810103	0.864254370234393	0.9997322423542595	LF_2
3300047160_780	522.8248498150301	1.4338395701010687	3.5175843924943346	0.407620517409769	0.6835522987784857	0.9997322423542595	LF_2
3300047160_79	7633.288938340139	0.11893904565110971	0.2955168439553646	0.4024780586418096	0.6873322329253431	0.9997322423542595	LF_2
3300047160_791	1557.455970805715	-0.17158229762610147	0.2864194857859495	-0.5990594430238257	0.5491332457625011	0.9997322423542595	LF_2
3300047160_792	2825.4884562670286	0.05472217182497527	0.2469915355912183	0.22155484678447782	0.8246604359117182	0.9997322423542595	LF_2
3300047160_797	3365.795149093404	0.20494263323102807	0.3717883192157934	0.55123472857703	0.5814727761306272	0.9997322423542595	LF_2
3300047160_800	23221.913451501252	0.32074071645608093	0.3987070417153645	0.8044520986540704	0.4211359230955815	0.9997322423542595	LF_2
3300047160_807	2053.994741871612	-1.5621154315009658	2.1113651948599874	-0.7398603686865055	0.4593847239950509	0.9997322423542595	LF_2
3300047160_809	323.21922092572515	2.680352667848873	3.5708425285836976	0.750621918046882	0.4528802265129124	0.9997322423542595	LF_2
3300047160_817	48.00169074157349	-22.25166316191384	4.408395944220286	-5.047564566219902	4.4747756889014523e-7	1.1634416791143776e-5	LF_2
3300047160_846	3469.66870878385	0.19564769270111312	0.49343610715200237	0.3965005597793517	0.6917357949837641	0.9997322423542595	LF_2
3300047160_874	333.07269766855313	-11.566146239193872	4.13713789392319	-2.7956878730541557	0.0051789390885884565	0.09562731515903626	LF_2
3300047160_877	2451.769134259658	-0.1695185688710168	0.25366568040369547	-0.6682755373183987	0.5039577255514962	0.9997322423542595	LF_2
3300047160_882	4309.216502014783	0.014789972957804782	0.45860600232291	0.03224984601791362	0.9742728054571124	0.9997322423542595	LF_2
3300047160_884	1451.3813467847426	-0.3902645879103543	0.5522038277501835	-0.7067400990326159	0.47972800549170996	0.9997322423542595	LF_2
3300047160_888	550.4292056823081	-1.101403525275174	2.2803351205955837	-0.4830007288523042	0.6290952187080742	0.9997322423542595	LF_2
3300047160_890	1763.7074171837085	-0.14756192333419516	0.35210728441597816	-0.4190822793653598	0.6751560010063126	0.9997322423542595	LF_2
3300047160_891	344.30646708082077	0.05534557068542657	0.7522441153058339	0.07357394967845667	0.9413494000899059	0.9997322423542595	LF_2
3300047160_892	2737.776120633275	0.13971998748702158	0.3200544894373217	0.43655062527839916	0.6624372769884902	0.9997322423542595	LF_2
3300047160_893	2958.9857365545495	1.1214112256922968	4.164687978131723	0.26926656488569917	0.7877245596314512	0.9997322423542595	LF_2
3300047160_895	732.8539587000225	0.188621136946235	0.5816853763421089	0.3242665960288823	0.7457362070160185	0.9997322423542595	LF_2
3300047160_897	781.7041656196992	-0.20682588940866756	0.3013254311177186	-0.6863871019498087	0.4924690357502463	0.9997322423542595	LF_2
3300047160_900	2386.1810477323834	-0.05780674604462792	0.22833700768338186	-0.25316415692363053	0.8001413630814036	0.9997322423542595	LF_2
3300047160_901	934.3704436918833	0.24424939444207494	0.5704875486145704	0.428141499381073	0.6685481046574824	0.9997322423542595	LF_2
3300047160_903	209.09248756613903	-10.894644575786163	2.046836715264859	-5.322674004494982	1.0225289529243125e-7	4.4128875052064825e-6	LF_2
3300047160_904	1172.2625351963834	0.6380455277016798	2.1969472329366826	0.2904236925384856	0.7714921203857237	0.9997322423542595	LF_2
3300047160_906	504.350471542955	-0.0777898295123443	0.431613807593158	-0.18023016906277822	0.8569718747357624	0.9997322423542595	LF_2
3300047160_909	4833.293459491118	0.2997484578284705	0.4103985830284213	0.7303837542921342	0.4651556458002241	0.9997322423542595	LF_2
3300047160_912	639.7971930475499	0.6917433599424908	2.2841016873613085	0.3028513851945104	0.762003121411856	0.9997322423542595	LF_2
3300047160_916	467.90293095021144	-0.5443178020315065	3.6223660101129367	-0.15026582087836451	0.8805548977585822	0.9997322423542595	LF_2
3300047160_919	166.81880673973757	-0.06822504249033513	3.962857631520239	-0.01721612251413698	0.9862642001892078	0.9997322423542595	LF_2
3300047160_920	3032.289417801518	0.11054209699062784	0.6817726215887786	0.1621392433345658	0.8711962033323313	0.9997322423542595	LF_2
3300047160_923	522.3183566794679	-0.46420079428488126	0.25257410930693974	-1.83787956556055	0.06608015384276962	0.7158683332966709	LF_2
3300047160_924	857.7930249324014	-0.45061381483315405	2.245211748567549	-0.20069991844673307	0.840933223488003	0.9997322423542595	LF_2
3300047160_925	97.9430590593819	-23.217081249343895	4.40789340391249	-5.2671603239625044	1.3855019986251993e-7	4.502881495531898e-6	LF_2
3300047160_927	6545.57526187754	0.03469456969678103	0.29108979462712736	0.11918854709840714	0.9051259800597053	0.9997322423542595	LF_2
3300047160_928	3154.445671182898	0.11355694518919053	0.446493979697679	0.2543302941421067	0.7992403977218707	0.9997322423542595	LF_2
3300047160_929	525.1637045762832	0.13027112876708216	0.6021295101121366	0.2163506796782329	0.8287144076957291	0.9997322423542595	LF_2
3300047160_93	650.9355973481582	-0.5071524799713756	0.6901992256210081	-0.7347914357844493	0.46246652367564206	0.9997322423542595	LF_2
3300047160_930	1632.0467345293503	-0.917928112455226	0.42867390568896224	-2.141320244300705	0.03224822167274641	0.41922688174570333	LF_2
3300047160_931	445.75244695908833	2.1188308985578512	2.2482636926145334	0.9424298873473497	0.34597259155108606	0.9997322423542595	LF_2
3300047160_933	512.0332548042777	-0.5708941570843127	0.4500795346631041	-1.2684294954927053	0.20464461395322184	0.9997322423542595	LF_2
3300047160_935	2300.2194490987326	0.9726475958185379	0.7900578655961412	1.2311093125876582	0.21828198299593035	0.9997322423542595	LF_2
3300047160_937	906.351845964496	-0.5085585852766021	2.205015786498122	-0.23063716295848627	0.8175966939806719	0.9997322423542595	LF_2
3300047160_939	982.7123170082505	1.8328234540068415	3.2709091827509558	0.5603406733736854	0.575247089427829	0.9997322423542595	LF_2
3300047160_946	837.1499497714958	-0.10617620781887763	0.6009102723474633	-0.17669228286629046	0.8597501028819423	0.9997322423542595	LF_2
3300047160_949	607.7701426146502	-0.6602281401838792	0.35538464550758175	-1.8577846525724306	0.06319960143908143	0.7144302771374423	LF_2
3300047160_950	488.4628431470281	0.3932381184846338	0.5948669273675415	0.6610522461297796	0.5085788084980452	0.9997322423542595	LF_2
3300047160_952	49.92425384634378	9.401398586539907	4.328946505896118	2.1717520818829708	0.029874367796038328	0.4088071382615771	LF_2
3300047160_956	1241.9735483664751	-0.39461428616712185	4.1647979081701845	-0.09474992421432922	0.9245134625295794	0.9997322423542595	LF_2
3300047160_957	2491.339498367176	0.15334496810789064	0.2713801011539388	0.5650560503730765	0.5720356406712505	0.9997322423542595	LF_2
3300047160_962	1446.575461937165	0.13356123672751663	0.34260975227665486	0.3898348947745857	0.6966586388035039	0.9997322423542595	LF_2
3300047160_964	1137.6332076508731	1.4257136857171602	4.164809196180285	0.34232389013756975	0.7321071587083264	0.9997322423542595	LF_2
3300047160_967	1901.7948755663188	0.2647452791463505	0.3024448899989071	0.8753504783873424	0.38138323615240033	0.9997322423542595	LF_2
3300047160_97	1649.3004086786289	0.40551883235133745	0.593469642771235	0.6833017278824032	0.4944162025717813	0.9997322423542595	LF_2
3300047160_971	1385.2399831211678	-1.2099996005418823	2.137799610849765	-0.5660023485835106	0.5713921839711644	0.9997322423542595	LF_2
3300047160_972	1032.091968794522	0.10004472515077403	0.37617294859485945	0.26595406587442527	0.7902745854276707	0.9997322423542595	LF_2
3300047160_984	591.317923996392	0.31388893393640727	0.7367670626366362	0.42603551360331804	0.6700819683793201	0.9997322423542595	LF_2
3300047160_99	897.7163035000322	0.12136409460079697	0.19599465442885283	0.6192214525159554	0.5357704813037574	0.9997322423542595	LF_2
3300047160_990	309.4319095146289	0.07203608980889824	3.827974286868945	0.018818331684202473	0.9849860298428966	0.9997322423542595	LF_2
3300047160_991	1600.8218805223835	0.16049185489328427	0.2721657110442365	0.5896843297324794	0.555402302893261	0.9997322423542595	LF_2
3300047160_992	726.075414174549	0.1643079582468605	2.2560938607565353	0.072828511749845	0.9419425821003755	0.9997322423542595	LF_2
3300047160_996	844.0462034681266	-0.32336210989516306	0.26857929407518494	-1.2039725959092082	0.2286001706559541	0.9997322423542595	LF_2
3300047160_998	734.2020743565328	-0.4635352233088984	2.3026704256156285	-0.20130332945278973	0.8404613993283775	0.9997322423542595	LF_2
GRE.SIPMG.052b4f26_bin.20	31814.461088858003	-0.04357609366441425	0.2294819387341196	-0.1898889904137598	0.8493961198851039	0.9997322423542595	LF_2
GRE.SIPMG.066b5f18_bin.18	1642.9426879663763	-13.8684249917392	4.407438455405093	-3.14659526889855	0.0016518343849001135	0.03303668769800227	LF_2
GRE.SIPMG.082b2f20_bin.18	111774.56999270362	-0.07595785854116058	0.1639188889517768	-0.4633868556997514	0.6430870986119084	0.9997322423542595	LF_2
GRE.SIPMG.117b4f26_bin.29	18814.930611019106	0.37755536602181206	0.4547280654424657	0.8302882419505776	0.40637583433338537	0.9997322423542595	LF_2
GRE.SIPMG.169b2f20_bin.29	18842.67002058696	-0.04472965238948217	0.1772506158152307	-0.25235259230980156	0.8007685403528114	0.9997322423542595	LF_2
GRE.SIPMG.176b2f22_bin.12	170736.21847825393	-0.060960193441488994	0.162330020579094	-0.37553246912690824	0.7072645034923961	0.9997322423542595	LF_2
GRE.bulkMG.LF176_bin.18	34539.83496893332	0.18139648729822486	0.3126717821633114	0.5801498492866228	0.5618135698406495	0.9997322423542595	LF_2
GRE.bulkMG.LF176_bin.7	15812.327203025556	-0.001299728857847845	0.21162805734590728	-0.006141571557893341	0.9950997656801527	0.9997322423542595	LF_2
GRE.bulkMG.OX080_bin.28	27440.754188947536	-0.0333472529132493	0.34649586633897106	-0.0962414162846787	0.9233288380228781	0.9997322423542595	LF_2
GRE.bulkMG.T000H_bin.41	51550.60459262416	0.0902435870675772	0.23162494158897406	0.38961083572647953	0.6968243383710329	0.9997322423542595	LF_2
GRE.bulkMG.T000H_bin.8	31228.893287401013	-0.06948189744693499	0.24150810647098694	-0.2877000630009165	0.7735763417916939	0.9997322423542595	LF_2
3300047160_1000	403.4747929843911	0.8455073042461811	3.024085562006244	0.27959106543442286	0.7797912625870786	0.9971309804363331	LF_3
3300047160_1008	564.38087136281	1.1599537725432414	2.897228782166357	0.40036664680512535	0.6888864864463071	0.9971309804363331	LF_3
3300047160_101	545.9686225736507	-0.3559225169490271	0.7649500170996281	-0.4652885927090205	0.6417248026930243	0.9971309804363331	LF_3
3300047160_1011	1438.9768586516764	0.17880047412721806	0.4797285256748181	0.37271178293120133	0.7093629658519847	0.9971309804363331	LF_3
3300047160_1016	706.5328004947878	-0.35661438968627174	0.3242727510346427	-1.099735912278901	0.2714472027758529	0.9971309804363331	LF_3
3300047160_102	1015.3008080460236	1.0507861415224	2.809926973055747	0.37395496452339766	0.7084378223519273	0.9971309804363331	LF_3
3300047160_103	681.4554398401808	0.3950070610967802	0.4650395271881314	0.849405347294232	0.3956557787233081	0.9971309804363331	LF_3
3300047160_1033	537.5139005015195	-0.8020667214533382	2.9621190619425213	-0.2707746396012025	0.7865643661203355	0.9971309804363331	LF_3
3300047160_1039	766.8076785037936	1.2292006589269595	4.562439612136683	0.26941740897942534	0.7876084908562523	0.9971309804363331	LF_3
3300047160_1044	3783.005834250246	0.3020016504150146	0.7615685184946231	0.3965521723665456	0.6916977276075351	0.9971309804363331	LF_3
3300047160_1046	2383.7333755905497	0.299656727298814	0.2222613976762397	1.3482175961806617	0.177588406702152	0.9656369614429515	LF_3
3300047160_105	1202.9858737272807	-0.5224095716438567	0.18651471335936867	-2.8009027397066526	0.005095987524412836	0.039119198349169125	LF_3
3300047160_1053	1386.8107371648737	0.13687097756551103	0.7059082565055752	0.19389343629872963	0.8462593232475428	0.9971309804363331	LF_3
3300047160_1055	1615.4588245043535	-0.6801389559789097	2.8229847811245845	-0.24092901971223687	0.8096101300399144	0.9971309804363331	LF_3
3300047160_1059	524.664431031154	-0.06826145165257677	0.5177295178849267	-0.13184771061817055	0.8951047483140212	0.9971309804363331	LF_3
3300047160_106	638.5096184953752	-0.7238980207969851	2.9131649247990445	-0.24849194586774756	0.8037538009651148	0.9971309804363331	LF_3
3300047160_1066	7348.884505986281	0.13771842994287023	0.5163699544505764	0.2667049636716455	0.7896963318582502	0.9971309804363331	LF_3
3300047160_1073	1905.9563261025482	0.5710205264425893	0.558661570753432	1.0221224375116575	0.3067229547961646	0.9971309804363331	LF_3
3300047160_1076	1309.6390910625944	0.11112633600576285	0.7451632558763259	0.14913018741789166	0.8814509061136482	0.9971309804363331	LF_3
3300047160_1077	1300.9134183303402	0.2950422944842782	0.4979168747306058	0.5925533145344967	0.5534801306312531	0.9971309804363331	LF_3
3300047160_1081	454.99106318658886	-0.0958365403969033	0.7183401480192254	-0.13341387177253855	0.8938660753897986	0.9971309804363331	LF_3
3300047160_1082	745.1367045244426	0.9356000960820744	2.87375628016047	0.32556696005892005	0.7447520133867889	0.9971309804363331	LF_3
3300047160_1089	323.4973702461553	24.422809259721205	4.78490279643061	5.104139059614726	3.3230385897311793e-7	4.130062247237323e-6	LF_3
3300047160_1090	363.88260491933914	-0.13030483601943263	4.562711632685959	-0.028558639359534826	0.9772165996275002	0.9971309804363331	LF_3
3300047160_1097	2613.6257671361313	0.4554320179356284	0.7474235234029407	0.609335943645571	0.5423017870659952	0.9971309804363331	LF_3
3300047160_1099	1325.3257854427227	1.131501125842397	0.5801321007817911	1.9504197825246632	0.051126105884982447	0.31771222942810523	LF_3
3300047160_1115	413.84368239153866	0.6821637586459913	3.0293852361385705	0.2251822417658299	0.821837503723417	0.9971309804363331	LF_3
3300047160_1122	864.1513515940652	2.9095173387994953	2.652180955528696	1.0970282147356347	0.2726290584287245	0.9971309804363331	LF_3
3300047160_1125	1904.9236654943625	0.39102642391818054	0.7774374428499675	0.5029683449316991	0.6149865281305966	0.9971309804363331	LF_3
3300047160_1132	3219.6085119956906	0.6064932348175371	0.47867558308393965	1.2670235463236144	0.2051468706566083	0.9971309804363331	LF_3
3300047160_1137	8164.477393681649	0.7706971549968762	0.30464942572999054	2.529783711720966	0.011413285884225998	0.08274632266063849	LF_3
3300047160_1155	1549.299418008427	-14.051463190355863	1.5936676809042933	-8.817059766426746	1.1750452746672167e-18	1.0222893889604785e-16	LF_3
3300047160_1171	9017.087397649593	0.07673036117698522	0.24201665649914053	0.3170457863806482	0.7512088604539298	0.9971309804363331	LF_3
3300047160_1176	538.6877797743318	0.031899667091358344	4.562507221454556	0.006991696789290457	0.9944214785279575	0.9971309804363331	LF_3
3300047160_1185	1099.2673555197064	0.624343455531208	2.8253267941674594	0.22098096999613936	0.8251072504518471	0.9971309804363331	LF_3
3300047160_1190	1158.2097295243623	0.5052021146498431	2.8283393356603277	0.17862146464539921	0.8582349391922026	0.9971309804363331	LF_3
3300047160_1208	1098.382880410167	-0.895490841652704	2.8171182295882238	-0.3178747814867526	0.7505799226585047	0.9971309804363331	LF_3
3300047160_1219	3872.1831590710667	0.08388675286989729	0.2647461459770583	0.3168573146185347	0.7513518723328092	0.9971309804363331	LF_3
3300047160_125	1707.764359400794	0.5487202042129895	0.7082672751563421	0.7747360685157529	0.438495633372188	0.9971309804363331	LF_3
3300047160_1260	4147.476956487904	-0.19208959676939416	0.5432814263353087	-0.35357291351763986	0.7236589766074728	0.9971309804363331	LF_3
3300047160_1283	5193.289715247317	-0.029579409745776004	0.2857649829980285	-0.10350956732154994	0.9175585566582793	0.9971309804363331	LF_3
3300047160_133	2348.6497208048195	-0.4447615238313358	0.2776143888609504	-1.6020838316637287	0.1091370728342484	0.6473812729486098	LF_3
3300047160_137	282.15864564359265	-0.19086437089048516	4.562895259089566	-0.04182966297774898	0.966634488064595	0.9971309804363331	LF_3
3300047160_144	488.9757719675824	-1.2287060906492542	2.943769803751426	-0.41739204236806793	0.676391674477149	0.9971309804363331	LF_3
3300047160_148	3083.524834470182	-0.6398931762121808	0.5570033541302596	-1.1488138652438649	0.25063274083813963	0.9971309804363331	LF_3
3300047160_152	709.0015723770554	2.0188036219783485	2.762110412121856	0.7308917171155014	0.46484529565696053	0.9971309804363331	LF_3
3300047160_164	1458.483323910101	-0.07515561031897378	0.31648205562546805	-0.23747194819764003	0.8122906789472848	0.9971309804363331	LF_3
3300047160_168	478.7993977607505	0.3034695638657633	0.7242494392824217	0.4190124940468543	0.6752070013280909	0.9971309804363331	LF_3
3300047160_197	1016.8182013819911	0.9074745232332322	0.5900084237518493	1.5380704523888382	0.12403138964867727	0.7037433195283646	LF_3
3300047160_198	198.81569524769313	-24.43765036366325	4.785021725331584	-5.107113774278593	3.27116804401435e-7	4.130062247237323e-6	LF_3
3300047160_203	710.3278195758397	-0.5760553142266109	4.562417247474726	-0.126260989072285	0.8995253352822645	0.9971309804363331	LF_3
3300047160_205	474.01192137443047	12.320046861270598	1.6621693236891664	7.412028778106908	1.2438175702569912e-13	3.6070709537452743e-12	LF_3
3300047160_209	1608.167590578686	-0.06413706867449268	0.8073561316382241	-0.07944086402657367	0.9366819665341694	0.9971309804363331	LF_3
3300047160_211	3518.9606352721385	0.4945270322829069	0.7988428162418363	0.6190542397432002	0.5358806276498056	0.9971309804363331	LF_3
3300047160_212	2603.163200268072	-0.4919141404133674	0.7449146922684279	-0.6603630530032659	0.5090208761232485	0.9971309804363331	LF_3
3300047160_214	148.8362282854639	23.342487255013115	4.7850985227539	4.878162308260927	1.0707879668199488e-6	1.0334473742044418e-5	LF_3
3300047160_215	1288.1496740948423	0.014573225131820288	0.32508942587710815	0.04482835789721849	0.9642441214749133	0.9971309804363331	LF_3
3300047160_219	6179.43059176835	-0.44788029171155685	0.3643538736818202	-1.2292453135894965	0.2189798440839311	0.9971309804363331	LF_3
3300047160_221	330.8556156640804	23.88616668298398	4.784899035186896	4.991989696612479	5.976044386468971e-7	5.999029172570774e-6	LF_3
3300047160_228	2009.0284463868772	0.39565069820376625	0.39773722922383026	0.9947539961895551	0.3198559256868947	0.9971309804363331	LF_3
3300047160_234	357.3799959502104	0.287231395556679	4.562728830649244	0.06295166910364208	0.94980499040589506	0.9971309804363331	LF_3
3300047160_250	3288.8724638140948	-0.011002848512414768	0.18608864051776267	-0.05912692188948802	0.9528510155815516	0.9971309804363331	LF_3
3300047160_262	5756.981880065727	-0.514240988359054	0.43296845243132903	-1.1877100640273905	0.2349476574055423	0.9971309804363331	LF_3
3300047160_267	2169.4039153712206	0.4919531406524654	0.48672637879672237	1.010738604035936	0.3121415552172272	0.9971309804363331	LF_3
3300047160_27	4450.733713993789	0.2736871982784806	0.3765106975805532	0.7269041757304283	0.467284658988197	0.9971309804363331	LF_3
3300047160_274	346.7601310191533	-25.196521223835443	4.784904073603074	-5.265836229160232	1.3955265102950762e-7	2.0235134399278606e-6	LF_3
3300047160_283	170.3081295508669	-26.015512728973004	4.785067975918451	-5.436811527004392	5.4242461203860344e-8	9.438188249471699e-7	LF_3
3300047160_298	3863.0131818317477	0.5626125445077065	0.5540557733964362	1.0154438804216697	0.30989428497627036	0.9971309804363331	LF_3
3300047160_300	1721.381065385162	0.45983328154338765	0.5505386973698336	0.8352424338928657	0.40358122211691344	0.9971309804363331	LF_3
3300047160_301	957.9525093640393	-26.258749927355055	4.784803206587589	-5.487947736534433	4.066303276180892e-8	7.580751107737234e-7	LF_3
3300047160_304	269.1015899829715	-24.001960266838335	4.784949811370092	-5.016136263290454	5.272094403534692e-7	5.504066557290218e-6	LF_3
3300047160_305	927.4112451976828	-0.2680697597120389	0.4067071092836901	-0.6591223846177039	0.509817182428659	0.9971309804363331	LF_3
3300047160_311	663.2319598077353	0.6532440965610504	2.906512285951586	0.22475187864109772	0.8221723035696651	0.9971309804363331	LF_3
3300047160_316	969.6447505111615	0.020820907595721003	0.24387566761400867	0.08537509215013221	0.9319631944353346	0.9971309804363331	LF_3
3300047160_324	3440.9698569242946	-1.0882692772267444	0.26174776429899177	-4.157702283117214	3.214645876816217e-5	2.7967419128301085e-4	LF_3
3300047160_328	1885.4324075072582	0.3182880671066848	0.3911675040245818	0.8136873943564671	0.4158240574172818	0.9971309804363331	LF_3
3300047160_331	5412.665191693067	-0.11416014849194712	0.21173498381495237	-0.5391652642140534	0.5897728259772461	0.9971309804363331	LF_3
3300047160_335	2105.070325728454	0.011318826948388054	0.25138931772789824	0.04502509116413395	0.964087309374382	0.9971309804363331	LF_3
3300047160_342	1906.901086780059	0.010818802153407886	0.29198489151727314	0.037052609459307835	0.9704430582301915	0.9971309804363331	LF_3
3300047160_343	821.8043076740245	-26.374376234645695	4.78481267612419	-5.512102149003993	3.545730224736761e-8	7.118735297356112e-7	LF_3
3300047160_348	1748.7095700925752	-0.2773855542316951	0.43306396121760954	-0.6405186740817532	0.5218354526194366	0.9971309804363331	LF_3
3300047160_352	1840.2471062382012	0.01671369626711235	0.28758968121202505	0.05811646717181832	0.9536558576560759	0.9971309804363331	LF_3
3300047160_357	3120.7249213787336	-0.07376169572372497	0.5139428797263493	-0.1435211939564172	0.8858785741617539	0.9971309804363331	LF_3
3300047160_363	1024.3996858846695	-0.11904328400629784	0.5379735578669469	-0.22128092034541957	0.8248737051302865	0.9971309804363331	LF_3
3300047160_367	1072.3270712067813	0.4217519855537793	0.484386355146794	0.8706933650638584	0.383921602216623	0.9971309804363331	LF_3
3300047160_369	3875.0053875816275	-0.0898338909421281	0.42749511752276315	-0.2101401566003725	0.8335582846955223	0.9971309804363331	LF_3
3300047160_379	407.2913251579792	0.018977506907501572	4.562643779728272	0.004159322494519127	0.9966813503669789	0.9971309804363331	LF_3
3300047160_386	1376.8574772437908	0.8804461855651698	0.43473751724064646	2.025236264754679	0.04284310953959456	0.2795512897458545	LF_3
3300047160_391	5299.156781810755	0.09532633787872982	0.36311541383641655	0.26252352350339586	0.7929178520131546	0.9971309804363331	LF_3
3300047160_398	2049.766337363367	-0.2537076549853525	0.557428744494866	-0.4551391679940344	0.6490091211575888	0.9971309804363331	LF_3
3300047160_400	6595.529935315023	-0.14838763032448465	0.5235199830768962	-0.2834421514387332	0.7768379204245078	0.9971309804363331	LF_3
3300047160_401	895.5537684440761	0.11132446421430504	0.783144097023956	0.1421506778092968	0.8869609894660622	0.9971309804363331	LF_3
3300047160_405	2484.745336525906	0.2997032428291216	0.4064253997558613	0.7374126789544959	0.46087142740149706	0.9971309804363331	LF_3
3300047160_408	807.3518646740322	-0.11966078455494583	0.30007918743079154	-0.39876402485441836	0.690067087098003	0.9971309804363331	LF_3
3300047160_425	595.4404451977359	1.0692077913797122	2.884884200958742	0.37062416266981507	0.7109174826183813	0.9971309804363331	LF_3
3300047160_427	251.10600386079548	0.642374450506642	4.563039532933619	0.14077775260773465	0.8880455188609746	0.9971309804363331	LF_3
3300047160_434	1155.8961586908058	-0.5086706924441913	0.8325727629869973	-0.6109624468367763	0.5412244417366159	0.9971309804363331	LF_3
3300047160_441	1561.772241408022	-27.253185116296002	4.784781065224222	-5.695806087006172	1.2279037579995921e-8	2.670690673649113e-7	LF_3
3300047160_442	4424.340753172823	-0.5507036656627624	0.1808556547891329	-3.0449900297828707	0.002326880235060992	0.018978616917216216	LF_3
3300047160_451	643.0600727831708	0.901116937568698	2.9059927726486814	0.3100891874370942	0.7564931344654372	0.9971309804363331	LF_3
3300047160_452	2120.903379451303	1.6505980846666939	2.71240786977622	0.60853609188314	0.5428319760450543	0.9971309804363331	LF_3
3300047160_457	930.9668589734476	-0.7179368596795594	2.8474779763113514	-0.2521307857873518	0.8009399748395276	0.9971309804363331	LF_3
3300047160_468	1624.4539545331613	0.16183374873022427	0.6850412347902297	0.23623942692994282	0.8132468869263849	0.9971309804363331	LF_3
3300047160_475	1434.4705700630357	-0.5151188634940337	2.821685259295779	-0.18255716572109615	0.8551454962325262	0.9971309804363331	LF_3
3300047160_48	663.8719394827215	0.492370391048763	0.6996250017358778	0.7037632872283236	0.48158020035771865	0.9971309804363331	LF_3
3300047160_482	2021.7606483624663	0.07368219170169886	0.5603922758723272	0.13148323928448594	0.8953930445780801	0.9971309804363331	LF_3
3300047160_496	590.7570624926273	0.4832518763313945	0.6753666425747651	0.7155400427966756	0.4742754069958188	0.9971309804363331	LF_3
3300047160_50	2929.1808280144332	0.33054942759041217	0.39905309636305214	0.8283344512372448	0.4074811173037802	0.9971309804363331	LF_3
3300047160_500	5940.6193306424675	-0.21837188005748118	0.2482553632622878	-0.8796260317919737	0.3790619319158793	0.9971309804363331	LF_3
3300047160_501	4324.401798941337	-0.3146213701190731	0.5171474981158977	-0.6083784051268164	0.542936530605567	0.9971309804363331	LF_3
3300047160_502	8329.500227488237	-0.08491172809056542	0.4316471095713699	-0.19671561840153096	0.8440500871910089	0.9971309804363331	LF_3
3300047160_506	1165.5651482070198	0.1866767487724348	0.4443920322784665	0.42007222275186684	0.6744326939460024	0.9971309804363331	LF_3
3300047160_509	346.34486901666344	0.3442207822293483	4.562752357894467	0.07544147813189513	0.9398634584427142	0.9971309804363331	LF_3
3300047160_518	682.9755895692922	-0.15521043881756383	0.4826390718780317	-0.32158697432765504	0.7477656130443957	0.9971309804363331	LF_3
3300047160_520	448.79495374575004	0.0683064985857733	4.562592340128501	0.014970984364526749	0.9880553289111205	0.9971309804363331	LF_3
3300047160_524	4654.164529582257	-1.3282773959037142	3.8038406905396065	-0.3491937502028475	0.7269438578706618	0.9971309804363331	LF_3
3300047160_525	536.6494040988174	0.2816431279707602	0.7203527474260142	0.39097945968435016	0.6958124186357033	0.9971309804363331	LF_3
3300047160_526	2548.7818765411994	0.36303477032398174	0.30838182850995266	1.1772249100347534	0.23910574869270215	0.9971309804363331	LF_3
3300047160_527	561.5099512122331	1.2936063729736371	2.8819893422009866	0.448858833039856	0.6535334946242111	0.9971309804363331	LF_3
3300047160_530	1622.8130535880364	-0.4153031912006515	2.829603917941052	-0.14677078603384353	0.8833129442932381	0.9971309804363331	LF_3
3300047160_533	172.27416856444114	-24.14378012099897	4.785064228391385	-5.045654346235491	4.5197185948317757e-7	5.128898057613449e-6	LF_3
3300047160_534	554.7266262772291	-0.9017925869473323	0.4555146121126234	-1.9797226323101338	0.047734704018952995	0.30387214021821296	LF_3
3300047160_538	1097.6001709433312	-0.05761979883124771	0.7508959092177376	-0.07673473529942973	0.9388345712217472	0.9971309804363331	LF_3
3300047160_540	1092.404003871181	-0.5744835255067944	0.7236937180947939	-0.7938213516889268	0.42729944068814135	0.9971309804363331	LF_3
3300047160_546	2560.2296313582096	0.5186376670686591	0.43020295208726966	1.2055651049169227	0.22798522078898212	0.9971309804363331	LF_3
3300047160_547	1518.46436257335	0.6562714254387338	0.9923016715347982	0.6613628136125936	0.5083796676885257	0.9971309804363331	LF_3
3300047160_55	6090.508349951973	-0.03508205436343799	0.3979645085592214	-0.08815372629697053	0.9297544951367143	0.9971309804363331	LF_3
3300047160_552	1300.344801609883	0.02441347435509835	0.325949485071229	0.07489956411424711	0.9402946233711087	0.9971309804363331	LF_3
3300047160_564	1057.6320158722	0.050580975950561435	0.5853215371465202	0.0864157095553786	0.9311359592258509	0.9971309804363331	LF_3
3300047160_567	1957.2305958900731	-0.2175776845483106	0.5326085421291205	-0.40851332139461477	0.6828968524839936	0.9971309804363331	LF_3
3300047160_568	719.8914276779908	0.2090777074716362	0.41446693452882394	0.5044496678832072	0.6139454230024289	0.9971309804363331	LF_3
3300047160_571	799.4838264096959	-1.0286079851013956	2.8601817553195716	-0.35963028684744125	0.7191236312951585	0.9971309804363331	LF_3
3300047160_581	1555.5004673033282	1.12371693656984	2.812549296887785	0.3995367966752741	0.6894977162818954	0.9971309804363331	LF_3
3300047160_590	458.65787722807	-0.7512486350487513	0.5828681713846979	-1.2888825843141138	0.19743890952500157	0.9971309804363331	LF_3
3300047160_597	4067.8278881318483	0.23510940674405895	0.24814638032595523	0.9474625680021146	0.3434031216248231	0.9971309804363331	LF_3
3300047160_598	368.1615951277439	0.7472333053437246	3.0627601009937777	0.24397382775793272	0.8072510899438632	0.9971309804363331	LF_3
3300047160_603	902.6172715655505	13.249232382398185	1.8917487977142866	7.003695415800779	2.492977789719953e-12	6.506672031169077e-11	LF_3
3300047160_607	1504.1448299744516	0.936477633706491	2.815496244353159	0.332615479628047	0.7394245570423934	0.9971309804363331	LF_3
3300047160_614	323.64928487446286	0.7358856634265194	4.562836840841331	0.161278101561666	0.8718743698923456	0.9971309804363331	LF_3
3300047160_617	4268.491368740346	-0.04943058436244979	0.32386936885707385	-0.15262506774533502	0.8786939554007949	0.9971309804363331	LF_3
3300047160_618	509.59011161041195	0.673750128651213	2.957447955548816	0.22781470334485893	0.8197902956193863	0.9971309804363331	LF_3
3300047160_624	820.8832352436937	1.4809901804268404	2.83846611078469	0.5217572176746627	0.6018393807092156	0.9971309804363331	LF_3
3300047160_627	796.913296365236	0.2871735581903795	0.7967517678730416	0.3604303997429462	0.7185252964510731	0.9971309804363331	LF_3
3300047160_628	575.4721907754141	-1.0050349326666284	2.9162051697620686	-0.3446379366883259	0.7303665817783896	0.9971309804363331	LF_3
3300047160_642	827.7472334927061	0.7918775863979203	2.85307009997721	0.2775527970393177	0.781355671323992	0.9971309804363331	LF_3
3300047160_649	4816.778226178363	0.9346345734306687	0.8210821817516067	1.1382960125097608	0.2549968984790825	0.9971309804363331	LF_3
3300047160_653	3376.4182027758266	0.548278490617102	0.3557245011536284	1.541300891108185	0.12324357212598137	0.7037433195283646	LF_3
3300047160_663	347.9951701933013	1.3904002501316122	3.0244736164718633	0.4597164420807726	0.6457197661408969	0.9971309804363331	LF_3
3300047160_666	1074.7614413424837	0.03518515415774822	0.2505000609638627	0.14045966305303237	0.888296820708004	0.9971309804363331	LF_3
3300047160_667	1383.7960196494578	-0.0045913714904259615	0.278007242390891	-0.016515294533119687	0.9868233004793122	0.9971309804363331	LF_3
3300047160_668	923.2895094435207	0.429254651677264	0.7272516489711148	0.5902422528495542	0.5550282484091549	0.9971309804363331	LF_3
3300047160_669	1287.141136414182	-0.17460002162896274	0.4576475448627086	-0.3815163515874245	0.702820140265157	0.9971309804363331	LF_3
3300047160_673	581.7880208773747	-0.4812338069428387	4.562486239475034	-0.1054762210084408	0.9159979376108383	0.9971309804363331	LF_3
3300047160_674	742.5138022267979	-0.6917233051233818	0.4586285134989456	-1.5082431309081092	0.1314923121901194	0.730201988970663	LF_3
3300047160_676	777.1237743152998	0.24165144149454063	2.8936483237814046	0.0835109918190583	0.9334452377156366	0.9971309804363331	LF_3
3300047160_679	1113.1247117562307	-0.4816526609291165	0.6085964877117772	-0.7914154462837132	0.42870159927235507	0.9971309804363331	LF_3
3300047160_68	243.06427507193587	24.026029808220642	4.784957990531074	5.021157940313293	5.136090404267057e-7	5.504066557290218e-6	LF_3
3300047160_680	1948.5463686792853	0.10778271217041081	0.46594918209983066	0.23131859934742438	0.8170672982923776	0.9971309804363331	LF_3
3300047160_682	717.984763135177	0.06339144191717316	4.56240158104048	0.013894314384906997	0.9889142977566028	0.9971309804363331	LF_3
3300047160_683	580.0271425926768	0.3195214651054677	4.562482154402649	0.07003237586302441	0.9441678906783402	0.9971309804363331	LF_3
3300047160_685	380.19168183669433	0.7774540638364731	3.0509839966492707	0.2548207610037642	0.7988615395172637	0.9971309804363331	LF_3
3300047160_690	554.3399519644664	-0.6269588286803188	0.5111155673170003	-1.2266478831224312	0.21995496386843183	0.9971309804363331	LF_3
3300047160_692	6805.575347605594	-0.15229320315234518	0.26367648288934725	-0.5775759805483128	0.5635504273292581	0.9971309804363331	LF_3
3300047160_693	1357.9830499196378	-0.29653139146323226	0.6776807309687284	-0.4375679843210943	0.6616994837879564	0.9971309804363331	LF_3
3300047160_699	535.7456311989753	-25.789172744542462	4.784848299222592	-5.389757654120927	7.055276083922306e-8	1.1508919111898263e-6	LF_3
3300047160_701	1090.1617699802255	-0.8885390711306116	0.30451155760567133	-2.9179157537305347	0.0035237954079653244	0.02787001822663484	LF_3
3300047160_709	880.9764970566473	0.29541690461198516	0.7268393092616007	0.40644046193938044	0.68441899489412	0.9971309804363331	LF_3
3300047160_715	953.327579126655	-0.7602986093776144	0.3421475879297097	-2.2221364001952546	0.02627408898124381	0.17583428779755472	LF_3
3300047160_716	2263.5536302440905	-0.08932126833583681	0.30342918878637937	-0.29437269595945464	0.7684731285400322	0.9971309804363331	LF_3
3300047160_723	3533.6165778878935	0.21653241364661815	0.18317228850624134	1.1821243017294076	0.23715638305698433	0.9971309804363331	LF_3
3300047160_725	879.2672517700455	0.2041599363640484	0.4624209335219605	0.44150236627285555	0.6588493488295064	0.9971309804363331	LF_3
3300047160_726	1095.4286923755446	0.20673714205421853	0.42157070589954554	0.4903973145218518	0.6238527766224611	0.9971309804363331	LF_3
3300047160_73	941.3730060000671	-0.20545060767194348	0.21514803078154088	-0.9549267400943862	0.33961474608053854	0.9971309804363331	LF_3
3300047160_731	1935.78531304608	-0.34689740156171195	0.6874411363271905	-0.5046212442494926	0.6138248857221265	0.9971309804363331	LF_3
3300047160_735	846.0176827157837	-0.273669760847348	2.886627303858229	-0.0948060598199028	0.9244688735156157	0.9971309804363331	LF_3
3300047160_740	664.2877163616521	0.001996746758938299	0.5553011899120325	0.0035957905281179246	0.9971309804363331	0.9971309804363331	LF_3
3300047160_743	1371.276503859895	0.033283922744171565	0.6455940755595807	0.05155549594429302	0.9588828812401355	0.9971309804363331	LF_3
3300047160_747	324.5207013612802	0.08293749733256064	4.562787342172464	0.018176936839899252	0.9854977013328959	0.9971309804363331	LF_3
3300047160_750	4384.921951054097	0.19456568559501144	0.14860279966059545	1.3093002691698536	0.19043265850297109	0.9971309804363331	LF_3
3300047160_757	1192.8627371198436	0.40850164981141385	0.8306673497912599	0.49177525746505757	0.6228782296081012	0.9971309804363331	LF_3
3300047160_760	737.0355305909461	-0.47921966639483754	2.8943369341686056	-0.16557148573045893	0.8684941886139212	0.9971309804363331	LF_3
3300047160_761	465.19896657548844	-0.16506778295980126	0.6979127026825053	-0.2365163756517754	0.813032001763881	0.9971309804363331	LF_3
3300047160_766	2717.954462765253	-0.07262771110678926	0.6949469030722045	-0.1045082880227517	0.9167659914065653	0.9971309804363331	LF_3
3300047160_768	913.1103526854724	-13.288716101842008	1.5772551483471868	-8.425216500809851	3.6008381558985305e-17	1.5663645978158607e-15	LF_3
3300047160_774	1559.047561037173	-0.7334492624076602	0.7350220115078813	-0.9978602693856818	0.3183471200462755	0.9971309804363331	LF_3
3300047160_78	1687.8991999180494	0.0915925262456756	0.18820144114617635	0.48667282082359586	0.62649020903738	0.9971309804363331	LF_3
3300047160_780	547.3967405973142	1.5878901621509423	2.866390457556222	0.5539685488294287	0.5796003703151164	0.9971309804363331	LF_3
3300047160_79	7199.078369232795	0.499781918200616	0.45973290657825183	1.08711365022888	0.27698658594819486	0.9971309804363331	LF_3
3300047160_791	1405.039016193018	0.053064619798556666	0.5311203828797684	0.09991071988394973	0.9204152057012677	0.9971309804363331	LF_3
3300047160_792	2652.6506921177206	0.17276542956425847	0.4310158956334261	0.40083308136550355	0.6885430210916471	0.9971309804363331	LF_3
3300047160_797	3628.6659592073715	-0.06811159255656618	0.5106306104236087	-0.13338721017931573	0.8938871598201259	0.9971309804363331	LF_3
3300047160_800	24383.779141496863	0.14745994285034034	0.5075436117363307	0.29053649664877645	0.7714058339783485	0.9971309804363331	LF_3
3300047160_807	1900.610244622608	-1.4196340730456085	2.7373234584052497	-0.5186212351654926	0.6040248978054594	0.9971309804363331	LF_3
3300047160_809	356.6066969053136	11.909449476682907	1.8687647934440281	6.372899103441725	1.8548792251231553e-10	4.401122525064941e-9	LF_3
3300047160_846	3718.008008460647	-0.04739264210104716	0.6421857085011725	-0.07379896729819647	0.941170348762993	0.9971309804363331	LF_3
3300047160_874	864.7978440980744	-13.210289896267334	1.5463465084127914	-8.542904080293559	1.3089004258443916e-17	8.540575278634656e-16	LF_3
3300047160_877	2386.1392072032736	0.0014245197436503977	0.37520582693600363	0.003796635450156185	0.996970730468863	0.9971309804363331	LF_3
3300047160_881	555.218899870117	-12.570969906803018	1.6025012200866589	-7.8445930332104306	4.343597867088496e-15	1.6195414904429964e-13	LF_3
3300047160_882	4242.000730158542	0.1790639655329512	0.6464132524792473	0.2770115941252302	0.7817712035657889	0.9971309804363331	LF_3
3300047160_884	1426.3416247005803	-0.22594297535679564	0.7728582904124371	-0.2923472234945177	0.7700211558970516	0.9971309804363331	LF_3
3300047160_887	179.4010599886477	-24.23207288457236	4.785051571805888	-5.064119481459868	4.1029227233030816e-7	4.867558321736838e-6	LF_3
3300047160_888	575.5479142285621	-1.0310225001824855	2.9280779595805457	-0.3521157955542215	0.7247514229012872	0.9971309804363331	LF_3
3300047160_890	1704.715773877878	0.003710570315401212	0.38445355724866015	0.009651543718195479	0.9922993018358095	0.9971309804363331	LF_3
3300047160_891	364.27286119213716	0.04403539834719796	0.6054707626704346	0.07272919034600352	0.9420216195164418	0.9971309804363331	LF_3
3300047160_892	2869.973529137651	0.04499420035205306	0.3611747980340825	0.12457735311810753	0.9008581582967933	0.9971309804363331	LF_3
3300047160_893	2866.339212239803	2.1153802672395146	0.4342539935413032	4.8712972101621315	1.1086791753917384e-6	1.0334473742044418e-5	LF_3
3300047160_895	758.176591057434	0.012338523297838551	0.579775066465794	0.021281569373191575	0.9830210460198924	0.9971309804363331	LF_3
3300047160_897	710.6513652385875	-0.07286724620958562	0.28754464423977505	-0.2534119402649133	0.7999499017300481	0.9971309804363331	LF_3
3300047160_900	2720.536807681695	-0.32774338420222987	0.2822978821495429	-1.1609842118072036	0.2456483200975056	0.9971309804363331	LF_3
3300047160_901	942.7417530224302	0.1390075932084861	0.7062890631378634	0.19681402482846128	0.8439730755520523	0.9971309804363331	LF_3
3300047160_903	269.8743192675098	-11.530162265757738	2.2114010264258344	-5.213962609212181	1.8484874280072553e-7	2.5392379932099666e-6	LF_3
3300047160_904	996.2757647461785	1.5915874082042232	2.759566434927936	0.5767527058089422	0.5641065223947128	0.9971309804363331	LF_3
3300047160_906	477.26863377746463	0.0858178700638012	0.40930287143252186	0.2096683801983765	0.833926505910898	0.9971309804363331	LF_3
3300047160_909	4787.5620650890405	0.3593064602302607	0.20778104157709223	1.7292552655577509	0.08376341913019958	0.5084244742553975	LF_3
3300047160_912	523.9267498219531	0.24519939602167284	4.562522510938339	0.05374206821639211	0.9571406656225077	0.9971309804363331	LF_3
3300047160_916	413.78159136685986	-0.04398759208701117	4.562635033672197	-0.009640830739777171	0.9923078491582208	0.9971309804363331	LF_3
3300047160_919	94.04872884007477	22.55575065162691	4.785309539521263	4.713540569390931	2.434492276222704e-6	2.191043048600434e-5	LF_3
3300047160_920	2842.6947511684502	0.725969712088016	1.0254419495128189	0.70795788336231	0.4789714123237906	0.9971309804363331	LF_3
3300047160_923	588.5907077740546	-0.7125686469511079	0.2989253200479924	-2.383768115851495	0.017136396419332935	0.12088106663367287	LF_3
3300047160_924	999.6803037665101	-0.8431826124624361	2.829143996325305	-0.2980345339642033	0.7656768063356386	0.9971309804363331	LF_3
3300047160_925	848.8516819073141	-13.183429369281228	1.7205813633436746	-7.662194680326737	1.8278228288304426e-14	5.963271979059319e-13	LF_3
3300047160_927	6243.409157750159	0.32173549120264305	0.5104445680138283	0.630304466662337	0.5284954011667882	0.9971309804363331	LF_3
3300047160_928	3043.244584186859	0.11892437104738131	0.5098141175131972	0.23327006248371066	0.8155517040720854	0.9971309804363331	LF_3
3300047160_929	573.9898095597931	0.04064602294333307	0.40076600714088995	0.10142083464939154	0.9192163980900319	0.9971309804363331	LF_3
3300047160_93	613.5847750928278	-1.2262256023403613	2.8688341133300557	-0.4274299432799883	0.6690662017084981	0.9971309804363331	LF_3
3300047160_930	1818.608488104378	-1.1336093592457965	0.5021135077738061	-2.2576754890977138	0.023965898449335516	0.16460788145464655	LF_3
3300047160_931	539.3908619301778	1.3093630257677025	2.8962490214487406	0.45208924235138537	0.6512046932058551	0.9971309804363331	LF_3
3300047160_933	501.06939299533144	-0.4723536231080414	0.5483794738191842	-0.8613626980206582	0.3890383138393225	0.9971309804363331	LF_3
3300047160_935	2197.4807908479775	1.3735020091324326	0.505895803052575	2.714989926472452	0.006627778644082852	0.04942429217444641	LF_3
3300047160_937	873.4302987541864	-0.24213018414799553	2.8855177314430733	-0.08391221495870138	0.9331262276822452	0.9971309804363331	LF_3
3300047160_939	861.0587214476503	13.181222117092664	1.5643851116458813	8.425816647682597	3.5824278494412545e-17	1.5663645978158607e-15	LF_3
3300047160_946	707.7056363453858	0.6459679199832067	2.90132366245649	0.22264593514405737	0.8238110825742875	0.9971309804363331	LF_3
3300047160_949	747.8187141831455	-1.0900487338820404	0.35002473096000575	-3.1142049045859865	0.0018444135202090345	0.015528771895953485	LF_3
3300047160_950	522.7866087639396	0.17624174364119344	0.7504196448330344	0.23485758249360142	0.8143192730395908	0.9971309804363331	LF_3
3300047160_956	2359.9385795701014	-1.4679779632091767	2.7136977906121964	-0.5409511583373506	0.5885412479246555	0.9971309804363331	LF_3
3300047160_957	2510.2027010630118	0.058695193864115494	0.26424499416371516	0.22212414675961809	0.8242172409596451	0.9971309804363331	LF_3
3300047160_962	1600.62571732715	0.10096387872345267	0.3694809227914672	0.2732587056475337	0.7846543558358395	0.9971309804363331	LF_3
3300047160_964	1001.289985764396	13.398913488313566	1.4964851767142995	8.953589181372568	3.4410763230642705e-19	4.490604601598873e-17	LF_3
3300047160_967	1939.2514681818393	0.31333620290711356	0.2687695026738648	1.1658175492006164	0.2436882203023499	0.9971309804363331	LF_3
3300047160_968	508.9583496390265	-25.28405355772526	4.784853626318076	-5.284185375840061	1.2626534572320065e-7	1.9385444255150217e-6	LF_3
3300047160_97	1602.600538691814	0.5472997348624117	0.6981919471577819	0.7838814771358704	0.43310965940803764	0.9971309804363331	LF_3
3300047160_971	1421.6611218034745	-1.343211828530975	2.76176273012165	-0.48636032845291144	0.6267117127854428	0.9971309804363331	LF_3
3300047160_972	929.6927427696907	0.3592167641045	0.638486790572719	0.5626064147424015	0.5737029229765334	0.9971309804363331	LF_3
3300047160_984	585.9912761121607	0.33482086229823244	0.8601350385829273	0.38926546097906894	0.6970797835082208	0.9971309804363331	LF_3
3300047160_99	911.3302602454726	0.20986550974586932	0.27666761947326873	0.7585474228802777	0.4481233344500252	0.9971309804363331	LF_3
3300047160_990	320.42113632120197	0.28527642024241356	4.562803153331154	0.06252218442387604	0.9501469958822165	0.9971309804363331	LF_3
3300047160_991	1661.0792525708528	0.09253075492368158	0.2914224456975567	0.31751416642667124	0.7508534919188623	0.9971309804363331	LF_3
3300047160_992	620.4823621534101	1.031310551908021	2.8866772664109464	0.357265622973595	0.7208929629209684	0.9971309804363331	LF_3
3300047160_996	815.5968888405507	-0.2335173241225929	0.37498250425685814	-0.622741918547316	0.5334541315159235	0.9971309804363331	LF_3
3300047160_998	796.081532267475	-0.6941522235198332	2.8880100362613077	-0.2403565828387676	0.8100538335726106	0.9971309804363331	LF_3
GRE.SIPMG.052b4f26_bin.20	30148.512710307412	0.11955509219914014	0.40880466302042534	0.2924504121744001	0.7699422686746031	0.9971309804363331	LF_3
GRE.SIPMG.066b5f18_bin.18	5665.200169587779	-15.921957479696577	1.5989106919138156	-9.95800300805969	2.3268959920145418e-23	6.073198539157954e-21	LF_3
GRE.SIPMG.082b2f20_bin.18	99819.20661068226	0.17512069249387435	0.41758839357573535	0.419361972669659	0.6749516112563224	0.9971309804363331	LF_3
GRE.SIPMG.117b4f26_bin.29	20792.344437340806	0.14975796608532083	0.6113163343357219	0.2449762220864803	0.806474842504296	0.9971309804363331	LF_3
GRE.SIPMG.169b2f20_bin.29	17268.802915931294	0.1650234231021441	0.38683979726778794	0.4265937069238702	0.6696752821640448	0.9971309804363331	LF_3
GRE.SIPMG.176b2f22_bin.12	153114.01910218492	0.15583827963236999	0.3619253096082004	0.43058132574666186	0.6667728219024003	0.9971309804363331	LF_3
GRE.bulkMG.LF176_bin.18	33809.6226865831	0.15669917968206498	0.3716466328582647	0.42163486986797355	0.6732915502947185	0.9971309804363331	LF_3
GRE.bulkMG.LF176_bin.7	14184.859338356184	0.2762947218954111	0.4554547870942443	0.6066347960862232	0.5440933028270882	0.9971309804363331	LF_3
GRE.bulkMG.OX080_bin.28	25543.13664797052	0.29882751816481207	0.5964936935371521	0.5009734744935738	0.6163897911195898	0.9971309804363331	LF_3
GRE.bulkMG.T000H_bin.41	51517.37554410407	-0.021757800355134756	0.29785579968020937	-0.07304810038446408	0.9417678411488062	0.9971309804363331	LF_3
GRE.bulkMG.T000H_bin.8	28192.623275810573	0.19641318241602912	0.5082797326343655	0.3864273348025078	0.6991802090968858	0.9971309804363331	LF_3
3300047160_1000	545.4053405775765	1.1704699352803827	2.8222070159964283	0.4147356762441923	0.6783354124448737	0.9457177394334522	LF_4
3300047160_1008	694.5393130731388	0.535703370318149	0.5129335621950843	1.0443913399342049	0.2963043686532874	0.8856924063005874	LF_4
3300047160_101	462.04933677660983	-0.4695012313373688	0.8672746417883727	-0.5413524259964859	0.5882646915476515	0.9457177394334522	LF_4
3300047160_1011	1470.9197438804913	0.321694178644233	0.38275344871839756	0.8404736253099379	0.4006428835002917	0.9457177394334522	LF_4
3300047160_1016	720.328555342418	-0.19547456283423623	0.3983259850945704	-0.4907401729963129	0.6236102291270472	0.9457177394334522	LF_4
3300047160_102	880.9823268384171	0.4782246894203692	2.7557086278789504	0.17353964224746626	0.862227270552287	0.9569920353203384	LF_4
3300047160_103	686.7255272125935	0.38355145705395416	0.4077917344069794	0.9405572126461169	0.34693181743461216	0.9406440426208759	LF_4
3300047160_1033	448.6588526536789	-1.343655465347223	2.897066180942689	-0.46379867818898257	0.642791990455762	0.9457177394334522	LF_4
3300047160_1039	1053.6334949537663	2.0198529597248234	2.62967238516021	0.7681006087006408	0.44242741531932206	0.9457177394334522	LF_4
3300047160_104	398.9633721840072	0.5720720392971537	4.562677095196928	0.12538078574514216	0.9002220988242364	0.9708277536339804	LF_4
3300047160_1044	4055.291276562317	0.3883462514970114	0.6859454769354187	0.5661474046479847	0.5712935802912038	0.9457177394334522	LF_4
3300047160_1046	2804.4840056112894	0.09393900228167888	0.37392764682707563	0.25122240379599786	0.801642164154015	0.9569920353203384	LF_4
3300047160_105	1364.868072680753	-0.5164600558102629	0.36202567175143535	-1.4265840687807942	0.15369981894022683	0.5635660027808317	LF_4
3300047160_1053	1480.0511590669014	0.3749371538572299	0.5067414599525872	0.7398983179554927	0.45936169513608327	0.9457177394334522	LF_4
3300047160_1055	1286.3441196380259	-1.6645053766428042	2.6175744950119633	-0.6358960861724001	0.5248441538218819	0.9457177394334522	LF_4
3300047160_1059	519.6660029584268	0.034497765673932826	0.5523051328392669	0.062461425076004946	0.9501953802595464	0.9798558169120081	LF_4
3300047160_106	622.5115600837289	-0.8371014045596609	2.8148438029936256	-0.2973882258295796	0.7661701317259668	0.9508381017142659	LF_4
3300047160_1066	8008.509705581116	0.06771992950734937	0.44062703997483094	0.15368990861572546	0.8778542420012242	0.9569920353203384	LF_4
3300047160_1071	188.484465412006	0.15092114433073647	4.563296901699754	0.0330728303640556	0.9736165091217559	0.9915769148533645	LF_4
3300047160_1073	1928.3942489695633	0.7946321786519849	0.4414844871057974	1.7999096273150796	0.07187490926210247	0.32942666745130295	LF_4
3300047160_1076	1288.8748528293363	0.34567470990986804	0.6813169887945993	0.5073625281551296	0.6119004728700422	0.9457177394334522	LF_4
3300047160_1077	1312.3846412287471	0.4647059995257782	0.47844158830861044	0.9712909807205715	0.331403398858199	0.9205649968283306	LF_4
3300047160_1081	434.40680977752834	-0.20810287886497547	0.6976113580705693	-0.298307756113002	0.7654682851126856	0.9508381017142659	LF_4
3300047160_1082	922.8715760193493	1.0989687533904837	2.7189756486517163	0.4041848458390716	0.6860767965936397	0.9457177394334522	LF_4
3300047160_1085	238.65904048647772	-24.65250232523593	4.784971358687553	-5.152068941954492	2.5762828482974043e-7	3.0803381881816793e-6	LF_4
3300047160_1089	344.5834149630296	24.26115423809402	4.78489562577974	5.070362268171828	3.9705917710278937e-7	4.19966437320258e-6	LF_4
3300047160_1090	210.84918253871626	23.85533217358754	4.78499698470233	4.985443512264106	6.18198392163994e-7	5.666818594836611e-6	LF_4
3300047160_1097	2879.574009686842	0.4967198728224475	0.6500199239134119	0.764160996530646	0.44477130653592684	0.9457177394334522	LF_4
3300047160_1099	1353.0762416800978	0.8511812336693664	0.8516374931127767	0.9994642562744124	0.31756984590854626	0.9157098125488582	LF_4
3300047160_1115	372.3275483127168	0.8996022511123737	2.993973718485061	0.30047099129766874	0.7638179203312413	0.9508381017142659	LF_4
3300047160_1122	446.51352047797707	1.9570273799211768	2.9569239234791835	0.6618456986267317	0.5080701153745029	0.9457177394334522	LF_4
3300047160_1125	1802.170957158881	0.5954526106586383	0.7798913092164957	0.7635071754509605	0.4451609846773687	0.9457177394334522	LF_4
3300047160_1132	3586.7925262669187	0.8321176353003252	0.335453155600252	2.4805777540275433	0.013116965232386986	0.09017913597266053	LF_4
3300047160_1137	8841.227683617923	0.4433291427786509	0.28308210786547533	1.5660797007676912	0.11732995966927909	0.46093912727216785	LF_4
3300047160_1155	2862.294439216648	-14.908583954256827	1.6747028239752133	-8.902226556750277	5.473739888154831e-19	7.526392346212894e-17	LF_4
3300047160_1171	8481.226310566073	0.1494023663752446	0.3380102794902585	0.4420053928553684	0.6584853034930971	0.9457177394334522	LF_4
3300047160_1176	504.9537737324747	0.054309513715479305	4.562535646998487	0.011903362059473968	0.9905027154700478	0.9953482506325008	LF_4
3300047160_1185	1481.9913688003362	-0.3915497454763911	0.36301826004111837	-1.0785951798458873	0.2807682310204375	0.8579029281180035	LF_4
3300047160_1190	1636.3407390021887	-0.149021669002149	0.6356733650374491	-0.23443119878614038	0.8146502402498372	0.9569920353203384	LF_4
3300047160_1208	996.8446468107554	-1.4022779645877927	2.6772548665717903	-0.5237745506027978	0.6004353562230822	0.9457177394334522	LF_4
3300047160_1219	4074.0481349267293	0.18013373385252882	0.18226251209250005	0.9883202628147095	0.32299582478996086	0.9157098125488582	LF_4
3300047160_125	1748.5650359226402	0.9667504959828562	0.7344194917393264	1.316346457109002	0.1880577846883422	0.6464486348661763	LF_4
3300047160_1260	4245.37184021275	-0.14942628930675694	0.40124300066690644	-0.37240846334614025	0.7095887535361731	0.9457177394334522	LF_4
3300047160_127	208.8857344455904	-24.311371076338677	4.785003447080565	-5.080742646313364	3.759621674892704e-7	4.135583842381974e-6	LF_4
3300047160_1283	5542.030331754352	0.08218604535657825	0.20497124933221922	0.4009637723550701	0.6884467965389287	0.9457177394334522	LF_4
3300047160_133	2383.969083760708	-0.48341250927243484	0.29310054084154635	-1.6493060977795104	0.09908494105035497	0.3949037505630089	LF_4
3300047160_137	496.12672792987115	0.03520908006737778	2.9312371459833786	0.012011679135420396	0.9904162971258886	0.9953482506325008	LF_4
3300047160_144	555.2681207344026	-1.2008235389899344	2.816707038807549	-0.4263217730652963	0.6698733945375289	0.9457177394334522	LF_4
3300047160_148	3621.8727217336263	-1.0893249984890891	0.5221837643355988	-2.086095112273537	0.03697000836694042	0.1955144673251657	LF_4
3300047160_152	704.7838678276453	1.2264567550059629	2.7532421415785207	0.44545909583629884	0.6559880136549239	0.9457177394334522	LF_4
3300047160_164	1408.9571929270949	-0.12643226438341967	0.3466379723861325	-0.3647386450858368	0.7153065083714838	0.9457177394334522	LF_4
3300047160_168	432.67225685985466	-0.04544361046317744	0.5811435246261343	-0.07819688000896607	0.9376714438121215	0.9730552718805034	LF_4
3300047160_185	224.8375169410312	0.27839701534336037	4.563106955477474	0.06101040761474535	0.9513509204200223	0.9798558169120081	LF_4
3300047160_197	1063.514767762147	1.2821486867466632	0.5207803701353746	2.461975835251575	0.013817397589222728	0.0926776667569817	LF_4
3300047160_198	447.3084788523785	-25.51372657610762	4.784866221530717	-5.332171349180494	9.70453000957215e-8	1.404603027701232e-6	LF_4
3300047160_203	859.9016749704131	-1.2820664340979582	2.7219498348243114	-0.4710103094830582	0.6376333727690008	0.9457177394334522	LF_4
3300047160_205	510.7908705936477	12.456278162128799	1.6837576536875933	7.397904404382861	1.3835038609470744e-13	3.1705296813370457e-12	LF_4
3300047160_209	1533.3647698531413	-0.4070830119356329	0.6934003992325372	-0.5870821712623712	0.5571485209162257	0.9457177394334522	LF_4
3300047160_211	4191.625672338153	0.46921957017248106	0.6966042737471612	0.673581239529961	0.5005775836801275	0.9457177394334522	LF_4
3300047160_212	2413.77825254688	-0.7275131089551229	0.6343279347062075	-1.1469037845417838	0.2514213883967225	0.7947227794149275	LF_4
3300047160_214	264.2431889290482	11.505385446279547	2.3421238061081753	4.912372871269192	8.998072503556197e-7	7.982161091864368e-6	LF_4
3300047160_215	1164.2772973483386	0.09980472331088736	0.5142623059188791	0.19407357327610703	0.8461182736769747	0.9569920353203384	LF_4
3300047160_219	7060.745756009065	-0.9034886764375022	0.4644999015751301	-1.9450782946858565	0.05176555581632856	0.2542058544551849	LF_4
3300047160_221	325.71931905618294	24.462347154354006	4.784904946359166	5.112399813285195	3.1809169714266266e-7	3.6448006964263432e-6	LF_4
3300047160_228	2082.5546952024856	0.8832064774267774	0.3713970083120897	2.3780656754364795	0.01740372588360323	0.11395296709502115	LF_4
3300047160_234	435.07996564302675	-0.5682848985967518	2.94912851864734	-0.19269587439254895	0.8471971546600706	0.9569920353203384	LF_4
3300047160_250	2908.501036563237	0.12254331177216271	0.3553494263952846	0.34485298883203386	0.7302048944406816	0.9464505106509895	LF_4
3300047160_262	6825.726707330916	-1.1602848936592685	0.490637507166473	-2.3648515996262485	0.018037296929863292	0.11535480594680012	LF_4
3300047160_267	2225.3793581407044	0.5715038311509314	0.428585957437332	1.3334637340153566	0.1823796691189589	0.6348659368065025	LF_4
3300047160_27	4008.506936393176	0.4205327736970188	0.4831991366643826	0.8703094475707017	0.38413131732116385	0.9454793570558124	LF_4
3300047160_274	495.2765830293637	-25.161229738831345	4.784854619286369	-5.258514989653747	1.452233500083169e-7	1.901734345347007e-6	LF_4
3300047160_283	589.9456163393165	-1.2789405821361721	2.794723238088548	-0.45762691800956434	0.6472205011161221	0.9457177394334522	LF_4
3300047160_298	4146.7265398294485	0.29786903580140506	0.49027080363441544	0.6075602169113046	0.5434791931657579	0.9457177394334522	LF_4
3300047160_300	1922.901665466567	0.3269235937609758	0.48011275317765884	0.6809308680038383	0.4959152350829624	0.9457177394334522	LF_4
3300047160_301	1572.5698116594615	-14.044553395104142	1.6341186895824182	-8.59457362836544	8.357452789229409e-18	5.745748792595218e-16	LF_4
3300047160_303	276.70270931650043	-24.86111417264814	4.784940369883491	-5.195699894010066	2.039510501225744e-7	2.54938812653218e-6	LF_4
3300047160_304	696.1282507655083	-26.100064743083525	4.784823247023895	-5.454760478209402	4.9038901584634685e-8	7.932763491632081e-7	LF_4
3300047160_305	871.7266524549314	-0.31771524326651523	0.43890551809036227	-0.7238807218666677	0.4691389662933182	0.9457177394334522	LF_4
3300047160_311	853.3723455964478	-0.47844517841147427	0.45562572447383076	-1.0500837698837044	0.29367960004523774	0.8856924063005874	LF_4
3300047160_316	1053.1811308351703	-0.27989500536885137	0.3654707386572923	-0.7658479209502825	0.4437667967089773	0.9457177394334522	LF_4
3300047160_324	3789.8716831507736	-1.0568148398808317	0.40181644854752435	-2.6300935257901426	0.008536138092561133	0.06520661042928644	LF_4
3300047160_328	2021.1107819175031	0.4921349422142687	0.2962598747847885	1.6611596240353823	0.09668139223448036	0.3909909244776779	LF_4
3300047160_331	6180.1140455134055	-0.644288046274349	0.2979327133764073	-2.1625287098310597	0.030577446601413736	0.16817595630777554	LF_4
3300047160_335	2053.938486549342	0.055615759423257055	0.3567393221882475	0.155900277777366	0.8761116263518162	0.9569920353203384	LF_4
3300047160_342	1677.6374198963852	0.07047632748817749	0.4426463302367894	0.15921588562696737	0.8734987885885022	0.9569920353203384	LF_4
3300047160_343	1601.3993371354848	-14.070738591431871	1.8528869092285232	-7.593954343004361	3.1028776557287196e-14	8.532913553253979e-13	LF_4
3300047160_348	1729.209044496879	-0.2557015632886731	0.4184413874791772	-0.6110809564730199	0.5411459864266543	0.9457177394334522	LF_4
3300047160_352	1776.5873372773758	0.18741509337227935	0.3648386843966267	0.5136930413018784	0.6074666179003182	0.9457177394334522	LF_4
3300047160_357	3160.578800420318	0.13884398212072302	0.33238353901848905	0.41772219686547035	0.6761502413838367	0.9457177394334522	LF_4
3300047160_363	912.1592845148621	-0.16503869360959114	0.615417143423593	-0.26817370197306095	0.7885656166056187	0.9569920353203384	LF_4
3300047160_367	1066.7749341107585	0.7028469904838711	0.4879331940161051	1.4404574214327226	0.14973802804540853	0.5564588880065857	LF_4
3300047160_369	3704.7450175974	-0.09603645769570995	0.3366970146933581	-0.2852310935491179	0.7754671001342093	0.9508381017142659	LF_4
3300047160_379	363.9922423430141	0.04729977116744493	4.562710654755049	0.010366594497538708	0.9917288024483827	0.9953482506325008	LF_4
3300047160_386	1618.7944708611453	0.5933602572582969	0.45368682266528554	1.307863106476111	0.19091974503401618	0.6481843195599315	LF_4
3300047160_391	4756.650273734389	-0.39959194501583184	0.23969626190611543	-1.66707624824097	0.09549924434867263	0.3909909244776779	LF_4
3300047160_398	1891.2072570122123	-0.6332196776213379	0.27618754695705816	-2.292716252408699	0.02186434623492775	0.13665216396829843	LF_4
3300047160_400	7566.972297916704	0.0382670744479314	0.391674150068165	0.09770130206773052	0.922169481604963	0.9723963428189264	LF_4
3300047160_401	832.941059606865	-0.45627470374737333	0.5180940750527663	-0.880679254440235	0.37849144842495597	0.9454793570558124	LF_4
3300047160_402	652.4134760229356	-26.031923847333903	4.784828414293836	-5.440513555212993	5.3127197100327714e-8	8.116655112550068e-7	LF_4
3300047160_405	2507.992085430585	0.6344177188372772	0.36257162081987565	1.749772134406663	0.08015764083279699	0.3555379230486963	LF_4
3300047160_408	786.4788372136743	0.15698836710625166	0.4593603034493858	0.3417543177488546	0.7325357908811592	0.9464505106509895	LF_4
3300047160_425	738.5138179326927	0.9213238316094666	2.755880956240209	0.3343119119580584	0.7381442026111382	0.9464505106509895	LF_4
3300047160_427	265.96053821114634	-0.011382267359655907	4.562941734505284	-0.002494502016885819	0.9980096774179792	0.9980096774179792	LF_4
3300047160_434	986.0692248452918	-0.6008692961549882	0.8761599768738811	-0.6857986121425863	0.4928401116198927	0.9457177394334522	LF_4
3300047160_441	1438.334237070485	-27.11258621438746	4.784783359741419	-5.666418764642395	1.4581291190559457e-8	2.506159423377407e-7	LF_4
3300047160_442	4624.915141112579	-0.4134555826295026	0.3036345589406764	-1.361688155893621	0.17329632070504525	0.6109806178703518	LF_4
3300047160_451	590.8819491695439	1.1398218105329443	2.8247614016849014	0.40351082744654765	0.6865724711093949	0.9457177394334522	LF_4
3300047160_452	2252.524271058306	2.0533145756601474	3.5968699447824357	0.5708615010222023	0.5680935297212677	0.9457177394334522	LF_4
3300047160_457	997.2528468280751	-1.1709975076958068	2.69036269839467	-0.43525637208490026	0.6633763486413957	0.9457177394334522	LF_4
3300047160_468	1740.333345739699	0.3498778048781467	0.459389926406497	0.7616140119027183	0.44629040952659543	0.9457177394334522	LF_4
3300047160_475	1179.1684788205075	-1.0641963931778482	2.66865190029713	-0.3987767730438577	0.6900576929307791	0.9457177394334522	LF_4
3300047160_48	753.1275943127412	0.6247145367508207	0.4967933081367754	1.2574938641863236	0.2085748594652924	0.6910612813609085	LF_4
3300047160_482	2140.4778021767524	0.20027018935925492	0.4349481686680483	0.46044610320477236	0.6451960491452331	0.9457177394334522	LF_4
3300047160_496	588.1668163749307	0.7318312107053381	0.6514648709344409	1.1233625071074396	0.2612835664965885	0.8073368627703579	LF_4
3300047160_50	2703.938870451279	0.4202305531177677	0.45180719835305644	0.9301103538181927	0.35231395050890985	0.9406440426208759	LF_4
3300047160_500	5964.211014825527	-0.4355657030270952	0.21820693806829242	-1.9961129874375296	0.045921625684030416	0.23386013079830303	LF_4
3300047160_501	5188.229315074871	-0.23222631846484498	0.327454668039017	-0.7091861595852244	0.4782089611425065	0.9457177394334522	LF_4
3300047160_502	8332.701499105682	-0.569121353887699	0.2543373052214778	-2.2376636938576753	0.025242994542963602	0.14888824530283554	LF_4
3300047160_506	1169.7682583698083	0.20181853094077468	0.40859862522604273	0.49392856089304193	0.621356633066414	0.9457177394334522	LF_4
3300047160_509	635.5065937148033	0.05196178467190003	0.6496148932535848	0.07998859818568867	0.9362463242428325	0.9730552718805034	LF_4
3300047160_518	683.235738119754	-0.20035870006151507	0.510094380723295	-0.3927875068480735	0.6944764327003952	0.9457177394334522	LF_4
3300047160_520	349.96107145676103	-0.18601777881675885	4.562738936700718	-0.040768884960853555	0.967480144930619	0.9915769148533645	LF_4
3300047160_524	5732.300658074872	-1.607173442690033	3.808481059452861	-0.42199853894532036	0.6730260838884198	0.9457177394334522	LF_4
3300047160_525	676.4577294782882	0.45829926741670235	0.5753527161964247	0.7965535827247916	0.4257103443979631	0.9457177394334522	LF_4
3300047160_526	2516.0978946953683	0.7135041680925414	0.36843422390840563	1.9365849364469507	0.052796100784884635	0.2547180301025136	LF_4
3300047160_527	589.990295999688	0.9335990310919421	2.812751650203341	0.33191662371772135	0.7399522174180463	0.9464505106509895	LF_4
3300047160_530	1539.0446709532023	-1.3388404120881714	2.6140899358854153	-0.5121631026189978	0.6085368640088882	0.9457177394334522	LF_4
3300047160_533	825.7801053941049	0.8988262298964993	4.353505586335547	0.20646033686454124	0.8364313438724206	0.9569920353203384	LF_4
3300047160_534	576.6545096342287	-0.5623165963093855	0.4018946806518315	-1.3991640680522726	0.16176378891712256	0.5853294993711672	LF_4
3300047160_538	1029.4497281563672	-0.16856751433914538	0.6612840573761414	-0.2549093879686009	0.7987930851947113	0.9569920353203384	LF_4
3300047160_540	1146.6545321599197	-0.9914939470730644	0.6502845074759408	-1.5247079327193531	0.12733196226587923	0.4796752003166683	LF_4
3300047160_545	98.53546523055566	-23.447619999239	4.785291861791365	-4.8999351923461205	9.586827300276176e-7	8.238679711174838e-6	LF_4
3300047160_546	2787.352497419602	0.6610012669347037	0.3047181411634557	2.1692219058928037	0.030065840810597343	0.16817595630777554	LF_4
3300047160_547	1528.2741479505705	0.960881432847962	0.7837437605383337	1.2260147783351498	0.2201931137758708	0.7041058870740055	LF_4
3300047160_55	5965.937698321716	0.03494045134627069	0.28984489826213816	0.12054878852713237	0.9040484337426675	0.9711457784345061	LF_4
3300047160_552	1456.1874217907878	-0.1904782573308809	0.4606146403044925	-0.41353061901151017	0.6792178939277778	0.9457177394334522	LF_4
3300047160_561	772.0549822459905	-1.1636113226122509	4.371098169915022	-0.26620571704864554	0.7900807802743781	0.9569920353203384	LF_4
3300047160_564	1058.4500805748048	0.49146999856041335	0.6451146967375679	0.7618335174285185	0.44615937321056737	0.9457177394334522	LF_4
3300047160_567	1952.7580548667352	-0.020019036931834426	0.565727768652227	-0.035386343116101913	0.9717716745072088	0.9915769148533645	LF_4
3300047160_568	764.9576939809763	0.6968886305307098	0.3580626108848017	1.9462759007667447	0.05162160682064742	0.2542058544551849	LF_4
3300047160_571	800.7560983887494	-1.1369011166644152	2.742939396218209	-0.41448276918983423	0.6785205835496877	0.9457177394334522	LF_4
3300047160_581	1984.0843357150475	0.6440973271879389	0.8071786253605494	0.7979613272096179	0.4248929326536461	0.9457177394334522	LF_4
3300047160_590	475.1342803981699	-0.37304720830633975	0.7014579689055894	-0.5318169082723029	0.5948528109206113	0.9457177394334522	LF_4
3300047160_597	4510.817523099957	-0.2617212537897803	0.2936715029247654	-0.8912041215549255	0.37281967370198316	0.9454793570558124	LF_4
3300047160_598	411.0260142718968	1.0261688430508151	2.9514750275853525	0.34768000184990205	0.7280805169903163	0.9464505106509895	LF_4
3300047160_603	1039.7851779541925	13.481769589626541	1.665033102263252	8.096997934335956	5.633202848095041e-16	1.9364134790326703e-14	LF_4
3300047160_607	1431.0538025002766	1.2223753180756927	2.6607292197937307	0.459413648327001	0.645937149085968	0.9457177394334522	LF_4
3300047160_614	354.0861293537386	-0.08785919763939982	3.068014058310947	-0.028637156143857274	0.9771539779100429	0.9915769148533645	LF_4
3300047160_617	4632.486638094328	-0.195028699977669	0.21506967472132496	-0.9068163618621551	0.3645039159939841	0.9454793570558124	LF_4
3300047160_618	549.0557603201503	0.9708058085672517	2.8332458250001573	0.3426479269821911	0.731863341799001	0.9464505106509895	LF_4
3300047160_624	948.0574318985198	0.9694181961135381	0.7613515055066756	1.2732859777671224	0.2029165806853831	0.6805129230302481	LF_4
3300047160_627	708.2935349309433	0.434749942621954	0.8263435655866743	0.5261128188410314	0.5988098226208117	0.9457177394334522	LF_4
3300047160_628	576.929338693294	-1.1816108780775825	2.809848299701935	-0.4205247942399332	0.6741021204682628	0.9457177394334522	LF_4
3300047160_642	827.6837866058909	1.094301755128147	2.740595190529489	0.3992934669482236	0.6896769803297425	0.9457177394334522	LF_4
3300047160_649	2928.27278697539	-0.3884779938790149	0.2121769124576636	-1.8309154817045858	0.06711315917531185	0.312815572427301	LF_4
3300047160_653	3473.4450660442135	0.34135025885603393	0.30285051949626807	1.1271245610666363	0.25968982025322845	0.8073368627703579	LF_4
3300047160_663	535.1955843805471	1.1198479353755377	0.5081233549313735	2.2038899108008585	0.027532087270355745	0.1577359166530798	LF_4
3300047160_666	1158.9751181247939	0.5084126840930883	0.3298428654270958	1.5413784482946813	0.12322470614761498	0.4772787914168186	LF_4
3300047160_667	1363.8138111404628	0.0672858553451504	0.3393189954723908	0.19829675391876259	0.8428128912622057	0.9569920353203384	LF_4
3300047160_668	894.0746247921281	0.7734714008101921	0.8222579701060782	0.9406675628944136	0.3468752466772077	0.9406440426208759	LF_4
3300047160_669	1470.3560115450073	-0.037685386891863945	0.4006910527887086	-0.09405098174661791	0.9250686586029465	0.9723963428189264	LF_4
3300047160_673	654.9921088141073	-1.2764547093918077	2.779075157255973	-0.4593091719952491	0.6460121621848289	0.9457177394334522	LF_4
3300047160_674	723.5455707176624	-0.43491688209501406	0.508022946703882	-0.8560969241976382	0.39194416983404584	0.9454793570558124	LF_4
3300047160_676	1010.9746155963746	-0.46359899724887527	2.781270194175182	-0.16668606963098778	0.8676170670093323	0.9569920353203384	LF_4
3300047160_679	1102.740446443715	-0.5579129944351771	0.5720191094679565	-0.9753397835853774	0.32939174249641767	0.9205649968283306	LF_4
3300047160_68	486.76930465123735	-0.5849112401188856	2.9120087835478468	-0.2008617705494208	0.8408066611288519	0.9569920353203384	LF_4
3300047160_680	1963.2086539636884	-0.12560546694785268	0.3015956147957249	-0.4164698052155934	0.6770662578846149	0.9457177394334522	LF_4
3300047160_682	757.8430901393077	0.5085503827940359	4.402378914812056	0.11551717665260229	0.9080352066147472	0.9716330031869863	LF_4
3300047160_683	537.4832851318012	-2.5279382021357493	2.6991473074728405	-0.9365691880309449	0.34898020750337805	0.9406440426208759	LF_4
3300047160_685	440.87913083275924	1.0947255557602993	2.8994433513965654	0.3775640435371867	0.7057544799085984	0.9457177394334522	LF_4
3300047160_690	804.6981405163451	-1.122065188320719	0.6687790818092796	-1.6777815258293416	0.0933897571385062	0.3891239880771092	LF_4
3300047160_691	137.99691053871584	-23.91344399796143	4.785135763661372	-4.99744316129161	5.809545437360281e-7	5.5090517078416456e-6	LF_4
3300047160_692	6164.611082924786	-0.5392539633386122	0.2582272488054595	-2.0882922535602337	0.03677147980737158	0.1955144673251657	LF_4
3300047160_693	1255.0569106151802	-0.3230534322311948	0.6906273438067103	-0.4677680881422059	0.639950443773034	0.9457177394334522	LF_4
3300047160_699	1168.0115219056033	-26.82700219613026	4.4627415000791615	-6.011327834169735	1.840098633410842e-9	3.8925163399075505e-8	LF_4
3300047160_701	1383.2787014411695	-0.8774540957783753	0.572066052892878	-1.53383353432909	0.1250706107933744	0.4777002495580272	LF_4
3300047160_709	990.0998847802927	0.3964823500094762	0.4698987412470334	0.8437612515353365	0.3988028322610395	0.9457177394334522	LF_4
3300047160_715	1045.3949939177733	-0.8058143697104544	0.3606145941694968	-2.2345583976329695	0.025446354651757347	0.14888824530283554	LF_4
3300047160_716	2568.4080623067484	0.10045036031194361	0.35356052013065337	0.28411079459557187	0.7763254747999913	0.9508381017142659	LF_4
3300047160_718	145.79468116847204	-23.98684966188351	4.7851149176391345	-5.012805350496801	5.364215419379622e-7	5.311945454502109e-6	LF_4
3300047160_723	3156.6521950466986	0.07476565029197976	0.31050361162878043	0.24078834349071954	0.8097191644087413	0.9569920353203384	LF_4
3300047160_725	939.3609420622586	0.6902274583760527	0.2701742977613456	2.554748782897753	0.01062644610158619	0.07690191257726847	LF_4
3300047160_726	1243.72222971193	0.2306881446386804	0.34441231139514145	0.6698022602740636	0.5029838525291535	0.9457177394334522	LF_4
3300047160_73	868.3481731142949	-0.21976668138306835	0.4447781497606989	-0.4941040415346572	0.6212327037559571	0.9457177394334522	LF_4
3300047160_731	1865.4431423054132	-0.5239621903800465	0.5931010707705872	-0.8834281646116203	0.3770049790873008	0.9454793570558124	LF_4
3300047160_732	117.08150233316321	23.034337342292574	4.785205990141193	4.813656379631197	1.481935360048167e-6	1.1986241882742528e-5	LF_4
3300047160_735	641.3422883556254	-1.2665352959485203	2.767389334617637	-0.4576642975765151	0.6471936417897098	0.9457177394334522	LF_4
3300047160_739	144.84949684971372	-23.97928883036715	4.785117325030841	-5.011222756217915	5.408526280947602e-7	5.311945454502109e-6	LF_4
3300047160_740	761.7842357337327	-0.2090008284377838	0.5684402114412938	-0.36767425004620485	0.7131161431302706	0.9457177394334522	LF_4
3300047160_743	1167.8734595126061	-0.0593093459013307	0.5625624714822876	-0.10542712837750691	0.9160368906797445	0.9723963428189264	LF_4
3300047160_747	252.50524085696495	-0.38150065457661286	4.563004678293247	-0.0836073336482552	0.9333686359468228	0.9730552718805034	LF_4
3300047160_750	3966.46480814035	0.12991336907636408	0.2704555229797793	0.480350216719653	0.6309783870958454	0.9457177394334522	LF_4
3300047160_757	1304.213656082405	0.7229341425746527	0.5821577374911222	1.2418183183310818	0.21430360245733193	0.7015891747115033	LF_4
3300047160_760	700.3270081534312	-1.1701309326567653	2.755429568913155	-0.42466370610892035	0.6710818450340097	0.9457177394334522	LF_4
3300047160_761	360.9225125167488	0.48614634102484133	3.037782678548398	0.16003328495412517	0.8728548545062647	0.9569920353203384	LF_4
3300047160_766	2935.5047071027975	0.09838643640374581	0.5433550134434803	0.18107210565745513	0.8563109791189919	0.9569920353203384	LF_4
3300047160_768	1615.1831681348917	-14.083124395392362	1.6524572351912812	-8.522534862308955	1.5609864333945847e-17	8.585425383670216e-16	LF_4
3300047160_774	1360.651612610546	-1.1928550972109926	0.6478629148945501	-1.841215278397512	0.06559001726937855	0.3109871508461914	LF_4
3300047160_78	1590.4615828025878	0.21250686312241895	0.274933821682211	0.7729382359077315	0.43955893462402124	0.9457177394334522	LF_4
3300047160_780	612.5928687998414	1.4688537382061166	2.759017544903648	0.5323828914822696	0.5944608320646523	0.9457177394334522	LF_4
3300047160_79	7332.4229259846825	0.8202965845085255	0.4778423585572244	1.7166677876471477	0.08603988898929722	0.3697026480008865	LF_4
3300047160_791	1261.153088642284	0.11855740985354782	0.6143910752114281	0.192967337314835	0.8469845483397473	0.9569920353203384	LF_4
3300047160_792	2433.8690729920168	0.21632060795463642	0.5365256100890251	0.4031878514032957	0.6868100361520715	0.9457177394334522	LF_4
3300047160_797	4521.842532018675	-0.40447495157846963	0.4509333726974202	-0.8969727593213099	0.3697334530165999	0.9454793570558124	LF_4
3300047160_800	23938.572377908276	0.23912628730103486	0.42390564440277323	0.5641026262764961	0.5726842908293401	0.9457177394334522	LF_4
3300047160_807	1924.9189179379277	-0.8265388564028177	3.678877218819647	-0.22467149818824597	0.8222348389197704	0.9569920353203384	LF_4
3300047160_809	345.60324036140537	11.892654439483316	2.0192175337108833	5.889734137573181	3.868174082239577e-9	7.598199090113456e-8	LF_4
3300047160_817	170.12350076708535	-0.8494226389869958	4.563549387306416	-0.18613201411815067	0.8523412369382765	0.9569920353203384	LF_4
3300047160_846	3992.692718400309	0.17672916043911246	0.44131189095636053	0.400463173689078	0.6888154023126506	0.9457177394334522	LF_4
3300047160_874	1310.825585696905	-13.781905711389086	1.6648248755783277	-8.278291557003268	1.2495498731703343e-16	5.727103585364032e-15	LF_4
3300047160_877	2295.178827447857	-0.15413360632248185	0.3434717692497034	-0.4487518920672254	0.6536106462417568	0.9457177394334522	LF_4
3300047160_881	727.6484452446512	-12.93274820220282	1.7190177318314972	-7.523336125465007	5.339591523259707e-14	1.3348978808149267e-12	LF_4
3300047160_882	3606.930164044148	-0.11254213712445112	0.4788723598115158	-0.23501489450915	0.8141971728026522	0.9569920353203384	LF_4
3300047160_884	1328.6167998368574	-0.20853973644094817	0.7312670120013398	-0.2851759111493547	0.7755093745546715	0.9508381017142659	LF_4
3300047160_887	361.06040976568113	-25.221291575878425	4.7848949473586675	-5.271023053453023	1.3566542665097846e-7	1.8653996164509538e-6	LF_4
3300047160_888	565.2932654501528	-1.0547239839029943	2.8315240301052835	-0.3724933896689469	0.7095255327658908	0.9457177394334522	LF_4
3300047160_890	1671.3260178364476	0.0342773633963289	0.3712112519481972	0.09233923599145731	0.9264285157038499	0.9723963428189264	LF_4
3300047160_891	377.91869629703615	0.21335062058203114	0.6752470668898747	0.3159593444288537	0.7520333669639007	0.9508381017142659	LF_4
3300047160_892	3008.206412954153	-0.16313712760674273	0.3272716278633476	-0.4984762311105706	0.6181484182495423	0.9457177394334522	LF_4
3300047160_893	3435.708084601408	1.3435833042739729	0.5228422481107103	2.569768049787501	0.010176662773862422	0.07563735845438287	LF_4
3300047160_895	846.5467563233259	-0.2035795104236349	0.5205434557226583	-0.39109032720622766	0.6957304701771916	0.9457177394334522	LF_4
3300047160_897	697.0810677033058	0.272001382079473	0.4397302567948927	0.6185641717311825	0.5362035107717382	0.9457177394334522	LF_4
3300047160_900	3521.1845616476116	-0.7534226158654198	0.4298486667019643	-1.7527624818429541	0.07964278563886987	0.3555379230486963	LF_4
3300047160_901	1035.03149628641	0.1388129399730899	0.578399722984785	0.23999482443863726	0.8103342688740538	0.9569920353203384	LF_4
3300047160_903	358.9965438290808	-1.774128299676809	2.920727817843359	-0.6074267820637975	0.5435677192987071	0.9457177394334522	LF_4
3300047160_904	1326.9216366948992	1.026301745637406	0.4539486521761647	2.2608322344773195	0.023769647699370722	0.14525895816282108	LF_4
3300047160_906	479.7700499929665	0.3283325161056402	0.4583850996477691	0.7162809531940206	0.4738178852514057	0.9457177394334522	LF_4
3300047160_909	5428.68655411047	0.15782472352431975	0.2717442037846891	0.5807841393716309	0.5613859459420752	0.9457177394334522	LF_4
3300047160_912	635.4163465527001	1.0633885465865276	2.8053810444634877	0.37905315881604035	0.7046483890610744	0.9457177394334522	LF_4
3300047160_916	536.8618732125474	-0.43771112814708857	2.896011299163816	-0.15114275564928623	0.8798631057554805	0.9569920353203384	LF_4
3300047160_919	111.18899783937164	22.96408353876164	4.78523089497818	4.79894994468524	1.5949964694161e-6	1.2532115116840786e-5	LF_4
3300047160_920	2438.8327609385815	0.8743809620197092	1.0201968213042474	0.8570708551138954	0.3914057271632117	0.9454793570558124	LF_4
3300047160_923	709.498151476867	-0.6383453590323419	0.5179074601843909	-1.2325471403811628	0.2177447686984664	0.7041058870740055	LF_4
3300047160_924	984.1017643905052	-1.5795233401877546	2.66119565192504	-0.5935389752516574	0.5528205073069994	0.9457177394334522	LF_4
3300047160_925	1891.4550359301052	-14.310904696266272	1.7900678049085272	-7.994615989977856	1.299783428062761e-15	3.9715604746362144e-14	LF_4
3300047160_927	5655.419980153953	0.3888368092042504	0.5104876793689864	0.7616967557079759	0.4462410120996893	0.9457177394334522	LF_4
3300047160_928	3242.9785132278844	0.34980327905070446	0.3524857221186321	0.9923899241881212	0.32100735215513776	0.9157098125488582	LF_4
3300047160_929	595.1095907241861	0.3256090325568962	0.366572947893309	0.8882516684009772	0.37440539139896384	0.9454793570558124	LF_4
3300047160_93	736.1078832859166	-1.0129794380082684	2.7553684718214084	-0.3676384659140157	0.7131428288240615	0.9457177394334522	LF_4
3300047160_930	1856.9501254585816	-1.1229381675563261	0.5568133966134942	-2.0167226118947013	0.04372446885298481	0.22687224404850612	LF_4
3300047160_931	376.05266917266374	0.6937600429831897	3.0297770237085504	0.22898056112855583	0.8188840247406075	0.9569920353203384	LF_4
3300047160_933	502.9724041338475	-0.2027474483845346	0.7093239737615359	-0.2858319412346484	0.775006842697857	0.9508381017142659	LF_4
3300047160_935	2429.9880914826426	0.7732826725429154	0.4537720796884067	1.7041213136645783	0.08835842552982556	0.37382410801080046	LF_4
3300047160_937	768.2391556172023	-1.0144030683410459	2.748152952736941	-0.3691217649770117	0.7120369666076622	0.9457177394334522	LF_4
3300047160_939	704.2670494528658	12.919676269574731	1.5673725434761645	8.242887961352887	1.6810297027651009e-16	6.604045260862896e-15	LF_4
3300047160_946	665.4334935242335	0.8602413716891933	2.8124273491340803	0.3058714999176969	0.7597024863995546	0.9508381017142659	LF_4
3300047160_949	853.4843361077112	-1.1818101095371496	0.47171064793282547	-2.5053708554517233	0.012232306029801621	0.08625343995372937	LF_4
3300047160_950	442.2761815472948	-0.4238234497019778	0.6219351615558719	-0.6814592193850473	0.4955809624740496	0.9457177394334522	LF_4
3300047160_956	3035.1714082051103	-1.8332338648764481	3.6675445447478467	-0.4998531967394244	0.6171784499212192	0.9457177394334522	LF_4
3300047160_957	2369.1575430001567	0.10584182030895646	0.37535153179511366	0.2819805205077208	0.7779584468571266	0.9508381017142659	LF_4
3300047160_962	1592.822139286332	-0.3223660071786668	0.31900055663365756	-1.010549983299478	0.3122318650203989	0.9157098125488582	LF_4
3300047160_964	1000.1882723681905	13.425757666473972	1.5186266305743472	8.840723187763622	9.51010099908349e-19	8.717592582493199e-17	LF_4
3300047160_967	1970.9920221234122	0.041067289670368996	0.19783158483727817	0.20758712368476426	0.8355513591701275	0.9569920353203384	LF_4
3300047160_968	1075.619754746977	-26.55373387377785	4.525187803747395	-5.867984937948475	4.411233140242983e-9	8.087260757112135e-8	LF_4
3300047160_97	1813.7323338090268	0.6994639032986869	0.503715558159879	1.3886088923953337	0.16495171185424712	0.5891132566223112	LF_4
3300047160_971	1316.566160522355	-1.3963762325260536	2.6248298748135275	-0.5319873283693308	0.5947347718988731	0.9457177394334522	LF_4
3300047160_972	885.5871007761702	0.5893367470022596	0.6661761239609548	0.8846560628714474	0.37634215961818285	0.9454793570558124	LF_4
3300047160_984	611.3127221283956	0.526833172302623	0.7233825352686866	0.7282912520233032	0.4664353162361586	0.9457177394334522	LF_4
3300047160_99	883.9117930962323	-0.03761890217934149	0.2697341830426859	-0.13946657318322991	0.8890814684910898	0.9625882040749989	LF_4
3300047160_990	142.1886953936665	23.295400023318187	4.785123004239521	4.868297011942836	1.1256406425348076e-6	9.380338687790065e-6	LF_4
3300047160_991	1926.5470290315805	-0.16692964095997154	0.39785962999283064	-0.4195691856521849	0.6748002029617631	0.9457177394334522	LF_4
3300047160_992	845.0220525174426	1.1765060914616916	0.6782548938943004	1.734607596720178	0.08281033300780827	0.3614736758277345	LF_4
3300047160_996	830.2918689074063	0.039965507555121176	0.40045228445362735	0.09980092287312001	0.9205023753634178	0.9723963428189264	LF_4
3300047160_998	495.1415381624593	-1.0208310792715563	4.562606698636802	-0.22373856584582583	0.8229607353501562	0.9569920353203384	LF_4
GRE.SIPMG.052b4f26_bin.20	30383.140858055947	0.20549132945288337	0.32487016661958545	0.6325337028977129	0.5270381928055805	0.9457177394334522	LF_4
GRE.SIPMG.066b5f18_bin.18	11075.972077648265	-16.86074668477241	1.7611043911529471	-9.573962094168726	1.0288547235832929e-21	2.8293504898540554e-19	LF_4
GRE.SIPMG.082b2f20_bin.18	95160.91089591646	0.3766747438390532	0.49728385654331675	0.7574642508151525	0.44877177564091886	0.9457177394334522	LF_4
GRE.SIPMG.117b4f26_bin.29	22348.200794361277	0.1641245512827815	0.4896426985893137	0.33519248169253407	0.7374798930644942	0.9464505106509895	LF_4
GRE.SIPMG.169b2f20_bin.29	16912.87614828317	0.2657789982889125	0.41624602701559577	0.6385141984285039	0.523139014491375	0.9457177394334522	LF_4
GRE.SIPMG.176b2f22_bin.12	146587.585866758	0.3591048412472822	0.4660471582632117	0.770533270893734	0.4409836269368871	0.9457177394334522	LF_4
GRE.bulkMG.LF176_bin.18	35905.99293400596	0.13895621274000997	0.3049161621438416	0.45571940746931794	0.6485917643018813	0.9457177394334522	LF_4
GRE.bulkMG.LF176_bin.7	13628.524733778122	0.4962289063890498	0.4978078978074012	0.9968281109534299	0.318847950878668	0.9157098125488582	LF_4
GRE.bulkMG.OX080_bin.28	24734.164676918685	0.5430992000302101	0.6305409353938164	0.8613226668479614	0.38906035499695507	0.9454793570558124	LF_4
GRE.bulkMG.T000H_bin.41	54705.317930606914	-0.034849638712987734	0.23168106154360682	-0.15042074859635587	0.8804326724947114	0.9569920353203384	LF_4
GRE.bulkMG.T000H_bin.8	26830.898874721515	0.39392031018293217	0.5429163747543472	0.7255635094100245	0.4681063979979881	0.9457177394334522	LF_4
3300047160_1000	192.0734038363468	-1.538041050930774	4.563634557854997	-0.3370210807706928	0.736101008642758	0.985271023970962	OX_1
3300047160_1008	641.1523666037036	0.5787783334518423	0.7692221482828162	0.7524202660361329	0.4517983629530308	0.985271023970962	OX_1
3300047160_101	657.0119980638806	0.027929268536895833	0.5776121230480301	0.04835298191027309	0.9614349304421369	0.985271023970962	OX_1
3300047160_1011	1779.559824041955	1.2116172340029692	0.6977133067913619	1.736554573647082	0.08246582364492269	0.48379949871687977	OX_1
3300047160_1016	948.0594489286283	0.0951268210289471	0.4714597487392707	0.20177082197011617	0.8400958930761293	0.985271023970962	OX_1
3300047160_102	876.3901771898256	0.19942896359142728	0.668933958246725	0.29812952554259664	0.765604307504612	0.985271023970962	OX_1
3300047160_103	863.6762686161055	0.410814639095029	0.37274953762844626	1.1021197818480617	0.2704096003705818	0.9689715572415046	OX_1
3300047160_1033	806.7898800663962	0.24543304940659233	0.6726806421198686	0.36485820170644556	0.715217256733454	0.985271023970962	OX_1
3300047160_1039	117.96705656491976	-23.661093178246613	4.785213060349124	-4.944626891183885	7.628983638261685e-7	8.05620672200434e-6	OX_1
3300047160_1044	2890.983395939722	0.22476322786540517	0.6435417049552389	0.349259770011391	0.7268942978829581	0.985271023970962	OX_1
3300047160_1046	2627.6674925731522	0.31172164116066614	0.3275302044422433	0.9517340292065649	0.34123188673477345	0.985271023970962	OX_1
3300047160_105	944.1056293620387	0.6361275706094347	0.5980866839371188	1.0636043030115605	0.28750799228155727	0.9689715572415046	OX_1
3300047160_1053	1229.142414639049	-0.021212871121356048	0.5979286208442033	-0.03547726330846318	0.9716991762114091	0.985271023970962	OX_1
3300047160_1055	2224.329528017446	0.50409209445507	0.8140226034936903	0.619260561428596	0.5357447211383902	0.985271023970962	OX_1
3300047160_1059	487.19518993385407	0.9073146171977192	0.8444424620056766	1.0744540427807383	0.28261923196717037	0.9689715572415046	OX_1
3300047160_106	846.0725240723236	0.3854364166422475	0.7114865549139131	0.5417339427993599	0.5880018033003243	0.985271023970962	OX_1
3300047160_1066	6437.977352505946	0.3428134496390342	0.49726925954775886	0.6893920005246366	0.49057661610265796	0.985271023970962	OX_1
3300047160_1071	56.86858105320833	-9.2875064206039	4.785714767187914	-1.9406727881656098	0.052297979050421266	0.36489000740371336	OX_1
3300047160_1073	1941.4397537310492	-0.1531661902772785	0.41349163640385594	-0.37042149536413255	0.7110684601168276	0.985271023970962	OX_1
3300047160_1076	1455.3684406164405	0.01936121062275434	0.765535007433765	0.025291084581039878	0.9798227851318763	0.985271023970962	OX_1
3300047160_1077	1337.7932946226224	-0.5451910491114103	0.5408061839133776	-1.008108016011028	0.3134026098086581	0.985271023970962	OX_1
3300047160_1081	304.74836100492985	-0.27613115311483954	3.1726325684676526	-0.08703533962907274	0.9306434217170039	0.985271023970962	OX_1
3300047160_1082	414.24303919894	-0.11985595754645721	4.365440986651578	-0.02745563573369715	0.9780963240510085	0.985271023970962	OX_1
3300047160_1085	236.3897724224861	-0.7021160536740246	4.563105167915736	-0.15386804113364896	0.8777137834528995	0.985271023970962	OX_1
3300047160_1089	211.39745008799918	-24.52415009737492	4.785006652905583	-5.125207105508037	2.9721086269149155e-7	4.615509867679633e-6	OX_1
3300047160_1090	266.4286344973624	0.38652020586130226	4.562957726091458	0.0847082592177307	0.9324933296648561	0.985271023970962	OX_1
3300047160_1097	2149.4006021747746	0.027989105201855668	0.5363453771628226	0.05218485400193688	0.9583814012447	0.985271023970962	OX_1
3300047160_1099	290.23739378722416	24.267021596754184	4.784921362472054	5.071561214585356	3.9456530297308e-7	5.208261999244656e-6	OX_1
3300047160_1115	500.5792042158405	-0.3950290101179961	1.0007590300802223	-0.39472939863088724	0.6930426039720388	0.985271023970962	OX_1
3300047160_1122	53.646945870381295	9.172437164809159	4.785738652046823	1.9166189028910259	0.05528636475813839	0.36489000740371336	OX_1
3300047160_1125	1984.6167379073083	-0.23418921166564338	0.8204227507105143	-0.2854494362361691	0.7752998375564288	0.985271023970962	OX_1
3300047160_1132	3224.9084299932765	-0.44341674522424623	0.37047810189259306	-1.196877070355967	0.23135447268666856	0.9592173877033906	OX_1
3300047160_1137	10136.984090845428	-0.25948379332435534	0.5657763533706274	-0.45863315385748077	0.6464976243110412	0.985271023970962	OX_1
3300047160_1155	762.6766267747755	25.618111071099953	4.784806540986021	5.354053680469335	8.600532681525231e-8	2.0641278435660553e-6	OX_1
3300047160_1171	9986.6031823584	0.15800791963135297	0.22823155013268043	0.6923140974133349	0.4887400988787803	0.985271023970962	OX_1
3300047160_1176	472.3364022094282	1.196890498575826	4.19401778504981	0.28538040607322107	0.7753527173537017	0.985271023970962	OX_1
3300047160_1185	1369.516114424593	0.36156153155930526	0.6008203007945886	0.6017798184933796	0.5473207106232645	0.985271023970962	OX_1
3300047160_1190	736.9798825443255	-2.3247884378789263	3.4368531622137364	-0.6764293754061608	0.4987680718847972	0.985271023970962	OX_1
3300047160_1191	263.5375313263892	24.137174372732908	4.784940142548117	5.044404664146786	4.549355895486664e-7	5.719190268611806e-6	OX_1
3300047160_1208	1513.014166417662	0.10342286173503963	0.8052974658715565	0.12842814750833376	0.8978101571056945	0.985271023970962	OX_1
3300047160_1219	4820.131611633605	0.05373139296683681	0.3618722467933653	0.14848166291547157	0.8819626564157143	0.985271023970962	OX_1
3300047160_125	2050.4925063506616	-0.34704046376479497	0.74742189461733	-0.46431669484672383	0.6424208645885034	0.985271023970962	OX_1
3300047160_1260	3644.1008672885464	-0.7133201928504133	0.6417038388114182	-1.111603437142662	0.2663086940572078	0.9689715572415046	OX_1
3300047160_1283	4879.329278646393	0.19280528844468264	0.2682100143764584	0.7188593941688619	0.47222755773708763	0.985271023970962	OX_1
3300047160_1320	4269.949990455045	15.4872115929456	1.5912746280469279	9.732582497060257	2.1896209003618454e-22	5.780599176955272e-20	OX_1
3300047160_133	2125.057715202937	-0.03447584972375635	0.3906704637513859	-0.08824790436600813	0.9296796436257826	0.985271023970962	OX_1
3300047160_137	357.7602760988621	1.3450122844250574	2.8884062546481575	0.46565897101926057	0.6414596248609203	0.985271023970962	OX_1
3300047160_144	427.64177144414424	2.0685846341012604	2.707375063917166	0.7640554357135609	0.44483420773434473	0.985271023970962	OX_1
3300047160_148	3286.041027244958	-1.2001435589038685	0.6228665461909906	-1.9268068998778216	0.05400369927996995	0.36489000740371336	OX_1
3300047160_164	1469.9644664661084	0.8628342342361552	0.5937417835819938	1.4532146096081524	0.14616417705020016	0.7420642834856315	OX_1
3300047160_168	652.8098063133016	0.2595580711924747	0.5471581969540945	0.47437482000155634	0.6352326456909603	0.985271023970962	OX_1
3300047160_197	954.0030944685057	0.018906196293532837	0.3119297017009921	0.06061043943694672	0.9516694593432079	0.985271023970962	OX_1
3300047160_198	220.5210862505996	23.889410095952723	4.784979962909735	4.992583099851818	5.957706636111595e-7	6.8384110953628746e-6	OX_1
3300047160_203	1044.5129025487752	-2.0692065826628205	3.4259262987322665	-0.6039845584035219	0.545853908508134	0.985271023970962	OX_1
3300047160_205	238.88834786409484	-11.358237935930385	2.8277197788630652	-4.016748059985337	5.900674817233989e-5	4.720539853787191e-4	OX_1
3300047160_209	2646.656141383187	0.4873598587519505	0.6398429470957541	0.7616866935301483	0.4462470189775978	0.985271023970962	OX_1
3300047160_211	2708.0505276111703	0.18368341137072497	0.7335399728032883	0.25040681923408	0.8022727565866218	0.985271023970962	OX_1
3300047160_212	2629.00000903805	0.3876862736304379	0.6493421110176	0.5970447119514322	0.5504775292105124	0.985271023970962	OX_1
3300047160_214	82.60260260507937	-23.239250434791515	4.7854131083910785	-4.856268394894097	1.1961854250340796e-6	1.1278319721749893e-5	OX_1
3300047160_215	1403.654815107046	-0.008659227937368742	0.2298470810637376	-0.037673865151098	0.9699477137873284	0.985271023970962	OX_1
3300047160_219	5703.990310713245	-0.6887709676644542	0.452100153627617	-1.5234920009157455	0.12763566043784313	0.6739162871118117	OX_1
3300047160_228	1924.9197958591963	0.07091536794519537	0.6291785073862198	0.11271104640843069	0.9102596432929317	0.985271023970962	OX_1
3300047160_234	405.11919687526887	1.160055076194304	2.958763876534387	0.39207423255183227	0.6950033658498252	0.985271023970962	OX_1
3300047160_250	3081.0337433559816	0.08803472015711995	0.35189448539633256	0.2501736282055344	0.8024530785664665	0.985271023970962	OX_1
3300047160_259	178.79115958599417	-24.296312346948103	4.7850541943882945	-5.0775417288777565	3.823495501047791e-7	5.208261999244656e-6	OX_1
3300047160_262	5436.167756526253	-0.41178577302928066	0.26361963428008556	-1.5620451570453753	0.11827735122927507	0.650525431761013	OX_1
3300047160_267	2275.9340272328577	0.19892210498628976	0.34400085794274377	0.578260490906679	0.5630882643175139	0.985271023970962	OX_1
3300047160_27	4340.688013226105	-0.4354813900055705	0.29010181506681415	-1.501132938121306	0.13332118097942985	0.6901331721288134	OX_1
3300047160_274	340.1760254269339	24.064512543224144	4.784894186159634	5.029267441865495	4.923572579980453e-7	5.908287095976543e-6	OX_1
3300047160_283	192.09067714878464	23.69839451540482	4.78501606790892	4.952625901162576	7.321865313562225e-7	8.054051844918447e-6	OX_1
3300047160_298	3162.7108588282013	-0.015496258767385246	0.4546462923172123	-0.03408420794196935	0.9728100014052978	0.985271023970962	OX_1
3300047160_300	1558.356158354681	0.023383952853666682	0.26024121832147	0.08985491616005663	0.9284025078573507	0.985271023970962	OX_1
3300047160_301	859.915000802955	2.3501673289076743	4.562571912621193	0.5150970491898517	0.60648520461718	0.985271023970962	OX_1
3300047160_304	92.46063481807651	22.678282919111084	4.7853178344015594	4.739138277519904	2.146290069792989e-6	1.8278083175011258e-5	OX_1
3300047160_305	950.1790141300487	-0.05713613938558704	0.392656426575285	-0.14551178974434073	0.8843068079505538	0.985271023970962	OX_1
3300047160_311	810.1255882522877	-0.18670203891131296	0.9131841604311969	-0.20445168346235223	0.8380005454625314	0.985271023970962	OX_1
3300047160_316	1118.631523190493	0.21354743299889148	0.46933869146263113	0.45499643835755266	0.6491118011703909	0.985271023970962	OX_1
3300047160_324	2693.8037511995803	0.4762331186794276	0.7011079209237527	0.67925793514351	0.49697444437308547	0.985271023970962	OX_1
3300047160_328	2092.5303453580045	-0.16640603526571485	0.4826947769801196	-0.3447438074776775	0.7302869811385917	0.985271023970962	OX_1
3300047160_331	6441.259428772621	0.270421408916162	0.2796201573730367	0.9671026990926023	0.3334926963537358	0.985271023970962	OX_1
3300047160_334	381.1549079994927	3.2630526167974874	4.356166839286902	0.7490651155435645	0.45381795952457016	0.985271023970962	OX_1
3300047160_335	2086.535150062259	0.27550224490156605	0.3653971705048614	0.7539802361384204	0.4508610893587707	0.985271023970962	OX_1
3300047160_342	1634.1170620055725	-0.29147342969171647	0.2994065528834349	-0.9735038424666446	0.3303029514203335	0.985271023970962	OX_1
3300047160_343	345.367665349874	24.29890059674234	4.784891686084619	5.078255097687622	3.80917027634365e-7	5.208261999244656e-6	OX_1
3300047160_348	1684.870095191095	0.3109779358722424	0.6489160002678225	0.4792267962939651	0.6317772931530141	0.985271023970962	OX_1
3300047160_352	1818.0894144805793	-0.1194578411023652	0.2547117351941802	-0.4689922944119405	0.6390751438763369	0.985271023970962	OX_1
3300047160_357	2919.0727633992274	-0.07246835968878854	0.5848078516597234	-0.12391823995371905	0.9013800108658326	0.985271023970962	OX_1
3300047160_363	938.1233325739959	0.05908211451224541	0.4119455697399405	0.1434221383896511	0.885956799808759	0.985271023970962	OX_1
3300047160_367	974.0687328791141	-0.21546998548564797	0.6068792151101485	-0.3550459137845744	0.7225551947817506	0.985271023970962	OX_1
3300047160_369	3611.8951306573613	-0.309785152863231	0.3584160261201153	-0.8643172466830857	0.3874136384299375	0.985271023970962	OX_1
3300047160_379	610.5944129664545	-0.387498793239567	2.596568920030501	-0.1492349347056866	0.8813682547275404	0.985271023970962	OX_1
3300047160_386	1346.0668903848562	-0.6173172881335072	0.4680709262601256	-1.3188541597015138	0.18721787374611243	0.8564898244576147	OX_1
3300047160_391	5119.886879707396	0.46862788030039887	0.4196283247626314	1.1167689420524336	0.2640931315230741	0.9689715572415046	OX_1
3300047160_398	2300.539412814506	0.1770577417874108	0.32111086155032476	0.5513913199091902	0.581365449688275	0.985271023970962	OX_1
3300047160_400	6448.588763290311	-0.36776489835824605	0.8342419942108601	-0.44083719221798257	0.6593308660469397	0.985271023970962	OX_1
3300047160_401	1302.5179670014313	-0.01559312431898796	0.2915697723631557	-0.053479907030851016	0.9573495396021916	0.985271023970962	OX_1
3300047160_405	2380.277577068984	-0.0702709913041195	0.2918218251551094	-0.24080101365540085	0.8097093439523132	0.985271023970962	OX_1
3300047160_408	891.5578580192558	-0.2092731889148562	0.46841639238126004	-0.44676743239276223	0.6550429881909812	0.985271023970962	OX_1
3300047160_425	274.8485925495912	-1.3132157660679245	4.563093734093529	-0.2877906619046909	0.7735069858331058	0.985271023970962	OX_1
3300047160_427	769.223959375543	-0.07030250641202566	0.47226040429110117	-0.1488638593734215	0.881661059439375	0.985271023970962	OX_1
3300047160_434	1139.0425127010876	-0.14969271990844035	0.4106679812499373	-0.36451032645112796	0.7154769640497898	0.985271023970962	OX_1
3300047160_442	4016.3408295594154	0.08232757948329668	0.6175068231271656	0.13332254219698336	0.89393830064509	0.985271023970962	OX_1
3300047160_451	784.4235301406922	-0.31425590264068226	3.559221299506977	-0.08829344291803742	0.9296434503968272	0.985271023970962	OX_1
3300047160_452	1648.259370228073	-0.8158042493005067	3.688990757249223	-0.22114564740976175	0.824979028514967	0.985271023970962	OX_1
3300047160_457	1044.5402185384983	0.4622205473609781	0.6030357210430336	0.7664894984355219	0.44338509808347	0.985271023970962	OX_1
3300047160_468	1135.159906522081	-0.21618084415583327	3.7107649719186893	-0.05825775703710352	0.9535433153349339	0.985271023970962	OX_1
3300047160_475	2591.1804230704056	0.8123662298675786	0.8766409190797045	0.9266807106385117	0.3540923355533424	0.985271023970962	OX_1
3300047160_48	563.0951940591281	-0.3654280667062474	0.6684509705959555	-0.5466789379936887	0.5845993266310043	0.985271023970962	OX_1
3300047160_482	1872.6295803793805	0.2958337966230717	0.47639221510369506	0.6209878903220077	0.5346075908859951	0.985271023970962	OX_1
3300047160_496	572.858106602002	0.33256753693636415	0.5361267801812614	0.6203150993948203	0.5350503558704469	0.985271023970962	OX_1
3300047160_50	2874.196171095853	-1.3617703829894683	0.34609444626903907	-3.9346785181605775	8.330812931150003e-5	6.468631217128238e-4	OX_1
3300047160_500	5088.913165637619	0.06931699926432823	0.4743182747126755	0.14614026690478646	0.8838106592389521	0.985271023970962	OX_1
3300047160_501	3323.7897791002742	0.35837274187150076	0.5946859002970719	0.6026252542602367	0.5467580161099131	0.985271023970962	OX_1
3300047160_502	6819.095923172171	-0.6839637070643746	0.5002648809430505	-1.3672031220241423	0.1715616470512712	0.8234959058461017	OX_1
3300047160_506	1224.5627400397962	0.05033842193845725	0.4019891553680048	0.12522333318264386	0.9003467454282842	0.985271023970962	OX_1
3300047160_509	345.55100185064555	0.1617380252525863	3.0495659036643223	0.05303640923393188	0.9577028981500406	0.985271023970962	OX_1
3300047160_518	616.7845055034327	0.08377719278968175	0.46423056532290286	0.18046462048747094	0.8567878271254199	0.985271023970962	OX_1
3300047160_520	426.90321937549055	0.7684366754952786	2.902140826151727	0.2647826971629887	0.7911768669570146	0.985271023970962	OX_1
3300047160_524	2085.5718577872485	-0.5674187905206121	3.728258247302405	-0.15219406835113153	0.8790338722362614	0.985271023970962	OX_1
3300047160_525	511.000345744996	-0.02496992086134305	0.7423332508461594	-0.03363707719259607	0.9731665556628997	0.985271023970962	OX_1
3300047160_526	3249.4025535969363	-0.043032029644807984	0.3927222222158253	-0.1095737068353601	0.9127474639756611	0.985271023970962	OX_1
3300047160_527	763.4352131380997	0.621221890088927	1.0094184303628095	0.615425547426992	0.5382737240791186	0.985271023970962	OX_1
3300047160_530	1966.594505955261	0.8110852116863747	0.705581608470775	1.149527144626488	0.25033868037177587	0.9689715572415046	OX_1
3300047160_533	391.27070333821587	-12.070093446144597	1.9962023879710669	-6.046527906628044	1.4800060705494977e-9	4.341351140278526e-8	OX_1
3300047160_534	340.29851528590547	2.129526422698861	2.882830061713141	0.7386930124606013	0.46009342976258916	0.985271023970962	OX_1
3300047160_538	1453.6845670810917	-0.058988987565818066	0.56958388662699	-0.10356505679109716	0.9175145191415042	0.985271023970962	OX_1
3300047160_540	1142.000774233711	-0.5564139679325055	0.28792892557715905	-1.9324698510827387	0.053301539766023164	0.36489000740371336	OX_1
3300047160_546	3308.4533672241155	-0.25965637968467653	0.5680140604339786	-0.45713019759808726	0.64757746634613	0.985271023970962	OX_1
3300047160_547	696.0166350887653	0.49002237997515735	0.7445344254895383	0.658159466102542	0.510435667765417	0.985271023970962	OX_1
3300047160_55	6309.704960097246	0.22522696970497458	0.5083426230568604	0.44306135171313765	0.6577213589337283	0.985271023970962	OX_1
3300047160_552	1593.32762712515	0.5443085519666021	0.3809619797683062	1.4287739482497444	0.1530692156508097	0.7624579798455425	OX_1
3300047160_561	362.42591081096305	24.581240371269885	4.784884442966361	5.1372693874360085	2.7875922416192415e-7	4.599527198671748e-6	OX_1
3300047160_564	902.9912405531271	-1.0260390133734025	0.8829221203688518	-1.1620945830927443	0.2451970475346281	0.9689715572415046	OX_1
3300047160_567	1483.7578563800473	-1.5765503559131449	0.6064651105920644	-2.5995730477785113	0.009333981044884058	0.06844919432914975	OX_1
3300047160_568	562.680200677803	0.14347112407645768	2.6533482027454434	0.05407172866644747	0.9568780165407033	0.985271023970962	OX_1
3300047160_571	1040.846436617183	0.19694351164728993	0.6184142099103692	0.318465372385014	0.7501319572153823	0.985271023970962	OX_1
3300047160_581	911.1443072972729	0.08485846156694822	3.6672435245754924	0.023139576359814052	0.9815389367589509	0.985271023970962	OX_1
3300047160_590	274.0562287818154	-1.3566777521879867	3.110519298726003	-0.43615796010127655	0.662722127177626	0.985271023970962	OX_1
3300047160_597	3531.058070400297	-0.5463429198355635	0.3115909360251917	-1.7533979864914697	0.07953371639625699	0.4772022983775419	OX_1
3300047160_598	445.8031375037639	-0.9516191836670427	2.775623526335026	-0.34284879582483385	0.7317122144885508	0.985271023970962	OX_1
3300047160_603	77.1682208547452	-23.149016388338822	4.785460085053758	-4.8373648462013605	1.3157178952402636e-6	1.1908487565805323e-5	OX_1
3300047160_607	1795.098071148656	-14.267894131484894	1.6851185772360495	-8.46699711475928	2.51800326066703e-17	2.2158428693869865e-15	OX_1
3300047160_614	751.424016619949	0.8066487239809395	3.620260745097132	0.22281509006592204	0.8236794230540561	0.985271023970962	OX_1
3300047160_617	4855.767539038909	0.15206118723273532	0.3973565615817949	0.3826819585598661	0.7019555930202865	0.985271023970962	OX_1
3300047160_618	454.0195146577082	-0.2432941107407234	2.8254724341782396	-0.08610740908236221	0.9313810339067959	0.985271023970962	OX_1
3300047160_624	485.87589461432907	-0.35612637570964056	2.765433818202805	-0.12877776114746414	0.8975335030196482	0.985271023970962	OX_1
3300047160_627	691.5656852066261	-0.8397987792763124	0.7419351509555276	-1.1319032104015392	0.25767512883491517	0.9689715572415046	OX_1
3300047160_628	876.3025275782061	0.5843427277913334	0.5514158999874303	1.059713236061299	0.2892750793314917	0.9689715572415046	OX_1
3300047160_642	837.9861843575437	-1.2891170278791861	3.5069637115696484	-0.367587786445102	0.713180623181531	0.985271023970962	OX_1
3300047160_649	5680.079346361134	-3.7735628114476647	3.6553769298912475	-1.032332064195616	0.3019165851762863	0.9720241278846291	OX_1
3300047160_653	3477.0202260830238	0.10664313780746355	0.4058796300331701	0.2627457253736736	0.7927465708446026	0.985271023970962	OX_1
3300047160_656	400.4979369125239	24.682069079559206	4.784870361335409	5.158356907431592	2.4912639258727e-7	4.599527198671748e-6	OX_1
3300047160_663	584.2565655162241	-0.7866372063506868	0.6878840253582222	-1.1435608000070039	0.2528058263842034	0.9689715572415046	OX_1
3300047160_666	1359.6530238213109	-0.3829713378413953	0.29100781802192427	-1.3160173511645745	0.18816821900962746	0.8564898244576147	OX_1
3300047160_667	1293.5497513087732	0.26400115733495877	0.5048588907609584	0.5229206856930615	0.6010294488569892	0.985271023970962	OX_1
3300047160_668	937.8817618177698	-0.7754250750206858	0.7215119247169761	-1.0747224660560641	0.28249900229964153	0.9689715572415046	OX_1
3300047160_669	1053.9412388545097	0.13600439810999174	0.44898679871375324	0.30291402442034804	0.7619553832377542	0.985271023970962	OX_1
3300047160_673	394.5718649483915	0.293269451286747	2.930430335924494	0.1000772643155928	0.920282985149167	0.985271023970962	OX_1
3300047160_674	533.6292580297757	0.701346148306082	0.5255923608868801	1.3343918224432265	0.1820754786543738	0.8564898244576147	OX_1
3300047160_676	1503.7662696384975	0.574113399934592	0.911303121924839	0.6299916966398177	0.5287000168514358	0.985271023970962	OX_1
3300047160_679	1215.047774443409	0.4983644218729694	0.4754720522949078	1.0481466144383662	0.29457106241878145	0.9689715572415046	OX_1
3300047160_68	370.5956946975474	-11.991809600943633	2.259903591593904	-5.306336803724375	1.1185020750378972e-7	2.460704565083374e-6	OX_1
3300047160_680	2341.120585722527	0.01707057962947296	0.3846102019658425	0.044384105107510924	0.9645982314495871	0.985271023970962	OX_1
3300047160_682	1038.5618700575028	-13.478393548615049	1.6579146374870073	-8.129727094420852	4.302579875329145e-16	2.2717621741737885e-14	OX_1
3300047160_683	734.7137551088367	0.028986041397575674	0.8174173748768258	0.03546051538474271	0.9717125307182625	0.985271023970962	OX_1
3300047160_685	375.73234287205037	0.5350304012740877	1.1439516942165038	0.46770366614171743	0.6399965189995183	0.985271023970962	OX_1
3300047160_690	496.47374012319665	1.3431445656880934	0.7380730377763082	1.8197989859306682	0.06878962223043757	0.42233628532175627	OX_1
3300047160_692	8010.630579029091	0.32410345532801343	0.2613272535575486	1.24022064639592	0.21489379382430032	0.9455326928269215	OX_1
3300047160_693	1987.0076173658695	0.24764251910180995	0.5147651609072416	0.481078631400298	0.6304606145972406	0.985271023970962	OX_1
3300047160_699	155.5019767394923	23.40280611842172	4.785081963449106	4.890784796829871	1.0043472526818748e-6	1.0197987488769806e-5	OX_1
3300047160_701	1050.8673078702018	0.6013951101793727	0.6127591331251637	0.9814543393456533	0.3263687407461254	0.985271023970962	OX_1
3300047160_709	803.9590492929599	-0.20871375224620434	0.5402825292803729	-0.38630483299950447	0.6992709215837412	0.985271023970962	OX_1
3300047160_715	784.1226396802392	0.5038029352993794	0.9069336882252508	0.5555014019660633	0.5785517514548499	0.985271023970962	OX_1
3300047160_716	2722.354632105639	0.6674592185329437	0.4317503328417057	1.5459379362601597	0.12211955747986664	0.6579502688711182	OX_1
3300047160_723	3305.302270614154	-0.010179134422237685	0.417509340201634	-0.02438061485599753	0.9805490108338862	0.985271023970962	OX_1
3300047160_725	1094.694342524634	-0.12816897361880225	0.4239870117607313	-0.30229457521951614	0.7624275133688835	0.985271023970962	OX_1
3300047160_726	1049.0341887349878	-0.050113018716450096	0.2944152099736744	-0.17021205772939188	0.8648433693943629	0.985271023970962	OX_1
3300047160_73	967.4052323169119	0.26500072896720206	0.42710484782961455	0.6204582558915818	0.5349561288250275	0.985271023970962	OX_1
3300047160_731	2348.5190783251755	0.33416422713495775	0.5501766113331584	0.6073762865441135	0.5436012219623891	0.985271023970962	OX_1
3300047160_732	127.19226797314637	23.120793259353757	4.78515896450234	4.831771197335413	1.3532372233869683e-6	1.1908487565805323e-5	OX_1
3300047160_735	1336.6651724309436	0.7611150339172923	1.008208206243845	0.7549185071136082	0.45029788052043196	0.985271023970962	OX_1
3300047160_740	540.6258143405324	0.599432480156779	0.8367067624959902	0.7164188303780462	0.4737327710942067	0.985271023970962	OX_1
3300047160_743	1658.764440171721	-0.4690513882707549	0.40468319990063406	-1.1590582173560102	0.24643245557080065	0.9689715572415046	OX_1
3300047160_747	496.6170376354414	0.44206484023651443	2.766652826180189	0.15978327170411777	0.8730518020135136	0.985271023970962	OX_1
3300047160_750	4525.5147274357105	0.2530129374125782	0.23043946847249644	1.0979583449385362	0.2722226789155285	0.9689715572415046	OX_1
3300047160_757	1138.4295937274865	0.164422757319411	0.787055433784761	0.20890873788742093	0.8345194828163145	0.985271023970962	OX_1
3300047160_760	1078.128126863892	0.6693143468551644	0.6421852141588225	1.0422450285341396	0.29729809142637076	0.9689715572415046	OX_1
3300047160_761	397.6193011070474	0.03346819532186307	1.0415844362478717	0.032132004048012155	0.9743667810414753	0.985271023970962	OX_1
3300047160_766	2362.369478409588	0.24167260067503663	0.710771710569028	0.3400143774455499	0.7338457006693244	0.985271023970962	OX_1
3300047160_768	585.6664274973884	24.632115648338896	4.784827882388353	5.147962738430571	2.633307835090055e-7	4.599527198671748e-6	OX_1
3300047160_774	1331.246018696429	-0.010052850453861705	0.42745343840080713	-0.0235180011452745	0.9812370796184	0.985271023970962	OX_1
3300047160_78	1790.6254482498384	-0.49009121727218724	0.26103307408796694	-1.8775062086846082	0.06044874719698501	0.37996355380962005	OX_1
3300047160_780	327.2300043012142	-1.91118778376376	2.9633272399172204	-0.6449465850478088	0.5189618012969628	0.985271023970962	OX_1
3300047160_79	7454.877813565829	-0.5599655768750367	0.5900861309227379	-0.9489556651660315	0.34264316128409406	0.985271023970962	OX_1
3300047160_791	1614.7935190084843	-0.02822606560112421	0.4600803449131033	-0.061350296558431223	0.9510802353470283	0.985271023970962	OX_1
3300047160_792	2620.535294770758	0.033935366572071954	0.24769650415736993	0.13700381718149593	0.8910277778905052	0.985271023970962	OX_1
3300047160_797	2847.16659982229	0.37614969772789975	0.3593243386998375	1.046824991284872	0.2951803018363419	0.9689715572415046	OX_1
3300047160_800	22856.470024338832	0.47609775320076203	0.5305759986907848	0.8973224465025751	0.3695468822294793	0.985271023970962	OX_1
3300047160_807	2152.1176932997514	-2.5201617688315974	3.579783554402217	-0.7039983648543342	0.4814337919074014	0.985271023970962	OX_1
3300047160_846	3417.899295973009	0.442569648906838	0.7067695226185021	0.6261866630399778	0.5311925140399643	0.985271023970962	OX_1
3300047160_874	852.9505999810885	13.163532704010427	1.5929035790057813	8.263860334990591	1.410356154671664e-16	9.308350620832982e-15	OX_1
3300047160_877	2775.0045087811554	0.16286550321566265	0.5106494601339184	0.31893797199540946	0.7497735492873676	0.985271023970962	OX_1
3300047160_881	518.9167713453011	25.08167338518714	4.378982417734251	5.727740144287851	1.0177730585326281e-8	2.686920874526138e-7	OX_1
3300047160_882	6001.106054403574	0.6125651858412188	0.6960560105366881	0.8800515713798744	0.378831372529804	0.985271023970962	OX_1
3300047160_884	1356.8487799245174	-0.13302406600636535	0.6040947445580186	-0.22020397827445332	0.8257122984554686	0.985271023970962	OX_1
3300047160_888	598.717839600601	0.4885930313066113	0.8424622455092967	0.5799583707294093	0.5619426912462739	0.985271023970962	OX_1
3300047160_890	1425.1122097799039	0.0640574899283655	0.6617423618592054	0.09680125320735412	0.9228842286947752	0.985271023970962	OX_1
3300047160_891	353.13499341737213	-0.9442757967605245	2.9598770555327714	-0.31902534431132207	0.7497072941849938	0.985271023970962	OX_1
3300047160_892	2973.2932929662093	0.17639295412705613	0.2821960487834048	0.6250723739312304	0.5319235585729998	0.985271023970962	OX_1
3300047160_893	4316.862582684123	-2.7936255063668094	0.5362010844762037	-5.210033301398123	1.8880673935261673e-7	3.834229168391601e-6	OX_1
3300047160_895	537.5884083854629	-1.4896370118962121	2.5825826890221455	-0.5768012843221837	0.5640737018686244	0.985271023970962	OX_1
3300047160_897	923.5222484894936	-0.10206227098495413	0.35285949320502613	-0.2892433757638814	0.7723951406461054	0.985271023970962	OX_1
3300047160_900	2250.48528128378	0.11107844071436832	0.4447660504108463	0.24974577221386654	0.8027839584385343	0.985271023970962	OX_1
3300047160_901	892.6301847253435	0.37824777940854637	0.4863516894102128	0.7777248185715948	0.4367312576891489	0.985271023970962	OX_1
3300047160_903	421.7903479034743	3.1419196785458614	2.6256147883745733	1.1966415227615756	0.2314463087652942	0.9592173877033906	OX_1
3300047160_904	1225.9701268996696	-0.7944623237975602	0.5057951189808392	-1.57071963327439	0.11624778670976194	0.650525431761013	OX_1
3300047160_906	573.9107339230604	-0.3279996144751064	0.5943910748680119	-0.5518245955290305	0.5810685343525301	0.985271023970962	OX_1
3300047160_909	4301.933251812927	-0.42188276957032	0.45316184201744136	-0.9309759349819275	0.3518660126485258	0.985271023970962	OX_1
3300047160_912	589.3468558525719	-0.031019534112514638	2.6228174221202005	-0.011826798865564746	0.9905637997605001	0.9905637997605001	OX_1
3300047160_916	648.1063633403957	0.5145855664041615	1.0485444566257225	0.4907618014214944	0.623594929953479	0.985271023970962	OX_1
3300047160_919	176.53362072288388	1.0865978159873237	4.563576019279323	0.23810227141979734	0.8118017730578524	0.985271023970962	OX_1
3300047160_920	2993.3318579743245	-0.6189293113506152	0.9302285895631769	-0.6653518482389972	0.5058254753712266	0.985271023970962	OX_1
3300047160_923	747.7082675602237	1.0532968985136684	0.555670177924071	1.8955433283259535	0.058020457160587124	0.373595138790122	OX_1
3300047160_924	1410.6291851126534	0.7184952801111456	0.6370892988532061	1.1277779761871287	0.25941369678598786	0.9689715572415046	OX_1
3300047160_925	139.43261507324908	23.251135288204253	4.78512183538712	4.859047708306307	1.1795171114269097e-6	1.1278319721749893e-5	OX_1
3300047160_927	6045.676224654444	-0.5060622355455894	0.6771030562396131	-0.7473932230583584	0.45482623493875163	0.985271023970962	OX_1
3300047160_928	2693.5579360989295	0.2048494750196141	0.49506173116669	0.41378572029159766	0.6790310426961266	0.985271023970962	OX_1
3300047160_929	292.74551985147775	1.1858457997531913	3.0928533934209144	0.3834148111500242	0.7014122231914466	0.985271023970962	OX_1
3300047160_93	693.9369330846449	0.4921260643758375	0.5734739607177666	0.8581489275640116	0.3908102332134607	0.985271023970962	OX_1
3300047160_930	1328.8044624770837	-0.6781800037613512	0.5290610713826343	-1.2818558016166517	0.19989323497021608	0.8944375259684244	OX_1
3300047160_931	544.311442078503	-1.2022174888017336	2.6469960703851387	-0.4541818184969238	0.6496979680715735	0.985271023970962	OX_1
3300047160_933	491.3943321137207	0.0662319673856931	0.8337058106496694	0.07944285207042219	0.9366803853021416	0.985271023970962	OX_1
3300047160_935	1774.2086537097975	-1.7681254859619744	0.225318880846635	-7.847214043129667	4.253809006570146e-15	1.8716759628908642e-13	OX_1
3300047160_937	1619.7695652440766	0.35364435673928074	0.5800334918664716	0.6096964428748755	0.5420629113337609	0.985271023970962	OX_1
3300047160_939	580.0388308032323	-12.638124317551478	1.6231007277680822	-7.7864078928299785	6.8941136651300844e-15	2.6000657251347747e-13	OX_1
3300047160_946	701.510029949223	-0.8689333756112511	3.503783014991475	-0.24799862659684857	0.8041354694340924	0.985271023970962	OX_1
3300047160_949	754.5804633230097	0.7757269036889829	0.63447315676083	1.222631557258142	0.22146888836213277	0.9584883037311976	OX_1
3300047160_950	572.8607088260812	0.8976400510068169	0.9623022545464699	0.9328046845633463	0.35092082206982766	0.985271023970962	OX_1
3300047160_956	2166.5479881965803	1.5266181830299153	0.33983256318578603	4.492265746161927	7.0469412628609076e-6	5.813726541860249e-5	OX_1
3300047160_957	2524.7552629926217	0.21222452790147756	0.29002361940528276	0.731749118698199	0.46432171020114316	0.985271023970962	OX_1
3300047160_962	818.3920918315898	0.10464735867566946	0.8337729071633969	0.12551062498743606	0.9001193140304551	0.985271023970962	OX_1
3300047160_964	434.7964434819718	-12.22227858650631	1.8561838651368585	-6.5846271029864525	4.560284660492776e-11	1.504893937962616e-9	OX_1
3300047160_967	2145.929322166078	-0.034665159519496475	0.3042423658806522	-0.11393929119357059	0.9092859184967091	0.985271023970962	OX_1
3300047160_97	1519.7554467625778	-0.25120493433295643	0.6034739898185547	-0.4162647248616062	0.6772163020473829	0.985271023970962	OX_1
3300047160_971	1704.6467258573332	-1.2579135746214782	3.6150943932197945	-0.3479614742510537	0.7278691167072955	0.985271023970962	OX_1
3300047160_972	965.8963854903318	-0.39437563745103726	0.6056443744016927	-0.6511670117313237	0.5149386825550848	0.985271023970962	OX_1
3300047160_984	528.9697894821072	-0.06898747341772873	0.9222385652621973	-0.07480436843162727	0.9403703660528229	0.985271023970962	OX_1
3300047160_99	1078.4590060705043	0.4840879909680821	0.5636185495152737	0.8588929363386107	0.39039958686642884	0.985271023970962	OX_1
3300047160_990	142.37943537708543	-10.611530105752305	3.6374283422670417	-2.9173166059234656	0.0035305720045508316	0.0266306002628977	OX_1
3300047160_991	1691.0293430947906	0.15007583622262996	0.2603166603082933	0.576512606011828	0.5642687516829497	0.985271023970962	OX_1
3300047160_992	725.6677772914769	-0.7847217197934635	3.533500756533392	-0.2220805297246716	0.8242511944516765	0.985271023970962	OX_1
3300047160_996	781.1447252490407	-0.5228443507461356	0.6080045065317223	-0.8599349924700869	0.3898248780281939	0.985271023970962	OX_1
3300047160_998	1141.271413088241	1.0587265547455105	0.7523093349506319	1.4073021635641225	0.15933780806216813	0.7789848394150443	OX_1
GRE.SIPMG.052b4f26_bin.20	29981.518296556285	-0.24375883546028582	0.41342081323297236	-0.5896143291724454	0.5554492428244209	0.985271023970962	OX_1
GRE.SIPMG.066b5f18_bin.18	4762.956651063389	15.644844976824102	1.6721816825699767	9.355948064674129	8.285328475467315e-21	1.0936633587616855e-18	OX_1
GRE.SIPMG.082b2f20_bin.18	102765.17635954113	-0.25828176851840057	0.21634398451914175	-1.1938477008846449	0.23253754853415529	0.9592173877033906	OX_1
GRE.SIPMG.117b4f26_bin.29	18014.552889302875	-0.08667624645617678	0.6272286956742882	-0.13818922357019622	0.8900908717307652	0.985271023970962	OX_1
GRE.SIPMG.169b2f20_bin.29	18310.140900232178	-0.18579291705504672	0.3282841595333782	-0.5659515138321997	0.5714267414470511	0.985271023970962	OX_1
GRE.SIPMG.176b2f22_bin.12	156454.08694836136	-0.22029005681684738	0.13627638345879026	-1.6164947383085104	0.10598739010050777	0.608275456229001	OX_1
GRE.bulkMG.LF176_bin.18	36160.72147695182	-0.025443715509947687	0.3397884340833077	-0.07488105231889534	0.9403093522848588	0.985271023970962	OX_1
GRE.bulkMG.LF176_bin.7	14595.88397497364	-0.3611526630203073	0.37068091275329096	-0.974295278215943	0.32990994845023247	0.985271023970962	OX_1
GRE.bulkMG.OX080_bin.28	25381.595423418257	-0.4448723597829949	0.6088817717433626	-0.7306383282081633	0.4650000943283806	0.985271023970962	OX_1
GRE.bulkMG.T000H_bin.41	55506.18619019224	0.07597664751884851	0.33741376745033175	0.22517352535128102	0.8218442843131912	0.985271023970962	OX_1
GRE.bulkMG.T000H_bin.8	29243.93735822894	-0.13019056222941494	0.4187879263154028	-0.3108746791600773	0.7558958944735623	0.985271023970962	OX_1
3300047160_1000	275.71821071420635	-0.2823400351192746	4.5629210537490135	-0.061877037054431774	0.9506607542250388	0.9985398472171818	OX_2
3300047160_1008	772.4516145300644	0.08073559548167443	0.43396563981373065	0.1860414467752061	0.8524122588330305	0.9985398472171818	OX_2
3300047160_101	490.202991055674	-0.7237181712543759	2.9334797704317768	-0.2467097876553116	0.8051328312185712	0.9985398472171818	OX_2
3300047160_1011	1950.097616789472	0.575321898058014	0.42367450041961746	1.3579337380186944	0.17448471074896774	0.652356840452002	OX_2
3300047160_1016	937.5230365197735	-0.06551168569862952	0.3389347049211407	-0.1932870395018179	0.8467341759209513	0.9985398472171818	OX_2
3300047160_102	1488.2895901333811	-0.017044187853217742	0.387711226042896	-0.04396103777333491	0.964935461176621	0.9985398472171818	OX_2
3300047160_103	907.3935318457055	0.29115943544680606	0.3147498013522183	0.9250504184464484	0.3549396820063193	0.9334913636766198	OX_2
3300047160_1033	726.8180239369572	0.20138995136938595	0.6826890486878783	0.29499513981724984	0.7679975924573008	0.9985398472171818	OX_2
3300047160_1039	243.99222886443877	-23.91740829150176	4.784966447481009	-4.99844848527471	5.77934416838061e-7	4.264413297633206e-6	OX_2
3300047160_1044	3755.5456128905516	0.1165079921952253	0.6728034564274884	0.17316794538165692	0.8625194188429458	0.9985398472171818	OX_2
3300047160_1046	2600.4141300887404	0.6032603784414841	0.17915267825484632	3.367297571646351	7.590873186246923e-4	0.004642789879030095	OX_2
3300047160_105	1095.3314238354542	0.47045518211237036	0.44985481545027	1.0457933670032653	0.29565644425765536	0.8639738315529262	OX_2
3300047160_1053	1309.2408887510317	-0.14664638422823661	0.5729065473031576	-0.2559691190797958	0.7979746825192752	0.9985398472171818	OX_2
3300047160_1055	2566.6392588654053	0.34858700117464597	0.9357882855188405	0.372506267249728	0.7095159466243909	0.9985398472171818	OX_2
3300047160_1059	493.53811746901596	0.2621236268399216	0.28992792414241353	0.90409927783005	0.36594276129614395	0.9343975361251055	OX_2
3300047160_106	636.3380386185357	-0.06315516804859295	2.9047976844987606	-0.02174167529312484	0.982654019543837	0.9985398472171818	OX_2
3300047160_1066	7167.293335581138	0.4249990989316055	0.4897435613704475	0.8677992575182247	0.38550423657860344	0.9358804914066154	OX_2
3300047160_1071	165.90544716708277	-24.161898169367134	4.78507037428293	-5.04943423595686	4.431204480799659e-7	3.6418961826572198e-6	OX_2
3300047160_1073	1770.2078519460374	-0.3346372711311933	0.2233886314128886	-1.4980049298600346	0.13413196962076418	0.5549774752030241	OX_2
3300047160_1076	1294.2403735074522	-0.050481232935677994	0.8362279024025359	-0.06036779302704706	0.951862709298994	0.9985398472171818	OX_2
3300047160_1077	1126.1904657688747	-0.6385024163596126	0.6532937653470826	-0.9773588088972323	0.3283915479361331	0.9091260748126633	OX_2
3300047160_1081	245.61592684779788	-0.0083504572084991055	4.563013707740698	-0.0018300311468127713	0.9985398472171818	0.9985398472171818	OX_2
3300047160_1082	649.1987017583656	-0.24576801392760092	4.562438403368891	-0.053867689204554856	0.9570405795533388	0.9985398472171818	OX_2
3300047160_1085	313.93821020837487	23.367218840755008	4.784911583923342	4.883521551216477	1.042077542557682e-6	7.407199829531632e-6	OX_2
3300047160_1089	350.03328945119654	-25.182054346435457	4.784899730174173	-5.262817564939614	1.4186433194911817e-7	1.435012280869926e-6	OX_2
3300047160_1090	197.12401037514752	-24.399737055393107	4.785019007450932	-5.099193340172603	3.411040035251053e-7	3.203941175967953e-6	OX_2
3300047160_1097	2973.847825143342	-0.048082639253556256	0.5903546409919196	-0.081447042023363	0.9350864392237324	0.9985398472171818	OX_2
3300047160_1099	859.6028568944695	0.5787681348115251	0.9902397264747248	0.5844727487069746	0.5589022944972384	0.9985398472171818	OX_2
3300047160_1115	387.6468223742264	-0.7898276697467841	3.0304382665968985	-0.260631499559877	0.7943766958607741	0.9985398472171818	OX_2
3300047160_1125	1569.411542367039	-0.6353252467170238	2.843819787673716	-0.22340559323441825	0.8232198515590773	0.9985398472171818	OX_2
3300047160_1132	2143.5695806999374	-1.460331671648356	2.7783270911614544	-0.5256154598549726	0.5991554129882982	0.9985398472171818	OX_2
3300047160_1137	12809.724664012132	-0.0552395148609744	0.6319635528342962	-0.08740933652459933	0.9303461483122465	0.9985398472171818	OX_2
3300047160_1155	1938.8146011852334	14.381297127644288	2.1715891971496553	6.622475902219732	3.5323165955967036e-11	7.146148189553331e-10	OX_2
3300047160_1171	8846.54377209576	-0.02469366977184092	0.3720500862391397	-0.06637189637948038	0.9470817442927477	0.9985398472171818	OX_2
3300047160_1176	539.8026491429317	0.16493786734682594	4.562507922489415	0.03615070267249681	0.9711621938387075	0.9985398472171818	OX_2
3300047160_1185	1680.2165120671193	0.2391088491233498	0.39833325619572085	0.6002733776410166	0.5483240581320562	0.9985398472171818	OX_2
3300047160_1190	1353.9020275678824	-1.5072957833479863	2.794373230024536	-0.5394038874809688	0.5896081992358404	0.9985398472171818	OX_2
3300047160_1191	1283.2819924875223	26.370649029404003	4.7847789390500495	5.511362043120747	3.5606745656643026e-8	4.4593210036652933e-7	OX_2
3300047160_1208	1701.4397736697272	-0.06465084125873716	0.5903794987526791	-0.10950725998332911	0.9128001637671492	0.9985398472171818	OX_2
3300047160_1219	4565.668193114726	0.011215407363738807	0.3026659487188369	0.03705539857130548	0.9704408343679949	0.9985398472171818	OX_2
3300047160_125	1579.059732705401	-0.799510320068199	2.822895259979997	-0.2832235157296854	0.777005503099914	0.9985398472171818	OX_2
3300047160_1260	4498.4893305732885	-0.8354029537208669	0.6073833986430126	-1.3754128867981654	0.16900347599897655	0.652356840452002	OX_2
3300047160_1283	4566.6471363443825	0.20858011887505767	0.18965832230775595	1.099767815812467	0.2714332984731407	0.8344312603909682	OX_2
3300047160_1320	4752.652249217225	15.67488409962107	1.6411830501801374	9.550966358018737	1.2849207316424155e-21	3.379341524219553e-19	OX_2
3300047160_133	1893.602424389719	0.0972679959878372	0.3885192881453876	0.25035564244995373	0.8023123296734259	0.9985398472171818	OX_2
3300047160_137	542.1497226747061	2.3710008234065296	2.7823731805971272	0.8521505454195355	0.39413054104463463	0.9358804914066154	OX_2
3300047160_144	370.45830488366624	11.993554534331762	1.7925659077517073	6.690718864208712	2.2207694447015945e-11	4.867186366304328e-10	OX_2
3300047160_148	4273.809028723866	-0.9180868756836646	0.7188944490982024	-1.2770816033359746	0.20157343900034866	0.6884910968453467	OX_2
3300047160_164	1640.646941504219	0.31957451550889476	0.29315082177109364	1.0901368571241257	0.2756528627875491	0.8344312603909682	OX_2
3300047160_168	654.1129241608546	0.30404573964735104	0.4554252503929598	0.6676084371365175	0.5043835706324067	0.9985398472171818	OX_2
3300047160_197	812.59134937049555	-0.2868170131456643	0.4404868164321367	-0.6511364300725958	0.5149584218202332	0.9985398472171818	OX_2
3300047160_198	605.392137944325	12.702048560844172	2.2716981558299985	5.591433231675663	2.252028929852963e-8	3.2904644919518295e-7	OX_2
3300047160_203	1316.7753739658328	-2.178608994567215	2.696842154466468	-0.8078370441366162	0.4191843968707572	0.9358804914066154	OX_2
3300047160_205	242.88939476910951	-11.349038459457015	2.7032410283960213	-4.198308008883326	2.6891670637709717e-5	1.768127344429414e-4	OX_2
3300047160_209	2341.811835020361	0.5182527975703586	0.6364199928663058	0.8143251365128454	0.41545871333540463	0.9358804914066154	OX_2
3300047160_211	4017.0380056488116	0.1651378734597884	0.8160056854748181	0.20237343489058882	0.8396247946108446	0.9985398472171818	OX_2
3300047160_212	2342.812055607344	0.32250622560091236	0.7003208448641313	0.4605121037964842	0.6451486856470198	0.9985398472171818	OX_2
3300047160_214	137.90785238528346	-23.912006792112606	4.785136247874009	-4.99714230764829	5.818613019804675e-7	4.264413297633206e-6	OX_2
3300047160_215	1238.2608485349392	-0.2925560073208507	0.35288846951562086	-0.8290324921140573	0.4070860215474161	0.9358804914066154	OX_2
3300047160_219	5965.178013393061	-0.1413659932211661	0.5972424900775647	-0.23669781633052717	0.8128912291461355	0.9985398472171818	OX_2
3300047160_228	1544.0550462991243	-1.2844523120781561	2.768900261305597	-0.46388536634125954	0.6427298777134058	0.9985398472171818	OX_2
3300047160_234	402.32377865993556	0.7663732793216833	4.5626905612519595	0.16796521022705463	0.8666106484085246	0.9985398472171818	OX_2
3300047160_250	3009.5092280623508	-0.07471229424973029	0.2201795622190174	-0.3393243836837696	0.7343653756309885	0.9985398472171818	OX_2
3300047160_262	5768.794502595766	0.1322280874956101	0.4272229651068502	0.30950603852145286	0.7569366194469821	0.9985398472171818	OX_2
3300047160_267	2508.50474195294	0.14700544061203483	0.2510380369009668	0.5855903050661111	0.5581508649706133	0.9985398472171818	OX_2
3300047160_27	3647.2855486636554	-0.7296273826957411	0.45801095068522685	-1.593034798849571	0.1111523846707094	0.48721795280660957	OX_2
3300047160_274	559.3182446629816	25.214079897763096	4.784834526250251	5.269582419085808	1.3673446510592423e-7	1.435012280869926e-6	OX_2
3300047160_283	284.82083826662	24.276474015029116	4.784929479128117	5.073528067847855	3.9050684310007536e-7	3.423443324510661e-6	OX_2
3300047160_298	3777.566999260742	0.1709558205277499	0.48437041842923373	0.35294438723599814	0.7241301332624541	0.9985398472171818	OX_2
3300047160_300	1588.810844727634	0.2730829249629353	0.23907952197085366	1.142226330016784	0.25335995415897533	0.8029743314222365	OX_2
3300047160_301	915.0795891149679	25.88588756183613	4.784796222198854	5.410029259290016	6.301445270756833e-8	7.533091391859306e-7	OX_2
3300047160_303	248.02706826749346	23.908169669483875	4.7849581707897295	4.9965263678654	5.837219722996023e-7	4.264413297633206e-6	OX_2
3300047160_304	416.37841876709416	24.708501347136245	4.784868348622637	5.1638832141011335	2.418786401778709e-7	2.3560771246955574e-6	OX_2
3300047160_305	841.7132442995525	-0.13276581299632892	0.30166791992691366	-0.4401058389917451	0.6598604531245443	0.9985398472171818	OX_2
3300047160_311	1195.6037981793615	-0.3853790714538474	0.6934325129606922	-0.5557556997268932	0.5783778736173345	0.9985398472171818	OX_2
3300047160_316	1092.7509304241887	0.3580626295039733	0.4140532852965794	0.8647742747591026	0.387162693431984	0.9358804914066154	OX_2
3300047160_324	2780.490302714571	0.763384196391822	0.7133410229525726	1.0701532252163444	0.2845503446511164	0.8408622544184675	OX_2
3300047160_328	2038.4500384497242	-0.3374508002110619	0.41746204749514687	-0.808338871128123	0.4188955314256188	0.9358804914066154	OX_2
3300047160_331	7105.136324443442	0.8088661710614515	0.25051318071643836	3.228836777163537	0.0012429481379006026	0.0074294400060876935	OX_2
3300047160_334	303.9378966313716	24.366281016945603	4.784917305881535	5.092309743157944	3.537276018749322e-7	3.2079434239002473e-6	OX_2
3300047160_335	1977.4274486401705	0.14992874070277035	0.2082125987654764	0.7200752576535726	0.47147866048687753	0.9835044915208385	OX_2
3300047160_342	1507.1028907128866	-0.6433852597461092	0.16596752985322188	-3.876573088212527	1.059379973257733e-4	6.795534950409361e-4	OX_2
3300047160_343	737.1269292798745	12.986101402020875	2.0703667769496326	6.272367556609415	3.555989049546838e-10	6.23483413353879e-9	OX_2
3300047160_348	1523.5531721318116	0.3700272822571578	0.6683205387107345	0.553667380881309	0.5798065028946936	0.9985398472171818	OX_2
3300047160_352	1593.2931865226308	-0.2690490165095439	0.34035874484295914	-0.7904865692041572	0.4292436628523561	0.9358804914066154	OX_2
3300047160_357	2931.5225572549775	-0.3064528560886645	0.4730857169815289	-0.6477744837530777	0.5171308211699143	0.9985398472171818	OX_2
3300047160_363	800.7512696238218	-0.19796636723014419	0.5978726760475179	-0.33111793724858257	0.7405554031935806	0.9985398472171818	OX_2
3300047160_367	700.572580158234	-1.0066835017969136	2.8290272344294505	-0.35584086626862693	0.721959742671019	0.9985398472171818	OX_2
3300047160_369	3258.214544053585	-0.31987581317866565	0.3575234628121901	-0.894698800080427	0.37094812030660407	0.9358804914066154	OX_2
3300047160_379	540.2238821891168	-0.4539583735698624	2.9325094341440043	-0.15480201641785077	0.876977401503661	0.9985398472171818	OX_2
3300047160_386	1670.2771938298965	0.0364197503550272	0.6393412457004019	0.0569644936877632	0.9545734791251054	0.9985398472171818	OX_2
3300047160_391	5261.017462629563	0.4955289822317514	0.4471440985621239	1.1082087045881142	0.2677716924116655	0.8344312603909682	OX_2
3300047160_398	2661.9941163251297	0.010275474032383231	0.2932379014625947	0.03504142534485422	0.9720467084938995	0.9985398472171818	OX_2
3300047160_400	8017.972518069355	-0.4523838215324217	0.8905488994576269	-0.507983134680126	0.6114651708672323	0.9985398472171818	OX_2
3300047160_401	1676.6000326194871	0.008548240651659308	0.3218011765415373	0.026563733369557533	0.9788076996237564	0.9985398472171818	OX_2
3300047160_402	396.7903685517318	24.207702361176377	4.784874897920246	5.059213224508397	4.209899008558602e-7	3.5716239975835883e-6	OX_2
3300047160_405	2018.0380427683535	-0.28359625581117315	0.22071460328614487	-1.2849002811268702	0.19882713270721875	0.6880465250262965	OX_2
3300047160_408	797.6592429703667	-0.5519616901627964	0.2399310584193269	-2.300501209802252	0.0214198408272457	0.11266836275131238	OX_2
3300047160_425	526.3870388384898	-0.3861682375491111	4.56252612566879	-0.08463912905101564	0.9325482901805798	0.9985398472171818	OX_2
3300047160_427	813.9981164010162	0.2472338398870884	0.26503158166728624	0.9328467133304111	0.3508991184063755	0.932186546877543	OX_2
3300047160_434	1019.3396233401893	-0.3687121677329948	0.5523437408196907	-0.667541135137727	0.5044265435689841	0.9985398472171818	OX_2
3300047160_442	3590.494665352694	0.12280085629833304	0.6436994583989382	0.19077358959377308	0.8487029810943258	0.9985398472171818	OX_2
3300047160_451	697.9758929301972	-0.43160245153930965	2.8606619311000463	-0.1508750289040062	0.8800742990189468	0.9985398472171818	OX_2
3300047160_452	1482.4058708918344	-0.844686245087051	2.8300134764913123	-0.2984742836399154	0.7653412008097992	0.9985398472171818	OX_2
3300047160_457	1228.8103079907899	0.4539867115770088	0.16951031681304546	2.678224665686367	0.0074013555126862	0.043256811107477124	OX_2
3300047160_468	1320.7624077251505	-0.2221447126532394	0.7486295471636105	-0.2967351656034629	0.7666687072899023	0.9985398472171818	OX_2
3300047160_475	2091.1021199745705	0.5477347820832826	2.8853574444246894	0.18983255719032596	0.849440342802311	0.9985398472171818	OX_2
3300047160_48	499.10078775654375	-0.44108565687669654	0.5942386766545928	-0.7422701924416845	0.45792364780970124	0.9697806200032881	OX_2
3300047160_482	1928.4886016762284	0.20268608217297931	0.418664142829132	0.4841257261807131	0.6282966445386067	0.9985398472171818	OX_2
3300047160_496	500.0209763046445	0.09919706266675052	0.3293473283051143	0.3011928567243523	0.7632674365817183	0.9985398472171818	OX_2
3300047160_50	2596.526838065379	-1.5971314298638561	0.3716513831964274	-4.297391324438394	1.728199422104139e-5	1.1654267897779194e-4	OX_2
3300047160_500	5661.933178408286	0.12810217308556107	0.451590676996017	0.28366877265424795	0.7766642278775162	0.9985398472171818	OX_2
3300047160_501	3327.9066528271796	0.6679681337859392	0.6549936338016011	1.0198085894499977	0.3078192487220112	0.8793585087590939	OX_2
3300047160_502	7952.2168942068965	-0.6067789071852329	0.5049626093716997	-1.201631360270849	0.22950638564232992	0.7545022427991597	OX_2
3300047160_506	1211.332324704415	-0.2012062072508284	0.2570990103949491	-0.7826020292405655	0.4338608494946656	0.9358804914066154	OX_2
3300047160_509	387.89793513097845	1.532636429673027	4.562850478639175	0.33589451086508554	0.7369504165183645	0.9985398472171818	OX_2
3300047160_518	533.3330022908373	-0.0935437974709557	0.4058157537470179	-0.23050804855956902	0.8176970100212437	0.9985398472171818	OX_2
3300047160_520	407.23572336305904	0.2945525279270251	4.5626497613090615	0.06455733912008962	0.948526452265851	0.9985398472171818	OX_2
3300047160_524	2979.960912748461	-0.15166730593495675	0.7818860700105662	-0.1939762220510044	0.8461945003264939	0.9985398472171818	OX_2
3300047160_525	506.7894889101484	0.14008381239576215	0.6854731537087335	0.20436075670920525	0.8380715946179655	0.9985398472171818	OX_2
3300047160_526	2800.9679825593266	-0.2522302633219596	0.554207224318437	-0.45511904618737486	0.6490235964254836	0.9985398472171818	OX_2
3300047160_527	773.757505933049	1.787646070533255	2.735971522074827	0.6533862125792858	0.5135073250578219	0.9985398472171818	OX_2
3300047160_530	3380.743712654426	0.5180536127829513	0.5702801925458184	0.9084194393466136	0.3636566590635822	0.9343975361251055	OX_2
3300047160_533	598.2121582332506	-1.527596704761425	2.8138401691443193	-0.5428868069738171	0.5872077401056263	0.9985398472171818	OX_2
3300047160_534	357.75441049124754	1.1464824022666016	3.0681040154953756	0.37367781420588203	0.7086440332288623	0.9985398472171818	OX_2
3300047160_538	1306.7535252589678	-0.040694545685673725	0.5957693316088513	-0.06830587532221528	0.9455421472240612	0.9985398472171818	OX_2
3300047160_540	1154.9500363937902	-0.25145909424611146	0.29555094507171836	-0.8508147188806736	0.3948722840283053	0.9358804914066154	OX_2
3300047160_546	3660.170603719206	-0.2222710056701866	0.5646462673466544	-0.39364646243862855	0.6938420730633292	0.9985398472171818	OX_2
3300047160_547	770.7328414006698	-0.13519796326199868	0.32424408573780156	-0.41696354446793477	0.67670507306465	0.9985398472171818	OX_2
3300047160_55	6764.052088420141	0.0036865508427401696	0.4456230669343763	0.008272800750871053	0.993399335297105	0.9985398472171818	OX_2
3300047160_552	1602.8068900562755	0.8287558938761593	0.37628223376188946	2.2024847827404845	0.027631082874415725	0.14248970188179091	OX_2
3300047160_561	1541.3677892439855	26.59824843470598	4.784771750474489	5.558937776304235	2.7142143230819395e-8	3.713461025100786e-7	OX_2
3300047160_564	719.6110110680952	-1.417461884437203	2.809596852698695	-0.5045072153592753	0.6139049930997663	0.9985398472171818	OX_2
3300047160_567	1003.6795444894068	-13.39595177258274	1.6108815733301343	-8.315913468976886	9.104823590214823e-17	5.986421510566246e-15	OX_2
3300047160_568	365.21928635825356	-1.0646499026833056	4.562801324223364	-0.23333251374132974	0.8155032129720796	0.9985398472171818	OX_2
3300047160_571	748.9226605636447	-0.3663109450084095	2.8541413869732586	-0.12834365763388916	0.8978770169715873	0.9985398472171818	OX_2
3300047160_581	1212.9939547889835	-0.19195838587889355	2.8600333403052143	-0.0671175343216133	0.94648813500042706	0.9985398472171818	OX_2
3300047160_590	251.67613625685294	-1.4475190827710216	3.252238111680416	-0.4450839800358576	0.6562590654832106	0.9985398472171818	OX_2
3300047160_597	3564.5558649089016	-0.13347083793818965	0.2868369503753741	-0.46531954046896934	0.641702643436074	0.9985398472171818	OX_2
3300047160_598	303.0853111895374	-0.23155090863536654	4.562842926439567	-0.05074706983526345	0.9595270686388062	0.9985398472171818	OX_2
3300047160_607	1673.0332457868367	-14.133135254028632	1.772169087845774	-7.975048967369524	1.5232041763248146e-15	5.722895691048946e-14	OX_2
3300047160_614	672.4139755189735	0.7046161327195466	2.933418304284873	0.24020308719363578	0.8101728205011678	0.9985398472171818	OX_2
3300047160_617	4733.360393412531	0.3824778100336192	0.385085154935279	0.9932291731627566	0.32059828445798355	0.896993072472869	OX_2
3300047160_618	630.5737423442098	-0.7897160200594662	2.867565315880339	-0.27539600081158894	0.7830120162359402	0.9985398472171818	OX_2
3300047160_624	400.66666498531913	-12.071202130298095	1.721009136526628	-7.014025593530791	2.315570097235645e-12	5.536317596117951e-11	OX_2
3300047160_627	560.1121519574766	-1.544093043946618	2.833821288960426	-0.5448801764465045	0.5858359310960979	0.9985398472171818	OX_2
3300047160_628	792.8962045370189	0.6607685638752989	0.510295906751575	1.294873337475109	0.1953639275739047	0.6880465250262965	OX_2
3300047160_642	727.1707109088904	-1.3538985781726391	2.8038352173979852	-0.4828738043418557	0.6291853427485465	0.9985398472171818	OX_2
3300047160_649	5336.677189683882	-15.806622835832911	1.7936224866737895	-8.81268101469097	1.2218786121148312e-18	1.071180249954002e-16	OX_2
3300047160_653	4031.1674840971586	0.15682110468053842	0.4135972563415081	0.3791637934634917	0.7045662363096423	0.9985398472171818	OX_2
3300047160_656	1477.5742743534136	26.565141643322406	4.78477329546114	5.55201678385102	2.8239247339169474e-8	3.713461025100786e-7	OX_2
3300047160_663	564.0800524490505	-0.9135014570221922	0.49987367562235885	-1.8274646207061283	0.06762994097437544	0.3420514322357835	OX_2
3300047160_666	1260.792255663373	-0.5521728193926823	0.15808029539773788	-3.4929895468843095	4.776452059451136e-4	0.0029909687896086876	OX_2
3300047160_667	1088.321242826865	0.003099690415400673	0.35818913856632084	0.008653781149834467	0.9930953678070211	0.9985398472171818	OX_2
3300047160_668	720.9085480407263	-1.360424254525392	2.791071947816888	-0.48741998771815404	0.6259607318347504	0.9985398472171818	OX_2
3300047160_669	1002.5967330642706	0.34582952782519655	0.4897948441563714	0.7060701678492707	0.48014450260362096	0.9865469076933775	OX_2
3300047160_673	196.49488221709692	23.33574207849799	4.7850163585068985	4.876836426486032	1.0780075597025993e-6	7.460947057941674e-6	OX_2
3300047160_674	556.1456201767962	0.07484110281415417	0.5362450023235577	0.1395651287934928	0.8890035940912252	0.9985398472171818	OX_2
3300047160_676	3046.147906323564	1.278111499784676	0.973561841866125	1.3128200437013737	0.18924359433346785	0.6820379809438903	OX_2
3300047160_679	1143.17373391888	0.5891764819075372	0.515868681041809	1.142105546546616	0.25341015022070584	0.8029743314222365	OX_2
3300047160_68	816.8106702167596	-0.25573148415083047	0.41285660032613286	-0.619419633714993	0.5356399502135347	0.9985398472171818	OX_2
3300047160_680	2702.6850979072483	0.08442076019251693	0.3848984784870725	0.21933253808731892	0.8263910171881156	0.9985398472171818	OX_2
3300047160_682	939.882116005409	-13.301204984343327	1.7352647594074018	-7.665230860151698	1.7850982017547543e-14	5.216453634016671e-13	OX_2
3300047160_683	1247.353504560356	0.08780949338171894	0.42400401285047684	0.20709590173780873	0.8359349626606718	0.9985398472171818	OX_2
3300047160_685	550.3636968567075	0.08334301289449988	0.7005381761056602	0.11896998013414403	0.9052991392159836	0.9985398472171818	OX_2
3300047160_690	812.165817331383	2.5541823487884536	2.717399544392121	0.9399362541513273	0.3472502596175421	0.9319063089736078	OX_2
3300047160_692	7789.4137253131485	0.2837284105050166	0.29556825811404286	0.9599420868648963	0.3370843627693604	0.923470702170227	OX_2
3300047160_693	1759.6014389869754	0.15654189534675755	0.6474549594482587	0.24178036334783468	0.8089503553323754	0.9985398472171818	OX_2
3300047160_699	671.552478329382	25.47215261871777	4.784818058841194	5.323536298658494	1.01769133658145e-7	1.1152200896705058e-6	OX_2
3300047160_701	1087.6003379007138	1.7521210442276007	2.762286370367128	0.6343010134733899	0.525884395235428	0.9985398472171818	OX_2
3300047160_709	715.6533244574815	-0.16809147277983433	0.551915841029257	-0.30455997143760877	0.760701310586822	0.9985398472171818	OX_2
3300047160_715	734.7311861080436	1.031749832031131	2.821672283307166	0.3656519001639196	0.7146248422024557	0.9985398472171818	OX_2
3300047160_716	2649.796251733701	0.8175933847266978	0.4513942501853684	1.811262293197016	0.07010025956386204	0.3478560050055795	OX_2
3300047160_723	3076.061643039205	-0.1801043527002067	0.4968881956087203	-0.36246454291305347	0.717004915325696	0.9985398472171818	OX_2
3300047160_725	1062.5750617178098	-0.32037124139717194	0.26180125793230496	-1.2237192591336274	0.22105815181247415	0.7450054910321795	OX_2
3300047160_726	984.8790761103216	0.09423172006136156	0.26216430629852755	0.3594376419574811	0.7192677193862109	0.9985398472171818	OX_2
3300047160_73	909.6158805961179	-0.12294230242771094	0.21501629410274017	-0.571781329134833	0.5674701278541182	0.9985398472171818	OX_2
3300047160_731	2181.487891131227	0.4232031203704461	0.5256457385645401	0.8051109127720707	0.42075567898871824	0.9358804914066154	OX_2
3300047160_735	1348.976624100154	0.15623460080563542	2.8819943780372927	0.054210584863123475	0.9567673875855545	0.9985398472171818	OX_2
3300047160_740	628.5625524472033	0.5250956991811101	0.6061031236897391	0.8663471258562656	0.3862998302028915	0.9358804914066154	OX_2
3300047160_743	1560.2525104287618	-0.6903125377291522	0.4417575008403092	-1.5626504052925931	0.11813484551849755	0.5050574649764019	OX_2
3300047160_747	430.9267453042089	0.33407088463473883	3.0610765286837602	0.10913509724580026	0.9130953375586761	0.9985398472171818	OX_2
3300047160_750	4029.7426252510945	0.08221424879154993	0.2575943699491255	0.31916166804339363	0.7496039225342415	0.9985398472171818	OX_2
3300047160_757	980.0532045122088	-0.33852162101032557	0.6379671382699602	-0.5306254832001673	0.595678333020679	0.9985398472171818	OX_2
3300047160_760	1259.8812756899165	0.4902688371090957	0.3316388626575909	1.4783214282557904	0.13932176481099254	0.5551761234135005	OX_2
3300047160_761	354.3201003786145	-0.9210778514934423	3.0630118476538035	-0.3007098559540234	0.7636357524941535	0.9985398472171818	OX_2
3300047160_766	2737.807305656503	0.11542649033107652	0.7195293818311637	0.16041942587156385	0.8725506881510778	0.9985398472171818	OX_2
3300047160_768	1574.556668027796	14.081064312148456	2.2232683338221775	6.3334974451512585	2.3966527789607544e-10	4.502283434761989e-9	OX_2
3300047160_774	1347.7475047580187	-0.10308444873637973	0.4476862763626137	-0.2302604617991107	0.8178893820718013	0.9985398472171818	OX_2
3300047160_78	1394.7197180045573	-1.5714302364710364	2.739249028542076	-0.5736719152210146	0.5661898366760707	0.9985398472171818	OX_2
3300047160_780	609.3230909365599	0.09357106920461289	0.8545424554588504	0.10949844399991746	0.9128071558576437	0.9985398472171818	OX_2
3300047160_79	6333.41057746787	-0.7546725213074849	0.7048287610007018	-1.0707175459696279	0.284296450997381	0.8408622544184675	OX_2
3300047160_791	1383.2423480433567	-0.17256062099720598	0.6386805662382227	-0.27018298366830573	0.7870194831125105	0.9985398472171818	OX_2
3300047160_792	2207.9352687330957	-0.22246870418570192	0.17261946826685365	-1.2887810767774235	0.1974742065242344	0.6880465250262965	OX_2
3300047160_797	3165.1657223415436	0.8709081870116865	0.5133613609621505	1.6964817636049114	0.08979468090614996	0.41431580839153404	OX_2
3300047160_800	22437.63239834165	0.2302605523346284	0.42082798079283174	0.5471607470131192	0.5842683010045147	0.9985398472171818	OX_2
3300047160_807	1960.209698879847	-2.3936231392756344	2.721297322122301	-0.8795889812616586	0.37908201015564097	0.9358804914066154	OX_2
3300047160_846	3353.6331676237637	0.28411090492052504	0.6430136544423697	0.44184272442380707	0.6586030194027735	0.9985398472171818	OX_2
3300047160_874	1432.132252872947	13.944300754315096	1.6932114087760322	8.235416252241638	1.7893438481317225e-16	7.843290534310718e-15	OX_2
3300047160_877	2436.129560906912	0.16273776261124884	0.5528805499131592	0.29434524805911516	0.7684941002570187	0.9985398472171818	OX_2
3300047160_881	1179.7368243564033	13.664594525225255	1.8785204049333848	7.274126216217397	3.4866987741498293e-13	9.170017776014051e-12	OX_2
3300047160_882	5206.531283777284	0.5876466469476715	0.7366364812902813	0.7977430684920174	0.42501960524273624	0.9358804914066154	OX_2
3300047160_884	1031.7480461371433	-0.7714428294380978	2.8014192579592976	-0.27537571437988106	0.7830276001968083	0.9985398472171818	OX_2
3300047160_888	569.872166576687	0.5654619511259028	0.7669059682615497	0.7373289223549955	0.460922347910308	0.9697806200032881	OX_2
3300047160_890	1598.5427846016519	-0.2545624529481938	0.38303163966325293	-0.6645990215638468	0.5063069952386419	0.9985398472171818	OX_2
3300047160_891	319.9926024468262	-1.0283449090526953	3.1359341133766696	-0.32792299578813777	0.7429698861433658	0.9985398472171818	OX_2
3300047160_892	3174.175298627874	0.4202672654803338	0.25230973791855005	1.6656799255841774	0.09577718238933998	0.4342999822137313	OX_2
3300047160_893	4674.552339683971	-1.558411248177182	0.6642086409490167	-2.346267651607987	0.01896248496998845	0.10177823565524412	OX_2
3300047160_895	714.0298773245459	-0.4810100617307206	0.5761507500780123	-0.8348684118966965	0.40379180187400565	0.9358804914066154	OX_2
3300047160_897	797.1206821017443	-0.37481102495356144	0.22824954806665396	-1.6421106991375434	0.10056706477827769	0.44829047519808524	OX_2
3300047160_900	2847.700136325466	0.9450340228872848	0.6335598666559383	1.491625452659071	0.13579736184076288	0.5549774752030241	OX_2
3300047160_901	887.087446652199	0.6413992110789135	0.4589312542151889	1.3975932237950546	0.16223525436785416	0.6368339089365022	OX_2
3300047160_903	376.46980461655073	12.016731088522928	1.9428203102970916	6.185199436527075	6.202400461610828e-10	1.01951957587728e-8	OX_2
3300047160_904	1429.864143598285	-0.5235781635506143	0.5730593148799982	-0.9136543983413906	0.360898472750258	0.9343975361251055	OX_2
3300047160_906	513.4297119798207	-0.5892651751614323	0.34014250140451086	-1.732406778712593	0.08320116190414927	0.390748313942701	OX_2
3300047160_909	4944.692691098611	-0.029191946622623526	0.529805087124479	-0.055099407937101975	0.9560592678276081	0.9985398472171818	OX_2
3300047160_912	637.1314404008049	-0.7166049338629908	2.8583147028310294	-0.25070889960200204	0.8020391795078947	0.9985398472171818	OX_2
3300047160_916	427.22179656916046	0.26978037765093904	4.562622437133084	0.05912835904529832	0.9528498708998172	0.9985398472171818	OX_2
3300047160_919	202.80349764074336	-0.02762713673732046	4.563210213094877	-0.006054320411985379	0.995169380728035	0.9985398472171818	OX_2
3300047160_920	2481.863918835692	-0.9274558465090361	3.7221065537184836	-0.24917498548838776	0.8032254279776796	0.9985398472171818	OX_2
3300047160_923	793.7520934775407	1.3861338355737947	0.5905114354691317	2.3473446106468385	0.018907758035040884	0.10177823565524412	OX_2
3300047160_924	1542.3391230870816	0.6052173506702501	0.4610757171852343	1.3126203096640368	0.18931092246731557	0.6820379809438903	OX_2
3300047160_925	724.6037850678222	12.961379052600815	2.1143564407289936	6.130176919522593	8.77814031693459e-10	1.3580299431492924e-8	OX_2
3300047160_927	5110.258186546287	-0.6413444139406428	0.8051257435499267	-0.7965767075250306	0.425696909491536	0.9358804914066154	OX_2
3300047160_928	2476.685556793894	0.11722237725141753	0.37051774445333757	0.3163745299820056	0.7517182469977854	0.9985398472171818	OX_2
3300047160_929	281.7567641032994	-0.39973010843601053	4.5629113860471975	-0.0876041795723525	0.9301912801357898	0.9985398472171818	OX_2
3300047160_93	567.1565259133525	1.363540209893543	2.8326096381959855	0.4813724388659306	0.6302518213925756	0.9985398472171818	OX_2
3300047160_930	1197.7534353947237	-0.764242305304564	0.5597640695501569	-1.3652936064987735	0.17216078766607618	0.652356840452002	OX_2
3300047160_931	827.3816755728168	-0.8538644628101345	0.48627712482552027	-1.7559215089883309	0.07910181176432013	0.38321684050309707	OX_2
3300047160_933	437.85060517561567	-0.01865838288120855	0.782378808473808	-0.02384827231914115	0.980973635241237	0.9985398472171818	OX_2
3300047160_935	2108.432102472897	-0.7365116334419205	0.4725109404847543	-1.5587186884738053	0.11906297653436089	0.5050574649764019	OX_2
3300047160_937	1550.8982890637667	0.42692396769424396	0.5667909145967289	0.7532300830862821	0.45131166480000867	0.9649997385561161	OX_2
3300047160_939	607.6726029945137	-12.672111901719225	1.5299211209578687	-8.282853101462734	1.2025873018959095e-16	6.325609207972484e-15	OX_2
3300047160_946	608.2916957927762	-0.9483096167589946	2.870650910262395	-0.3303465473174909	0.7411381254741232	0.9985398472171818	OX_2
3300047160_949	810.8877816440729	1.1601376352170865	0.6629842856811935	1.7498719958725493	0.08014040390749178	0.38321684050309707	OX_2
3300047160_950	666.819185631844	0.6728993958700656	0.6641153114743309	1.0132267457834003	0.3109518681163336	0.8793585087590939	OX_2
3300047160_956	3279.0604463649493	1.5898501088013055	0.5962899195655409	2.6662367694554963	0.007670564958539315	0.04385562139338783	OX_2
3300047160_957	2337.986341753654	0.0022620896871957618	0.17983422304355456	0.012578749744690696	0.9899638744461088	0.9985398472171818	OX_2
3300047160_962	1049.0008049075989	0.3068125819356315	0.2522040507147854	1.216525194841546	0.22378491935947598	0.7450054910321795	OX_2
3300047160_964	506.25383443619114	-12.408652020097763	1.573695816321675	-7.885038449871143	3.1443868332829567e-15	1.033717171441772e-13	OX_2
3300047160_967	2231.84634266562	0.07773433956534882	0.22722151117082004	0.34210818845804564	0.7322694753615017	0.9985398472171818	OX_2
3300047160_968	928.0500547981133	25.812476554576254	4.784795375452944	5.394687657282055	6.864285358509012e-8	7.849161083860306e-7	OX_2
3300047160_97	1509.623683862299	-0.15103050976049537	0.5818954753198693	-0.25954920800419273	0.7952115199147622	0.9985398472171818	OX_2
3300047160_971	2089.8172264176083	-0.8743941288106313	0.37074402814961427	-2.358484729139773	0.018349714749674756	0.10177823565524412	OX_2
3300047160_972	805.9074691667892	-0.6171662683350722	0.761294552350562	-0.8106800008347868	0.41754946120641656	0.9358804914066154	OX_2
3300047160_984	459.84623689540695	-0.4474243360566817	0.7144515227705633	-0.626248698192454	0.5311518300130911	0.9985398472171818	OX_2
3300047160_99	989.7358756385759	0.5215926411980794	0.547675192599795	0.9523758757852392	0.34090638960927805	0.9243132006931972	OX_2
3300047160_990	154.22519369804598	-24.000467113689055	4.785094961087214	-5.01567206269945	5.284840419087137e-7	4.211857667333082e-6	OX_2
3300047160_991	1809.926559301753	0.5588049393504066	0.3759340816613262	1.4864439448558067	0.13716173341519608	0.5549774752030241	OX_2
3300047160_992	665.4583154183915	-0.8550317199055536	2.863641963917709	-0.2985819214409739	0.7652590611448172	0.9985398472171818	OX_2
3300047160_996	688.5131303920186	-0.6094960442547712	0.5971634457429555	-1.020651964884542	0.30741936014391946	0.8793585087590939	OX_2
3300047160_998	967.9713278125816	0.19651859391964877	2.8491774194143296	0.06897380015037627	0.9450104742713812	0.9985398472171818	OX_2
GRE.SIPMG.052b4f26_bin.20	26912.97275134362	-0.2846293488653192	0.4906755714516275	-0.5800764607523955	0.561863056876085	0.9985398472171818	OX_2
GRE.SIPMG.066b5f18_bin.18	13849.861616987866	17.217938816466905	1.885778202860002	9.13041565034207	6.823679822892209e-20	8.973138967103255e-18	OX_2
GRE.SIPMG.082b2f20_bin.18	88230.26007690473	-0.508267437703811	0.4428621485342757	-1.14768769330593	0.2510975134285882	0.8029743314222365	OX_2
GRE.SIPMG.117b4f26_bin.29	22870.710036052507	-0.09497762722550737	0.678945529950536	-0.13988990726903655	0.888746975708402	0.9985398472171818	OX_2
GRE.SIPMG.169b2f20_bin.29	15980.627384094398	-0.3176282437859283	0.4445523838104772	-0.7144900249176045	0.47492422214124147	0.9835044915208385	OX_2
GRE.SIPMG.176b2f22_bin.12	134434.3937095805	-0.4825545249568307	0.35670136435143496	-1.3528250048446708	0.1761115424794378	0.652356840452002	OX_2
GRE.bulkMG.LF176_bin.18	35272.94285151111	-0.001434886321009919	0.3323438874675307	-0.0043174746854644785	0.9965551643091076	0.9985398472171818	OX_2
GRE.bulkMG.LF176_bin.7	12508.155208814747	-0.5948279504990782	0.5460723358996885	-1.089284168770538	0.2760285918403583	0.8344312603909682	OX_2
GRE.bulkMG.OX080_bin.28	21579.212039646744	-0.6145507431030052	0.7857339085191442	-0.7821359577840236	0.4341346766220802	0.9358804914066154	OX_2
GRE.bulkMG.T000H_bin.41	55157.23459783373	0.10814032685528649	0.35881511687447515	0.3013817472275489	0.7631234112605096	0.9985398472171818	OX_2
GRE.bulkMG.T000H_bin.8	24816.93378847211	-0.3192868127715915	0.6040055629369068	-0.5286156823110975	0.5970720791825679	0.9985398472171818	OX_2
3300047160_1000	295.3184324617047	0.003975796081751507	4.56285773966313	8.713390398283674e-4	0.9993047721208693	0.9993047721208693	OX_3
3300047160_1008	775.3333426451105	0.011575241466621547	0.3986030024010931	0.029039524029911834	0.9768330682581425	0.9973082978284105	OX_3
3300047160_101	458.62820732192097	-0.9244319873838199	2.892082772429212	-0.31964229938251076	0.7492395049736666	0.9141928358616159	OX_3
3300047160_1011	1780.2105205351959	0.29116915965746537	0.3661955792697053	0.7951192645147076	0.4265441295099857	0.8436095005864163	OX_3
3300047160_1016	870.76236882800265	-0.41836767467365477	0.26398314912174065	-1.5848271984993894	0.11300560096057405	0.3819303222338388	OX_3
3300047160_102	1661.1206390583807	-0.05107924376954895	0.41749847378023264	-0.12234594130860606	0.902625049354226	0.9851582820868324	OX_3
3300047160_103	902.9381365114814	0.1664596882827252	0.24949123691828412	0.667196532987833	0.5046466054154526	0.8923221433505022	OX_3
3300047160_1033	679.387353913339	0.10823303263229103	0.6284151171988204	0.1722317456568249	0.8632553413534533	0.9744625278800326	OX_3
3300047160_1039	266.83817204933945	-24.755333838319352	4.784955030934996	-5.173577113739787	2.2965427723114793e-7	1.8581118794156516e-6	OX_3
3300047160_1044	3673.5653643207943	-0.20114796417949848	0.537863439776329	-0.37397590039424516	0.7084222460979862	0.9141928358616159	OX_3
3300047160_1046	2922.037678975885	0.7759675622455694	0.2585709036140995	3.0009856151628385	0.002691072773750383	0.014088557462575533	OX_3
3300047160_105	994.1212906021486	1.644701267364075	2.7403349576743556	0.600182566280104	0.5483845710121164	0.9005057947350887	OX_3
3300047160_1053	1243.3280178087991	-0.4783010964581608	0.4263913009746729	-1.1217421541312618	0.2619720876897545	0.6790926933316938	OX_3
3300047160_1055	2609.5433327768733	0.3414319900767535	0.9274689034523788	0.3681330865173147	0.7127740010946453	0.9141928358616159	OX_3
3300047160_1059	461.4682903749433	0.19717068002063443	0.29149776827762314	0.676405453069708	0.49878325601763407	0.8878341957113887	OX_3
3300047160_106	777.9802697452252	0.3229125531635999	0.6865800141226911	0.47032035090071206	0.6381261598890413	0.9141928358616159	OX_3
3300047160_1066	7817.292192901284	0.576488469495196	0.5525122542400921	1.0433949022326756	0.29676543356866963	0.720330643298498	OX_3
3300047160_1071	296.57863175608975	-0.9433138385027694	4.562933444120461	-0.20673407799061158	0.8362175418825446	0.9623710503562044	OX_3
3300047160_1073	1742.4367191616866	-0.5344340894950711	0.15973221065317883	-3.3458128908981912	8.204173735967857e-4	0.00466066890958174	OX_3
3300047160_1076	1361.4460369619003	-0.24083651578558132	0.7412709205001972	-0.32489675383875694	0.745259213794286	0.9141928358616159	OX_3
3300047160_1077	1086.110130388065	-0.933883068166276	0.6492437004118431	-1.438416834193191	0.15031581899180255	0.46667818221873586	OX_3
3300047160_1081	238.81058217009956	-0.1603313782983728	4.563042587555451	-0.03513694540910844	0.9719705414142434	0.9973082978284105	OX_3
3300047160_1082	685.4827132826483	-0.5348533991638968	4.561574081651339	-0.11725193750887722	0.906660410541165	0.9851582820868324	OX_3
3300047160_1085	755.5927822907165	12.971848634218743	1.8739650097984284	6.922140256831183	4.448704458323509e-12	5.3991095016926226e-11	OX_3
3300047160_1089	358.1752193294798	-25.258396281024748	4.784901715432177	-5.2787701363983786	1.3005382813355763e-7	1.0851366284893715e-6	OX_3
3300047160_1097	3093.8025339167098	-0.23762786856347165	0.5061216988983318	-0.46950737160788203	0.6387070169746344	0.9141928358616159	OX_3
3300047160_1099	732.2275866149317	1.8388708122183357	2.7176021592816353	0.6766519543480266	0.498626806985784	0.8878341957113887	OX_3
3300047160_1115	375.1467798877545	-1.0874961296438725	2.957688344039129	-0.36768448975889984	0.7131085070215023	0.9141928358616159	OX_3
3300047160_1122	94.32540191139942	22.69203537731343	4.78530024227905	4.742029596560092	2.1158770297234144e-6	1.3086221885246382e-5	OX_3
3300047160_1125	1574.8978611072653	-0.8629880877993071	2.828944050464135	-0.3050566120802989	0.7603230356405509	0.9141928358616159	OX_3
3300047160_1132	2117.0795137022005	-1.6265093434520077	2.765464940348999	-0.588150411788169	0.5564313383962948	0.9005057947350887	OX_3
3300047160_1137	14769.880674401527	0.20935401905456702	0.6267933640960793	0.3340080336627108	0.7383734964860105	0.9141928358616159	OX_3
3300047160_1155	3313.8226950687135	15.10467958151485	1.8982533637089316	7.957146222041898	1.7605261178650073e-15	5.222894149666188e-14	OX_3
3300047160_1171	8286.24765243907	-0.26484070932324555	0.436429435804867	-0.6068351206302663	0.5439603381159767	0.9005057947350887	OX_3
3300047160_1176	259.77089591601697	24.103128376108433	4.784940884914145	5.037288642812754	4.7217248177426247e-7	3.501945906492447e-6	OX_3
3300047160_1185	1390.3456373480597	1.3587975025772707	2.7753718932763745	0.4895911448368769	0.6244232438382109	0.9141928358616159	OX_3
3300047160_1190	1270.329739060554	-1.138978681259095	4.518846619017878	-0.252050750398481	0.8010018366273022	0.9443038689187863	OX_3
3300047160_1191	3061.49662582161	27.542980368739798	4.784753384286786	5.7564054313000605	8.592388092220753e-9	8.823721617780544e-8	OX_3
3300047160_1208	1674.2728506885041	-0.17555301388676392	0.561618078030663	-0.3125843357862479	0.7545964804114257	0.9141928358616159	OX_3
3300047160_1219	4496.197547237257	-0.12363890222681884	0.28791238794142926	-0.4294323808393094	0.6676085931797276	0.9141928358616159	OX_3
3300047160_125	1609.7398903708436	-1.0433367821242898	2.811754128843123	-0.37106259449277085	0.7105909105819659	0.9141928358616159	OX_3
3300047160_1260	4440.845977410509	-1.085800817241471	0.5221727369644446	-2.07939009522706	0.03758151014395758	0.15678536263182302	OX_3
3300047160_127	227.65563218075593	23.8713189367189	4.784969892461907	4.98881277692573	6.075148819593573e-7	4.268591407451274e-6	OX_3
3300047160_1283	4597.391285276747	0.22537326070803526	0.1442902607351493	1.5619436790797483	0.11830125741050677	0.38520043571469886	OX_3
3300047160_1320	5210.431496340056	15.757599266079339	1.645400565022337	9.57675571593439	1.0014116203670967e-21	1.336884513190074e-19	OX_3
3300047160_133	1894.3879856897165	-0.165588970809414	0.41034312948784957	-0.4035378172801043	0.6865526201374956	0.9141928358616159	OX_3
3300047160_137	659.088957974275	12.774710255851568	1.85991603891817	6.86843383708979	6.491056551916583e-12	7.535269997224902e-11	OX_3
3300047160_144	472.771863046192	12.295400452510268	1.603155002633263	7.669501970997472	1.7266544990964348e-14	3.073445008391654e-13	OX_3
3300047160_148	4731.624239138282	-0.666366718013596	0.7255168711353632	-0.9184717055177463	0.35837196546539113	0.789761986987453	OX_3
3300047160_164	1514.0159338592653	0.10581684261771084	0.3553890324881036	0.2977493196030268	0.7658944980453524	0.9141928358616159	OX_3
3300047160_168	652.1802723960305	0.17381001301530433	0.45579984518019023	0.3813296885754589	0.7029586266203213	0.9141928358616159	OX_3
3300047160_197	770.78763630431	-0.5922427207682321	0.5605613480400526	-1.0565172265960725	0.29073197477968116	0.71875404876087845	OX_3
3300047160_198	1068.7881607199795	13.472149802542953	1.892054612892051	7.120381045423656	1.076290892060998e-12	1.4368483409014322e-11	OX_3
3300047160_203	1297.5278600904585	-2.5575901421723217	2.6738288144951485	-0.956527257207835	0.3388059202192718	0.7801909138811577	OX_3
3300047160_205	168.6907984219962	-24.23533339304006	4.785076650060127	-5.064774331825078	4.0888442771791226e-7	3.210945358843605e-6	OX_3
3300047160_209	2353.5645464640756	0.3797105346783569	0.5533909859893661	0.6861523665758686	0.49261703162252535	0.8878341957113887	OX_3
3300047160_211	4257.847190228309	-0.08262086319182353	0.742201342290988	-0.11131866581754461	0.9113636542151595	0.9851582820868324	OX_3
3300047160_212	2389.3849044002177	0.11563542488191206	0.6934652455434578	0.16675013726360632	0.8675666539392126	0.9744625278800326	OX_3
3300047160_215	1148.1314326810773	-0.511434916695362	0.4638232387379328	-1.1026504797107213	0.2701789795196654	0.6809281971720615	OX_3
3300047160_219	6440.32160461015	-0.06493014307513931	0.645995159484198	-0.10051181053273449	0.9199380068720874	0.9864395495375395	OX_3
3300047160_228	1485.890180999494	-1.4443448197111395	2.7663690300054995	-0.5221085126550409	0.6015947797961327	0.9141928358616159	OX_3
3300047160_234	409.58762213433124	0.5706045706273817	4.56266654025141	0.12505945056329726	0.9004764849677548	0.9851582820868324	OX_3
3300047160_250	2815.028865889171	-0.2938838502818638	0.1877916848190136	-1.5649460228502543	0.1175955661679858	0.38520043571469886	OX_3
3300047160_262	6248.298536616914	0.3107337458091695	0.5140759758221006	0.6044510158488732	0.5455438267900468	0.9005057947350887	OX_3
3300047160_267	2548.4920558072845	0.10157667616012055	0.20049859344873322	0.5066203927564875	0.6124211968770128	0.9141928358616159	OX_3
3300047160_27	3426.699615518698	-1.029052601937511	0.552542369450122	-1.8623958248877845	0.06254731722335347	0.25303232876720266	OX_3
3300047160_274	794.3728442051909	25.661089757718198	4.7848030016526355	5.363039972357283	8.183288805052789e-8	7.048187454674499e-7	OX_3
3300047160_283	547.2301645231704	12.50638362857668	1.7737043481046022	7.050996769524258	1.7764062047001739e-12	2.2585736031187924e-11	OX_3
3300047160_298	4229.45303505997	0.4442861645558954	0.5357465628932004	0.8292842088554148	0.4069436042767329	0.8231359268324825	OX_3
3300047160_300	1719.291801716221	0.4188150653396536	0.3788919821346242	1.1053679810802761	0.2690001719795653	0.6809281971720615	OX_3
3300047160_301	1252.4892153885007	13.700977277550908	1.7801820710920162	7.696391004065289	1.3996308294350592e-14	2.669295938994006e-13	OX_3
3300047160_303	685.8071539211152	12.83204144478067	1.7970405705217973	7.1406520560939235	9.288921149304389e-13	1.3053378667706694e-11	OX_3
3300047160_304	980.7292463598747	25.95467092247593	4.784790270015099	5.424411407356007	5.814581996947508e-8	5.174977977283282e-7	OX_3
3300047160_305	806.635687980404	-0.40960998550006406	0.3528618115800652	-1.1608226565121587	0.24571402724597305	0.6624687225727899	OX_3
3300047160_311	1314.2499220023963	-0.4311372598068025	0.6759344532915064	-0.6378388580539901	0.5235785817842763	0.9005057947350887	OX_3
3300047160_316	1110.7490569874674	0.3504460090018167	0.3642777194370917	0.9620297654859354	0.33603465228249474	0.7801909138811577	OX_3
3300047160_324	3370.212419732031	0.9999383495044806	0.7071627641501429	1.4140144252450717	0.15735766707182994	0.4811352849982731	OX_3
3300047160_328	2042.3941947089966	-0.3783021472226868	0.4004397350567664	-0.9447168053116872	0.3448034750486015	0.7801909138811577	OX_3
3300047160_331	8279.64602078077	1.0667142547782347	0.41768739977152886	2.553857874002705	0.010653673350093486	0.04990404885043791	OX_3
3300047160_334	271.72785953670007	24.165559217406084	4.784931868700159	5.050345518079598	4.4101163889025727e-7	3.3642887881056772e-6	OX_3
3300047160_335	1964.7095515588962	0.06419366199374624	0.18108139929169487	0.3545016895431646	0.7229629380703584	0.9141928358616159	OX_3
3300047160_342	1439.1749300339752	-0.9854186253320151	0.3660934709979239	-2.691713191841117	0.00710860483108666	0.033892812319645325	OX_3
3300047160_343	1112.4645578849083	13.529936816965648	1.7550023429707111	7.709355415482455	1.2645479361860572e-14	2.5971869150898257e-13	OX_3
3300047160_348	1534.4635742598166	0.20711594121522633	0.6120901002208067	0.33837492411739856	0.7350806684638873	0.9141928358616159	OX_3
3300047160_352	1530.6278655917513	-0.5090453899925713	0.3999256401149029	-1.2728500974489088	0.20307124007989896	0.5830109795842261	OX_3
3300047160_357	2774.7191746049557	-0.6056263434842194	0.33507400845381985	-1.8074405301648078	0.07069361932063867	0.2658478360367679	OX_3
3300047160_363	737.5256069660148	-0.4407635988291455	0.6183922399157707	-0.7127573251714486	0.4759959369066581	0.8825757996810952	OX_3
3300047160_367	704.7872314949216	-1.2448574917388928	2.78547358128455	-0.4469105361842326	0.6549396562753318	0.9141928358616159	OX_3
3300047160_369	3281.1593584551847	-0.4403262211438271	0.35559228948816407	-1.2382895640893343	0.21560871195098155	0.605973958851706	OX_3
3300047160_379	552.2494560866432	-0.639225926843002	2.863545271808488	-0.22322885310602938	0.8233573969264965	0.955810543388585	OX_3
3300047160_386	2267.646408404183	0.8792822803299238	0.7976792776196384	1.1023005172627747	0.2703310445701817	0.6809281971720615	OX_3
3300047160_391	5239.838692808458	0.4058069190465526	0.46278448426850144	0.8768809950229636	0.3805512798982039	0.8134367179862882	OX_3
3300047160_398	2689.5317693211923	-0.04367707418068799	0.3401242306797443	-0.12841506203012523	0.8978205120661369	0.9851582820868324	OX_3
3300047160_400	8110.833590019141	-0.7603563621491538	0.7842610348500952	-0.9695194946086916	0.33228605840461783	0.7801909138811577	OX_3
3300047160_401	1748.9037664269765	-0.12184392855122543	0.3897232760328245	-0.31264216443916765	0.7545525402164941	0.9141928358616159	OX_3
3300047160_402	1211.1891472461045	25.96551526246457	4.784779948081944	5.426689533104499	5.740885913732288e-8	5.174977977283282e-7	OX_3
3300047160_405	1866.7564981080075	-0.6046370170666913	0.32971507082235657	-1.8338167423122032	0.06668120163210957	0.2615131473283628	OX_3
3300047160_408	755.6007112355235	-0.9089132157465074	0.2390974826558613	-3.801433648110498	1.438612658820685e-4	8.350208258807018e-4	OX_3
3300047160_425	625.9567522031189	-0.4037482642019739	4.562454825127787	-0.08849364644189447	0.9294843339339949	0.9874224169079717	OX_3
3300047160_427	875.569128873568	0.3915277700705308	0.21225415142264464	1.8446177257137035	0.0650931666396926	0.259401126758178	OX_3
3300047160_434	978.6517180617114	-0.5676741545125137	0.6474205422057735	-0.8768244402292791	0.38058200202910186	0.8134367179862882	OX_3
3300047160_442	3770.4554739734795	0.007667360572749069	0.601987510631292	0.012736743599063152	0.9898378236873737	0.9973082978284105	OX_3
3300047160_451	704.2210058591122	-0.6079034490149887	2.822695705776795	-0.21536272853318278	0.8294845265032471	0.958754842321935	OX_3
3300047160_452	1526.7042359346624	-1.0943087871692962	2.8177829086859973	-0.3883580895448045	0.6977510546932002	0.9141928358616159	OX_3
3300047160_457	1413.6214974761592	0.6086450115693247	0.26776294529537265	2.2730740838614576	0.02302171588408893	0.09914190550083458	OX_3
3300047160_468	1079.8825180021724	0.28784895643289543	2.846217556642583	0.10113385597004186	0.9194442026387033	0.9864395495375395	OX_3
3300047160_475	2082.775178767356	0.3263415170086265	2.8808997912304655	0.1132776356893838	0.9098104472369991	0.9851582820868324	OX_3
3300047160_48	514.5805497504023	-0.39713248966488635	0.6035269824463206	-0.6580194443919637	0.5105256367744977	0.8967785856499401	OX_3
3300047160_482	1907.722345144889	0.05068643582358978	0.3061812316974984	0.16554390203011227	0.8685158976591267	0.9744625278800326	OX_3
3300047160_496	457.08260595501207	-0.20613514484964968	0.38530942668148266	-0.5349859893774465	0.5926595455529016	0.9141928358616159	OX_3
3300047160_50	2551.8936884312984	-1.8813591708795925	0.4374040634007746	-4.301192714700009	1.698812329147831e-5	1.0079619819610463e-4	OX_3
3300047160_500	5766.487044740215	0.08357335088919766	0.41480460976601974	0.20147642750725256	0.8403260596265971	0.962948746439062	OX_3
3300047160_501	3598.553281532282	0.7287485295432432	0.6949685158305021	1.0486065382003287	0.29435924542473824	0.720330643298498	OX_3
3300047160_502	8097.587596844918	-0.6867439987695716	0.41159050972503375	-1.6685127148056846	0.09521399001337837	0.33627726127238	OX_3
3300047160_506	1166.148291543153	-0.27903778055988077	0.22873142586907833	-1.2199363489282704	0.22248900508285038	0.6187975453866776	OX_3
3300047160_509	594.0022868363521	2.3450730919526426	2.781072153737154	0.843226267539077	0.3991019103228605	0.8134367179862882	OX_3
3300047160_518	518.8265438401802	-0.14028311523539627	0.40907789355156593	-0.34292519211310796	0.7316547390894794	0.9141928358616159	OX_3
3300047160_520	386.86246532279677	0.12948486079556196	4.562676365206981	0.02837914645512843	0.9773597562201268	0.9973082978284105	OX_3
3300047160_524	3881.147282701586	0.2973829951401001	0.6028685797485578	0.493279970344667	0.6218147789561795	0.9141928358616159	OX_3
3300047160_525	544.8634081050154	0.24242349922382195	0.6744895923843388	0.35941770186082245	0.7192826340836738	0.9141928358616159	OX_3
3300047160_526	2727.9422550049276	-0.5575952980331252	0.6498103629322854	-0.85808926702394	0.39084317346253866	0.8134367179862882	OX_3
3300047160_527	939.6554018697263	2.0701089894862363	2.6760883829599993	0.7735577803288043	0.4391923472833415	0.8497417153960303	OX_3
3300047160_530	3843.3957175856044	0.47768607818939024	0.6476838170759821	0.7375297415117463	0.46080026353309167	0.8664342983333484	OX_3
3300047160_533	699.0281018077281	-1.014206835375578	2.798497365176445	-0.3624112168180056	0.7170447586088726	0.9141928358616159	OX_3
3300047160_534	362.55300480565836	1.1376531596967334	2.983811404720419	0.38127515629739694	0.7029990862898131	0.9141928358616159	OX_3
3300047160_538	1333.9046645016354	-0.13816280074160653	0.5636784510010904	-0.24510924711815757	0.8063718431216602	0.9443038689187863	OX_3
3300047160_540	1195.014376344909	-0.2281767719156366	0.31226237949496	-0.7307213000960285	0.4649494025364911	0.8681223110296722	OX_3
3300047160_545	122.11315544746034	22.977944792766465	4.785171846094992	4.801905873352896	1.5716257005591018e-6	1.0490601551232005e-5	OX_3
3300047160_546	3790.337970003544	-0.15697213522442469	0.5296860573594939	-0.2963493810030361	0.7669632780262245	0.9141928358616159	OX_3
3300047160_547	722.581120425262	-0.3885498359159538	0.3364247081469192	-1.1549384647047718	0.24811562643175653	0.6624687225727899	OX_3
3300047160_55	6352.113367369793	-0.26942594211057697	0.34376997527315867	-0.7837390158826171	0.4331932640840345	0.8442525657696147	OX_3
3300047160_552	1768.1550828265517	0.936406788751891	0.40094625345063284	2.3354920533437222	0.019517730557123747	0.08685390097920068	OX_3
3300047160_561	3665.6890650919254	27.76670821237277	4.784750520238113	5.803167395024592	6.50737666219485e-9	6.9498782752241e-8	OX_3
3300047160_564	730.9549407275322	-1.5982982088595517	2.7650346640925907	-0.578039121756931	0.5632377068193252	0.9005057947350887	OX_3
3300047160_567	1320.5507920155283	-2.2884626151175156	2.7075220392591124	-0.8452240025878909	0.3979857833600156	0.8134367179862882	OX_3
3300047160_568	374.1636567114698	-1.1193018811388462	4.562785115954641	-0.24531110992384791	0.806215550048815	0.9443038689187863	OX_3
3300047160_571	929.1856629099709	0.1869006722970801	0.5662725459393912	0.33005427092890405	0.7413589552986063	0.9141928358616159	OX_3
3300047160_581	1313.8818401911428	-0.0855075630804686	0.9094941053302376	-0.09401662152545869	0.9250959531517031	0.9874224169079717	OX_3
3300047160_590	262.9062134460795	-1.6286438017356286	3.111248835714773	-0.5234694772851451	0.6006475862610747	0.9141928358616159	OX_3
3300047160_597	3963.5674530987117	0.04479347275178404	0.35402714222134635	0.1265255326773168	0.899315939299794	0.9851582820868324	OX_3
3300047160_598	527.8454669855862	-0.18055551519627966	0.5556236312489946	-0.32496010796086233	0.7452112637666344	0.9141928358616159	OX_3
3300047160_607	1767.6582040518306	-14.262458287566266	1.7552658435276987	-8.125526022258748	4.454264118184179e-16	1.48661064944397e-14	OX_3
3300047160_614	670.0917310023794	0.566366341332247	2.8943328783249997	0.1956811345279721	0.844859751405292	0.964006639423987	OX_3
3300047160_617	4736.134496520997	0.26825315090552176	0.3849229151429465	0.6969009647188767	0.4858647739993943	0.8878341957113887	OX_3
3300047160_618	739.1761190522602	-0.48914875403356867	0.6077875702320116	-0.8048021677160084	0.4209338505663278	0.8387264037403697	OX_3
3300047160_624	532.6687335149098	-1.4813628807567363	2.809702122827684	-0.5272312921434863	0.5980329807678149	0.9141928358616159	OX_3
3300047160_627	558.597433419892	-1.7844273086908093	2.7694694183574713	-0.6443210012945819	0.5193672999262163	0.9005057947350887	OX_3
3300047160_628	814.4429708021989	0.6089586683848645	0.41899501109746606	1.4533792819867473	0.1461184755758889	0.4589839173972039	OX_3
3300047160_642	751.8989360558016	-1.5155664330049932	2.76783965372199	-0.547562945334268	0.5839920385183848	0.9141928358616159	OX_3
3300047160_649	6108.2907141768555	-3.8737930412682666	2.8006482641205515	-1.3831772775238877	0.16661051516532796	0.49427786165713966	OX_3
3300047160_653	4301.628273679316	0.22380128367370186	0.38702760896458943	0.5782566372265661	0.5630908657070237	0.9005057947350887	OX_3
3300047160_656	3956.4284401413024	15.360379554880433	1.9471220185357039	7.888760647076404	3.052022373517181e-15	7.40809067026443e-14	OX_3
3300047160_663	580.1926912184047	-1.0139435370062255	0.34377199837402933	-2.94946517401641	0.0031832444721653598	0.016344736039772136	OX_3
3300047160_666	1241.0156952606173	-0.8596207896879906	0.2979405633476919	-2.885208982721922	0.003911539126532395	0.019705300882719802	OX_3
3300047160_667	1042.6891078707654	-0.1405250374163069	0.28593548688178944	-0.4914571428288729	0.6231031569013801	0.9141928358616159	OX_3
3300047160_668	721.4553360323317	-1.5981595354404825	2.750907362438275	-0.5809572351516588	0.5612692760686497	0.9005057947350887	OX_3
3300047160_669	1161.492523985038	0.42519897803453477	0.5643591601534846	0.753419113315883	0.4511981007927205	0.8604992350832599	OX_3
3300047160_673	366.5194344059246	0.3500243881442556	4.562718360471162	0.07671400259474068	0.9388510649091011	0.9874224169079717	OX_3
3300047160_674	552.1997520511056	-0.01039691350741545	0.49135372078391715	-0.02115973293298354	0.9831182355489521	0.9973082978284105	OX_3
3300047160_676	3945.0995340619506	1.6791922075107917	0.93547382603323	1.795017840992104	0.07265085745084245	0.2694135963802074	OX_3
3300047160_679	1111.7724106905757	0.4163692358023866	0.48182961077453285	0.8641420670121959	0.38750985237778485	0.8134367179862882	OX_3
3300047160_68	1073.7748864038647	0.39586914863107203	0.5788443034335375	0.6838957320351783	0.49404100927987216	0.8878341957113887	OX_3
3300047160_680	2856.9619068660286	0.16150909634044983	0.3033456859623154	0.5324258883988681	0.5944310588296335	0.9141928358616159	OX_3
3300047160_682	985.0421953781276	-13.418854323103819	1.695037089224531	-7.916554987739449	2.441817736275197e-15	6.519653355854777e-14	OX_3
3300047160_683	1325.5236546026163	0.11880303064147738	0.4435549104847341	0.2678428934799635	0.7888202523464343	0.9360666994511021	OX_3
3300047160_685	452.4282682412668	0.46068988956178447	2.9225066795860624	0.15763518789528844	0.8747442742861096	0.9744625278800326	OX_3
3300047160_690	1187.122629010898	2.3222865448505385	0.8291467757875026	2.800814780525305	0.005097376652966944	0.024745446660766803	OX_3
3300047160_691	255.18845219813738	24.077918824232388	4.784944568064225	5.032016250498224	4.853481127590505e-7	3.502376921801797e-6	OX_3
3300047160_692	7521.843305072617	0.1579170078976717	0.3370182130902852	0.46857113878105655	0.6393762109053207	0.9141928358616159	OX_3
3300047160_693	1657.869235762495	-0.11416243726504549	0.7311466307562404	-0.15614164445641343	0.8759213733753102	0.9744625278800326	OX_3
3300047160_699	1419.9796990445807	26.47051989211835	4.7847734826278385	5.532240969865206	3.161651430589656e-8	3.0148604713122794e-7	OX_3
3300047160_701	1343.246820602265	2.1673040262478422	2.7474043240710526	0.7888551412907334	0.4301966767690855	0.8442525657696147	OX_3
3300047160_709	721.2822579626369	-0.22347416495265643	0.5680729134453582	-0.3933899322840218	0.6940315043922972	0.9141928358616159	OX_3
3300047160_715	772.6422369003594	1.0912248402331561	2.7919288823376127	0.390849798193821	0.6959082632863746	0.9141928358616159	OX_3
3300047160_716	2692.3763330643046	0.6783451098198432	0.44733809053424417	1.516403642287008	0.1294173186469644	0.41631836239445175	OX_3
3300047160_718	161.37291732409687	23.43895973210811	4.785065810730497	4.898356816649482	9.664142237764599e-7	6.616220455084994e-6	OX_3
3300047160_723	2930.459121350557	-0.3362421322556921	0.5464679145888065	-0.6153007766406556	0.5383561047704577	0.9005057947350887	OX_3
3300047160_725	1030.4541754981083	-0.6049169504201584	0.18373927851511707	-3.292257133633999	9.938669721976867e-4	0.005528385032849632	OX_3
3300047160_726	1003.5489186787307	0.07516224902828832	0.3299054540665512	0.2278296648382357	0.819778663886396	0.955810543388585	OX_3
3300047160_73	849.057990136577	-0.30365662653364006	0.25107582788730487	-1.209421986532037	0.22650076596194085	0.623460871256064	OX_3
3300047160_731	2179.6694931099078	0.29299118075505065	0.5054132946088644	0.5797061214659862	0.5621128145802511	0.9005057947350887	OX_3
3300047160_735	1547.8343850550957	0.33905920367850995	0.9842089649155834	0.34449920267449646	0.7304708955537185	0.9141928358616159	OX_3
3300047160_739	93.3056678366816	22.673612224474578	4.78530640900106	4.738173543459201	2.1565309473814263e-6	1.3086221885246382e-5	OX_3
3300047160_740	699.1729333798897	0.6049380639192058	0.6466195865123588	0.9355393442101426	0.3495104170433024	0.7841956416013591	OX_3
3300047160_743	1535.2834921637293	-0.9242706393745088	0.5191495406464679	-1.7803553061485256	0.07501783125816894	0.2743802869305631	OX_3
3300047160_747	416.32181711459583	0.07528104998866506	3.0040589296602507	0.025059778037436534	0.980007282574698	0.9973082978284105	OX_3
3300047160_750	3827.5077195564995	-0.1240525820044521	0.3259179615806294	-0.38062517758402986	0.703481396130798	0.9141928358616159	OX_3
3300047160_757	904.3961635155795	-0.5467751894797216	0.5779797215119049	-0.9460110262163574	0.3441429623507407	0.7801909138811577	OX_3
3300047160_760	1323.783459585798	0.6492775836653878	0.21377213778810203	3.03724138413666	0.002387541797704642	0.013009666530349783	OX_3
3300047160_761	338.7047966737613	-1.2004729897539745	2.9912519890088514	-0.4013279369859275	0.6881786977059439	0.9141928358616159	OX_3
3300047160_766	2653.0879462010676	-0.18884051879994423	0.5855383361099522	-0.3225075236824183	0.7470682389294863	0.9141928358616159	OX_3
3300047160_768	2844.8111707950698	14.884508805758848	2.0271410169145025	7.342611432338564	2.0946599562985617e-13	3.1070789351762e-12	OX_3
3300047160_774	1326.2454633911395	-0.263878007050979	0.43521247405965663	-0.606319953537931	0.5443023111155383	0.9005057947350887	OX_3
3300047160_78	1385.8610849255547	-1.6921903281253352	2.7442000119469645	-0.6166424898907985	0.5374705620544349	0.9005057947350887	OX_3
3300047160_780	704.827876755103	1.102791202967106	2.7825229120516806	0.3963278067507333	0.6918632163626555	0.9141928358616159	OX_3
3300047160_79	6395.1054807892815	-1.0004639471754901	0.7655786461456051	-1.3068075399078103	0.19127808379186764	0.5551222649177028	OX_3
3300047160_791	1299.7288614128877	-0.45398603701121154	0.7687452272006093	-0.590554608923433	0.5548188858900396	0.9005057947350887	OX_3
3300047160_792	2105.538917243765	-0.5893263182433265	0.3224267620694904	-1.8277835079840956	0.0675820493095769	0.2615131473283628	OX_3
3300047160_797	3595.261421586716	1.0620022065687218	0.6215556803833903	1.7086195816176175	0.0875214390567509	0.3157868138939526	OX_3
3300047160_800	21040.415317721	0.016574957657613104	0.3280078670251464	0.05053219548646497	0.9596982938804471	0.9973082978284105	OX_3
3300047160_807	1720.1666337147683	-14.2231668896056	1.6883447624340973	-8.4243261246595	3.628323706642448e-17	1.6146040494558894e-15	OX_3
3300047160_846	3264.620228635541	0.008637613636080635	0.5625806830567109	0.015353555314322658	0.9877501165440552	0.9973082978284105	OX_3
3300047160_874	1982.6487137775835	14.363616324655464	1.6811344131177701	8.544002319253718	1.296514379930645e-17	8.654233486037056e-16	OX_3
3300047160_877	2411.1621115705484	-0.02725933774156663	0.5777622601065109	-0.047180890175383475	0.9623690579895631	0.9973082978284105	OX_3
3300047160_881	1753.6591728494195	14.186549053668813	1.866704822175239	7.599781650072276	2.966308175772015e-14	4.95002676831955e-13	OX_3
3300047160_882	5059.562368203435	0.3706404048881295	0.7513471446293168	0.4933011425377652	0.6217998212065529	0.9141928358616159	OX_3
3300047160_884	1242.8322335947325	-0.3899581715696779	0.6354591965706347	-0.6136635895336074	0.5394376534664915	0.9005057947350887	OX_3
3300047160_887	218.7329590269749	22.919486873931017	4.784979398402808	4.789882038276147	1.6687938763019107e-6	1.0676969089010677e-5	OX_3
3300047160_888	629.8451990116564	0.6179198191061877	0.6074148406647656	1.017294569934981	0.3090133189965598	0.7366656801078704	OX_3
3300047160_890	1605.5818295572117	-0.31103270538058675	0.33728550358416837	-0.9221644632674516	0.3564427963332409	0.789761986987453	OX_3
3300047160_891	325.0859332239088	-1.1827157546166185	3.0327649693435155	-0.38997936423429275	0.6965518062171666	0.9141928358616159	OX_3
3300047160_892	3457.6802319376893	0.505571032676088	0.32245035759535684	1.5679034641063399	0.11690366323771578	0.38520043571469886	OX_3
3300047160_893	6296.741062509321	-0.5492092489042637	0.7274130557749385	-0.7550170354299895	0.45023876080506275	0.8604992350832599	OX_3
3300047160_895	797.9856348144021	-0.3654604950798079	0.5301510280441974	-0.6893516672561093	0.49060199120663084	0.8878341957113887	OX_3
3300047160_897	761.5889453324664	-0.738832356862437	0.3608073294315622	-2.0477199230582106	0.040587450540063484	0.16672075837226075	OX_3
3300047160_900	4059.9401188244137	1.5981880337766174	0.7228397052076574	2.210985398647256	0.027036848199152693	0.11458473760593284	OX_3
3300047160_901	886.9917713909142	0.5523367165937854	0.4449064884248073	1.2414669845551929	0.21443328728616703	0.605973958851706	OX_3
3300047160_903	372.44569522617223	11.95127556052487	1.8208735966406362	6.5634844629380105	5.2564714504598434e-11	5.847824488636576e-10	OX_3
3300047160_904	1628.4956637169666	-0.18145481828240329	0.6082420641341949	-0.2983266514799433	0.7654538649296213	0.9141928358616159	OX_3
3300047160_906	495.1526969709372	-0.9269378052025092	0.3222288938278227	-2.8766439725228428	0.004019287957200833	0.01987314601060412	OX_3
3300047160_909	5789.813973938294	0.29741090588850094	0.5728703470449978	0.5191591909454163	0.6036497344764121	0.9141928358616159	OX_3
3300047160_912	639.0715672346034	-0.9070527775830102	2.8091364302673005	-0.3228938145580564	0.746775660890697	0.9141928358616159	OX_3
3300047160_916	620.8688356235675	0.9711839734662017	2.813384638724646	0.34520127823917296	0.729943057866798	0.9141928358616159	OX_3
3300047160_919	200.72799834975172	-0.1487910083894075	4.563224120227273	-0.03260655283834643	0.9739883442012296	0.9973082978284105	OX_3
3300047160_920	2587.1290492121425	-1.123707711645364	2.8288390137855055	-0.3972328245507463	0.6911957787503562	0.9141928358616159	OX_3
3300047160_923	896.1508012590504	1.4224325086650338	0.5793309131139374	2.4553022745141915	0.01407661674057	0.0648009770643481	OX_3
3300047160_924	1616.874597701729	0.6240872585572902	0.3444441671980677	1.8118676929094804	0.07000664239994929	0.2658478360367679	OX_3
3300047160_925	1745.817961013282	14.180084976788804	1.8317514727886253	7.741271229989131	9.842767103015687e-15	2.1900156804209904e-13	OX_3
3300047160_927	4898.303953500465	-0.9761182588237182	0.8695978923409248	-1.122493818603958	0.26165253431715757	0.6790926933316938	OX_3
3300047160_928	2391.9847125041633	-0.025336802311907086	0.3329746105063955	-0.0760922950653033	0.9393456700173215	0.9874224169079717	OX_3
3300047160_929	110.66052605808665	22.91447005853071	4.785216936083193	4.788595870281842	1.6795232274848258e-6	1.0676969089010677e-5	OX_3
3300047160_93	450.7858531968327	12.226689865409872	1.6628218222713607	7.35297654965137	1.938409556081952e-13	3.0444432439640067e-12	OX_3
3300047160_930	1255.4780794482112	-0.8373075253493906	0.5029955771950473	-1.6646419239283026	0.09598421595503853	0.33627726127238	OX_3
3300047160_931	811.6213708586613	-1.1075990291031252	0.4605552845986107	-2.4049208990586974	0.016175966670071713	0.07320310340523979	OX_3
3300047160_933	425.14137319655026	-0.2818627677572769	0.7953871572924135	-0.35437178633455585	0.7230602756919539	0.9141928358616159	OX_3
3300047160_935	2793.409355505517	0.047628205927843364	0.5997243781085212	0.07941682490556513	0.9367010865688594	0.9874224169079717	OX_3
3300047160_937	1608.4505329505814	0.518675654122458	0.44209051654409603	1.1732340656774143	0.24070195467554847	0.6557900193711371	OX_3
3300047160_939	625.7356149137361	-12.764268689859483	1.5114261774861741	-8.445181696594139	3.035729114082153e-17	1.6146040494558894e-15	OX_3
3300047160_946	623.1502658636796	-1.1617532832929802	2.805726510711806	-0.4140650483422371	0.6788264689693566	0.9141928358616159	OX_3
3300047160_949	842.333418438209	1.0653259624536853	0.6418863473192513	1.6596800460126164	0.09697883564783992	0.33627726127238	OX_3
3300047160_950	665.2606273607287	0.5706877817580676	0.6668272822900225	0.8558254842216532	0.39209431684497237	0.8134367179862882	OX_3
3300047160_956	3472.537229493536	15.172183842166575	1.6579827632606101	9.150990093726165	5.641410183072858e-20	5.0208550629348435e-18	OX_3
3300047160_957	2172.7496080784636	-0.1956278876749625	0.24010557996629026	-0.8147577732363729	0.4152109762228154	0.8335438394849	OX_3
3300047160_962	1148.0687726707372	0.5084718470565681	0.21872949833179287	2.324660601037279	0.020090115581754636	0.08793542393981127	OX_3
3300047160_964	570.3989233347079	-12.63070162087678	1.5237621182018808	-8.289155813757642	1.1405505336138944e-16	4.350385606784426e-15	OX_3
3300047160_967	2405.4878025299913	0.191588302628059	0.20147942030239308	0.950907553439012	0.3416513070760234	0.7801909138811577	OX_3
3300047160_968	1679.5020210602688	26.705635629516664	4.7847676901584695	5.581386048155702	2.386093621982106e-8	2.3595814706267494e-7	OX_3
3300047160_97	1612.0249932122113	-0.02279865705460367	0.6206091073674825	-0.036735936975388045	0.9706955544090873	0.9973082978284105	OX_3
3300047160_971	1991.2594354029627	-1.0476436522201296	0.3457667140963752	-3.0299147069666192	0.002446228108147548	0.013062858097507906	OX_3
3300047160_972	770.4356008544053	-0.890540371742659	0.8246023914186216	-1.0799633629616325	0.28015849522986214	0.6990870862277869	OX_3
3300047160_984	437.91274565403546	-0.6167276096993661	0.674964912295541	-0.913718029581551	0.3608650277620572	0.789761986987453	OX_3
3300047160_99	980.0891379920391	0.374198193151271	0.5013069223588589	0.7464452942131976	0.45539846658361244	0.8623502877859895	OX_3
3300047160_991	2079.73198877252	0.7561729983261188	0.5111044840794521	1.4794880927097687	0.13900991143406335	0.4418529327725585	OX_3
3300047160_992	696.72814631254	-1.040699640149207	2.810426658021959	-0.3702995191775169	0.7111593320355176	0.9141928358616159	OX_3
3300047160_996	682.6010380308126	-0.7989705772258192	0.5911928544638424	-1.351455064439864	0.17654970500006698	0.5180084751100866	OX_3
3300047160_998	926.2906467776636	0.005181164089022123	2.8504967143343896	0.001817635524000932	0.9985497374767955	0.9993047721208693	OX_3
GRE.SIPMG.052b4f26_bin.20	26706.08475884077	-0.4117331932273665	0.47802324722055517	-0.86132462306252	0.38905927788785316	0.8134367179862882	OX_3
GRE.SIPMG.066b5f18_bin.18	27806.04852829567	18.17350821248614	1.870496334683702	9.715874805795464	2.580237451772145e-22	6.889233996231627e-20	OX_3
GRE.SIPMG.082b2f20_bin.18	84030.76173498275	-0.7834335550610366	0.5556756669457352	-1.4098755833005427	0.1585764235200301	0.4811352849982731	OX_3
GRE.SIPMG.117b4f26_bin.29	22745.830791895736	-0.2827835371692212	0.5774801742704552	-0.48968527365717546	0.624356624151382	0.9141928358616159	OX_3
GRE.SIPMG.169b2f20_bin.29	15444.723198755113	-0.5611559984115279	0.4974244619487825	-1.128123044478073	0.259267958155676	0.6790926933316938	OX_3
GRE.SIPMG.176b2f22_bin.12	127582.00305004719	-0.7547614949707697	0.47319009284995556	-1.5950492336493147	0.11070122655295524	0.3789388139697314	OX_3
GRE.bulkMG.LF176_bin.18	36204.116937183244	0.06387274272055331	0.398431161640592	0.16031061038887873	0.8726364010910526	0.9744625278800326	OX_3
GRE.bulkMG.LF176_bin.7	12026.18607351611	-0.8726631313651669	0.6273902465402729	-1.390941501206697	0.16424316662760916	0.49272949988282744	OX_3
GRE.bulkMG.OX080_bin.28	21251.951702529666	-0.9061660841036114	0.8774044124745495	-1.0327804045889686	0.30170667594405354	0.7257268691627233	OX_3
GRE.bulkMG.T000H_bin.41	56214.824365848595	0.1789713865067551	0.4176161169191897	0.428554788131864	0.6682472539724846	0.9141928358616159	OX_3
GRE.bulkMG.T000H_bin.8	23761.065434469987	-0.5958993829830482	0.7000485360513427	-0.8512258112048163	0.39464392736444215	0.8134367179862882	OX_3
3300047160_1000	295.54895106939847	0.040440655262667886	4.562856624722093	0.008863012491682441	0.9929284317529437	0.9929284317529437	OX_4
3300047160_1008	716.3216165083493	0.0221399814594921	0.34979217283914127	0.063294673748099	0.9495318569943343	0.9873484759560051	OX_4
3300047160_101	437.6153781733685	-1.0004613463543814	3.0211587466827927	-0.33115153166078404	0.7405300287301704	0.9014045600904738	OX_4
3300047160_1011	1516.240835414004	0.12432760326927668	0.472278675248144	0.2632505124309342	0.7923575000556686	0.9283845386918349	OX_4
3300047160_1016	773.3584858220169	-0.5901748307207118	0.4587570975201233	-1.2864647411690973	0.19828091644787502	0.49661183660798053	OX_4
3300047160_102	1663.5300816082467	0.05363425090798175	0.4257795071960482	0.12596719663937725	0.8997578909829292	0.9670626151115737	OX_4
3300047160_103	898.1437044005664	0.19907136420940252	0.30908051770206135	0.6440760669402582	0.5195261090502541	0.862365351507918	OX_4
3300047160_1033	655.0395357576023	-0.03132761885166196	0.7424931470944336	-0.04219246867699046	0.9663452663408298	0.9873484759560051	OX_4
3300047160_1039	281.4118216291643	24.17965295742038	4.7849256524375265	5.053297525135596	4.342466334711502e-7	2.8914470960396095e-6	OX_4
3300047160_1044	3116.235074956981	-0.4455056023852756	0.3521267974668363	-1.2651851707685888	0.20580495704959414	0.5061689484192722	OX_4
3300047160_1046	3408.0050935771014	1.0965558356822844	0.3834844892338671	2.859452902183881	0.0042437242880831345	0.01963621577367281	OX_4
3300047160_105	1393.4266169966302	0.8529794052890296	0.5584430319088196	1.5274242072167188	0.12665556080197723	0.3678400861589339	OX_4
3300047160_1053	1114.4160106719348	-0.7266253334739663	0.27743542829357953	-2.6190791058777765	0.00881674992700663	0.03820591635036206	OX_4
3300047160_1055	2519.952020497924	0.3298234083330281	0.9775302937226221	0.33740479497264225	0.7358117705009439	0.9014045600904738	OX_4
3300047160_1059	446.7517356802551	0.19517087618102086	0.4097560747532335	0.4763099029064015	0.6338536113287154	0.8977118388746088	OX_4
3300047160_106	821.4571087361365	0.25639594924076087	0.6627828873093715	0.38684756976997997	0.6988690580789461	0.8977118388746088	OX_4
3300047160_1066	8096.548848340701	0.8309190908332218	0.6074993286916047	1.3677695621866859	0.17138421802812	0.45425137399686183	OX_4
3300047160_1071	190.13476896436373	-24.3912896962153	4.785037904724891	-5.0974078328889725	3.4433596964297166e-7	2.5406410733116557e-6	OX_4
3300047160_1073	1623.6101622508374	-0.7093901274013859	0.25265441216781476	-2.807748819087332	0.004988912266955465	0.022327427030800692	OX_4
3300047160_1076	1507.3495451566448	-0.23256683556445	0.6363525431599294	-0.365468541085096	0.714761685699888	0.899216314267601	OX_4
3300047160_1077	1065.401412118756	-1.1658146601545059	0.7442662482926543	-1.5663946374417528	0.11725625760542076	0.3517687728162623	OX_4
3300047160_1081	287.64265426058716	-0.4744841750365418	3.3163339717856752	-0.14307490713338997	0.8862310222414843	0.9600836074282746	OX_4
3300047160_1082	606.6937694058408	-0.7091438574705627	4.562481354104563	-0.15542942588304343	0.876482787548421	0.9571192040028759	OX_4
3300047160_1085	1132.9541250301277	13.561773135408286	1.913685598808378	7.086729995696779	1.3731791918680134e-12	1.973041680947198e-11	OX_4
3300047160_1089	394.81780891743966	-24.553363810878206	4.784886613536062	-5.1314410965180866	2.8753220843166773e-7	2.1804525806068136e-6	OX_4
3300047160_1090	213.42970963487454	-24.34113757659865	4.785006002223691	-5.086960719649427	3.6384715518372443e-7	2.6139545622409678e-6	OX_4
3300047160_1097	2768.894687614056	-0.32303430824477797	0.5025690773291315	-0.6427659854472572	0.5203759573984095	0.862365351507918	OX_4
3300047160_1099	547.5734406029997	2.660676957986299	2.7539169738933293	0.9661427643640205	0.3339727482345918	0.6753671130966189	OX_4
3300047160_1115	370.17786723696014	-1.1554129679719793	3.079087131852918	-0.37524529787394506	0.7074780445188321	0.8977118388746088	OX_4
3300047160_1125	1684.3783546725565	-0.9464423481117922	2.829140621686505	-0.3345335119989899	0.737977007157357	0.9014045600904738	OX_4
3300047160_1132	2173.3045571909033	-1.5631710837800612	2.8083181439486458	-0.5566217941326829	0.5777858600331384	0.8812041328997027	OX_4
3300047160_1137	16085.768737671155	0.6763125366950612	0.6419917214963285	1.0534599030634524	0.2921302620734165	0.618229159271649	OX_4
3300047160_1155	4193.503191084763	15.44982585781799	1.9764662494978316	7.816893337664323	5.414294376202269e-15	1.140084372292885e-13	OX_4
3300047160_1171	7702.826931022968	-0.39632594229836426	0.6244470171961627	-0.6346830577843294	0.5256351455439131	0.862365351507918	OX_4
3300047160_1176	537.3692638418767	0.045276502815577484	4.562508821214875	0.009923597869016624	0.99208224442676	0.9929284317529437	OX_4
3300047160_1185	1754.9309060731491	0.5291435975996106	0.4829121584232688	1.095734676317303	0.2731949028841209	0.5959077484524679	OX_4
3300047160_1190	1526.1279756925558	-1.5385162883578436	2.8029461825094555	-0.5488925538272098	0.5830791885172517	0.8818579486101934	OX_4
3300047160_1191	6957.815922306532	27.95271757488333	4.784743673444867	5.842051211650015	5.156194904861143e-9	5.4140046501042e-8	OX_4
3300047160_1208	1667.8852773743924	-0.06865426527147919	0.6443095495399171	-0.10655478460703123	0.9151421909378358	0.9721160238366894	OX_4
3300047160_1219	4337.247533263197	-0.06542492044319893	0.31505681870975943	-0.20766070295234745	0.8354939032470856	0.9516330789176165	OX_4
3300047160_125	1690.693115415343	-1.1046556489217312	2.814677520260841	-0.39246259685882623	0.6947164424667769	0.8977118388746088	OX_4
3300047160_1260	4041.491617694525	-1.3346003626785912	0.3191387075942618	-4.181881830440138	2.8910622805667454e-5	1.5475686325386694e-4	OX_4
3300047160_127	364.00801862681516	24.576906142561366	4.784882648250952	5.136365497186251	2.8010265412919737e-7	2.1804525806068136e-6	OX_4
3300047160_1283	4408.991898882252	0.19870487003318132	0.21034307191597892	0.9446703816922173	0.3448271826095484	0.6921898592088729	OX_4
3300047160_1320	5331.619865729702	15.796262709702749	1.6521835718755595	9.560839956646479	1.1680481558558056e-21	3.1887714654863493e-19	OX_4
3300047160_133	1880.1443647890478	-0.20690339896670434	0.4904891906164751	-0.42183070070648493	0.6731485951950389	0.8977118388746088	OX_4
3300047160_137	810.2630917809704	13.078151063441489	1.8768776120908464	6.968036157068545	3.213956380557519e-12	4.178143294724774e-11	OX_4
3300047160_144	784.7698373762526	1.923373895340209	2.7594797671090845	0.6970059785418157	0.48579905233851906	0.8605154920469099	OX_4
3300047160_148	4824.990565542736	-0.4241809498354935	0.7144891519055199	-0.5936842409772302	0.5527233252659456	0.862365351507918	OX_4
3300047160_152	137.41668173060492	22.939077883366583	4.7851246031138075	4.793830837433056	1.6362626337982036e-6	9.116320388304276e-6	OX_4
3300047160_164	1347.8624401448335	-0.010416968100662172	0.5306228945028697	-0.019631584329623822	0.9843372680328979	0.9929284317529437	OX_4
3300047160_168	649.2809014141078	0.238559962431552	0.5861358978675019	0.4070045245471031	0.6840046650858652	0.8977118388746088	OX_4
3300047160_185	183.70953550509947	23.52192372004266	4.785026568255999	4.915735238773336	8.844986953661863e-7	5.249307474673237e-6	OX_4
3300047160_197	658.799634286687	-1.247095733332724	2.8527452211536377	-0.4371563657649048	0.6619979518378512	0.8977118388746088	OX_4
3300047160_198	1485.7586889516147	13.952879290258748	1.9452020118380056	7.172971858627056	7.338694307529688e-13	1.1130353033086693e-11	OX_4
3300047160_203	1039.4336659868181	-13.49099970936608	1.4913336178143495	-9.046265401793901	1.4794159677693454e-19	1.3462685306701043e-17	OX_4
3300047160_205	368.32208611174246	0.16113800042393975	4.562706219772746	0.035316321643861066	0.9718275086594844	0.9873484759560051	OX_4
3300047160_209	2415.7259713663025	0.4157601941210445	0.5323095485208831	0.7810496641969099	0.4347732852361166	0.8019804518206745	OX_4
3300047160_211	3724.0866201210606	-0.27662051501658197	0.6068380334368109	-0.45583911978942576	0.6485056708969734	0.8977118388746088	OX_4
3300047160_212	2582.3391807918497	0.12119922954275635	0.6599667236131811	0.18364445540407806	0.8542923858061133	0.9571192040028759	OX_4
3300047160_214	143.1010903022632	-24.000707344786758	4.785133869748008	-5.015681483128636	5.284581457897935e-7	3.434977947633658e-6	OX_4
3300047160_215	1089.2528604926197	-0.6041682582969581	0.556021259774808	-1.0865920100638777	0.27721715770499417	0.5959077484524679	OX_4
3300047160_219	6265.336969900994	-0.1167670890982343	0.566160597992884	-0.20624375753485752	0.836600508938564	0.9516330789176165	OX_4
3300047160_228	1455.390993349378	-1.5100577932046586	2.762795752640246	-0.5465687399300447	0.5846750501774542	0.8818579486101934	OX_4
3300047160_234	467.5983914920424	0.23898854152959115	3.11596885415942	0.07669798791813082	0.9388638052362972	0.9858069954981121	OX_4
3300047160_250	2570.385745971871	-0.4581649565991875	0.408799619905177	-1.1207568067344609	0.2623913944283781	0.5927624955791502	OX_4
3300047160_259	177.47504188507818	-24.295302497770606	4.785058728556253	-5.077325875392334	3.8278403106127463e-7	2.6794882174289225e-6	OX_4
3300047160_262	6346.9203940323405	0.3834944814923801	0.5223154228022496	0.7342200991020179	0.4628146056297154	0.842322582246082	OX_4
3300047160_267	2405.6292355103888	0.07563635492041451	0.15508826018925456	0.4876987776387155	0.6257632177110158	0.8977118388746088	OX_4
3300047160_27	3185.254092370015	-1.2995922919376965	0.8054474893726294	-1.6135034363940486	0.1066351772797973	0.3308114022430075	OX_4
3300047160_274	1042.320149722567	26.0441000067891	4.784787213915086	5.443105166944065	5.235971289277293e-8	4.6110327805571004e-7	OX_4
3300047160_283	751.3678095352172	12.969282132415543	1.8486173887159334	7.015665984524859	2.288561936470747e-12	3.12388704328257e-11	OX_4
3300047160_298	4594.133408217039	0.9005742949527229	0.5831825715451786	1.544240755629228	0.1225300189120772	0.36359451264127257	OX_4
3300047160_300	1777.9990567507289	0.5934735411830457	0.42404784538597556	1.399543819501915	0.16164996759352668	0.43693506092111667	OX_4
3300047160_301	945.5924499937547	25.907712177803845	4.784792452460264	5.414594767738047	6.142766287955988e-8	5.240547489412452e-7	OX_4
3300047160_303	1530.1561706355924	13.995361344411743	1.89329055673471	7.392083214395279	1.4454601202679008e-13	2.466316330207106e-12	OX_4
3300047160_304	1912.3821540842516	26.85649195607212	4.784763912389592	5.612918933477646	1.9894181534693883e-8	1.8103705196571434e-7	OX_4
3300047160_305	752.534464202114	-0.5814825632682077	0.558826410706356	-1.0405423797583482	0.29808798534395997	0.6212062595335959	OX_4
3300047160_311	1256.5006494304032	-0.41511225641830635	0.6995793115316354	-0.5933741172383636	0.5529308066410283	0.862365351507918	OX_4
3300047160_316	1125.2659207634356	0.3467166095037474	0.37396132289233064	0.9271456385439426	0.3538509230793291	0.7021949320964929	OX_4
3300047160_324	4630.409491937018	1.4677499488274914	0.7597770909666322	1.9318165370847593	0.05338215421514355	0.18683753975300244	OX_4
3300047160_328	1994.9726851072237	-0.2580241103970012	0.4181387697731294	-0.61707770015442	0.5371834766542825	0.862365351507918	OX_4
3300047160_331	8989.265598192156	1.276622845210756	0.44143831956166135	2.8919619993081134	0.0038284424989850196	0.018336224600401938	OX_4
3300047160_334	271.6542930987557	23.85151331999563	4.7849324377487195	4.984712664243514	6.205396029281517e-7	3.93970492091594e-6	OX_4
3300047160_335	1890.693233611833	0.1050701376605423	0.1812290144032272	0.5797644378662542	0.5620734823019725	0.8665348717823201	OX_4
3300047160_342	1176.054935236048	-1.6132949179231806	2.739705380785745	-0.5888570826767107	0.5559571496900864	0.862365351507918	OX_4
3300047160_343	1401.938314255034	13.869109422933692	1.8378276134429694	7.546469169081331	4.47216887470519e-14	8.72072930567512e-13	OX_4
3300047160_348	1607.2206903797428	0.20313819408620373	0.5331650944989287	0.3810043008856648	0.7032000571736114	0.8977118388746088	OX_4
3300047160_352	1430.1391456332572	-0.7113618880415395	0.5792458380477389	-1.228082864503745	0.21941586285419726	0.5254432505192619	OX_4
3300047160_357	2452.11512480563	-0.8736760202540468	0.24132160765569213	-3.62038040746261	2.9417019734936565e-4	0.001460153888661397	OX_4
3300047160_363	685.3445738753311	-0.6810502989298625	0.8217563447439009	-0.8287740073879329	0.4072322989670775	0.7767806831948154	OX_4
3300047160_367	704.0391512483768	-1.1803065433504891	2.8486461123721614	-0.41433947805036725	0.6786255057218511	0.8977118388746088	OX_4
3300047160_369	3366.808167412657	-0.5087450070815964	0.3246341638526296	-1.5671332956581412	0.11708353802858294	0.3517687728162623	OX_4
3300047160_379	581.7286638185349	-0.6677639985843535	2.942264387229895	-0.22695581045762	0.8204581036882372	0.9490892470630881	OX_4
3300047160_386	3224.889843061038	1.6497301991799895	0.9493533765041011	1.7377409087172113	0.08225647695331598	0.2673335500982769	OX_4
3300047160_391	5020.317782233915	0.4372467933637326	0.540600352462272	0.8088170704517764	0.41862037572616	0.7774378406342972	OX_4
3300047160_398	2409.8572447689216	-0.04018784826800859	0.43437189423724304	-0.09251944888970877	0.9262853395131878	0.9801391383220942	OX_4
3300047160_400	7371.6544154845615	-0.8641013522756229	0.6063520925049848	-1.425081834393965	0.15413354702785168	0.4293720238633011	OX_4
3300047160_401	1630.4580280930452	-0.26292244435823847	0.5579087538868357	-0.4712642390471772	0.6374520496909706	0.8977118388746088	OX_4
3300047160_402	2994.416699413359	27.51707593426173	4.7847538262625555	5.750990946122664	8.87218669826065e-9	8.970766550463544e-8	OX_4
3300047160_405	1737.1782890083105	-0.8165907658231537	0.5652834186861769	-1.4445687575996151	0.14857905364207552	0.42025279152878864	OX_4
3300047160_408	689.1759054135946	-1.1119313745379114	0.46258574444959166	-2.4037303092012587	0.016228740861167334	0.06612606350893556	OX_4
3300047160_425	605.64362706547	-0.39202737390699544	4.562466668560191	-0.085924435702389515	0.9315264864622597	0.9818792695142736	OX_4
3300047160_427	967.6091406945801	0.704169752006549	0.27789141101276876	2.533974509828205	0.011277693506205421	0.047882976146008636	OX_4
3300047160_434	832.0950263929626	-1.1354008651518945	2.7988105680945665	-0.40567263754648347	0.6849831497144536	0.8977118388746088	OX_4
3300047160_442	4138.187492897837	0.09351814485615048	0.5107158007150544	0.18311190827700163	0.8547102122968289	0.9571192040028759	OX_4
3300047160_451	734.731039350385	-0.7903013902296142	2.857506248192831	-0.27657031046893543	0.7821100645355141	0.9283845386918349	OX_4
3300047160_452	1556.745957075973	-1.1493185728482869	2.809537697599583	-0.40907746987351096	0.682482809714738	0.8977118388746088	OX_4
3300047160_457	1686.5934715178673	0.9984072582153874	0.40848964223922923	2.444143388171093	0.014519654525852764	0.06005857099330007	OX_4
3300047160_468	816.1851479138784	-0.22242364337520584	4.556390397213986	-0.04881575633010008	0.9610661254089151	0.9873484759560051	OX_4
3300047160_475	2036.0516661752856	0.32683582640092573	2.9161027995205857	0.11207966552299127	0.9107602403876096	0.9712404126008493	OX_4
3300047160_48	435.9988940397411	-1.0089777143635255	3.0239670754122234	-0.3336602843885074	0.7386359221254806	0.9014045600904738	OX_4
3300047160_482	1696.5110851249358	0.04510487242694751	0.2897263992221556	0.15568092016482807	0.8762845372845144	0.9571192040028759	OX_4
3300047160_496	420.28355167372206	-0.4338809742095063	0.691272988703039	-0.6276550383135183	0.5302299452547643	0.862365351507918	OX_4
3300047160_50	2265.1492915117888	-2.659738678400239	2.7188183342665195	-0.9782700980342554	0.3279407549045047	0.6681181051412671	OX_4
3300047160_500	5337.3466670707385	0.14187262862235178	0.3315289155489394	0.42793440321017473	0.6686988789068915	0.8977118388746088	OX_4
3300047160_501	3686.0039873529163	0.7819113944863274	0.6856970180834862	1.1403161656904373	0.2541546053101772	0.5927624955791502	OX_4
3300047160_502	7233.211489058296	-0.7324129021167002	0.28947174902168304	-2.5301705765485196	0.011400708606192533	0.047882976146008636	OX_4
3300047160_506	1092.5740380265574	-0.301760838377888	0.2343920065236878	-1.2874194937504913	0.19794811339065155	0.49661183660798053	OX_4
3300047160_509	604.2935598253544	2.4255680529476926	4.562807254729191	0.5315955545642819	0.5950061443455913	0.8876321169745707	OX_4
3300047160_518	493.7842553947621	-0.2619848714399591	0.5072810645581426	-0.516449143766397	0.6055407497932337	0.8935817551002854	OX_4
3300047160_520	524.2621692673335	-0.6314949199201558	2.9817540217295013	-0.21178638992959956	0.832273686943832	0.9516330789176165	OX_4
3300047160_524	4668.953783971852	0.5906295466920763	0.6628592830929703	0.8910330770901141	0.37291142540230787	0.7187289134855261	OX_4
3300047160_525	558.4870986523019	0.30254651766024504	0.6703746198903192	0.45130962402745056	0.6517664095011891	0.8977118388746088	OX_4
3300047160_526	2670.9529256963688	-0.6956979485091115	0.8450284887097621	-0.8232834251201908	0.4103468370020988	0.7767806831948154	OX_4
3300047160_527	1019.6131933659544	3.4847343770392527	2.523404625821942	1.3809653598079537	0.16728961179621016	0.44774572568985654	OX_4
3300047160_530	3743.801467917991	0.4967185468212654	0.7836411182689574	0.6338597289515685	0.526172369041694	0.862365351507918	OX_4
3300047160_533	793.7236262083463	-0.429736731179479	2.8573351062427657	-0.1503977360725318	0.8804508273087	0.9576218161564743	OX_4
3300047160_534	394.2430552384369	1.3066136120684346	3.0510525088746006	0.42825012295523784	0.6684690277194335	0.8977118388746088	OX_4
3300047160_538	1378.8378060638772	-0.13258019299658005	0.5004524870917357	-0.26492063965360485	0.7910705980960382	0.9283845386918349	OX_4
3300047160_540	1138.3242188628783	-0.3069187319837568	0.26611569802704493	-1.1533281736448524	0.2487757103978031	0.5905165777141504	OX_4
3300047160_545	294.081444767447	23.206409368513857	4.784917632211505	4.849907804533777	1.235188729293176e-6	7.025135897854938e-6	OX_4
3300047160_546	3840.7618045759577	0.09141563283104062	0.5632516644267591	0.16229980061235594	0.8710697716869347	0.9571192040028759	OX_4
3300047160_547	561.4266739749675	-1.0839642860690473	2.917934454963355	-0.37148342527887945	0.7102774988898004	0.8977118388746088	OX_4
3300047160_55	5656.067378103216	-0.3278390994201723	0.36586590155147736	-0.8960635523287357	0.37021882182011845	0.7187289134855261	OX_4
3300047160_552	1802.8323294091902	0.9783374985381557	0.34428551829790016	2.8416458042583974	0.004488132395214794	0.02042100239822731	OX_4
3300047160_561	6360.8817552143655	28.56010614908653	4.784744391065466	5.968993077752847	2.387222389745639e-9	2.606846849602238e-8	OX_4
3300047160_564	763.2548328483717	-1.7226591603616719	2.787770154016754	-0.6179344297375382	0.5366185623260713	0.862365351507918	OX_4
3300047160_567	1133.9106816158408	-13.616439320660707	1.5656600819384292	-8.696932033805396	3.4097752830145017e-18	1.861737304525918e-16	OX_4
3300047160_568	303.21075896534893	-11.71346822426827	2.683600311861012	-4.364833381668995	1.2721969019428635e-5	6.946195084608034e-5	OX_4
3300047160_571	666.3157045260866	-0.18822919572183577	2.9630762864774733	-0.06352492393829118	0.9493485128888498	0.9873484759560051	OX_4
3300047160_581	1058.222655914151	-0.5936647932624921	2.8253561557041063	-0.21012033901069194	0.8335737515791459	0.9516330789176165	OX_4
3300047160_590	205.58052812596645	-11.152853190669457	2.945558026180177	-3.7863294803710135	1.528889267092061e-4	7.875222073889295e-4	OX_4
3300047160_597	4210.396227185347	0.2295980556540742	0.3675340264278875	0.6246987738402577	0.5321687780425008	0.862365351507918	OX_4
3300047160_598	584.3061790040222	-0.07965383562712627	0.40889401546252835	-0.1948031338561517	0.845547068829706	0.9571192040028759	OX_4
3300047160_603	208.0741953864124	23.7881028803089	4.7849925456259745	4.9713981063677775	6.647179666980798e-7	4.1242728388312675e-6	OX_4
3300047160_607	1872.5652106883015	-14.340162655546578	1.702883241607754	-8.421107393133724	3.729422072875116e-17	1.6503450093689294e-15	OX_4
3300047160_614	687.3785381688427	0.49794058453773704	2.9580134281284685	0.16833614743012965	0.8663188380597615	0.9571192040028759	OX_4
3300047160_617	4687.166291090741	0.1837191782655358	0.35464093680405806	0.518042784121795	0.6044284188001559	0.8935817551002854	OX_4
3300047160_618	616.1153293961027	-1.213541638906296	2.876987686470257	-0.4218098133034335	0.6731638422861062	0.8977118388746088	OX_4
3300047160_624	372.9357874870722	-12.012169996171115	1.9271418448431765	-6.233153012744954	4.5713925378175127e-10	5.426044186192092e-9	OX_4
3300047160_627	570.0511540208256	-1.8272375591170686	2.8582402262348503	-0.6392876086290628	0.522635848047013	0.862365351507918	OX_4
3300047160_628	833.2859742564799	0.5998489409225242	0.4256309891593521	1.4093168876337305	0.1587414874391128	0.43693506092111667	OX_4
3300047160_642	783.5352997379587	-1.6030925862170087	2.7858529916259465	-0.5754404812586228	0.5649934328837105	0.8665348717823201	OX_4
3300047160_649	5406.93192154538	-15.869957934560858	1.8878658942105455	-8.406295162823122	4.231653870176742e-17	1.6503450093689294e-15	OX_4
3300047160_653	4346.022938148796	0.42372149136882803	0.38957589477641463	1.0876481246664664	0.27675047685518206	0.5959077484524679	OX_4
3300047160_656	8505.659794123712	16.470082024027825	2.06742047598637	7.9664887792938774	1.6324630337900021e-15	4.4566240822467056e-14	OX_4
3300047160_663	608.8962906106457	-0.837479057726574	0.3870533053502246	-2.1637305408586616	0.030485035648474143	0.11558909350046445	OX_4
3300047160_666	1194.639558393769	-0.9434351370962969	0.4801611637353465	-1.9648301619334962	0.049433897984049555	0.17526563830708478	OX_4
3300047160_667	964.2204083761201	-0.37973911325366505	0.21288059373211682	-1.7838127308660106	0.07445410019682522	0.24787767504552785	OX_4
3300047160_668	731.111211078763	-1.6652295382458076	2.7942044214399906	-0.595958379232552	0.5512030316198704	0.862365351507918	OX_4
3300047160_669	1334.6437226113953	0.6411356525974621	0.6040559957894297	1.0613844694308077	0.2885152119615769	0.6153488505118008	OX_4
3300047160_673	293.1026977565474	1.0855686321309073	4.562984555666508	0.23790758414529414	0.8119527730860829	0.9460891244850501	OX_4
3300047160_674	575.4400780500278	-0.10715717861478674	0.45646429954785955	-0.2347547852503008	0.8143990632014168	0.9460891244850501	OX_4
3300047160_676	4230.350935753515	2.0563844593511997	0.8738191964288929	2.3533294619243788	0.018606140409167474	0.07469818134856941	OX_4
3300047160_679	1049.904698737036	0.2035569775108071	0.4735860477575201	0.42982046974287114	0.6673262414235807	0.8977118388746088	OX_4
3300047160_68	1406.7178429626747	1.0258194457183853	0.7114184322083295	1.4419354338825843	0.14932058893147435	0.42025279152878864	OX_4
3300047160_680	2795.9314998768305	0.31376951637630424	0.34031166028615223	0.9220063635564825	0.356525256372918	0.7021949320964929	OX_4
3300047160_682	1092.7498350209435	-13.563094214717086	1.627473076945806	-8.333836305403123	7.826411554844608e-17	2.374011504969531e-15	OX_4
3300047160_683	1253.9886867650962	0.1896369880526176	0.4993173052225046	0.3797925408736075	0.7040994197400632	0.8977118388746088	OX_4
3300047160_685	399.3554645815133	0.3536508156181553	3.0874205218279975	0.11454572291589421	0.9088052032449994	0.9712404126008493	OX_4
3300047160_690	1379.0871590971458	2.8808159553820154	0.9392506645116115	3.0671428450678526	0.002161155532107084	0.010535633219022036	OX_4
3300047160_691	641.7651412737825	25.363253327117906	4.784819179464666	5.30077571916847	1.1531167560241708e-7	9.53942043619996e-7	OX_4
3300047160_692	7151.07513568769	0.12460072993897464	0.4632521734935419	0.2689695528017024	0.7879531128767021	0.9283845386918349	OX_4
3300047160_693	1432.161893529338	-0.4947196671651904	2.8323926665857866	-0.17466493011420403	0.8613429258188083	0.9571192040028759	OX_4
3300047160_699	2833.3662975978805	27.43144116386092	4.78475483947681	5.73309230758005	9.861592765863866e-9	9.61505294671727e-8	OX_4
3300047160_701	1971.4130587787367	1.831008514944857	0.7857231093483663	2.330348303568913	0.019787749708093078	0.077172223861563	OX_4
3300047160_709	700.5291923244148	-0.28804430510859325	0.5989479468949845	-0.48091709238148034	0.6305754242875881	0.8977118388746088	OX_4
3300047160_715	890.0717694768342	0.9230857492659003	0.94069239818765	0.9812833090225126	0.32645305130678254	0.6681181051412671	OX_4
3300047160_716	2809.6867278271457	0.6636612907990835	0.37405777250083155	1.7742213625506422	0.07602654196812932	0.2500632043048109	OX_4
3300047160_718	187.85152768492267	23.65490140525491	4.785020162001196	4.943532232759064	7.671965855823101e-7	4.654325952532681e-6	OX_4
3300047160_723	2803.091542460339	-0.41076813265711837	0.659719433048767	-0.6226406440065471	0.533520696021474	0.862365351507918	OX_4
3300047160_725	963.3002467807471	-0.7342327006711009	0.364342005141327	-2.015229345807368	0.04388062404967911	0.15972547154083197	OX_4
3300047160_726	1035.408842275895	0.112601195767129	0.34119647068683967	0.33001864157756117	0.7413858765607906	0.9014045600904738	OX_4
3300047160_73	778.1636116538767	-0.4618841476099175	0.41608546039911287	-1.1100703859415662	0.2669686972191547	0.5927624955791502	OX_4
3300047160_731	2196.5810334713888	0.17413846556557805	0.545320517038246	0.31933231947949037	0.7494745271882288	0.9053386987716215	OX_4
3300047160_735	1357.4669907053217	0.12950995602942808	2.8836138417382955	0.044912378403398526	0.9641771502624499	0.9873484759560051	OX_4
3300047160_739	149.35536507244825	23.33515736405236	4.7850934008088055	4.8766357120862285	1.0791045492149768e-6	6.2679902539508225e-6	OX_4
3300047160_740	710.3088474329766	0.741239713560285	0.6594821443314702	1.1239723773138603	0.26102474450111546	0.5927624955791502	OX_4
3300047160_743	1508.6257189235903	-1.029489209929654	0.6304066559298942	-1.6330557430601442	0.1024572734478813	0.32150385806059306	OX_4
3300047160_747	427.3715593545602	-0.054978343513030534	3.100344558206532	-0.017732978538628645	0.9858518717107978	0.9929284317529437	OX_4
3300047160_750	3504.2988164410363	-0.2446192410011056	0.4830876315354156	-0.5063661849996512	0.6125996083970932	0.8943299095850612	OX_4
3300047160_757	819.0887495671282	-0.6707764218489337	0.5447814527770117	-1.2312761721781558	0.21821959059133067	0.5254432505192619	OX_4
3300047160_760	1392.1064568921795	0.7835816705493285	0.20839781966652826	3.760028160578607	1.6989423127528955e-4	8.589097247806305e-4	OX_4
3300047160_761	326.1411110712371	-1.1955216205764567	3.1330476531001086	-0.38158424414435704	0.7027697728348172	0.8977118388746088	OX_4
3300047160_766	2294.538248531957	-0.48118797614990355	0.43356593618765926	-1.1098380568846906	0.2670688166895072	0.5927624955791502	OX_4
3300047160_768	4123.303701024704	15.42545985496633	2.1333973096766656	7.230467473170382	4.813342690434732e-13	7.72966208522754e-12	OX_4
3300047160_774	1212.316413381639	-0.3215872347086804	0.5318663448059435	-0.604639187738067	0.5454187626025226	0.862365351507918	OX_4
3300047160_78	1323.0831345579254	-1.769331634660343	2.731749295569655	-0.6476918059537312	0.5171843050687178	0.862365351507918	OX_4
3300047160_780	972.2167045954867	1.9172704847439879	2.7452250848769033	0.6984019253306359	0.4849258726450372	0.8605154920469099	OX_4
3300047160_79	6484.748419567113	-1.1533830875235795	0.8597395956285876	-1.3415493405073409	0.17974216138136817	0.4673296195915573	OX_4
3300047160_791	1241.0383175339994	-0.5617500106945622	0.9252238682797471	-0.6071503664718619	0.5437511275299522	0.862365351507918	OX_4
3300047160_792	1956.5271110951276	-0.7990488034362058	0.5202154788226669	-1.5359958247389802	0.12453940437088647	0.36558341283066675	OX_4
3300047160_797	3680.3395920345674	1.1363565362080175	0.5928478156650914	1.9167761205853246	0.055266379889739044	0.18785098607885115	OX_4
3300047160_800	18925.225668425875	-0.08445213232485024	0.24643025922149442	-0.3427019579155808	0.7318226896251327	0.9014045600904738	OX_4
3300047160_807	1941.8059973306536	-14.392547877579034	1.6462627466774318	-8.742558201372642	2.27890413707799e-18	1.5553520735557282e-16	OX_4
3300047160_846	2875.866032124515	-0.01708444434483011	0.45696193121566797	-0.03738701886912091	0.9701764228772523	0.9873484759560051	OX_4
3300047160_874	2267.221818905242	14.562614329699818	1.7388863191511248	8.374678763824466	5.537470803339499e-17	1.889661911639604e-15	OX_4
3300047160_877	2430.388939799089	-0.08301486178541237	0.6302008071281586	-0.13172763482121397	0.8951997265562416	0.9659665033591065	OX_4
3300047160_881	2446.0782885527874	14.67214385015523	1.9822368542262463	7.4018116547845185	1.343389534945085e-13	2.4449689536000544e-12	OX_4
3300047160_882	5039.532499888789	0.23000459149135952	0.8691369875790179	0.2646356037982431	0.7912901897927551	0.9283845386918349	OX_4
3300047160_884	1296.5484452401906	-0.3935102011744527	0.5681773976732917	-0.6925833424312409	0.4885710669130807	0.8605154920469099	OX_4
3300047160_887	448.553388414971	24.864846725477285	4.784855007552161	5.1965726623339545	2.0299627669741715e-7	1.6299406923057317e-6	OX_4
3300047160_888	787.97164803943	0.809092573932974	0.42292356328220576	1.9130941006308693	0.055736006858560234	0.18785098607885115	OX_4
3300047160_890	1645.7610108623549	-0.1842560404134564	0.34016629053818115	-0.54166460798318	0.5880495751607797	0.8820743627411696	OX_4
3300047160_891	330.7783730204781	-1.2298261379735427	3.1358455587327674	-0.39218326124151665	0.6949228110878947	0.8977118388746088	OX_4
3300047160_892	3567.371809055685	0.7016314871967482	0.33775883127698314	2.077315001784119	0.0377724953652065	0.13934988155001857	OX_4
3300047160_893	9074.702172239817	0.4663168043000048	0.7853696778377641	0.5937545304573537	0.5526763049652696	0.862365351507918	OX_4
3300047160_895	825.7925566060248	-0.03134259464995615	0.5495868665672726	-0.05702937343776507	0.9545217965917387	0.9873484759560051	OX_4
3300047160_897	713.3575639694207	-0.9590092562363242	0.60824398534514	-1.5766851450115813	0.11486799014175361	0.3517687728162623	OX_4
3300047160_900	6110.557475346841	2.2586314824081835	0.8070271265884802	2.798705778275414	0.005130786522488288	0.02259201162321456	OX_4
3300047160_901	852.0272952466592	0.46946909891748373	0.35415044335830176	1.3256205313923934	0.18496542201815563	0.47637320953732537	OX_4
3300047160_903	435.77044400369266	12.183327505624465	1.958411957809393	6.221023854068111	4.939210560767456e-10	5.618352012872981e-9	OX_4
3300047160_904	1833.6920738166307	0.2863895395879986	0.6524643206797909	0.43893517317485575	0.6607085097457434	0.8977118388746088	OX_4
3300047160_906	406.8727274248324	-1.7961106710908221	2.97640161331258	-0.6034503754659118	0.5462091186665825	0.862365351507918	OX_4
3300047160_909	6844.228761641625	0.8080015310769018	0.6569756666294059	1.229880453902242	0.2187418746699204	0.5254432505192619	OX_4
3300047160_912	663.9065031970953	-0.943041246069054	2.8751742524852397	-0.32799446685845535	0.7429158462284124	0.9014045600904738	OX_4
3300047160_916	825.0146610692311	0.6117454333340105	0.4369692829794056	1.399973538558412	0.1615212426234916	0.43693506092111667	OX_4
3300047160_919	238.74602915714908	-0.5497864953668311	3.398807050189477	-0.16175866627562208	0.8714959038155056	0.9571192040028759	OX_4
3300047160_920	2708.959908630493	-1.2492544484364099	2.858431262791942	-0.43704197637980424	0.6620809060746022	0.8977118388746088	OX_4
3300047160_923	1016.8245482936393	1.6303783555234925	0.567061477731072	2.8751350947819048	0.004038546610230259	0.019009021113670012	OX_4
3300047160_924	1610.9201323646896	0.7325534892347149	0.3822505029353776	1.916422564808394	0.055311330907321904	0.18785098607885115	OX_4
3300047160_925	3148.476292148661	15.036329281256071	1.920609693375134	7.828935432910559	4.920182259498216e-15	1.140084372292885e-13	OX_4
3300047160_927	4842.841554998165	-1.0864004681793962	0.9988540175477091	-1.0876468924324125	0.2767510210483113	0.5959077484524679	OX_4
3300047160_928	2254.5867278996284	-0.07961679036827263	0.28149669551481554	-0.2828338365488283	0.7773042150744274	0.9283845386918349	OX_4
3300047160_929	167.2680676018864	-24.206794451535487	4.785077846228299	-5.058808911670225	4.2188337000823825e-7	2.879354000306226e-6	OX_4
3300047160_93	472.9469417588345	12.30144544209154	1.7821411410648778	6.902621323663002	5.105158769545667e-12	6.335037927663486e-11	OX_4
3300047160_930	1293.0870441220004	-0.9683497490456261	0.4548507126426012	-2.1289397205067293	0.03325924794952344	0.12438047520849176	OX_4
3300047160_931	639.0474369309045	-1.9246350173296267	2.805358319850827	-0.6860567520772062	0.49267732144947524	0.8621853125365817	OX_4
3300047160_933	344.1843755697954	-1.0901508337905668	3.135167604869191	-0.34771692336239585	0.7280527858518985	0.9014045600904738	OX_4
3300047160_935	3650.5481553570303	0.8035845054549893	0.6999080836552634	1.1481286246306468	0.25091546891883315	0.5905165777141504	OX_4
3300047160_937	1757.1541225536553	0.6594752147320846	0.30139182356548033	2.188099222236555	0.028662375562216586	0.11020885251387505	OX_4
3300047160_939	847.6701512407992	-1.3875878243254496	2.771714804565919	-0.5006243146082849	0.616635547032274	0.8954335337223979	OX_4
3300047160_946	646.3770585389361	-1.2953473397585935	2.864599199079995	-0.45219147592256953	0.6511310484229687	0.8977118388746088	OX_4
3300047160_949	864.4718009861515	1.1159340352690041	0.5645169952427089	1.9767944006525764	0.048064874885945574	0.17265409005083082	OX_4
3300047160_950	654.0331210480301	0.593681821745474	0.781390551108417	0.7597760440068354	0.4473884648003069	0.8197117509428442	OX_4
3300047160_956	5320.509314181658	3.1502279810620237	2.818546074826626	1.117678369425201	0.2637043842502657	0.5927624955791502	OX_4
3300047160_957	2054.878700644551	-0.32284863857434704	0.453782686637252	-0.711460899856737	0.4767986721231988	0.8605154920469099	OX_4
3300047160_962	1243.991426024178	0.5055492931640907	0.2160627488338671	2.3398262583098615	0.019292712545401294	0.07633203659267468	OX_4
3300047160_964	561.8419845228555	-12.603407345134043	1.6123997806304353	-7.816552381448608	5.42897320139469e-15	1.140084372292885e-13	OX_4
3300047160_967	2549.118236325709	0.4259148740619406	0.28892502732490294	1.4741363114348325	0.140444893527524	0.40359427297909534	OX_4
3300047160_968	2694.73138287321	27.36365202379052	4.784755808829728	5.718923413665956	1.0720109649232587e-8	1.0091689428415505e-7	OX_4
3300047160_97	1618.2678759596488	0.10888968044896591	0.5991775472216119	0.18173191060627636	0.8557931219105971	0.9571192040028759	OX_4
3300047160_971	1580.9173180392522	-2.2056177327411337	2.7081491896735277	-0.8144373069073882	0.4153944737667479	0.7767806831948154	OX_4
3300047160_972	705.391844184536	-1.4310544237467728	2.8234198936339707	-0.5068514346638288	0.6122590638563168	0.8943299095850612	OX_4
3300047160_984	346.900131447689	-1.3307805437220055	3.0936939559548513	-0.4301590792975731	0.6670799265409962	0.8977118388746088	OX_4
3300047160_99	1006.0445734989753	0.37557435197742595	0.4611722079738325	0.8143906885185426	0.41542117123239214	0.7767806831948154	OX_4
3300047160_990	217.85959055777866	-11.236535200522	2.960308693483831	-3.795730906461081	1.4720910639583497e-4	7.728478085781336e-4	OX_4
3300047160_991	2238.110493208181	0.9021229996659156	0.5290409760717545	1.7052043990323342	0.08815630987488715	0.2798450301842348	OX_4
3300047160_992	834.04488032266	-0.4966651167812999	0.716569782245926	-0.6931147936836177	0.4882375144371193	0.8605154920469099	OX_4
3300047160_996	668.2419438323506	-0.9732770415294251	0.5683282440400884	-1.7125262587878223	0.08679972971968805	0.2787803083938216	OX_4
3300047160_998	918.7881826192621	-0.09705482598762338	2.8550466252199893	-0.03399412994880426	0.9728818316196532	0.9873484759560051	OX_4
GRE.SIPMG.052b4f26_bin.20	26211.98946588696	-0.5796079742534687	0.5549880774824412	-1.0443611273285531	0.2963183413757242	0.6212062595335959	OX_4
GRE.SIPMG.066b5f18_bin.18	46548.55956828283	18.922317767447183	2.0050279202015844	9.437433552319183	3.820215119183337e-21	5.214593637685255e-19	OX_4
GRE.SIPMG.082b2f20_bin.18	79332.80003513343	-0.9964724457610059	0.786207267331417	-1.2674424253839338	0.2049971380364871	0.5061689484192722	OX_4
GRE.SIPMG.117b4f26_bin.29	20356.447193470187	-0.40679998001498296	0.4421325641186079	-0.9200859946290983	0.35752782256927657	0.7021949320964929	OX_4
GRE.SIPMG.169b2f20_bin.29	14607.41497915989	-0.7201462571627181	0.6479259931525854	-1.1114637547704078	0.26636878302470035	0.5927624955791502	OX_4
GRE.SIPMG.176b2f22_bin.12	119445.38064738543	-0.9748183910152458	0.7250889908375792	-1.3444120698746154	0.17881517292996246	0.4673296195915573	OX_4
GRE.bulkMG.LF176_bin.18	35485.249826036386	0.12863409043653307	0.41000122391222643	0.313740747427796	0.7537179502099294	0.9064537462877125	OX_4
GRE.bulkMG.LF176_bin.7	11515.061664596748	-1.0710867061472322	0.8119894609652292	-1.3190894188134026	0.18713922018793477	0.4774673561804317	OX_4
GRE.bulkMG.OX080_bin.28	21173.134988979156	-1.0724310242042845	1.040408082153075	-1.0307792130804478	0.3026443682916613	0.6259235798759359	OX_4
GRE.bulkMG.T000H_bin.41	55491.71844273989	0.28745982565859457	0.451668867370229	0.6364393174413021	0.5244901211839383	0.862365351507918	OX_4
GRE.bulkMG.T000H_bin.8	22656.0263879907	-0.7814420415385698	0.8787204363284832	-0.8892953995739905	0.3738443432781857	0.7187289134855261	OX_4
