bins	GRE.bulkMG.AN108_Mean	GRE.bulkMG.AN111_Mean	GRE.bulkMG.HF170_Mean	GRE.bulkMG.HF172_Mean	GRE.bulkMG.LF176_Mean	GRE.bulkMG.LF178_Mean	GRE.bulkMG.OX080_Mean	GRE.bulkMG.OX082_Mean	GRE.bulkMG.T0000_Mean	GRE.bulkMG.T000H_Mean	GRE.SIPMG.052b4f22_Mean	GRE.SIPMG.052b4f23_Mean	GRE.SIPMG.052b4f24_Mean	GRE.SIPMG.052b4f25_Mean	GRE.SIPMG.052b4f26_Mean	GRE.SIPMG.053b4f23_Mean	GRE.SIPMG.053b4f24_Mean	GRE.SIPMG.053b4f25_Mean	GRE.SIPMG.053b4f26_Mean	GRE.SIPMG.053b4f27_Mean	GRE.SIPMG.065b5f19_Mean	GRE.SIPMG.065b5f20_Mean	GRE.SIPMG.065b5f21_Mean	GRE.SIPMG.065b5f22_Mean	GRE.SIPMG.065b5f23_Mean	GRE.SIPMG.066b5f18_Mean	GRE.SIPMG.066b5f19_Mean	GRE.SIPMG.066b5f20_Mean	GRE.SIPMG.066b5f21_Mean	GRE.SIPMG.066b5f22_Mean	GRE.SIPMG.082b2f19_Mean	GRE.SIPMG.082b2f20_Mean	GRE.SIPMG.082b2f21_Mean	GRE.SIPMG.082b2f22_Mean	GRE.SIPMG.082b2f23_Mean	GRE.SIPMG.082b2f24_Mean	GRE.SIPMG.084b2f17_Mean	GRE.SIPMG.084b2f18_Mean	GRE.SIPMG.084b2f19_Mean	GRE.SIPMG.084b2f20_Mean	GRE.SIPMG.084b2f21_Mean	GRE.SIPMG.084b2f22_Mean	GRE.SIPMG.088b5f20_Mean	GRE.SIPMG.088b5f21_Mean	GRE.SIPMG.088b5f22_Mean	GRE.SIPMG.088b5f23_Mean	GRE.SIPMG.088b5f24_Mean	GRE.SIPMG.089b5f20_Mean	GRE.SIPMG.089b5f21_Mean	GRE.SIPMG.089b5f22_Mean	GRE.SIPMG.089b5f23_Mean	GRE.SIPMG.089b5f24_Mean	GRE.SIPMG.089b5f25_Mean	GRE.SIPMG.108b1f22_Mean	GRE.SIPMG.108b1f23_Mean	GRE.SIPMG.108b1f24_Mean	GRE.SIPMG.108b1f25_Mean	GRE.SIPMG.109b1f22_Mean	GRE.SIPMG.109b1f23_Mean	GRE.SIPMG.109b1f24_Mean	GRE.SIPMG.109b1f25_Mean	GRE.SIPMG.117b4f26_Mean	GRE.SIPMG.117b4f27_Mean	GRE.SIPMG.117b4f28_Mean	GRE.SIPMG.117b4f29_Mean	GRE.SIPMG.166b4f23_Mean	GRE.SIPMG.166b4f25_Mean	GRE.SIPMG.166b4f26_Mean	GRE.SIPMG.168b4f23_Mean	GRE.SIPMG.168b4f24_Mean	GRE.SIPMG.168b4f25_Mean	GRE.SIPMG.168b4f26_Mean	GRE.SIPMG.169b2f19_Mean	GRE.SIPMG.169b2f20_Mean	GRE.SIPMG.169b2f21_Mean	GRE.SIPMG.169b2f22_Mean	GRE.SIPMG.169b2f23_Mean	GRE.SIPMG.171b2f17_Mean	GRE.SIPMG.171b2f18_Mean	GRE.SIPMG.171b2f19_Mean	GRE.SIPMG.171b2f20_Mean	GRE.SIPMG.174b1f20_Mean	GRE.SIPMG.174b1f21_Mean	GRE.SIPMG.174b1f22_Mean	GRE.SIPMG.174b1f23_Mean	GRE.SIPMG.176b2f18_Mean	GRE.SIPMG.176b2f19_Mean	GRE.SIPMG.176b2f20_Mean	GRE.SIPMG.176b2f21_Mean	GRE.SIPMG.176b2f22_Mean	GRE.SIPMG.178b2f15_Mean	GRE.SIPMG.178b2f16_Mean	GRE.SIPMG.178b2f17_Mean	GRE.SIPMG.178b2f18_Mean	GRE.SIPMG.178b2f19_Mean
3300047160_1000	0	0	0	212.21781435798096	384.6957999551969	567.6137398569479	442.85185658778	311.44834601589247	0	0	710.9434750419284	587.2987773000747	475.9562815910067	0	0	0	0	0	0	0	0	0	0	0	0	615.2146572948535	580.9306974136133	470.3231036887932	399.45692178856456	0	600.9864171998205	619.2775743586784	625.7326714291945	653.0594169452146	632.2779686010069	585.2863177166821	0	0	0	0	0	0	0	0	0	0	0	0	0	0	0	0	0	0	0	0	0	0	0	0	0	0	0	0	0	0	0	0	0	0	0	0	293.1089410329123	0	0	0	0	0	469.3592874302863	483.3967905430759	492.79578965136136	401.6084705031935	403.4948053235562	470.1976212989192	0	639.7059999615595	648.8444386703355	651.5281021979936	582.2244176647841	553.6455556193432	824.5795490257537	877.8745978945723	940.0103922457737	915.9807479796054	975.60479993876
3300047160_1008	467.6855325278709	376.3599013671212	441.9206711816138	489.23614031547396	610.7156049427276	453.0812174314018	423.21608508238035	409.04942517391873	460.5756574338497	459.81968984803547	674.391192560877	710.7594865497164	670.6464592828698	645.5668851125289	430.55627555452435	481.6672698381481	0	0	0	0	637.5601067355537	661.9640725994311	665.091114571582	594.5787418972913	533.9381913074592	835.0639680600598	919.0720345112404	925.4849834754874	1048.849673557723	992.9482063859682	720.4656071259965	744.7858600915621	838.9044948742754	825.6022914392133	765.024217429985	727.135849427874	665.6654677576392	680.4588603949082	707.2903836578332	694.0083328817068	0	602.9536229425045	730.4581153504083	794.4009480576016	785.9792434995445	761.7372072081013	1064.5494401076962	806.5716962136158	777.7782448917778	774.4730949158835	737.6891259514744	637.1881935241613	519.74057101872	835.8212598899695	967.4767195313959	948.3702705943841	897.1432498743866	900.6056764702827	868.3544629423903	823.0382903121599	774.4109173338593	995.7943724986558	880.4182286455462	683.6843186703535	0	796.699046041159	581.0068691324841	504.7067351547946	646.8290077593958	596.77662116434	0	0	785.2033900408669	769.5100225560421	708.3806711313631	757.3864235191767	711.975810420523	670.4267315593439	711.8268981251824	722.9295759701341	809.4402122826417	628.0876390368492	626.9094874462929	707.8334813416035	0	986.333015247334	949.1948552918176	929.2976277972085	891.8978430613242	799.8987541625871	627.6572286712893	660.3381033585187	738.3633390953777	720.1959556157545	761.2232871231072
3300047160_101	427.27323483037696	462.3159532554927	448.12706109392224	327.3709368454113	227.77364697317446	383.95805346978807	326.92649061046933	491.6818231518421	389.0701426028181	383.49913090304216	333.382768364446	466.97872549913995	555.8170700851384	706.4330571078063	603.0638574316257	734.4678229692631	743.5661254263769	713.7244517554471	602.1519983297978	578.2362402933067	590.820775483015	675.1908967880818	726.2344186395384	802.4604887323477	798.3424521285951	0	0	0	459.4510532045596	628.0735408254432	668.3161810710418	687.6722608545936	699.9390381447163	760.3229743954389	804.5620486399787	879.6173187446749	479.8851459749757	489.830080905486	485.52766680094254	497.71363817103537	440.6721132671694	498.29517810338	586.0350732657076	641.2663672763166	686.9861463431077	701.1702505457511	840.6042786720997	444.34930542733923	482.3205284288914	517.993945092506	536.2619768235126	489.7491946542554	439.7133510861111	571.5831398809291	546.7450604469883	590.1299760310551	610.6108961428328	706.4780403388456	714.6700255257981	693.310750233593	734.942762811502	598.5625951376309	704.4323904423352	702.626791751278	514.3437688822204	483.1715661581144	478.5343240955806	428.93391292569453	588.6807051210833	586.2471613523869	578.6499371142138	511.8555261689556	473.748373626161	506.3835047918535	492.39888364976696	517.9191716695481	513.3635480963793	441.09366663176826	482.49145618327145	479.52174424929683	506.4704420383197	644.7092735141264	637.4604227775793	729.1818982603957	698.3181395626348	309.36893555492975	316.1857236695773	338.81720991910055	331.5095437176947	331.48980050547704	433.5270777472549	476.87580197703943	500.05794437535513	499.6847442877318	523.6052702540375
3300047160_1011	594.0705508369169	1113.2619531281125	773.8932682322703	727.2707216766119	925.2312414964084	776.6429252146293	762.0061864894913	722.8086195269235	712.0988781632884	667.234814252755	1396.7787036125465	1610.2076080205004	1614.5427581983733	1377.9127578084335	911.0571657458862	1254.7746459854654	1081.1666713458187	915.3177701591677	0	592.25100709625	1975.2560137096004	2154.406249334514	2078.4547004684496	2078.850983300187	1765.8668410176801	1242.20316996692	1862.5694267564863	2509.8575413273043	3311.744719403601	3211.0900890465778	1694.8698147650498	1835.911155861049	2051.465150018346	2078.7019064023043	1811.527386758995	1535.3927089398599	1119.8362249000636	1143.3644518267008	1166.1591512137281	1126.861368730448	0	1056.4298856013477	1578.1348790396573	1874.7120627712184	1753.985098160097	1741.0051208852885	1745.181862665055	1215.1082199372477	1239.8731200745242	1173.5354435591396	1117.4580964213465	897.4926742119735	0	1366.4077339260998	1545.8562448846371	1558.5936178993813	1508.3728877087565	2572.004009907248	2392.5616132640175	2231.330211594668	1982.2773779139648	1974.3602555606653	1759.3618102741248	1314.603806988555	0	1158.3852261346406	909.9959840235097	780.0551244463421	1395.6241806626217	1253.8960273381026	1135.378032178403	876.8155979208342	1510.7239887756555	1479.827884580647	1439.089306712178	1445.8922621677593	1476.190927651112	1046.627734234998	1164.2673274301224	1258.2078604221267	1453.328354856351	1147.5803450047995	1163.5313605763295	1382.7562860103842	1233.0713905909033	1982.7939292067074	1946.6765014121004	1848.9889946036901	1706.3354499303523	1492.1730985639012	1178.3671812088216	1336.2486635661742	1488.2538025535268	1483.2429129539323	1610.3962355125852
3300047160_1016	465.5106144076174	387.2164155195272	398.7533403967495	453.1773611656376	382.9614150135884	527.8892855434822	544.7906674988948	576.2403178978228	533.2762060881311	493.52221041803017	732.4653638720432	873.2182965191782	843.7459872142027	725.5068255386724	480.6983778607773	819.8010731868887	705.3160633907789	598.9574291500925	0	364.855426172538	755.3402762719875	795.3992786281209	829.08404471321	852.238617158129	761.9510020626541	501.6232665020619	731.354614050472	963.6420232698558	1210.0209069330024	1229.3007457660349	1069.2074858203887	1071.1449096442734	1161.9024088300052	1168.5230493821712	1178.5767435171795	1042.055862118651	770.9778722560034	809.6789739231288	804.4496241698859	782.6845717116031	680.5176272285672	774.9382590458127	566.7169130966713	691.6922712653524	674.072057626067	636.8910593254586	0	660.1991975203017	652.269314712907	666.8765464401303	617.5613277154152	520.3410127612572	0	767.6674118477654	878.9512974043972	850.1258078012906	832.4295959171834	937.20115911274	903.910671232191	932.9387932360817	861.3288254184491	983.166209748328	897.8983765668861	721.5637822353614	0	710.5509694259607	570.8446540891542	477.06432516141155	719.2342078118046	700.9321317346647	581.4360737111228	470.811779912887	741.1265138775444	734.7603418547061	728.6141213380014	740.9919677964525	723.0942325262799	636.9805769815771	672.2501044775663	716.4419061454261	748.5399675758136	655.178149102325	637.8763947266658	775.5214257289971	698.8491548516903	612.7862963947567	593.6391267709367	606.5700680964806	596.3861340854177	552.4239184036136	670.0184442036533	759.9414608075685	763.5638098324	804.0871319473425	866.1842251163561
3300047160_102	648.7864836609498	664.9818001693817	0	571.9607602763876	471.9578888286107	530.4615862097235	771.5586509022612	692.4139340416976	644.0814497232949	565.3971715705736	1558.694728067721	1345.292586139846	971.3118123375253	621.6006538947258	0	0	0	0	0	0	1959.7794898478685	1861.5652732780447	1665.6902198187397	1368.3181885033293	1012.1110968295187	1490.542037687591	1489.5826350361674	1408.271755313567	1055.1221947255399	710.3824227436286	2016.4966151868357	2088.847440741034	2224.579142410203	1982.2594065736807	1462.1453355839099	1050.1997766427846	1201.723155731376	1157.59609559232	1111.1977440775272	1088.4856670679833	0	831.2657601121834	2127.979611400428	1955.2524205290297	1652.7337437806516	1093.282355762425	0	1754.395946581715	1491.403278120485	1160.074296623234	873.1266362308154	0	0	1738.6853878947793	2392.044333961194	2032.1954660425254	1736.1186236760113	1647.6077330994694	1309.678947644919	1251.1988751303268	884.9296439105715	795.501414387125	0	0	0	0	0	0	792.9734608254006	691.8090621149323	0	0	934.546723351824	1033.5758467077217	945.6465732475037	832.2197022747155	783.9518775564354	1299.4692902937177	1396.8324186121647	1536.4918766506753	1647.9304613774802	1691.1863111079006	1602.7652447309522	2078.6273953958184	1698.8702918175816	1130.2179449731732	1059.8317791235186	926.2928845815796	725.6083549762151	0	816.7686853161815	984.3236882085422	1031.5942376416892	1107.2504572188109	1130.1505549264873
3300047160_1021	1484.5776738608492	1512.8112207457766	1684.6794007779645	3227.9275479126345	2100.1753606367133	5173.074403803045	8232.957961570224	6628.86890783957	1391.2302034680085	1942.4455327493001	0	0	0	0	0	0	0	0	0	1600.3925655646592	0	0	0	0	0	0	0	0	0	0	0	0	0	0	0	0	0	0	0	0	0	0	0	0	0	0	0	0	0	0	0	0	0	0	0	0	0	0	0	0	0	0	0	0	0	1994.080745679853	1987.4842408331333	2308.5210146451623	0	0	0	0	0	0	0	0	0	0	0	0	0	0	0	0	0	0	0	0	0	0	0	0	0	0	0
3300047160_103	892.6109439667475	621.2427162182885	694.0396826156584	782.8583847605217	737.4298598578303	854.1144162792965	1012.414610128909	758.570656883345	882.1592632492003	863.1523093944126	710.2565948858423	711.5213615666174	655.2956209314982	620.502274496611	505.0131662485656	504.453309768574	463.83291527952656	404.0629761311425	0	296.06197970313076	984.2713845453217	1043.639228730214	1059.822406832944	1073.292548160306	1034.7735830868457	972.650862079041	914.892853178105	912.5492014605156	974.7575279502965	944.9539248782876	935.1923825768722	1031.868911434616	980.614723583519	1009.1320947466643	920.1248764854386	881.3578770294823	675.1363864344092	701.3456339300743	661.7684011141392	663.2640153130803	582.0234495155751	591.3295613753288	881.1382990920116	963.8524039907987	979.1234404156019	962.1704032307005	863.5805234977211	1183.393224180274	1172.6625886980569	1199.004141178392	1127.8005786610333	1034.437087704511	932.7477875654948	1285.525278901627	1546.3933719218676	1405.7536661320735	1374.43740882159	1155.5488072485819	1056.6209814181493	1078.4696144936834	1020.5048185304379	1010.8369996376662	894.0404296731475	781.2343342625036	519.9014735903401	700.3346806674273	524.2838095530353	436.9199814118385	602.3282705693985	555.5921607847022	489.7658978443007	414.47138207365055	796.3501525743399	822.0757738219181	768.9152203549684	751.3671985022654	729.1978135921526	840.5877083919519	828.4820428758206	886.7966836020104	904.6830846111567	854.553348887115	870.4848162841563	995.4716968260819	865.1174461367129	742.7885929431762	704.1287302193828	699.0810441104958	615.1827136076007	606.6751247684629	772.8531426278373	816.5795311240194	888.4394724332532	871.209635570585	924.1686651341616
3300047160_1033	567.5110001921759	751.5378516489761	531.0439031300917	428.9580385681733	271.0526564644504	516.9953630993596	494.5741486917788	717.607412864816	551.345094021406	553.3680605429137	447.0377632112449	468.29869330949236	530.502442943178	750.1113246559759	852.4714537980431	837.662586129144	877.8701375790806	976.0543541495593	873.667147438703	940.2333973947701	941.558187848701	1041.6283176148743	1092.0033275108538	1204.2346209499592	1268.997534537276	375.1466597253888	425.700214900523	419.1357115743094	456.18528436661626	546.5840220334132	700.4501359522923	692.8478688553572	692.2874359008035	747.3562341553201	770.1866646717862	909.6407901561464	607.0373568872053	591.0958766548287	629.642112776588	624.5584313042743	592.487210753703	674.9360244556474	583.6683996861534	632.8739068780018	662.2533284923028	717.8347869105461	838.1165797829846	428.4885846321879	439.5715009075964	500.5748302724217	526.6369412551328	546.5315097202647	536.3607513204558	508.56572985742906	546.4501814706606	520.2872021354127	540.4821153995753	655.5684828564607	639.3101138654221	636.8906923886909	698.8816050088365	469.3210420061626	597.774937111563	758.352627455631	687.5705329603483	550.9447086480835	566.1612519343604	582.297121054597	580.8639493671875	605.179685808356	600.6093119656377	583.1301100310405	539.2916104024197	520.3550501207836	546.0979253644745	561.9132649686351	559.1385457443205	0	477.0586082482827	474.96823801811985	491.3687045788922	777.2701382394549	781.0418886517303	856.3959272935303	825.931302870392	0	0	0	0	0	498.4106752513545	492.7477926198576	510.95387800518796	509.98374955378745	518.7542654731951
3300047160_1039	992.4648629744603	0	0	615.9663397144276	931.2301198437472	595.0498220785689	0	0	523.5438161743868	0	882.3166067388076	933.2871781738286	0	0	0	0	0	0	0	0	0	0	0	0	0	1155.7298631822125	0	0	0	0	0	0	1131.3508544154288	1053.9369757783177	1004.3132837706104	0	0	0	0	0	0	0	1871.4029382082665	1547.8257152849203	1249.730620993151	0	0	1394.0802669160923	1196.3885444839002	1111.6485196565	0	0	0	2899.2325849463173	3576.5905066495984	3316.5359587520725	2932.436186901003	2245.161804554347	1879.3929393808924	1780.875404843392	1371.1077128736172	934.6905426519744	0	0	0	0	0	0	0	0	0	0	1358.3587543657875	1348.3436838010584	1335.6246630616156	1354.9919747997608	1200.2718665623713	0	1325.4678146492715	1522.0677491723104	1747.2211313785326	0	0	837.4372697030237	0	2353.189749768655	2203.496213022331	2129.641176580312	1905.940775666366	1447.297104102566	1004.0325137729258	1007.1493453482611	1257.2231732587434	0	1358.1481216599252
3300047160_104	7133.873185072684	3860.0048770913954	609.8362073322234	1671.7049775974092	0	1132.4605383516384	0	0	0	0	679.2873208600178	0	0	0	0	0	0	0	0	0	0	0	0	0	0	0	0	0	0	0	0	0	0	0	0	0	0	0	0	0	0	0	18593.131780458243	9977.057167544363	5048.667434785681	3176.552939410256	1378.3190127888897	26314.51267704604	14557.618399719688	7741.777403111653	4451.956121358661	2698.299855135135	1787.4495411326616	4409.860744754101	3866.057541462733	3996.0175151351214	3784.179726705174	1641.1354257293783	1721.0712922543082	1466.273608814105	1561.0716270060495	503.2855559013597	0	0	0	815.2650493588254	0	0	0	0	0	0	1533.051267491921	1531.7029889173727	1459.6285720398841	1461.4912506232492	1534.1187479793298	2979.2268922795397	2719.9946266136344	2618.650537478595	2445.0475306109684	0	0	0	0	0	0	0	0	0	952.7329578128723	909.7884420782095	930.4861279875018	865.4291267700722	845.1776485721166
3300047160_1044	1511.2209325122367	1385.000423958498	1528.6857941169262	1766.5395410931928	2248.673004838848	1392.6621757307673	1526.272064380109	1336.2411009988514	1756.5916385219116	1514.369268991849	5206.189946515732	5193.733193512539	3892.6246732283857	2415.469675740577	1302.094083532286	2037.5122308844618	1618.3475446072728	1225.519233592145	0	0	2517.5118118150717	2518.2012352139127	2381.739488120146	2016.5069390593608	1635.9122447727034	2862.6359290062887	4388.911144765469	5370.098818755898	5331.758422524719	3999.325955599953	4344.441164152354	4532.367931857493	5010.358627617937	4710.504286627081	3653.3490236481994	2780.9243695451732	2713.0306663823753	2825.592676902803	2719.7139664370793	2680.3175077815504	1953.0576976731559	2295.4334447842602	3534.860532471776	3886.7508450386986	3705.1363643112745	2764.5144781749727	3122.2029821551073	3928.5820276356867	3764.5908490866327	3434.6158586135352	2664.504309565974	2024.7030479258474	1489.0242430004892	4565.475042636143	5721.044872668161	5510.719208274383	4781.789883530091	5188.112321142896	4232.637408883519	4118.811829344862	2895.1371098800923	5579.580035705665	3979.3013424512646	2448.4066506765007	1235.4587301523413	2205.238820777513	1432.2040723198957	1116.1257791208373	2318.8018851203083	2137.934659195512	1630.809739221773	1238.8346398106112	2930.456351563666	3196.571955336053	3241.2350703459633	2908.429252670685	2680.259551385042	2971.663354580426	3795.6652714324446	4237.533264856535	4485.426832314928	2747.8011082763733	2636.3492481857347	3418.6776807735964	3140.7092213174656	6461.176866595794	5722.314252546215	5159.423596430419	4236.168687596336	3342.212532549299	2465.2172566959644	2883.6863780596473	3147.890846597285	3501.2390869790206	3644.068699111064
3300047160_1046	3469.8295642148105	3459.1078001225765	3144.23452866663	3837.49206815025	3895.5961413351674	4487.244842270562	4664.6449507218795	3722.412439367586	2894.9178485575444	3025.3167447784017	3349.7769457315308	2220.190339286194	1878.3772929651989	1966.1494433248245	2361.1609061444947	2188.313487980937	2024.9441670043443	2067.4650631885174	2033.5867382338809	2335.187360341422	3698.432860207924	3472.056833778135	3160.584663334764	3439.848166136087	3433.7410910436597	5779.798708694576	4043.925132444666	2907.478651127659	2597.37404542545	2302.959892397643	2374.9036000223227	2296.5082251340164	2157.9416443003033	2069.799463657936	2239.9340286059924	2541.9359901986263	1945.2829148043609	2052.430548433487	2059.657962986834	2142.422152970379	2237.7329706648966	2258.274878074934	3472.3166107629017	3270.604208187533	2729.348536217445	2496.755864080185	0	2957.6647885848192	2739.8024577003575	2639.4893622587797	2498.6445553317712	2679.3664269062133	2718.139175803365	1962.460567294251	1778.7606802260113	1881.6306205741125	1719.379463236891	1659.3507692261771	1714.7684600207338	1694.0279153656782	1806.509226481967	2123.304389713672	1837.378681388259	2005.6060900193493	2424.1006132943717	3304.708077667825	2766.0300695902474	2955.6911762347167	2204.726500835132	2099.281223268939	2183.59501578485	2079.4469197343337	2853.691937928443	3007.492113066557	3018.2460311703703	3104.9088615245273	3081.0118000379357	3156.4182280438436	2867.57401277733	2637.9774783901385	2622.732048807463	2887.5400592448677	3093.221021470202	2735.5102718844196	2736.2716829140904	2374.734869594808	2407.500876817038	2424.0311005599533	2430.9565743251537	2786.582698634728	3333.4366306838447	3341.9203436319167	3017.2212898900216	3060.183904777053	3052.9693000624543
3300047160_105	1559.1238418325952	1166.2251762941562	1510.3776950014485	1319.6556524997293	1483.837289776567	1697.2932777299877	1490.8475347499023	1536.6845675628435	1149.4954101332903	1224.6252882436795	1764.6967922429535	1455.9180278549368	1324.7700082731108	1292.4727449584109	1349.400528353202	1496.5500453437016	1361.4766092709842	1304.0334421116308	1152.2804768673695	1191.2755024974927	1176.676918249429	1050.954762657926	985.4503736792597	938.9717819764818	942.1997392209893	2488.930225168763	1989.931621063503	1524.4304021517153	1396.2666759950607	1367.125468701633	1129.37150976798	1021.1296902049935	1021.3810666475397	974.2566270908998	1008.5864810759206	1119.490635206322	883.091940059361	0	870.4982231903118	903.6249190524421	0	881.5452429763938	2166.5583116974835	1836.818856498268	1496.951053369425	1377.145887593965	0	1352.6962260146977	1194.3638116256288	981.1469009163678	946.7516278782823	986.161299975188	977.1245884976859	936.2706062890481	896.8021289032072	878.5552894596174	0	0	0	0	0	1150.0674273727288	1034.9520753363718	1025.232294143046	971.7147597614382	1519.9472208867653	1283.9460646167465	1169.3620074993844	1366.4485544678116	1364.3543913803185	1164.2294925667409	1146.64357874314	913.9894944692694	906.56875449197	882.7427116589445	862.268145934556	915.8207624728212	1222.926805143882	1207.9707127889512	1081.9933192233577	1167.8831662854811	1010.8094384432104	969.8436863291774	1008.5568903259656	0	918.3446867165321	980.8598901125905	940.4066252978095	846.6454257142177	952.5669762641721	1310.9400439613457	1284.4204700740625	1281.042810595704	1314.90358308131	1236.81841654313
3300047160_1053	856.8056587737	441.35945204350253	804.8205879692462	1127.5639700162676	1115.8516229793736	928.2934743619043	1089.8664700793406	769.6165097931502	879.0629011930081	829.4470366032996	1742.5222750962703	1873.497384933335	1708.5035503760832	1341.3371071470729	913.8738077439289	901.7203224078556	775.71270781025	650.4500102654964	460.09017482150415	429.6307068990207	830.5992744822029	869.8448221896931	853.0700368208021	812.4337568574882	729.6560200058043	881.6276505288755	1239.4278791905904	1587.356102091905	1843.947469064722	1632.4661938249278	1573.66024265579	1650.7425512457946	1722.0337984972712	1702.3220554751422	1573.321261953118	1381.8689634182185	1140.6707002607197	1146.0392420352937	1127.7926481146299	1103.923702904423	963.1982643936211	1040.3218603535051	940.5197076335263	1024.548307808408	1018.7971006579018	942.597938134226	926.3983061794266	1312.0008413339344	1304.147581777503	1284.6797040715624	1141.0243409754337	959.3941224918848	751.8271140791902	1639.0538860228244	1841.3483139156847	1803.540526079338	1708.4031896339957	1055.1289916859937	977.0053102370713	940.6990537518648	813.596768279035	2204.1438336054684	1792.0379682331989	1371.5497418630534	865.762199765789	1130.8871008598173	863.1222107528697	718.9260791066956	1343.9170875676882	1243.8907776488275	1055.768546227055	862.2877306678532	1545.548142332769	1632.9024208262476	1599.7066088368051	1563.3128614250072	1494.1967391462103	1423.1285519608593	1515.0244459210808	1631.666178094321	1783.3419888729052	1007.2658246234394	1000.9660643800165	1153.7531999627886	1036.890565352148	1964.1838358140108	1936.2722346198698	1911.3766512917948	1688.0733093085648	1506.593374487329	1282.328944120078	1412.4968891198225	1477.4654474406173	1565.1728394650518	1692.142947706244
3300047160_1055	501.1093283453831	1008.5138410619227	573.4430830118001	524.9026300160841	0	798.5136641597144	964.4976005577673	1574.791746050557	727.6398766505106	774.0482911856409	2668.357115279479	2788.8143432954207	2601.6939985621634	2272.491562586109	1510.188366513535	1345.1801341261123	1198.311748836121	985.6749386573027	743.5627380703133	722.3628884264589	4544.832147730271	4892.750413388707	4823.150080829429	4499.80471185114	4024.7103131502736	1150.7027112117712	1222.5985048822804	1170.601576503077	1350.6219720968852	1148.1702711828068	3294.0009583163755	3338.55276218086	3477.186911085516	3555.4971552167463	2980.319259412296	2641.9893761124067	1195.1227895199731	1194.4387007855503	1186.5159294820753	1135.1103422516617	934.5937087840308	974.9979977467286	1777.4800026473033	1951.8717638415521	1742.9718081449237	1651.863449071665	1726.0737677196576	995.1635420979695	936.3749193583847	900.0828320346199	835.0753990337757	703.5712580426117	0	899.0325442049946	911.4560002037357	974.9881906432213	980.6704820859675	1336.58949538341	1403.581266220295	1291.0727893274989	1165.5817929831142	1213.978760570259	952.684199192084	733.7857981127355	0	861.8234660987334	626.7263675462615	526.8346023919132	598.2394506571745	0	0	0	1103.8253980144552	1108.0482310161237	1063.357393571906	1067.316706071227	1033.185865864246	1578.896373422316	1679.902223569008	1685.5233223085374	1865.807816358401	2462.5507895128353	2354.5688228082604	2376.594444073653	2389.6867799470174	0	0	0	0	0	1165.341896265715	1244.3130771058372	1387.5744919060692	1339.4733082789187	1382.2279689134682
3300047160_1059	393.82309811976495	515.7518511055756	348.42369538166264	385.0327368076701	419.8879489906865	336.6777028452679	260.14809999310444	260.6985781236824	541.5512972357233	559.5109056705288	506.6077698367573	607.1254571685269	700.1458458781148	646.574889725274	436.9656747387243	531.2394771892552	462.8102397994965	416.0816844378573	0	266.83024239089445	461.9177826196999	512.3854506949859	532.0243690829695	547.0581521310025	483.6306703248183	511.3439301384496	496.45560485942366	524.3451008286332	729.5585170003386	876.1435547627825	422.56586913814476	425.35409520177615	458.73409078863114	488.6555846485081	490.2262289780152	481.16042711305096	395.28990087157183	386.3584359034466	417.30082999841005	428.8828009789402	0	408.3559133431647	544.3932751994947	609.0000614415461	636.5564075349553	642.8501768025748	818.1390479357973	453.91367466124115	462.9808258698502	505.8003530341843	485.589021668013	440.996389644088	0	624.7893708882672	611.8339608830988	641.9121732767783	662.2827916095273	1055.9075222311026	1079.758402343473	1080.2004979419382	1146.181292278676	736.8594389131594	750.2395458200192	579.7867015742694	360.0891495606956	466.8620328484344	389.12116978775776	341.8106589842473	401.38039075861377	407.39112737885245	0	0	473.3036095275202	471.1468346204665	501.5168754308585	522.7990825536929	485.9864235737802	446.1281842601124	479.4871460334307	506.19848906768067	538.3950708341381	411.4382358313876	413.0351958415485	489.0986559774259	479.4028115651662	628.7320875319805	625.6365873252732	663.6314659075887	693.888271007306	645.8695751103187	390.42676213529654	438.5278758800161	473.04368765179385	449.24146498157506	511.67799966451093
3300047160_106	1188.6406245399467	1527.7951373397498	1163.3529870643974	1138.6783850705806	835.7296191410612	1363.0991717956945	1721.3149840318383	1592.3371827709234	911.7855602160249	1014.8430743752295	692.6301527138421	628.4726816277603	580.8605490052363	600.7440224182576	623.5619408674626	912.180348774194	942.4332190273257	942.2448661623121	981.4170986653883	1440.0850137914754	1248.3001150948521	1285.2133934845383	1234.5241340166494	1338.841679106489	1372.7627898824126	569.8094483118305	514.8497483251276	0	572.0833275905244	559.3297039774616	690.0550075361112	631.7934714064584	574.0991776998436	515.5483938515923	538.731151847309	598.9232271443271	798.7829202320203	759.947786054603	769.2071289935889	796.7250344019503	862.4986060946018	856.632407050448	899.5707800528006	875.3378880416894	844.255135507766	905.2961550702028	0	699.656171584172	710.9953545150695	673.1987628894886	687.9577987552863	755.2856626546215	830.5249463666512	0	0	0	0	0	0	0	0	566.0511014361643	527.2188787536797	528.5204649263869	597.0150169370041	1080.9761506277773	1012.0103641545089	1134.6159536867422	1015.7213965188351	987.7385975046875	965.1152537150118	1131.3174227682086	721.2947417778297	701.5639169125751	668.8961534921939	714.3005851971225	694.997610885654	0	577.1819845092184	525.6853593230416	0	955.9650910219664	957.570911473713	748.8161103671367	814.8931754952905	0	0	0	0	0	927.2820301541342	818.3100475019789	790.2284235148097	0	670.0276265595952
3300047160_1066	5616.284950619327	5406.689617056287	4498.3453399935315	5116.562675720321	5207.663995952077	4091.4856815484313	3297.9440089769564	2982.4936435990126	4288.944108581814	4056.501399976779	9920.23034415824	9003.96645719245	8241.085218166634	6727.769614655899	4388.079631566937	6063.561036607238	4980.63434874043	4057.203784558489	2876.2397554660374	2586.789101255487	6209.271441469516	6294.285242598636	5957.131899140147	5689.607317051476	4746.619813798756	14973.199848571372	12567.103391902117	10195.37832637472	10210.445811425587	9410.67463554327	6148.571359515265	6430.904500060964	7136.76076347705	7316.73483142917	7037.907923926623	6224.926400068314	5198.009173186884	5250.12134774306	5144.999879612989	5223.831572948887	4633.18262106381	4789.0722377505135	9030.171305104166	10258.986455464816	10311.906124521274	9837.130345892463	10175.765859699832	9443.1472060827109	9808.171681014455	9883.798315094225	8757.981643439582	7356.44554572593	5876.7373868253	11578.498926437334	12995.10864637336	12850.109407481716	12554.832459125068	12735.012827190634	12366.654059001403	12202.260925011953	11186.576245459371	10534.635452004195	9094.565970632917	6726.248863206995	4026.5149575829246	6209.791836776037	4480.657966482061	3601.055773521691	6297.823176903541	5776.913483202811	4747.167610119897	3746.178326030922	7766.261166267521	8064.035661434268	8151.751196347443	8026.328012825179	8022.125129868311	7799.831189474462	8394.883559859743	8867.145445316071	9769.033475576389	5505.763221564737	5252.177516675542	6323.789421440339	5718.701478383598	10171.963617192096	10089.360755860864	9973.964463428674	9273.963678221777	8474.461087253216	5755.228721192534	6405.843098676153	6819.268063302632	7394.796173704689	7904.309617778225
3300047160_1071	2076.3328358146914	1345.763848814773	0	0	0	0	0	0	0	0	378.597626875088	0	0	0	0	0	0	0	0	0	0	0	0	0	0	0	398.8642062377889	0	0	0	772.448204375666	820.3374814181279	827.0978991427104	716.3417577457394	485.0011285100153	0	0	0	0	0	0	0	3975.5439518658195	2982.63748096692	1903.830792099226	1224.7579484658306	1017.2156988888215	4829.678052048955	3488.899287684003	2432.4207736905655	1678.0851567921268	1122.3091647598364	727.4529175119447	8254.307585131119	9064.882386687837	8272.09005833608	6605.579763468243	6732.574717089497	5230.35572485343	4049.7841347859508	2715.343893194166	485.8032935078083	0	0	0	0	0	0	0	0	0	0	450.7357585155959	439.23570862184124	410.1542648307508	0	0	0	0	0	437.1346584657632	0	0	373.31373346160836	0	397.340902766691	0	0	0	0	0	0	0	0	0
3300047160_1073	2168.9210229113546	1883.5549339186518	1271.3966042355523	2179.5283794575826	2622.8147904255757	1489.312655733108	2530.019054465516	1577.897030685124	2284.208619887181	2259.052065707525	1562.402801479162	1743.3248128032124	1983.764210181774	2167.0149077668757	1965.354404623925	1301.5480669967724	1310.3583189240658	1254.1019535962034	1097.775430089727	1129.1984865663735	1365.9947143070751	1460.385648445307	1446.8173356017094	1470.2149239929477	1389.8684932750984	1144.2018186136215	1449.546190807048	1625.708983927922	2208.228662161772	2449.5720850252983	2022.6288524893498	2046.3765923071066	2165.267321695461	2131.9114633431477	2222.479842391532	2293.363666886982	1921.2583027086985	1877.1094548313433	1903.7251086914139	1847.66387180216	1771.4645454265178	1850.533221916502	1571.777278831918	1757.9640630903389	1806.5634251131958	1892.6701583018194	1789.7428710624006	2473.592554146268	2533.844796898591	2582.5209415894437	2627.5093437195915	2553.027393335996	2481.4262357180623	2473.9959820588983	2659.907866636813	2674.362601275671	2577.6058544106477	2070.685642556651	1997.597456773046	1986.1062571423213	2000.8135805772501	2092.1504960724515	2308.0146614645823	2399.0215886531705	1987.256879056309	2277.355476915236	2207.505184430056	2006.2957563876557	1745.7020551620249	1754.9549035946497	1733.267892434397	1566.9980722104149	2313.0733866361793	2285.7610269509814	2347.390682679371	2335.657442201975	2353.410006536716	2196.093187818688	2231.073081428903	2202.184616174919	2202.531077951302	1430.5019599385967	1368.9834358263165	1538.2361465164643	1473.99316896697	3135.885641130134	3191.8063646573555	3254.2930460743214	3122.014047732147	3187.851574148272	1711.3374155125123	1725.3257065988028	1750.9367881063165	1826.9263507235464	1901.0708178758016
3300047160_1076	5153.293616649107	6237.278591873061	4191.012535297998	5257.080314836347	4446.0518523430155	5046.6884174161505	7510.372417133758	6572.62692655142	3932.301984014124	4657.408860446227	841.5121441485334	739.652220004516	837.6126033619398	1068.8154558528172	1295.8368874278394	1428.4849625429406	1734.7742887145141	1645.3754034034062	2018.6778028787508	3082.3180368994776	1963.4733323242401	1933.0590371179826	1932.5628518955803	2058.6654479040035	2222.7212720101475	853.1579368592865	670.7621892852567	578.2109481414439	712.1907526572862	767.3051743447896	1527.5598184897276	1401.466049205381	1152.2584955728305	962.261674235712	945.5918049804618	1035.563508175105	1711.0859713722054	1681.4875449664944	1665.547602692801	1645.9551128472665	1807.9841036187381	1800.5420057580977	1388.4368770262402	1295.9956207132195	1146.5917499469138	1350.1161432472773	0	1568.1681445892314	1550.7242370970403	1456.4654382179936	1463.411158085919	1647.1093236858092	1851.0764763843993	1221.8255993142639	748.4992629608784	876.0521800121464	824.9699977806207	834.7028352830115	891.6032784581374	625.6528634826022	0	741.7226842899053	787.2848427554712	875.9366490506766	1107.9715547658166	2708.075915443289	2865.44979392636	3435.962463260992	1955.4420254330207	1994.4721808497466	1992.3668458866882	2484.54506081561	1729.51924334851	1683.848515668507	1547.25843507239	1580.793118483112	1479.7575182062208	1629.9080262926907	1455.9654622605294	1284.2319092619919	1100.5392602305187	1768.210695306463	1830.28555299744	1152.7506723327012	1506.1083859397766	908.2712608530587	960.0902577755137	886.5297832950865	805.3065025737037	806.9577104450547	2038.2713424322203	1822.8413838532051	1703.009019031917	1397.653200832752	1209.3306999529318
3300047160_1077	2523.0761548951864	2421.491421589724	2025.7255460474112	2476.2863988718423	2803.6941731828288	1953.8479141928226	2581.6742991490796	2086.261743109531	2747.7505454332877	2960.6156223810294	836.344935077161	858.8072198523095	908.3001797974196	1266.2781916522001	2130.0157927923506	1370.3438524609933	1445.4869609913626	1790.5982269929182	2090.7681641292775	2747.702018615795	971.1116436090048	1062.796909619364	1170.430814146827	1256.190435320717	1378.7060626234177	363.7620877337613	487.68030958790814	555.4347156604949	756.3455575786938	885.9104014146735	1256.3322731679734	1188.0227908625911	1087.3111024596305	1032.2110728084733	1136.7631535723363	1297.7206792059326	1639.7802121488578	1648.829494857493	1680.9023470398556	1713.2931896819814	1768.1821286429094	1970.9096949488696	1115.5836360959765	1167.2200024678086	1223.3370285481506	1312.0119748457696	1252.0702169505785	1306.4509627804882	1314.2972143135485	1408.6391673160774	1525.5021945314713	1773.1239316985814	2024.8072568720631	1437.7702483057376	1187.5738184927695	1186.2947766700636	1230.6774253099632	1352.6538750979314	1328.939210702774	1212.61486932571	1348.5304686956238	1122.5231231584432	1247.0248182373518	1888.6219668783478	2902.349810672942	1897.2025303658118	2180.8834613393815	2668.6500711132994	1879.652209379877	2033.1169719591692	2168.3987962597903	2497.325834269514	1520.9718693460325	1473.3849759339776	1529.8092538275098	1565.4176932859466	1565.6592305387846	1452.9871909879944	1385.8107919198033	1334.7041835031312	1233.2453096037834	1241.8226157123063	1310.8087821318027	1248.205939724986	1336.0853787329945	1593.6396859367403	1655.5821226369253	1746.1100660948048	1821.444730935189	2002.8848882625564	1413.5835526243202	1421.6608305448742	1301.2779802959517	1204.105055860193	1162.1209311865093
3300047160_1079	1181.743506496906	3790.1055183005606	0	0	0	0	0	0	0	0	0	0	0	0	0	0	0	0	0	0	0	0	0	0	0	0	0	0	0	0	0	0	0	0	0	0	0	0	0	0	0	0	1755.0814059408674	929.6729322040677	0	0	0	17635.784384160157	9342.121660418796	4787.421372941914	2791.754708121761	1684.1598986177366	1063.8649583662627	0	0	0	0	0	0	0	0	0	0	0	0	0	0	0	0	0	0	0	0	0	0	0	0	0	0	0	0	0	0	0	0	0	0	0	0	0	0	0	0	0	0
3300047160_1081	1432.6342544330578	1729.9184722512348	1011.2496461737016	1033.0460789023384	939.9375567469405	1034.5785749814381	1020.5336563847827	970.5129921147973	1200.2450761867537	1341.6462693030046	465.9321280886444	415.9758141151412	387.41756940676936	382.79220103120616	407.35466400210754	476.3640539863277	515.6793266575163	532.0842815998768	644.5313738504144	945.4736152816171	487.0977852254047	481.82185490511364	478.98209115545615	534.5716095768655	557.2610434166568	0	0	0	0	0	317.2808091322088	0	0	0	0	262.9220579126463	477.4398741137616	455.6798430013619	468.2340207191049	469.76408283836344	488.71615650034266	514.9891865036262	468.43512929903926	455.7566448610765	432.67476593344344	492.7575940287754	0	454.78113245582364	448.92335839720454	454.5676078894746	501.00056972611713	553.5975571060912	648.8749411799162	494.37012934753466	331.52697014195724	353.3578855230716	0	442.80458457328086	459.01719533579205	368.27005927082575	0	358.13405341002095	350.3573399424063	377.4950837677845	471.3472076920369	620.8513638479029	668.7289897789161	770.7092179053004	552.3933097660275	541.6109602697857	563.5374831529306	646.2099504952176	491.24684077335996	455.475423263823	448.970153965447	455.878436823439	460.64328734372725	444.4203157428599	411.98757776160863	384.28247882309813	337.8933058377789	582.9472808227987	588.9761337664784	469.23735397295445	526.2578140213454	289.7735787189013	300.02133489534407	306.1606305280736	0	0	537.5004024848429	474.3990795091705	469.76423547386145	0	383.5835271676021
3300047160_1082	497.36392000017975	0	0	744.0123168904785	596.2508106170909	451.4528655072476	618.3886505679843	440.34154030683055	634.0823750823106	541.0502258771028	1243.587634678385	1041.5248330201498	714.0159188815541	0	0	0	0	0	0	0	0	0	0	0	0	945.6006056690131	1098.7306994291719	1122.8655116459306	946.7346764139938	660.2603352980376	1516.8771716095132	1636.2490557272254	1719.3085682269393	1520.9631970346682	1066.35520937986	770.8403472334237	0	0	0	0	0	0	723.6293034636757	784.0252085776569	0	0	0	892.6414891801123	814.325767349207	713.0600723165835	0	0	0	1605.8676582188325	2289.580712037374	1735.9514303862438	1517.6701196073288	1082.377693239776	827.953267707711	0	0	754.472900486046	0	0	0	0	0	0	0	0	0	0	1331.635957995698	1342.055771390893	1224.9136399876847	1180.250718624652	1108.8699979755208	1104.971431590758	1313.7216755683871	1445.927679674419	1653.9826791618855	611.6290157380281	0	792.5649166437586	0	1648.227984758275	1374.065417712996	1297.4885706292262	990.8436460111802	737.5573671469402	732.6358724884644	965.7359055554889	975.1819149493003	1040.5945221528407	1097.868138654923
3300047160_1085	460.3851838394723	0	0	455.77401520741216	472.5642511038922	447.76846930123423	0	0	370.62143007222477	380.31548591355045	1010.6546072822302	0	0	0	0	0	0	0	0	0	826.5571296486983	686.6561506729615	0	0	0	3812.924353029887	2333.0692306040023	1186.1351547435647	728.4828051535932	0	0	0	0	0	638.62004199759	608.0593530175415	0	0	0	0	0	0	1081.3934296531286	928.4605582409013	0	0	0	0	0	0	0	0	0	0	632.5890108310944	0	0	0	742.8355934143303	0	0	642.9445706792525	0	0	0	0	0	0	0	0	0	0	597.567837212841	619.2029739240884	684.9431044243628	698.9218808150378	0	0	0	0	0	0	0	516.4870649492923	0	0	0	624.4461404971445	0	0	0	0	0	0	0
3300047160_1089	1949.9265281232979	2454.2983990122393	2771.9237530803944	2061.0298786695653	1769.224813749786	2045.4019577185081	1844.8721072256344	2283.6050399413343	1858.1948778501662	2117.163995321431	0	0	0	0	874.6834404222518	0	0	1251.0566118442487	1544.250162932145	2875.1456909539115	0	0	0	0	0	0	0	0	0	0	0	0	0	0	0	0	1454.2546904361695	1293.7615425042784	1328.0645649923897	1332.8294051504636	0	1556.6243103247998	0	0	0	0	0	0	0	0	991.0759838535866	0	1379.7609663156327	0	0	0	0	0	0	0	0	0	0	0	0	0	1148.1693753700572	1478.2833160044634	1398.1352862472709	1587.2674548735474	1649.3966461194889	2115.691288926149	972.5167615533958	909.1352377084465	0	0	0	0	0	0	0	1283.795526220221	1481.7743800787748	1225.2831898357415	0	0	0	0	0	0	1497.2228572779065	1193.0187051483258	1073.9616754458996	0	0
3300047160_1090	2337.964506001396	2495.851008411799	2168.779078648008	2409.028692831342	2388.036050782383	1930.8195089736525	1872.2544174987852	1746.0434965597474	2477.9258863604887	3031.760272987295	0	0	0	0	0	0	736.9194702908541	759.9116241108857	999.1572618701468	1694.0831776508885	0	0	0	0	610.2541931914375	0	0	0	0	0	0	0	0	0	0	0	786.2066366558124	0	743.0835328644799	756.6360674944718	0	850.8690443824256	0	0	0	0	0	0	0	0	0	0	0	0	0	0	0	0	0	0	0	0	0	0	0	810.7121410069367	967.8686408644729	1320.4592171626418	788.4973556608563	783.4274787188846	849.026166797027	1095.1818845829052	775.1953429947574	707.2869954879534	689.1040779083332	697.9654028435241	0	0	0	0	0	689.0949810007321	723.020736083318	540.8477864127849	0	0	0	0	0	0	873.5775601495588	773.9555400422748	718.9874034803214	0	0
3300047160_1097	1669.3925335702208	1079.9676719104998	938.9750569949582	1473.2021407018512	1448.5491875618884	1137.5188412656287	1589.1591925722425	1190.9702940579134	1522.0782682904276	1452.2638601777328	3596.714870919198	3377.1141236287594	2676.6835789621764	1623.0403312079038	874.6307535067119	1334.4728293708506	1054.6578968607978	0	0	0	2607.0341721175896	2595.3381793790195	2293.34080816955	2022.6392318778574	1478.1412244811222	2404.877458156332	3183.3349853383697	3552.546995762803	3415.8363652472676	2405.81233450147	4072.099967967306	4374.3502578710895	4640.66034599843	4309.443605208227	3165.5935591196985	2329.8803408491854	1952.5289652409274	2091.5696482706985	2042.9802974408135	1858.6073291958742	1496.500806364295	1585.748883115911	2884.7537588195205	3223.8188157766117	2871.315325216025	2290.924580154821	2257.4452151410637	3431.267132035382	3340.752896833811	2841.3247902127396	2282.8929074441908	1601.043246444204	1164.7128082356498	5407.288647763784	6725.208041856058	6155.140179647689	5415.2055191219	4196.9664945738	3436.5224769887386	3206.0415533122878	2359.1631780048174	2852.578349856209	1958.3128416716186	1175.54160813808	0	1391.83023034598	1052.143328109276	786.1148226942438	1536.9676496241968	1335.8676212711266	1066.4228992185724	0	2785.674074679926	2830.8942353865527	2836.8350420288334	2670.790680503324	2417.244833473816	3327.3205046719895	3921.714896833342	4189.581686893831	4754.766794009174	2168.403175696847	2119.8787082876133	2655.052748407007	2254.4393237764616	4357.70807467518	3954.5060509433183	3554.213682294253	2867.7989550009984	2187.2598847881354	2111.0977308649535	2549.8897186247877	2712.959077054914	2949.7812842880303	2916.9779569354573
3300047160_1099	0	0	556.7065041343069	1405.4609739686175	1015.1909822939707	0	0	0	0	0	1055.2626931493783	930.5190605555507	0	0	0	903.4297698396102	723.0061333132994	0	0	0	796.3697828058614	787.0979531165315	697.9859447703373	0	0	1133.6621822113714	1521.3333729900564	1627.365813259589	1411.00521126965	938.9362334516657	627.8820232180577	0	678.7220592791339	679.6002565361714	0	0	0	0	713.4076532611057	711.3494596451568	0	0	0	0	0	0	0	0	0	0	0	0	0	0	0	0	0	725.3482710553793	0	0	0	700.9029374365836	0	0	0	0	0	0	802.6534928368783	0	0	0	0	0	0	0	0	888.0910544578677	1007.5888885576536	1125.2869562873914	1322.8094944498637	1153.067658548226	1123.257274009111	1432.9593148850226	1158.198978315489	2803.7350789107645	2538.7692225210426	2290.5267852630873	1873.707100834195	1467.418568180544	618.8901654122685	711.7735724505546	770.3207590377791	0	816.7189954724512
3300047160_1115	690.324190813273	810.5713524477926	561.3017754682091	664.6309620918288	605.8325672849927	567.429271562627	590.3317037492286	649.7480092423801	769.9201132293039	841.6123678131268	0	0	0	542.3457315052087	859.7793586647457	503.46042509546095	615.8474724604796	703.7234703017258	747.4293173897963	965.1774149520587	464.79183696288226	512.8381215130363	574.1578640474532	601.5720964906287	686.7534310332899	0	0	0	0	376.1451030709513	485.7952003373254	482.14171814898117	459.5256886037291	450.6667334690919	508.3103744770557	581.6010997231803	516.8330769577125	530.1613710942048	534.4506061012827	541.5146227498813	563.9789870009298	588.2207794745169	479.6165469943831	474.70098303383315	481.3794544580216	558.7159540859708	0	465.603972388075	456.22574551772664	493.00143539174684	515.4050173109116	598.0195807195983	627.3810847914725	496.019257726739	456.25661070333115	451.66952099498	0	587.5438476055433	621.4321099342557	535.7268050755777	608.7585874234153	387.0336871467352	505.86468423864676	789.6420982078581	994.9864108831052	633.1327398988526	735.8253024967661	846.5288911995013	557.0193518150577	613.2923062109722	644.944983095361	690.8393207109046	528.1984942060864	517.1374108238124	505.39501080829075	529.1157767758534	543.3548500177571	0	478.0066318887837	461.45616764468053	422.388845381405	536.7736897388329	562.7806778192929	547.2041512202396	0	475.4933748905812	491.18034690845593	519.816194249154	530.1019269747096	579.1195972991205	491.342326811389	476.17023990586284	486.6430385104795	0	450.7087814101715
3300047160_1122	471.9379085394497	0	2523.9277259658634	408.70430703590534	600.951252720585	0	0	0	0	0	387.3137198256501	413.049174485803	0	0	0	0	0	0	0	0	0	0	0	0	0	0	370.00545974616483	0	435.2283820810984	0	0	0	0	0	0	0	0	0	0	0	0	0	0	0	0	0	0	452.89089469531706	459.75463096696427	412.64914883697855	0	0	0	1217.4359574316577	1456.6557374508784	1356.7071028570142	1220.8711877760052	0	0	0	0	0	0	0	0	0	0	0	0	0	0	0	641.0256648360212	677.8376140216237	648.5280384470859	603.6941801262841	567.4149282588415	812.2380518794815	860.8257979694456	929.6979431783213	1005.2694639785283	1908.209062307333	1824.985104230771	2078.573038798508	1806.1563133276404	1242.9027280328146	1154.738723167054	1009.6784641095317	850.4699446577895	704.1146289618209	0	351.80530353386416	387.8051581139228	0	414.8785984778179
3300047160_1125	7140.795721463419	7065.121695074929	5562.048146000109	6042.1618753648245	5853.49897258415	5486.953712706559	6054.329796472211	6003.868263736833	6608.756548980784	7748.219891330398	698.5415490234103	779.7800347975242	1002.8878409860869	1277.329177929102	1669.8161943866496	2140.1945279673996	2449.4770384149383	2650.4779958739946	3186.651147553971	5050.617373801926	2328.467149655066	2383.626991056699	2440.9117944443756	2640.102477959093	2834.971220941658	0	0	0	777.5076656518656	926.7873853878109	1821.1272661022226	1671.6943663291925	1413.0135907590384	1198.6178948249103	1229.8103230290828	1392.9988211358777	2548.2821994277324	2465.9835373864667	2587.6316048669787	2559.9885647329306	2802.2812784964513	2825.7324539729348	1783.464282709994	1687.8534779190811	1618.7192732468536	1830.0898102357366	0	1706.8845342849056	1652.7052259246225	1663.3548012008318	1739.4466448519877	1866.3888077835838	2266.688860204773	2249.329780355123	1454.196915922677	1658.2249246155743	1526.0050471694087	1535.583040607674	1668.5127066307396	1222.1702129575747	1294.152196775462	934.6666789277917	1118.9559748314555	1348.5132599061674	1851.246889752989	2890.8672926513004	3275.5427452606127	4208.264546839237	2798.741597174099	2805.502091347684	3045.256198146741	3723.243533844146	2400.191006275868	2302.8983322094755	2308.224404162782	2332.313228721119	2212.5463704935187	2214.974399740076	2011.4873341516454	1870.4498075536092	1583.5028077347604	2587.547199929516	2766.2323131502562	1975.5227650067334	2245.8416783815487	1647.3969287687353	1756.31997836254	1667.8415307028938	1589.7762120905297	1628.8604342058206	2719.5299001825383	2534.8120458073136	2326.674992239254	2041.857945825962	1744.820654296319
3300047160_1132	6005.99422000037	5786.34301312068	4448.043941358927	7347.178842646535	7757.7664804539045	4877.174600466602	5588.77455555257	4156.219301605875	5278.897422364219	5560.084244236093	2202.6050349507386	2293.2248974649915	2838.844185387752	3691.9649891289428	5618.643547629006	2980.095009199391	2759.0790535699825	3117.7719846226087	3469.235710671047	4463.435879874033	2223.3202267650954	2209.0838070452523	2207.6415333457485	2515.8195521712214	2734.0514428490715	0	0	0	2413.7692768085603	3169.2033208329403	2940.076478552049	2711.175480523231	2630.8271133619664	2384.0077726714976	2965.2610423657406	3202.0802327799656	3495.591732215368	3533.205718335995	3719.773426200855	4031.657246990633	4200.258098547278	4146.923806798538	3257.4889743231483	3528.75684372182	3222.4300201460087	3583.691801610177	0	4449.81165763234	4446.497991225757	4709.336493414973	4988.160599296964	5817.499240985196	6103.4827418793575	3380.456917376794	3188.920802742662	3223.4699287076173	3312.8963774830954	2933.062662529365	3089.9669031364847	2843.4291136044917	3073.9975170051043	2602.391324734407	3301.966127902065	5034.293833016437	6662.821279377573	4232.842504137608	5109.506835246328	5175.06013534696	3403.112610679903	3831.8997627582157	3784.6814231106337	4140.224326727366	4453.686374866516	4399.812840645349	4582.8436473772945	4368.477162806116	4463.544779572957	5195.126324672353	4611.22011851603	4224.472305147097	3781.430665270965	2617.963231060529	2813.217708548077	2483.0511784745263	0	5096.538931701941	5260.599708568608	5478.95595950716	5274.474189857941	5977.971400008103	4031.359199137128	3961.0306612739505	3865.674926161961	3528.7237576727666	3814.7116582986837
3300047160_1137	5962.428666774837	6718.708173211038	5971.15502867779	6246.7511174684005	5993.952263248908	6671.754279853318	7559.551379364924	8953.766846199918	5164.812399675713	4578.322300588796	8951.793983719375	7306.248726766552	6077.818419469711	4429.017644490609	2681.36047380295	6316.969517395326	4728.113290995478	3647.2048584639847	2413.324857701606	2124.683262945424	16695.208110062023	15552.237067165528	13510.558751171384	12261.389270053129	9750.362173684807	23672.53798515628	16764.566390517983	11954.35620563649	10014.820973224094	7793.390720951973	17913.87385527225	18729.462641829472	20828.328890871428	20414.949121407513	18325.622048780617	15291.500976621463	6685.238447213025	6989.796270643865	6935.136250168779	6724.777824153468	5459.4310808241635	6121.602763664133	17427.065757725148	15411.079592827418	12238.870786382931	9471.873987046345	8354.32672574393	13163.807634163719	11458.401735134894	9860.284350854032	8130.625886748046	6401.105721186431	4715.060497885515	11663.249673460206	15987.74471453736	13417.004368494448	12665.728296341598	15001.852334195322	12982.650497627936	13436.989171676158	10812.020039592073	7611.509134902486	5508.292877316806	3905.0541428523297	2298.883410454172	5864.468521892989	3823.929362075108	2930.5432158006615	5927.451930954899	5064.944312511971	4251.284698715717	3179.515236468603	11081.254748653955	11767.38970019401	11349.15496156433	11078.548160048551	10630.641452637534	12778.791683816342	14408.744202093367	15815.325766597767	16937.985636310234	10080.053049520267	9612.994330310288	13314.011316287826	10571.156454821174	11212.094544353922	10680.402618147782	10332.441539003501	9016.866837590289	7694.450348115945	8370.876813492478	9537.935717509343	10123.116278952819	11075.29258675573	12046.355739878421
3300047160_1146	4794.556598891453	3259.939173632301	0	0	0	0	0	0	0	0	0	0	0	0	0	0	0	0	0	0	0	0	0	0	0	0	0	0	0	0	0	0	0	0	0	0	0	0	0	0	0	0	9403.38495276168	5250.354802268979	2691.5068889710615	1706.33371401335	0	7506.657807749812	4991.279057386028	3377.2074682026905	2392.8476631615404	1625.3983981300828	1119.1297132345726	4713.265210082421	4360.282524824029	4715.283019712818	4525.546200668558	4297.296605349846	4252.135366017612	3293.8628028414914	3507.165163075875	0	0	0	0	0	0	0	0	0	0	0	0	0	0	0	0	0	0	0	0	0	0	0	0	0	0	0	0	0	0	0	0	0	0
3300047160_1155	0	0	0	0	0	1037.037669238	704.8864460259979	0	0	0	9285.13501972359	4148.348176753841	1755.072589367748	0	0	2587.27913077734	2051.456899467597	0	0	0	2440.4067856517004	2268.527456255836	1295.4680745194735	0	0	14736.320027741373	10913.852835849264	6733.119196858643	4391.24942008379	1780.517824621658	0	0	0	0	0	0	0	0	0	0	0	0	0	0	0	0	0	0	0	0	0	0	0	0	0	0	0	0	0	0	0	2113.272135592511	0	0	0	1579.5139736390345	0	0	0	0	0	0	0	0	0	0	0	0	0	0	0	0	0	0	0	0	0	0	0	0	0	0	0	0	0
3300047160_1171	6921.391589496229	7928.268741453471	6057.494405408424	7094.289145827567	7210.230173681422	6259.492070451739	6275.522228882823	6479.017673622248	7798.985344239064	7458.259073337401	6851.222648510784	7715.5689795624285	10507.355513412675	13510.413156500772	13308.48230478789	9300.000330252653	9648.251379249636	10168.880728258879	8450.183774775414	8653.915432402531	9554.92617902908	10180.615977795265	10919.447001798344	11314.18915494201	11391.321704923872	3957.679157513667	5402.968537654427	6405.807672578044	8413.066650126892	11389.38780753197	8699.078079158271	8707.042215446758	8883.811622870722	9426.065998125581	9964.206867340112	11030.896065728684	8464.11886752634	8760.209742572322	8632.931746739598	8672.847839022312	8065.86510016641	8521.236147944921	8324.827736444651	9544.261924165212	9875.621449308095	10415.504359865266	10519.108996414316	8241.940602531096	8775.456210423865	9063.574554819816	9421.05174715931	9853.845457966581	9717.696701685827	8512.340483905362	9316.361587994146	8983.279327648022	8538.55207780487	10474.47827315542	9875.643011614271	10194.638889503076	11026.769718624904	10769.76464493676	13226.795023851439	15899.521609284486	13538.326313278143	8872.553023159004	9535.864424234953	8845.140101779118	8052.847075673671	8896.586346907015	8873.481933492767	7654.766578093911	9806.582249503293	9610.5577762258	9516.759727032697	9813.818145099438	10361.53413146307	8497.74079736399	8220.055284451295	8378.078327857462	8332.01137329554	9021.497178003056	8921.625596467878	10105.480162308313	9279.461862727814	9697.807577148176	9647.041448466001	10274.95673569233	9955.011981865453	10839.31646106112	7880.689563002086	8028.685160522968	8246.491893338562	8562.262300819453	9082.33279810326
3300047160_1176	1614.1213858859553	1989.1168566124536	1564.4671862371458	1588.2910469881351	1704.091823244735	1753.1708336553443	1523.951549056088	1690.8458622650157	1389.1053797208017	1545.2269811236463	0	0	0	0	0	959.1606733936491	1031.115298307505	1108.0115024811655	1258.2322674998406	2369.235305004127	1104.9830055811826	1108.3107373246812	1224.602992895751	1135.3742272093318	1329.6578508386697	0	0	0	0	0	0	0	0	0	0	0	974.9528396756551	0	972.8554260112963	963.1432208256954	0	1056.0734912698967	0	0	0	0	0	0	0	0	0	0	0	0	0	0	0	0	0	0	0	0	0	0	0	1014.549618172074	1073.6871714297379	1280.7289996634674	890.9626670103006	962.9210648290646	0	1112.8648798639697	877.0995065194255	865.4428734455626	0	0	0	0	0	0	0	1080.6057082637492	1097.4324559254455	779.9593457122126	0	0	0	0	0	0	1047.2163152078228	961.6142523661317	927.2592272199414	0	0
3300047160_1185	1390.262650598979	1109.4421676696938	886.476090001979	1063.4525769923284	913.7272198236424	939.9469801599483	821.4046859056674	916.9892882793773	1088.7937981527023	1009.3883417200735	2096.9930781678945	1760.625123870008	1544.2881465943944	1372.314958887022	1039.1869116021232	1338.7162267901388	0	0	0	0	1483.4551228191362	1469.8404368485976	1376.9305563404732	1505.5372318370269	1364.6022706442945	2750.1152270608477	2573.4804091731553	2119.2889013099357	1885.8948373260052	1615.8341278242121	1454.7741375784046	1614.414528915899	1653.3364010281234	1756.383544878456	1865.8241386495763	1749.3475387743608	1296.7681131492861	0	1338.35311365411	1426.6515704040808	0	1286.183899975854	2590.9430674447544	2614.1968593248384	2248.8437355496267	2022.9417241800631	0	2233.7575711380873	2119.2404097831654	1941.9522562235434	1622.7263223363348	1433.1687041651942	0	2036.3625931436957	2375.599230263291	2337.5542720584453	2232.0610740226734	1897.7401707960425	2097.9278655508974	2086.6028597638256	1896.8875380265035	2170.696538674298	1862.1284505755928	1623.7934461530115	0	1192.015582004268	0	0	1271.3711555397902	0	0	0	2020.4735611455635	1970.6343483383014	2123.359010567568	2041.4669414114496	2000.8754853626942	0	1640.7914041118463	1427.3177148457041	1621.7644121732155	1216.9245789414408	1199.641498136717	1447.4366383939534	0	1387.553149885284	1476.1793860168373	1513.2098818657546	1328.8306166915252	1435.459579356314	1082.4535513966273	1219.416667248946	1271.983374674683	0	1411.1213670466445
3300047160_1190	646.7610106441934	0	943.1114191988175	660.8855229369201	668.6294583360142	892.6576782365944	544.6544735127397	1122.866366204335	543.5255170135244	488.6427887751205	2632.732810370264	1948.2994401882502	1296.3443540957726	0	0	923.5177526019844	0	0	0	0	0	0	0	0	0	1604.6164011981282	1556.918126379901	1331.7534194278821	993.3087972165641	0	3473.8429275717203	3572.3848320443544	3703.8017945344345	3164.471840144907	2459.566273945797	1847.296151719729	1082.175725469028	0	1051.6576779888856	988.4794279541898	0	799.9877071106291	1952.6385845868656	1881.2572466240445	1582.676864551518	1182.2636075902544	0	1565.8346848815231	1275.5376114371472	1144.936388590658	0	0	0	2036.4644890328786	2675.7310251868894	2258.2308797809765	2089.005319648538	1720.80003374634	1442.246687667793	1187.566021055129	0	945.0744384833663	0	0	0	0	0	0	1074.485423103938	0	0	0	1285.5879871851375	1290.1659416666287	1246.8868960568993	1173.384380501196	1088.170894041752	2471.6056987952193	2676.597399133674	2930.8429454808993	3146.4317633377827	1492.3394510623673	1351.1763247887816	1830.6302692472002	0	1485.0945587203475	1243.0537145756807	1140.259217516876	0	0	1469.6820028413513	1693.577598775625	1865.2248420352278	1881.1212730977907	1958.6186490388457
3300047160_1191	0	0	0	0	0	0	787.8006990823415	718.3577706065622	0	0	0	0	0	0	0	0	0	0	0	0	0	0	0	0	0	28557.288601333785	12009.219380121189	4848.811920055087	2132.4475221384655	0	0	0	0	0	0	0	0	0	0	0	0	0	0	0	0	0	0	0	0	0	0	0	0	0	0	0	0	0	0	0	0	0	0	0	0	0	0	0	0	0	0	0	0	0	0	0	0	0	0	0	0	0	0	0	0	0	0	0	0	0	0	0	0	0	0
3300047160_1208	746.9714868723971	781.47246989398	784.1719478435065	626.1523988597758	0	876.523885601287	747.8337355011847	1402.763599314557	1025.3146788183913	954.975305023471	1235.4683680294547	1271.4606506982013	1316.2743716312054	1170.3706917532618	890.8557861451691	1670.5443592879851	1556.5625369203685	1360.2416349519328	1008.1656807746576	950.2602458306574	2166.9545456285396	2075.5897316730243	2151.469095457883	2162.7027946282105	1922.5097638902635	1144.6038032366982	1176.0911190372071	1170.4070840736686	1256.5916954663269	1237.2466264312516	2397.607728593052	2270.3981076378827	2437.28947067262	2477.743086756361	2512.177782357219	2455.9031996643544	1091.4848864451726	1130.3337575109415	1123.2508380804034	1124.8868922346626	0	1072.5673680743832	1336.8292318191184	1495.9527480328509	1452.3224918730991	1402.3979179677956	0	0	0	0	0	0	0	1108.4638582966902	1252.323140432847	1132.8606739639222	0	1143.468962862107	1015.2261475494608	1147.046708321543	0	1175.5129335057632	1103.6054241068186	975.2522046519488	0	0	0	0	866.2403885557871	0	0	0	970.5218638451596	957.2267879845242	1066.3012230794125	985.4589578750846	0	0	1482.1050153387894	1399.996824655935	1463.241211823949	1523.1677719309469	1600.2387064301192	1942.1915935532654	1677.0615322363758	0	0	0	0	0	1019.2182760214191	1118.1768962001545	1133.6454492935588	0	1356.4730181998943
3300047160_1219	4776.50930993536	4139.233576667807	3301.2177475085346	3743.145843101801	3531.329658376037	4095.1744208267023	5180.806021261975	4095.152278011276	4634.381450288726	4491.476764248224	4355.223185851441	4390.382584750416	4760.072461766441	4821.14682407572	4023.249307052563	3410.55060483766	3100.93476474003	2891.5319080618433	2341.7846917573647	2308.6533813377127	4555.156084930738	4717.44644467234	4658.291226109954	4854.628954068953	4625.936272592762	4078.832625953969	4103.201406546963	4310.626918132888	5111.359882025652	5491.125148050274	5359.657675282799	5273.133137687291	5726.967088590628	5787.5107665776595	6073.310831060818	6072.177124675346	3491.192322867836	3586.846371751754	3520.8899072305258	3570.9813503358687	3448.8780937155393	3457.370982801926	3922.956663678213	4159.101648433227	4195.397220982848	4388.704929244131	3781.1163627471656	5589.016895694048	5726.884583330184	5816.06452679649	5700.3634249399	5381.094569608821	5077.95670296126	5655.999830654669	6312.73966299534	6102.458297421078	5930.816056272333	5995.114392689504	5814.092585690713	6130.543141146579	6050.07421825577	4552.801742137565	4578.441684519158	4202.1137293506	3124.2224059215796	4589.652124338931	3872.314339484563	3406.8699639008705	4111.788063065509	3911.70978796871	3807.6779431068094	3258.8159892623144	5131.709924051491	5193.977855956595	5343.292153260722	5336.394107886752	5282.338574754211	5311.593025826817	5435.0291300284325	5349.74572667309	5670.101721701526	3735.7060218770516	3699.805619263272	4340.406326192111	3938.8630279246827	4195.512268470245	4306.940666795421	4397.286097794186	4203.79552857879	4269.163889351857	4256.4027103497665	4458.661435590053	4617.1086788571265	4845.543673471399	5113.3005561103555
3300047160_125	5734.612193556011	4285.017529615033	3954.2666552163482	5446.094521747733	4962.976319550424	4833.616158878747	5565.683222520644	5088.678222553333	4897.034924897715	5709.928116023053	631.0504772913883	718.339915351105	991.0631365476493	1249.9062202103291	1827.9982289814811	1714.7348095851214	2001.7968375994149	2185.4216478765125	2651.750107678227	4218.2120979428	2171.7594527665615	2243.7924446068664	2281.724028971996	2481.850321030732	2733.2836301986467	0	0	0	814.9264266460601	1015.18681367587	2002.8335497514051	1886.8644905556703	1600.3825563610528	1425.6232105645486	1522.5267060250535	1647.0074503901596	2540.8249568952515	2550.5860971289007	2537.5901796529574	2575.193639719627	2863.43252885545	2848.302596655902	1748.5465419019204	1614.8632758968915	1593.8673758419761	1772.163136271527	0	1917.3637394431867	1774.9859344567963	1810.3776789621581	1982.9219937570392	2161.093946344894	2551.8977908299744	2177.715329699963	1496.4139393247717	1674.5386518648797	1594.9560420180055	1138.993436300039	1232.4939333506773	945.7970635964512	1021.1996133267302	929.8544839120785	1116.4870147413399	1415.3075202742198	2149.1856781574425	2249.8409480530345	2697.1646074269493	3255.8885911773277	2083.163272237736	2319.457272028402	2406.764477581961	3030.8629178340934	2674.7005634950965	2636.9841756697124	2491.1052531149994	2635.574002897582	2497.2145691902483	2558.0434914975367	2279.304250283149	2003.414995449136	1795.5835019603044	2221.3023541821817	2304.777352195302	1697.4300449262548	1941.972325627381	1763.9446784522727	1862.2977856431746	1844.5929634123788	1844.0460364788785	1945.4949460232951	2863.3167851257112	2729.816102001076	2520.084500167587	2288.572600317041	2011.617013132766
3300047160_1260	1516.1193909336687	2229.0224860637222	2167.3081957503678	2138.6698049486804	1768.9140842810393	2129.2990271554254	1674.5529068824953	2191.457221070525	2103.1233374004346	1996.8773194346088	6061.39573637123	6313.700141789675	5078.264278595387	3563.3436972614572	2063.9328054421962	3098.7518629294423	2555.240314676049	2049.848631677202	1383.227550071607	1209.4042460657752	1972.1855373869623	2006.307254216779	1996.835151031517	1810.110185625195	1405.3478962947095	2709.2684380621295	3734.628581919114	4364.6474183815935	4631.366364615799	3725.3396089691014	6326.8718987242855	6507.157547142387	7046.77670910958	6835.808473793936	5570.760611151694	4338.297290711473	5013.671570459676	4896.842981291839	4994.71875803784	4878.434902321619	4007.244116066848	4086.2882539177535	4194.278235467404	4595.310843497772	4295.1703871648	3600.2928899322824	3685.7668516548492	4986.5082648582675	4883.074863136878	4574.080193302208	3747.6855090897707	2792.8283418874958	2163.908219279227	4004.1876801232575	4512.569691973612	4557.300864679373	4212.88555461362	6216.606782673581	5582.468532379513	5203.352284551391	4084.842677738635	3929.362563982407	2882.3599840672723	1890.9832839394396	1078.4375864128465	2114.118989327634	1526.4632879969658	1243.276423346534	2733.0611304316717	2461.2312150466382	2022.750070240731	1583.5809016819424	2768.784723336646	2764.240989134668	2820.972119644462	2721.9655052004514	2457.8419305838406	4273.466397036108	4946.094883174182	5390.144400865109	6023.948167996259	3810.701312115269	3717.2780983987973	4316.704617531071	3959.4142531159932	4162.039268887026	3997.7945675724404	3615.182729760083	3122.4264863270146	2605.5782276110745	3562.54711941226	4036.108499009062	4437.324087491656	4620.802124480687	4925.485275940877
3300047160_127	490.3604546510329	0	0	0	0	0	0	0	0	0	884.421081350101	0	0	0	0	0	0	0	0	0	0	0	0	0	0	1494.2847953936064	893.9383850701943	0	0	0	0	0	0	0	0	0	0	0	0	0	0	0	4778.846596563745	3280.0214296760546	2010.3579979893952	1176.7317434209583	0	3537.8503301677033	2329.4559853877395	1403.7676701363835	851.1166188341202	480.18055799447814	0	0	0	0	0	0	0	0	0	0	0	0	0	0	0	0	0	0	0	0	0	0	0	0	0	0	0	0	0	0	0	0	0	0	0	0	0	0	0	0	0	0	0
3300047160_1272	1930.250901641752	3818.307387160852	0	0	0	0	0	0	0	0	0	0	0	0	0	0	0	0	0	0	0	0	0	0	0	0	0	0	0	0	0	0	0	0	0	0	0	0	0	0	0	0	8023.25794191954	4539.71895220198	2299.8697943235875	1626.1890230765368	0	2480.6780498465237	1498.8054894504696	972.9027330153093	0	0	0	1418.4079858465093	1141.0838748429933	1257.7250347129132	1231.3757583011193	1445.2713739714748	1637.7938090882228	1133.7228264219748	0	0	0	0	0	0	0	0	0	0	0	0	0	0	0	0	0	0	0	0	0	0	0	0	0	0	0	0	0	0	0	0	0	0	0
3300047160_1283	3787.5711452915866	4285.801185530875	5599.190108807626	4278.581780479933	4995.47068213394	5237.777235803708	3097.564675707291	3828.5945756537735	2345.1241123983696	2430.9719391296867	5129.235215136809	4724.354263437166	5298.390412287749	6358.536331220047	6345.675791091588	5730.915557158947	5660.796865767995	5294.67909066207	4605.64911148239	4610.871362798223	5043.194722081244	5390.263317621634	5125.239215757212	5490.1972330651415	5332.341190614632	4554.838945199261	4763.442180306764	4397.8696460983265	4955.593688707549	5425.787247832165	4499.551981562002	4472.698171961392	4645.278011023038	4904.179844697081	5219.23186434398	5623.897564860681	3614.567538091996	3695.675748748543	3672.259901880179	3791.957041712302	3575.8956109000405	3807.1716261662764	4208.582529117066	4512.692626534752	4819.197966954105	5033.623409528478	5693.776400983578	4421.942708215969	4521.816421442851	4662.09759354161	4744.6150359191015	4854.152131464963	4590.1827591109395	4199.356218954591	4361.570471354086	4307.870783770262	4165.113361308655	4565.090112437282	4470.6077230653245	4600.1923985179355	5009.813196894041	5220.10891225451	5730.393109892623	6260.990659229673	5278.219844470351	4348.151624419773	3902.6066871781272	3831.8090907136675	5911.810020281758	5698.170877887243	5337.148823497023	5137.96537775101	4714.454264699579	4816.703342688024	4936.999228894853	4916.225386986007	5106.061447877775	4916.346820148244	4908.633014474271	4985.021870653803	4932.661728891061	4403.384527960916	4117.9976999901	4697.484366696487	4346.587233649362	5603.935503463812	5983.278392241863	6207.53080259009	6029.379592636011	6415.192665193426	5650.474069197111	5672.465202912525	5818.939045756608	6256.9456647251745	6498.335929126776
3300047160_1320	0	0	0	0	0	0	13967.13074701218	14386.494494506875	0	0	0	0	0	0	0	0	0	0	0	0	6517.549963537076	6467.4476568129285	6429.866237291767	4627.865434761241	5050.520782601653	15271.017605410541	14491.936301772372	12901.787708483374	13431.786518302053	11002.698702218802	0	0	0	0	0	0	0	0	0	0	0	0	0	0	0	0	0	0	0	0	0	0	0	0	0	0	0	0	0	0	0	0	0	0	0	0	0	0	0	0	0	0	0	0	0	0	0	0	0	0	0	0	0	0	0	0	0	0	0	0	0	0	0	0	0
3300047160_133	1749.5273245917608	1981.3867594220287	3320.904679758353	2499.9625388557747	2546.6577964840835	2828.715569162783	2117.6431258525085	2878.135351323925	1917.0334732682359	2039.0815132801395	2718.3161457502065	2555.432051951535	2433.140662584044	2614.7950002139446	3034.916165733695	2894.733529378961	2810.31837294439	2940.44956437451	2641.219114442157	3316.677833544521	2282.666390594137	2275.212519708093	2330.3107020971447	2467.83191051504	2582.696558067725	1267.746378765198	1410.214388523187	1504.958876489402	1578.9186175495088	1746.5818628451614	2071.520711318506	1836.6971791006195	1783.8116872649491	1685.4412714944826	1984.6911932415605	2186.8402871181966	1991.0641148217537	2097.220906365257	1885.3216035098276	2102.2173355530085	2277.7068888286926	2030.3714274744148	1878.9594854115446	1868.474589051608	1913.107152385228	1929.4103021714268	0	1528.2951423355444	1554.4164876747732	1531.4420406589875	1601.654079663431	1703.8965491665433	1731.7517972429528	0	0	0	0	0	1273.4395462036505	0	0	2738.062388998726	2722.640799909383	2976.675445159601	3139.011168194714	2115.826627852882	2231.595155783695	2162.003025985625	2941.5391720093407	3114.0162921795354	2983.4282988898017	3007.252869774287	2253.09025132994	2104.8177823925976	2210.8633129776085	2171.063687124035	2221.6741781876776	2107.4583180886975	1951.2529675392739	1796.0016357519428	1724.781414548491	2243.377630621064	2227.9760954687767	2058.9138768146813	2098.7386351678333	1705.90981947702	1759.984225935113	1679.4468940160982	1744.1497666468804	1779.4529579960652	2220.66112506697	2216.0556375143337	2099.448984797966	2080.8351450071473	2137.6380117657973
3300047160_137	300.42282529939365	477.11146269527364	302.268710312239	407.1385933034832	614.5262650039018	481.0196597424352	694.6022606012299	409.6373828852857	398.6205921880687	402.7073236627646	1037.1953306334917	612.4962431700625	0	0	0	0	0	0	0	0	728.7183497123708	643.2582804203485	554.6929110778926	486.06507643805634	415.95929975156696	2587.0177347928575	1994.7226184537965	1241.8697603838439	764.2779974439394	482.5497077156262	0	0	0	379.6182747460957	418.1199850337341	442.4577491294932	0	0	0	0	0	0	522.6938784236194	476.4670123284623	0	0	0	481.2252193647894	467.34836427882124	439.5823877922088	426.7338905324891	0	0	0	0	0	0	0	0	0	0	520.7180366492323	0	0	0	631.7016885717849	448.3942303649193	402.55962723525755	431.64355912670595	0	0	0	400.70894399445984	388.44201353351355	0	0	0	0	0	471.5557782796181	464.78526279114976	0	0	353.44273016458646	0	557.880053657802	540.3383150413737	552.1896363055087	564.7522234788777	618.8885807444589	428.60588410822146	447.0382688943598	476.7201520176744	0	473.8094804901531
3300047160_144	1896.8118220992071	1869.0904206146713	1670.2702280733754	2468.2157435202885	2518.128856617916	2249.4584064445216	2889.0343228087113	2546.5964327324828	1780.514423656378	2040.049749422502	775.8772229293154	542.8069436673883	0	558.0410349412698	617.6389251118853	789.24628216617	811.523220508332	776.3987385125046	814.786840466603	1147.8757197901682	889.8514556086793	890.0482772022093	803.8639887107138	794.0936290310234	811.5071609241791	1647.7965446747294	1036.9313951843735	670.5268290114255	633.3352726704815	538.0599799396103	0	0	0	0	0	0	603.3816779571573	0	0	0	0	607.1558630615162	0	0	0	0	0	0	0	0	0	0	0	0	0	0	0	0	0	0	0	532.3815030421005	0	0	0	1233.5090907093488	1129.7012130119374	1315.0139135847562	834.8860547218044	821.7002485280935	813.5403109818526	955.7624015004852	539.5566624735309	502.97544270149945	0	0	0	0	0	0	0	580.0227182183055	569.3320068472888	387.1458527353099	0	0	0	0	0	0	701.7499104297686	612.33725066422	571.1226449915589	0	0
3300047160_148	1524.5219585199775	1142.2235286518096	2667.852666654026	1073.0536432409772	947.0125680725369	2076.4850391469163	1142.4236776423897	4013.7921919487785	1962.9494592908393	1879.3124604569973	6111.583567451631	4540.600906522084	3348.028694420683	2458.0183365316043	1480.1531142012477	3948.3100663175637	2951.3944333453614	2061.1259473377913	0	1366.5644126601999	3822.673665230386	3580.0845141906834	3069.7057986758573	2440.605900333009	1963.2349747588628	4579.9798404827025	3882.6957025608863	3069.340474642236	2380.350100068491	1753.104566087338	8209.747574006818	8988.320102588403	9323.909442209022	9190.451792953689	7802.630691440422	6580.149852054154	2617.6810184166834	2538.1896782857457	2543.4463076826473	2512.9170454282653	2245.9188501882572	2169.7347849580774	3736.348025454176	3754.146043189453	2967.3826254491455	2693.9745348700644	0	3574.601155788586	3376.1894400281076	3267.407026287075	2731.216712770056	2212.0787496937	1719.571530823278	2900.167826169433	3526.827322242535	3476.8597800894963	3052.4031543913793	2399.0531512564226	2280.837303455826	1940.1847922977709	0	1995.5766371135016	1456.210504217809	0	0	1522.8308316015805	0	0	2908.676305956896	2342.728584037664	1920.3688919440556	0	2213.5688224399314	2247.406188052957	2133.832633668667	2072.1836025049943	1971.5024865268042	4546.2624899338825	5207.127722764925	5370.055563027292	5883.439915789706	3268.4163408761615	3248.264414065576	3592.778514367329	3023.1788209512556	1479.7597198443743	1563.376078736469	1391.406858546569	0	0	3081.4457209881375	3075.068677547254	3418.4993098413524	3751.1233986947677	3881.1098812739588
3300047160_152	8700.095954597338	3114.456983597834	2082.652982606638	3003.220085152858	1367.2132177169742	777.035497928721	0	0	0	0	893.478235995093	571.3959321997917	0	0	0	0	0	0	0	0	0	0	0	0	0	564.2544471401611	0	0	0	0	0	0	0	0	0	0	0	0	0	0	0	0	6743.292198871727	3868.1321594641254	2051.8666943290536	1228.575282109375	0	5016.809975357418	3477.088316040322	2443.313267248259	1900.41769094848	1616.7262437922338	1329.802917539091	7821.7863691741695	8282.586199044474	7911.616149159463	7834.136154009747	3034.9934798042436	3043.994705044086	2834.6296125645927	2879.4609573756793	0	0	0	0	643.1632223447629	0	0	800.3143045094355	576.5621419713474	0	0	5078.705420019687	5251.34195688873	5257.9017623602595	5238.545393024064	5347.671371497446	2906.2948983563238	2913.1278135283887	2768.2530655635182	2808.098754925506	1069.7811916513292	1003.0572692186389	1101.1704077818358	1014.6470215082916	1226.4100252029596	1226.0897443765277	1284.8490885197048	1205.124581416714	1310.0247039535564	738.8595239520776	726.7749267722473	738.6638500011419	749.0555025595226	784.5253437850085
3300047160_164	859.8020560076817	1005.6598945754472	694.7355146378999	736.0895619974502	747.133267703227	746.2282987421012	679.2093244106055	708.2499127009416	779.5147852625441	781.0502171795578	1553.1903502927034	1763.9639784519052	1795.2189970773802	1469.0376079407338	934.0444115013556	1426.2981655826711	1219.8882466692712	1034.8032047020583	0	615.4268939638533	1797.5744471958526	1950.1561528691936	1920.308099009304	1995.0651964182455	1741.3915974224017	933.6441036751828	1285.5823950228507	1652.864480643048	2098.105454531377	2090.2261516726285	1483.9926937142993	1544.450232454041	1709.6469199265425	1807.476645368831	1725.2616847432112	1425.5619815322932	1159.9562056181283	1177.4103227388282	1185.0511116333255	1180.7458203081358	0	1114.3356042033984	1784.405477175871	2092.3638738396007	2088.2885602605525	1931.820772122722	2368.709659647531	1545.3736538169999	1540.993029087403	1621.4249386558997	1337.2185253898379	1172.9776722630595	946.4015474158059	1798.031511919864	2164.124214013135	2126.867921519868	2013.1953056128232	2394.2683302277087	2194.799299920818	2218.4512492409413	1970.504697749425	2434.742031445114	1998.9147523959937	1463.256744524729	0	1070.9927282241176	852.6877163375983	690.6716262263167	1057.8902567719583	1005.0028032615604	0	0	1421.6772704515715	1438.6626455318606	1489.4579921546567	1443.3577026226665	1458.490304260287	1248.370222934449	1398.579352334273	1495.5922395000282	1677.0159163917701	1378.6734760309623	1295.4711908731917	1726.8537617016163	1424.416256601846	1586.5428732075045	1487.3865195661672	1523.874480274512	1345.871071565852	1244.6770985085195	1004.6369618506551	1163.2192793895283	1208.059837502612	1340.4510530317748	1471.7409725256398
3300047160_168	284.67610353826973	304.91566684887914	324.61549467877404	284.8194687828157	346.12294657917084	457.1219821079321	596.6594850438807	560.035532192996	372.65790891583293	372.6260915236553	438.6403603301878	441.80546866440363	460.8995708998525	461.3966132667893	390.06226441070436	450.7481206440881	410.3623960793325	367.655017190682	285.31240731543824	284.13949366297805	922.207598275063	908.4472198902512	905.0037170648902	908.6964509172581	869.3215628425379	507.81762742679103	521.8362442729431	537.3012738099982	566.156823711842	571.9455257217132	671.1890032136165	677.7730583513629	692.5112692836624	692.2771212484485	696.6130264347512	747.7834705173113	504.3500803132153	517.4092558969892	504.93722139613527	502.7660054900236	450.43429198835315	488.8539303580851	288.9962534440186	304.3776733355595	320.08319671714037	336.15991763717795	0	295.36673399418623	312.81162586338365	306.31427152633375	315.054425322808	317.3809167760516	0	315.8583959370267	370.36106776095886	345.89801539130565	349.85376355635054	450.04714448308283	442.96606522292717	453.5552118456646	468.89008395296827	362.47537811591815	341.8943917420876	321.5438904035058	0	380.3878803085909	332.61438695011634	277.74626558345403	364.11418275703494	367.65780229297815	0	0	346.70201127427913	362.0994290387782	356.8041593863938	334.1966355132543	333.5063406606809	0	375.25920761939614	389.66343710756735	381.45461181296884	719.5579706209771	705.364606575056	792.2985221262112	715.8182871676061	355.06681996133574	341.59126339998176	349.02324235332895	327.095070746424	327.5185311738309	471.57563242934447	499.1508135252288	508.7508897840022	532.9609805030203	574.3408294467179
3300047160_185	6546.401324014228	4790.901773131567	904.7442423456927	1357.2152738124041	1177.6473272203593	972.6469640822509	1150.2756089128368	1011.9973934199902	1073.7471066113746	1232.8918288875868	430.9125987498024	0	0	0	0	0	0	0	0	584.7970324811625	0	0	0	0	0	754.5676859157253	0	0	0	0	0	0	0	0	0	0	0	0	0	0	0	0	14280.626605803755	9521.101151673052	5728.622605235313	4244.285417936435	1577.6053334276369	8383.838988818048	6248.941990178245	4333.563069994378	3471.1189735858316	2833.9912141475543	2443.621080656713	2167.2163956634836	1446.4853439180222	1582.891019400855	1549.5783759042863	903.2310840500585	1005.2837154283608	730.9940019921197	772.5485512337227	0	0	0	0	742.1041903962945	600.2871953023837	696.714874325473	626.1851864291633	559.3568238503219	0	646.4384188208346	685.4010102258725	674.7068556055668	652.5066651824002	667.4265447186385	645.2080909629235	0	0	0	0	0	0	0	0	0	0	0	0	0	502.19053195918735	460.52406794574665	0	0	0
3300047160_190	8550.647337727254	18696.33719287886	11619.223039880944	7378.349737278201	7463.452583663082	6861.246167049052	4725.6618193686945	5034.614504140808	10324.619530430846	15630.886647991068	0	0	0	0	0	0	0	0	0	0	0	0	0	0	0	0	0	0	0	0	0	0	0	0	0	0	0	0	0	0	0	0	0	0	0	0	0	0	0	0	0	0	0	0	0	0	0	0	0	0	0	0	0	0	0	0	0	0	0	0	0	0	0	0	0	0	0	0	0	0	0	0	0	0	0	0	0	0	0	0	0	0	0	0	0
3300047160_197	1020.6291406859661	1074.0463466683507	1037.9190143702554	1420.0635617610344	2167.4457438405234	1420.768778387488	1596.63524870057	1066.900330991675	1652.796450161526	1712.3730698492793	496.6595709523664	582.5030333548868	788.4840600694522	1083.1923611240381	1334.462217694675	746.5660417380749	815.4580076502058	893.6234622105428	879.5905973391732	981.6085673666963	790.129844308944	864.9272585137926	900.5609391212645	927.2349769825369	1014.6728402191227	0	411.84250555064455	548.5938761711114	802.3105939802443	1053.6307764476421	875.9969388871202	853.0633633530938	863.5422056245175	837.0165987979487	871.9464591694799	976.4651912427062	947.1848428271724	938.0090917023479	940.6975807185748	981.0977507643037	927.2443554698542	963.3250692250826	768.1252668531313	791.1094862057064	808.1324937833632	924.1511597185423	859.71527420142	994.8918809846956	977.2416865603637	1045.8769330207494	1116.0514393796093	1182.5367588834927	1222.1329813277798	743.1258449030287	682.5486478263077	704.9811106795539	744.1953568830381	759.5602043094063	801.5481423597549	796.2865677696725	864.327413534414	1071.441531794401	1333.827475065953	1739.0213520052803	1856.6900099313807	1176.5239098356317	1322.7276125896237	1336.3953519460435	862.6231722967018	947.7280973629639	1000.6296045753043	1004.7699911120184	1090.857666692151	1073.5415863350818	1089.8378222871818	1048.54923446668	1088.8173048072003	1080.0487894981623	1065.7807287285489	1015.183727995513	963.2718498709248	904.8752773807996	916.8326571685819	884.9905565113144	883.9280946384093	1778.335159320748	1784.2272450414437	1839.8820793127175	1801.049565055429	1895.561838171496	1212.7258962691956	1204.3706543570154	1215.7635587464029	1197.2282351833005	1219.7658566664213
3300047160_198	0	0	479.4747757089396	0	837.0980724213914	651.4295259737618	493.4870740059145	482.5523156721382	0	0	1893.294007696755	809.6586792946985	0	0	0	0	0	0	0	0	965.7925976883761	866.623117195868	558.0732445785983	0	0	5119.343186037508	3396.259589651501	2032.744294998186	1239.5339897514514	546.0742126270527	0	0	0	0	0	0	0	0	0	0	0	0	0	0	0	0	0	0	0	0	0	0	0	0	0	0	0	0	0	0	0	0	0	0	0	0	0	0	0	0	0	0	0	0	0	0	0	0	0	0	0	0	0	0	0	0	0	0	0	0	0	0	0	0	0
3300047160_203	0	779.2387714190894	0	550.3996578935702	0	507.3062232071059	0	722.1951299963088	953.679837098879	872.0065516918122	1679.4520696135871	1730.676943176869	1404.9619371241386	1109.6155624059086	0	823.5894206332413	0	0	0	0	0	0	0	0	0	0	739.3918185778053	900.916423192731	867.644151947818	760.1160110349488	2192.354974906392	2231.178260694473	2482.4251075814573	2550.0943520307746	2086.218005735606	1577.9616060826966	1883.2652604119353	1890.4839244058564	1916.3994589835443	1790.348982896577	1548.4703206158854	1493.2337160394045	834.7499711764905	835.8410881447937	0	0	0	1188.609141195107	1085.3948552397267	997.0260526786122	826.0169036431108	0	0	0	856.8318020578096	729.4619076424385	0	1130.9088451311472	1000.1682100310152	955.7327831184925	0	701.2607948921318	0	0	0	0	0	0	0	0	0	0	0	0	0	0	0	0	976.6928922955561	1035.1493143970752	1190.6300473601905	1131.3843406121093	1087.3317847631326	1265.3388163158743	0	0	0	0	0	0	952.9818614305588	1003.6505434809171	1116.1402752322053	1150.8638220945554	1280.7914161723245
3300047160_205	1058.0622924497004	688.7303736353232	1039.5429155860395	1099.1265575853379	1048.411224078653	1041.4552126542503	591.366791343206	644.6366862924966	0	0	0	0	0	0	0	0	0	0	0	0	0	0	0	0	0	798.0366308740231	0	0	0	0	721.3206001783541	734.8264699366044	715.0264787974247	695.6582896659802	667.1456467176955	678.3939144370615	0	0	622.8851978802221	0	0	597.4383705018789	2258.923128071427	1392.230413342454	776.7820105600907	0	0	794.6687025107198	0	0	0	0	0	1126.550392668348	1120.8797168966314	1114.4691120816244	1118.4043323302485	0	0	0	0	0	0	0	0	0	0	0	0	0	0	0	1255.6647925934521	1301.6311267658014	1179.46738076961	1214.323256941934	1090.6443786856562	1593.180847478979	1473.1187494077612	1494.0870694159096	1524.047289205538	920.0951303930864	868.8304338186344	903.9723809208465	0	969.5267310136039	992.9702460021059	987.2757613525504	945.2695507261129	966.0054347317115	1024.6763385445909	1073.8243088840477	1098.5490210167752	1067.2806862934428	1094.496490153642
3300047160_209	1492.499919751948	2034.4365304656008	1709.2404852688169	1748.9308061432948	1062.7312530349027	2349.4901856129704	2242.662941713503	2759.222431584582	1104.4779474521144	1119.625164690314	1479.2667309401115	1304.87813034985	1453.3425858639184	1730.698798876621	2147.555115846172	2031.096227379916	1941.153833868517	2117.2868835872846	1884.1846432861212	2210.3925049778272	3708.312231624912	3823.1541907105557	3916.7774683389443	4232.372583771151	4611.236229512239	1905.3977748482655	1704.4066209182906	1485.6745262353195	1621.463859970921	1646.0596474543597	2039.739091542535	1904.87123725905	1831.0807015726648	1760.389993259233	1947.9593740025086	2160.2827840060213	2077.1259196796154	2133.485055893471	2097.8461307170364	2120.4869053112307	2248.808572800925	2311.067158136994	1453.9352506727266	1524.4317445770469	1524.8050212791743	1624.7800944473586	1322.738108828873	1327.426787250955	1385.2256617782855	1444.9648781412286	1513.2764347041132	1640.1324133495827	1786.583933777678	976.9840597156427	954.5540423712134	887.232403180016	934.428170671844	1364.2804462197505	1386.5287730205766	1322.7825589549998	1479.2628373272953	1540.2247666631058	1602.6940575115646	1965.5732823451995	2082.6805817344984	1955.801147529591	1936.4123095786465	2081.162164193272	1816.7547186143931	1875.0364713224076	1839.1093035947954	1917.2410275389127	1906.5911292243477	1911.0878082480058	1932.8711696581731	1917.851971756899	1999.0196855208324	1717.576944246658	1712.551585724434	1568.517906687658	1517.8301379952334	2404.9388528675977	2346.5099810560873	2467.157708190739	2438.1693704678682	714.0655630332877	738.9897993734679	799.1152589333306	765.5486266630814	875.7084879258126	1915.8568563640292	1838.2223693266171	1856.0900707298215	1828.8386891033665	1827.066746051191
3300047160_211	2016.7433476964682	1773.0320222953883	1298.6326718302882	1893.9155234199475	1992.2791582457073	1493.4495659700199	2233.0165606056644	1374.9521345016374	2289.613999643316	2030.2952192647776	5486.880770565492	4566.70259918037	3085.0483398114784	1763.7540840833155	873.2145531379911	1787.0000894325392	1311.6992266238262	961.3395375243847	0	0	2414.47772345292	2427.0187300931984	2136.9869274319285	1785.3160882431448	1295.1503651788432	4463.297763363588	5880.011987016918	6229.367954530116	5538.099072877865	3520.297152672179	5413.885334494076	5610.528860768665	6135.261456697913	5300.291166670409	3888.7695597297006	2544.2212177608944	2664.3949580543276	2680.716309870689	2555.4755379207145	2504.3656374345383	1795.9739800650877	1974.2890713472266	4609.907639367786	4693.738003159781	3981.3316711172174	3013.495661226442	2663.9172455189937	5443.869982077571	5031.464560334723	4114.1481578661615	2990.842353698492	2091.3516513634277	1522.173805606763	7802.209230611954	9590.503683195884	8821.209153616905	7295.391346463924	8400.130118374844	6689.368677880548	5966.7374166616755	3972.84280835841	3740.300745051445	2338.487148137517	1301.386754014353	0	2277.135103542119	1389.4851134417777	1027.5173580756853	2008.4372040335143	1736.276662860752	1368.6965988736401	965.3424123341164	3817.651760643727	3914.0616765875498	3671.7339592330873	3549.344954717556	3102.6407198410047	4449.302622683318	5472.707651477896	6086.34111030335	6683.664807517246	2670.338265651253	2523.66995653642	3360.4659146604627	2774.8320817979934	6462.38952598667	5676.743861920403	4865.75784491515	3673.5345800483283	2734.7383004706967	2913.4935891806913	3484.992891461841	3805.309039765069	3911.778364116766	4176.000733401073
3300047160_212	4715.129655174424	5278.956342616679	4484.1681736150695	4062.4655877793925	3083.5571405026444	4671.021487721311	5171.740957017913	6566.48518400409	3525.961596982294	3986.2515570057353	2420.6769617065434	2246.070811036064	2214.266019908298	2221.504156608992	2323.6667208300764	3612.1168409423517	3752.397814091682	3644.40835309767	3853.8634533220684	5295.1832086648865	3913.889179820001	3885.264572110803	3843.4055321242136	3992.6882825791563	4372.288398010678	1552.6437715727852	1301.9350160129245	1336.584953674464	1686.4944586276104	1615.5811049357194	2462.3641483469582	2219.1687491658704	1988.3303017722433	1709.3674281071	1807.2451125887071	1896.9563778976733	2497.9011995664287	2447.4932318309684	2460.254403255152	2442.8360007453357	2644.2549872075765	2537.333454555409	3837.0802009721624	3600.521216864697	3271.264369607447	3555.07925883402	1903.9953530589373	2709.981237472836	2651.9462798639674	2469.4876417717333	2375.6877160326476	2505.0477071576915	2641.6242316124017	1630.2613678382588	1155.4743238752974	1245.170767502774	1140.1655511614954	1179.6974795638077	1249.6906231140053	1038.288574655051	1085.6501404100861	2397.0363346573236	2252.5618699055804	2117.5659982479438	2198.347571345869	3260.1987710173094	3125.3989970800426	3493.3263407008913	2861.59961325369	2868.9494651906484	2806.6204400870283	3139.8131837195874	2416.158181161464	2328.017298771257	2260.598116657022	2306.153486589707	2303.371865439656	2340.723706053813	2105.8327938422426	1823.5991911884364	1725.5345665082284	3227.61100578115	3284.3162958745106	2463.7909251965925	2800.0737628090924	1056.6868003895581	1099.0115465969827	1045.767343265783	999.5513843196802	998.3157430174567	2646.9021920178234	2389.5934563044107	2262.8379216393264	2013.660524021894	1911.9139768188738
3300047160_214	953.3678262906506	1019.8201800110578	728.5013191324189	1335.7111290176508	1619.726475333268	771.7802622929695	1055.2049707605593	711.8524603232443	1417.2676863286658	1572.3084046697516	0	0	0	0	374.9862062280753	0	0	0	0	720.8683911954749	0	0	0	0	0	0	0	0	0	0	0	0	0	0	0	0	527.4974071789329	0	517.1695824473231	531.0771727312666	0	609.6330251194385	0	0	0	0	0	0	0	430.5518896068487	427.5633550089511	515.4196049940712	620.3439073857909	0	0	0	0	460.6924801262122	0	0	0	0	0	442.51743688159337	675.2996766941454	708.6777528697168	812.9971753946089	1076.12463555309	453.9877301964993	472.61451134192095	0	660.3699746812506	421.0209053045056	408.1864803882306	0	0	0	0	0	0	0	0	0	299.37262599968653	0	583.4044395265869	610.8323774573122	609.4980243178579	604.8421430786923	620.4645071368211	468.7704202512033	459.05579069088486	414.60306295333	0	0
3300047160_215	1338.8528053133866	1309.843754130755	1093.9361637717816	1197.670516118423	1174.1574832487488	1103.0843859846132	1017.8720304666995	1097.6078407183247	1442.0777336849476	1379.448048470593	836.1981618092897	1099.2064692549513	1355.4847060642321	1693.0704718461516	1508.4781626854199	1411.9542369960084	1435.1408837224283	1452.8504437345434	1234.368627468113	1290.3146703367743	1170.3942475325118	1286.7276322820458	1341.8146329906956	1400.1057351098923	1448.7142291588348	587.660021232348	674.3971149132296	850.8515522357927	1187.5921785521768	1574.66026975374	1270.6629323594766	1312.3522665858775	1389.2201417768117	1427.2659567331357	1412.5984069395752	1612.9406450084496	1284.0130791605984	1253.140288192993	1347.0898655659598	1321.3330130888364	1208.190614598526	1358.5785682389007	1220.5486898706545	1430.233965242817	1471.2755590966253	1495.5926196928492	1995.1703279096923	1032.081906242303	1082.0512946290144	1146.1302521985606	1176.1321880351472	1119.8190612182625	1002.1614233120703	1479.4635666395588	1404.9889621986608	1488.6369646420933	1505.9946287212538	1564.2080914786316	1511.513531778665	1516.639572794727	1579.9610924386816	1403.8438581196758	1630.9042191321855	1702.6497637541324	1344.1473104947984	1224.967416280214	1179.7645538101772	1096.7316904946874	1226.2822619473752	1230.5932410550947	1277.0556268966805	1163.2060729290245	1280.8394987157146	1314.6019163353155	1239.5935755895373	1304.4502713744253	1284.7052904431425	1180.2232336886946	1211.6099544766587	1241.8561479234193	1318.4822944819107	1317.4835644842774	1315.6804033881428	1483.081816388964	1438.9253294634177	1291.825222192504	1292.8681823055597	1341.2473454050717	1456.3625083592137	1384.2949114046328	1025.392609735699	1160.4908504718082	1166.0512685069007	1153.9096921128107	1217.2874031832232
3300047160_219	4798.24233362626	5791.142611015109	6070.050214293677	6267.388121691606	6006.243386327705	6510.601190434229	6326.479053319287	6894.050702970678	5223.825080693045	5511.207765961225	12770.004096968125	8562.425025918876	6256.283815907932	6270.686355585231	7040.427105355183	6130.708786490525	5656.443463287122	5186.738098851455	4887.212502198735	5554.316231503199	4290.627694005291	4230.214615071576	3939.950350260352	3751.3890037417796	3578.6127346175467	7985.751850612594	8457.020772450098	7201.458845352884	5891.082193017075	4614.172209765996	5199.742562975624	5232.251014381505	4995.097395325795	4946.799275104878	5269.840734466672	5928.397316074988	7416.309870096767	7632.913123415794	7516.017209765607	7550.817914685523	8061.0725915640305	8166.4312069399875	3868.4315394984555	4196.613282583483	4017.081914064537	4271.544140615073	3634.507002933186	5402.125208006612	5335.481911974758	5530.041526006729	5869.273901524233	6161.899048887866	6631.843151880666	3535.9017080098943	3263.5941982483746	3297.6602277736583	3146.372279222603	3388.07411774901	3543.2138648412542	3453.716506779473	3698.4343211079868	4809.022117029394	4184.487415580987	4583.961086915032	4686.004980549396	5184.940663748524	4474.64823722736	4598.837811853571	6652.242794877578	6571.959129340096	5806.17606373259	5938.655330835944	4146.951498697274	4044.761829938317	4196.4568625684515	4137.6037970639345	4233.2369816797	4850.381788920107	4743.251080384824	4430.212942690961	4385.78067390651	6056.146387814446	5985.104620343909	6002.835222631018	5933.306309776451	4319.470710427839	4455.0521678163705	4510.515294658859	4619.9715774612305	5006.926031276684	5321.665365880608	5458.726799214547	5467.249952151048	5335.13548603314	5494.245929417258
3300047160_221	1308.2203625641037	1709.771036775819	1710.6044349105537	5331.481266920968	3358.8395662238686	1378.0345362964695	756.9835351973223	796.4673441521962	0	0	0	0	0	0	0	0	0	0	0	1149.4737974222821	0	0	0	0	0	0	0	0	0	0	0	0	0	0	0	0	0	0	0	0	0	0	5207.785608568218	4531.639643892997	3894.3875893976106	3561.9693826294756	2496.581822407912	2426.6327361416647	2100.6389081858297	1669.680724635601	1579.565302593268	1534.7504719865315	1608.482170228244	0	0	0	0	0	0	0	0	0	0	0	0	0	0	0	1493.8813338964355	1663.3377731655714	1478.5802508392364	1760.7269009263193	0	0	0	0	0	0	0	0	0	0	0	0	0	1304.9387004983462	1356.0934054742447	1335.8322568044048	1288.1906115410843	1375.0880393890038	0	0	0	0	0
3300047160_228	3702.418924348901	3611.5708090327826	1804.0566089224815	2496.0600493824436	2919.5360600156932	2069.1630996787458	4116.708485362257	2299.066872316906	3210.744243925423	3320.8808125758437	1274.0390437554079	1614.4483727051913	2111.863980580797	2836.480551179245	2864.8134540840797	1669.9730919376104	1823.4053641200103	1963.2981216734152	1767.2767511578697	1847.464299327821	1530.8629109747392	1703.230603418756	1803.4874990020521	1912.015843416542	2069.042413506891	0	0	0	1725.5793050241111	2112.1967564083734	2548.502336922541	2554.3687205631527	2504.789295615576	2656.8640850870074	2801.8232981935253	3074.9468387809306	1723.7630723002635	1790.5772641182875	1776.4491001550014	1867.0772111116414	0	1829.6912463279193	2309.607218490299	2320.807846579517	2456.9269415011513	2480.1409327077176	3075.3746910493383	4711.116847429072	4886.418814907109	5237.882821002526	5225.783167496026	5383.468304679816	5273.9812234314895	3748.4123863942655	3785.02143826025	3638.55300760399	3798.489783997057	4066.2611063353743	4010.837899560293	4229.763488466936	4088.4373541912832	1742.3300322288135	2373.3047102190276	2739.784622991525	2445.3197506770925	2311.24550629092	2421.469231972054	2355.328552405355	2024.8844314438234	2158.19042659587	2138.33928178966	2053.8517178996476	3125.6987619459205	3005.4394988079334	3052.1413248464914	3167.984287804708	3200.855075792924	3044.909562591619	3024.2556740855075	2897.922869172277	2977.7683613389095	1734.2225926695025	1719.784474970394	1885.424849469686	0	3083.9159366843787	2886.093703795521	3251.1570962772307	3176.4372477715206	3401.2809669124385	2287.52571333184	2243.4202002253787	2273.2720645396034	2236.4308096803693	2289.75750840118
3300047160_234	1423.9981134801867	2083.558251736831	1079.7502274448484	1419.8485965731038	1024.4677821791486	1639.4365310709932	1555.4436018209858	1942.1963343988323	1693.2236094541547	2014.4951288553805	494.15834633854416	0	0	0	462.4746447490384	554.1356411946826	623.7040311502973	585.4084229799981	650.4261536303663	974.3275656552462	1024.5138383604985	1044.4118227807896	1008.5445341525731	1086.306874816628	1131.0463365703179	0	0	0	0	0	485.6275881743297	0	0	0	0	357.3513630874086	577.2725101911251	595.708469287184	569.348371059179	564.5998823023443	0	615.4283813365475	0	0	0	0	0	0	0	0	0	0	0	0	0	0	0	0	0	0	0	387.28200833297484	0	450.2444970006059	561.6207664006356	811.1836314456415	781.6802361527226	935.3200207021373	701.4521781538832	713.5656343769535	678.0255087183814	816.0139171457982	482.64877262996083	471.5465054496822	0	0	0	0	0	0	0	779.2482601804174	823.677359821477	560.2060146445011	0	0	0	0	0	0	709.2660105210518	659.2882040703417	617.0393127465462	0	474.1171090021362
3300047160_238	7723.408469669123	0	2322.9027867104633	2517.402493346982	0	0	0	0	0	0	0	0	0	0	0	0	0	0	0	0	0	0	0	0	0	0	0	0	0	0	0	0	0	0	0	0	0	0	0	0	0	0	35963.673327019016	18811.3327702493	9628.833329566545	5481.9682586553	0	3500.485968292582	0	0	0	0	0	0	0	0	0	0	0	0	0	0	0	0	0	0	0	0	0	0	0	0	0	0	0	0	0	0	0	0	0	0	0	0	0	0	0	0	0	0	0	0	0	0	0
3300047160_250	1977.4509781673244	2144.114741207079	1796.1269411089554	2210.3850698860356	1970.4016146597269	1771.4341298286924	1594.9735130363028	1666.5026880005898	2147.261407428851	2087.6745445318265	2536.978850953673	3544.2484813921133	3737.7766829947113	3657.0069955032063	2881.433526508198	3071.669673043402	3018.3573319268107	2664.1518082926077	1886.8196035122442	1992.1093617272727	2704.4593929372045	2893.8102523784182	2952.989414267356	2972.4435537723134	2680.4433738392613	1701.5402321061429	2300.9081685048886	2830.6965034940013	3605.738362000098	3872.5784071095036	3186.3793055138085	3142.5111646448922	3318.6121471085694	3686.5690954499655	3609.600805127572	3486.8520604887135	2695.709451855594	2771.7987683790316	2552.5629594488832	2687.538703763705	2384.0571430294253	2472.365998729325	3033.1696161627515	3223.1600492291213	3201.5580932309404	3357.9580638609245	4143.401224668706	3163.116720834898	3373.7377619348304	3296.968358500554	3215.3107016244276	2769.592802547194	2348.2448250858674	3591.429699886808	4209.940759749503	3897.6123532564666	3726.8517908322806	3956.9970156792265	4035.8315129890293	3930.5926000794893	3722.822141392956	3910.782617558652	3603.232577317467	3232.8576533573873	2186.227981902329	2668.9229790623845	2414.1881490907213	1937.832045112275	2668.2601554021894	2594.494192613887	2504.160537676185	1974.7383664503616	2895.4507249294743	3093.2309809939743	3010.9113778353776	3072.5396713993114	3028.03081417418	2794.389942026868	3111.766837523854	3199.261941440067	3536.3565718710456	3024.255119469911	2939.548174965503	3391.3193028688606	3015.343923026663	3592.870429755694	3589.200574133405	3536.797640477957	3373.060893429234	3186.908288817577	2270.6102651585547	2559.703573594884	2694.8382069021645	2805.060904610417	3059.216968420915
3300047160_259	2912.4741684973897	1088.9774483525857	2135.6323582701643	3003.3234223523796	2017.0740388672725	2067.0992008340045	2919.8040200249775	3414.170769178924	3989.8509736462165	4637.590649420035	0	0	0	0	0	0	0	0	0	1130.3438046613066	0	0	0	0	0	0	0	0	0	0	1486.784011522287	0	0	0	0	0	0	0	0	0	0	1317.467261113243	0	0	0	0	0	0	0	0	0	0	1567.4415900264469	0	0	0	0	0	0	0	0	0	0	0	0	0	0	1679.9693203494148	0	0	0	0	3167.173554455693	2834.5357182937214	2544.22094909485	2635.159565130567	2796.6660840639706	0	0	0	0	0	0	0	0	0	0	0	0	0	0	0	0	0	0
3300047160_262	2759.809608048725	3518.076678549322	5430.68587872357	4311.532391338065	3806.069059544229	5049.403964133219	4100.209918998667	5677.871327272639	4215.2523752871475	4179.090925212249	13191.945199556414	8279.889929638188	6408.767594622625	6248.1344167658845	6160.864927612977	6189.943547596782	5231.795804892112	4859.166014039189	3973.099149150914	3913.713943069307	4877.904717121943	4898.649622508144	4575.874768441054	4542.183650033392	4187.304707526612	9798.687179217477	9065.6803944929	7228.546118408266	5838.669796051011	4652.371778578682	5474.418062237882	5367.363245640542	5461.402332819436	5413.661193321354	5852.01391115641	6928.2280398199355	5375.148663130419	5417.439470694883	5704.162866436995	5680.348751752443	5770.564717234578	6021.208056443762	3657.6677205421834	3752.8714586558667	3649.4974279075473	3707.964954360712	3476.474156018833	3985.744413515217	4250.925612865877	4337.426811463827	4387.448230301549	4561.909691254958	4746.385994514752	2558.5804952101125	2647.895065750525	2351.7812154205276	2583.609608601585	2950.7114986746196	3048.203439459735	3093.6211220481405	3212.727047991877	5815.3662679375875	4938.426390737059	5166.978998888112	4146.9793266094885	4556.991885145153	3785.0612857652673	3399.115285941285	7081.431446034484	7012.390846525037	6147.020117984045	5567.231562840501	4005.2909426715255	4307.380367226076	4312.690056351429	4259.4336523175125	4488.023995928855	4645.539550964498	4601.947701908552	4601.811954584479	4522.214952505576	5807.952078754233	5579.501279187114	6233.9872237235795	5593.018457356303	3525.568747507221	3716.8653730367973	3890.0717526009307	3810.792785945774	4227.628159538999	4763.377453663884	4835.777684435857	4867.886543498863	4922.975175875475	5164.7794076904875
3300047160_266	1823.0897373543487	1183.7768610896817	0	0	0	0	0	0	0	0	0	0	0	0	0	0	0	0	0	0	0	0	0	0	0	0	0	0	0	0	0	0	0	0	0	0	0	0	0	0	0	0	4800.814022176687	3156.651534617556	1764.2217668533042	1024.0560305631843	0	5192.39203385296	4058.8617157677254	3124.7299923925807	2487.085776029778	1913.7964428800226	1477.6223876530014	1043.576435206113	994.47639240745	951.2652942987612	973.22734332768	1540.0979420417564	1605.695361009195	1600.9059213351811	1696.275297071004	0	0	0	0	0	0	0	0	0	0	0	0	0	0	0	0	0	0	0	0	0	0	0	0	0	0	0	0	0	0	0	0	0	0
3300047160_267	1408.7480130500296	967.1508513998925	1309.0467438710282	1627.1593949022938	2325.6684900992004	1459.6804093489473	1449.0241271650207	1290.2818085908293	1570.0905808030577	1520.8206752778528	2121.489898125737	2226.0636182041117	2047.8499027498021	1767.746965633821	1183.9402034851917	1525.8255875558275	1372.6617618611913	1132.3344830820604	820.3340092603671	783.1590392762828	2483.7003737749983	2583.4890380209367	2469.121773236953	2290.921184319887	2001.8330091479481	2547.3352867499075	2799.1223199278365	2804.0807023274847	3095.5514472701375	2739.526602039218	2367.595768010191	2493.75794532847	2644.1916094489957	2652.1236625459023	2421.6744509811183	2185.1620816725454	2176.3090891528386	2186.3651980674576	2232.077211343801	2144.400491026433	1860.2626741113397	1957.4633710185346	2012.5156637869727	2171.7159310805414	2146.0938311032696	2046.4883734717669	2085.3662037736217	2289.7847201413883	2331.6170474367455	2225.5441165440516	2079.4124776433764	1787.7741104873558	1439.6964423279271	2717.801482818887	3099.661578463271	2995.7299680654774	2879.165586204826	2557.7533347417248	2452.0936068173332	2374.793563144705	2089.335584934137	2867.5857344676283	2412.5214937630776	1841.6022823672838	1157.526265228549	2422.6281571699997	1700.8944403297917	1434.0172383397796	1927.3599444693841	1736.8461562370865	1487.5498962028012	1278.3880536099896	1855.0954215863449	1945.3642206924274	1820.6961639084677	1847.3761552597105	1766.7742749415781	2313.7416930084355	2469.286693821919	2629.7116334019793	2764.0529649555792	1867.827757131928	1820.391665167422	2061.124979720302	1812.4919421665415	3344.3819472174164	3267.4058954140187	3176.6736218437186	2853.258438506859	2599.407802059136	1832.0807573471016	2032.9852895235845	2229.4186031968825	2199.5772476378247	2379.7730464132255
3300047160_27	4960.70705804064	5053.427541404517	4688.589839639553	5206.799144539634	5335.630072746418	3997.55563709638	3925.873265606159	3905.621572997535	5494.997829009881	5467.1242720823975	2416.722679411783	3118.7678315275016	4296.398669095627	6381.160827342051	7392.453417455454	4426.696971697918	4833.6212136186805	5277.219362178041	4855.084824989489	5208.488077170232	2869.3192221801387	3194.640014173376	3375.8478450659554	3751.4165007772776	3955.5905958819103	866.8858595511749	1483.5143422449912	1926.5039858886432	2943.0699942394663	4066.936723210646	3836.331481501968	3849.2151266292367	3930.3655242878303	4021.3614607787913	4268.153952334628	4994.598077184416	4962.925911304062	4955.160556874779	5029.8657294008035	5181.79206955031	4887.732303747551	5471.020498727586	3944.058414244748	4268.139314855108	4509.4344563611285	4819.870080692608	5858.464040132088	4008.6254846867505	4011.8089606264216	4474.184658756188	4635.402274347993	4830.576712861627	4642.133855025659	4558.785953471904	4716.120502276975	4703.683501091936	4647.030810190476	4976.2863451804415	4915.876119210136	5075.26011145261	5200.138890374752	4024.584276614992	5306.954176652219	6569.221696562044	6114.564489902181	4544.406820610408	5119.343510588307	5161.925630778665	4771.087703450253	5089.439349494069	5217.208981001258	4975.263150950753	4378.030095882327	4348.707411669262	4476.433193171841	4492.124140496152	4649.625214987473	4005.3935401719746	4278.272571079489	4154.248558645376	4252.749679433031	4372.1901474070255	4247.6609499597525	4892.745258816676	4420.232800892752	5269.639758587004	5465.115793692074	5765.949576745005	5738.495803702764	6338.440137363693	3714.4494766985126	3922.919685466922	3922.1074844255186	3844.6213479338007	4106.235125341249
3300047160_274	634.1960648388709	0	1133.6909220343305	1077.0148562954075	1122.130077701407	1179.0872232172405	1201.427053966924	855.8574754379997	1182.0282924196363	1254.5198844346728	2096.6464129330348	1411.5156584503636	0	0	0	0	0	0	0	0	0	0	0	0	0	4278.1280241907925	3116.4397683579095	2113.469139367369	1543.3233194614613	1208.9716385785346	0	0	0	0	0	0	0	0	0	0	0	0	0	0	0	0	0	0	0	0	0	0	0	0	0	0	0	0	0	0	0	1333.0194890059604	0	0	0	0	0	0	0	0	0	0	0	0	0	0	0	0	0	0	0	0	0	0	0	0	0	0	0	0	0	0	0	0	0
3300047160_283	828.969479896165	573.4005437218511	717.8183765395719	758.9894307449955	792.8342608293349	992.5118304705369	1102.8432660408673	830.7868469894628	692.8191956585985	788.6930032476347	1017.4317644023101	693.0927964427779	0	0	0	687.8848249957742	0	0	0	634.4726136320435	747.8479361134717	690.541203304622	0	0	0	2326.3264106829074	1512.7180195660821	1076.8173986664622	908.7911860602707	646.6449461290462	0	0	0	0	0	0	0	0	0	0	0	0	0	0	0	0	0	0	0	0	0	0	0	0	0	0	0	0	0	0	0	648.2300563536531	0	0	0	900.4974823904969	0	623.7196838571958	664.3649262703744	0	0	0	571.2037537661937	598.0492234701353	0	0	0	0	0	0	0	0	0	0	0	0	0	0	0	0	702.1288319251693	643.4405678524246	648.3086330994593	0	0
3300047160_298	1911.7896515016466	1681.0488645512203	2272.5758112315975	2760.5766903068807	2712.450952216141	2390.7373181041826	2337.478788862003	1822.3162615364317	2799.7459292211533	2574.023912419852	5178.184869531269	4378.117304208645	3798.096829244117	2733.7927952482687	1626.6004340193049	2464.844000309411	1872.615049858154	1508.5333586918905	992.685912140345	831.9825353107726	3895.9470216657205	3551.8209588907393	3162.9656060918073	2991.678154375303	2449.787767214029	8327.432547311257	6297.807614553693	4745.256149836219	4277.0564672038545	3546.911065096157	3746.586451698849	3955.563292382403	4507.661437841864	4685.086094515693	4378.455917305184	3807.0004554284546	2514.900864234093	2629.1184733070986	2642.1012955972687	2612.0544009236305	2208.5596120859504	2416.8623523193637	4443.3191630336105	4320.504939968227	3811.460311888241	3362.48207272475	2791.446531485219	4580.001061013915	4532.94489690794	4183.3060481919565	3597.57983331343	2828.3464797960473	2308.3600082777157	4082.9003356305266	5142.954879914005	4591.863182635573	4497.556793913432	5932.886072233651	5345.029696881471	5685.274186331763	4880.637371515838	4472.455625899049	3322.4940423383327	2428.2489732506738	1318.4009205993464	2997.2648461775075	2069.0548157404974	1617.6466829640322	2947.816794000243	2631.425419455793	2111.7044968062164	1646.423528421247	3889.6805899227675	4097.965493136439	4114.991702721374	4087.550738729651	3985.703286819894	4494.925586375662	5119.221116168688	5708.095607024328	6042.10550550604	3790.642465965082	3633.0055122035833	4958.222358799156	3949.130984376544	5495.989051858375	5524.72297404524	5397.293179471236	4795.634738479686	4393.899071221239	3305.8106356623275	3831.919196171421	3966.0634618544987	4288.279191156712	4832.96093584786
3300047160_300	1735.4432759128317	1316.7451896387886	1391.7671520017634	2337.4205411676126	2388.610374249011	1758.88154811981	1731.902852287552	1332.677236254073	2127.217762987159	2166.1880449127457	2300.7284645430314	1827.4720794607035	1840.404223033253	2002.2067404104328	1986.5787556510656	1198.453613170914	1067.366575568896	1058.18344234577	910.7596342115542	854.5131249570896	1637.6698648255124	1641.564363467021	1559.2749514624845	1646.890311740623	1493.1406442744724	2728.4965848044694	2349.3717279039656	1819.0480104449503	1693.4070732031107	1673.9361085508149	1491.9196804124465	1418.198100385661	1511.1296531387914	1543.8295621589946	1693.4413158011403	1782.4731870563223	1330.8048233238828	1369.2604481965006	1353.2515023530152	1397.982518963982	1295.5966085198515	1389.0118695014298	1407.8303846410786	1502.3993143684818	1486.9344558030239	1578.8368956949494	1418.5295493699678	1926.5210976606027	1933.3161413773287	2050.6860637709683	2063.43720972231	2104.250234645855	2038.524427564809	1731.9399736541607	1787.726504392676	1772.1752326461872	1812.0154201284622	1601.0997531716082	1628.4885556301413	1662.9024758326238	1752.7236947325164	1985.815753576354	1984.6314583821022	2065.224855968992	1750.0798931441072	1931.239548726628	1655.1543075720958	1448.48154333678	1646.0457649674183	1615.5947817253875	1525.5220547954384	1368.9865401423217	2106.962963145134	2189.099660661777	2201.1088338988357	2213.510230376915	2310.70115556224	2442.9440422708294	2370.856163400785	2370.045306262948	2401.2679421563726	1407.0647324199772	1400.7507854622015	1592.9059821439364	1475.2797638003904	2506.5165205107137	2631.751751224012	2663.480606920283	2684.8853144086615	2829.9384648463283	1743.2233839772657	1723.2977907638203	1714.971443325096	1785.2678242071606	1919.7605448374297
3300047160_301	0	0	0	0	0	0	0	0	0	0	4684.326294126175	3898.756863104784	2504.0160915627725	1500.3584538911887	0	1803.6425256564291	0	0	0	0	0	1257.836019180543	0	0	0	3881.222729486822	3757.3501630979745	3457.6948965615757	3497.6360459422067	2320.1089215013503	0	0	0	0	0	1200.6561453154543	0	0	0	0	0	0	3345.4081479459587	2458.02879112546	0	0	0	0	0	0	0	0	0	0	0	0	0	0	0	0	0	2816.810200000677	1636.2012398264426	0	0	0	0	0	0	0	0	0	0	0	0	0	0	0	0	0	0	0	0	1034.7549117325666	0	0	0	0	0	0	0	0	0	0	0
3300047160_303	7314.53679334339	1552.8040752174113	1842.7992662657264	1729.6556049880116	1598.9020798177646	1651.8910356740007	1182.043672052477	1304.1983389636264	0	0	1171.8915937256215	0	0	0	0	0	0	0	0	0	1118.3110536832455	745.1814096404004	0	0	0	5146.37957780017	2005.951778091469	937.9247456583987	0	0	0	0	0	0	0	0	0	0	0	0	0	0	19178.12283872004	10075.341982783773	4750.789957020663	3046.845146408568	0	13279.512327363655	6890.888286881493	3420.6616914764923	2179.5716581614593	1281.4174593029256	0	1041.1547878315405	0	755.3596902427347	0	0	0	0	0	703.6197635338983	0	0	0	1030.9421659404352	0	0	0	0	0	0	0	0	0	0	0	0	0	0	0	0	0	0	0	0	0	0	0	0	0	0	0	0	0
3300047160_304	0	0	0	0	347.6994034203302	357.6605904105867	345.6092029970828	304.32344618974815	0	0	2946.123655875984	1095.587433871303	0	0	0	0	0	0	0	0	0	0	0	0	0	7849.636687706475	3847.4050125208746	1573.071846920147	748.7907908817781	0	0	0	0	0	0	0	0	0	0	0	0	0	0	0	0	0	0	0	0	0	0	0	0	0	0	0	0	0	0	0	0	0	0	0	0	0	0	0	0	0	0	0	0	0	0	0	0	0	0	0	0	0	0	0	0	0	0	0	0	0	0	0	0	0	0
3300047160_305	651.9985604356665	487.40698130924414	666.4696774402081	596.1212626412025	555.0244133932599	762.0368935024643	814.8929312077325	844.0261409357669	461.24229602809453	447.04537014228515	899.5956606480752	1004.8897009998161	1159.737428882315	1238.006822828351	1143.114549017458	1050.5404862343999	1006.5340679138682	975.6771922848549	806.3129975725456	793.7008618214135	779.0970854059573	834.2559032379058	845.1539528941995	905.6840281119596	890.6408571877496	447.64309029639776	592.2953776884084	717.17729171078	924.5462323547847	1062.3574871566968	1093.6774778035951	1064.6770032789118	1084.8013866452045	1066.5748328996629	1174.5132222424745	1255.3932424199043	712.4737741078093	738.1866039803762	720.0107446566543	749.6324340762853	712.9931119551356	754.661069480205	636.7901016564135	690.6251728601035	717.5299603406332	760.2017155419057	701.8596826129753	548.1502583179432	552.3300762086014	568.4174239814893	588.1389071295708	592.1514936144104	549.5045370923971	786.5325673099212	842.66473633798	817.2174046320629	772.6526199142716	657.4964252429338	640.0325146413644	629.192260698825	648.2275091518276	834.4119794719512	902.6488362963505	905.877611860019	718.6908303043855	724.5782520665549	671.6552996656858	626.7741472157959	746.3411000873159	756.1398571240121	691.5304582399335	632.2763997988967	711.3126573395476	742.9398061109216	762.4789439923632	740.8807013489966	780.6431127311	870.4594080847032	874.6084827796957	863.7190832202034	918.2578844136488	1002.4327265996851	974.9760186702082	1110.2150729928703	1012.2469701065021	652.510821589504	689.9222758289585	704.5986936146276	677.0068762185438	721.0346231708492	880.370355397912	878.8580698336054	921.3649983348307	973.1633535010922	1012.6371569468748
3300047160_311	325.21498470576813	0	429.5371167745269	367.48361553720986	0	471.0205089809469	439.169307603404	730.2960729963137	713.3369291911732	603.4913365335352	1207.2875937462143	1049.792752917713	823.3407739431461	0	0	819.9957670457487	0	0	0	0	1255.70344364406	1214.1841279003677	1065.7332758385426	971.5637665792144	742.6733824470471	937.8731481042765	1079.055242564348	1028.7494823377326	951.4752162294558	629.5635187207636	2135.076046862831	2217.1934236227276	2327.8572484692386	2150.8323526161657	1723.7791328291928	1311.9806476171862	730.6241183587027	742.0626380148774	671.6875727717245	689.6204727333967	0	550.9522974977599	889.6200469985782	990.7321026916619	919.5913115797907	765.3418223724367	0	617.1367906005448	0	0	0	0	0	955.532576354565	1233.301902364375	1081.2168347067973	944.6980756640648	1187.0209550512313	1035.766088306239	886.4473897960831	0	750.9722585244083	0	0	0	0	0	0	0	0	0	0	683.1522054953891	746.1980227271085	699.1892862489867	678.9946154379485	0	1043.7722892893007	1177.1272422184932	1253.9010851861788	1423.7180093691043	1038.7431899701432	1043.077369718047	1374.0698107034252	1083.4772071831806	604.0699135105363	589.8552316515884	0	0	0	765.1548810498522	841.9980512861177	920.2306333855497	970.4667689503136	1051.0784366843784
3300047160_316	1310.6660108929816	1303.9575772341675	1072.132270029277	1309.0255433678471	1303.5493085495	1275.7202309911913	1199.2447747619055	1183.24021088096	1023.1686886792952	1061.5489278663244	1366.4480492873581	1006.6544094556526	885.5230100990772	904.7706252471313	1088.9711676361524	986.1245543522876	906.5309840921551	872.2027591976398	796.2541190273621	908.8549995117238	1391.6522758891315	1400.0641986472924	1410.5570416340674	1440.342865674583	1484.9268831484956	1174.0354913289561	1154.5864495730932	1016.7764833027958	996.053037059638	893.3768230228545	873.8242034558491	849.0457152491206	844.3504088918895	820.4476386183939	831.3589985680619	966.7097146709764	1067.599556804221	1044.1046251590424	1087.214331710225	1109.6077525855262	1089.5760464655039	1169.1679842761916	1857.5675453405445	1758.2317420530155	1536.6638513116138	1431.8272643222633	1176.5575872475613	1476.7086507139986	1447.0000331641027	1341.9229361110447	1288.9276900577731	1294.8381613542838	1252.3785882516825	883.1888520831327	778.8959153773919	820.1855438111886	818.4267878634805	903.7349252476677	945.9958440988948	936.334283060356	971.6604663541357	1013.4204409579651	941.9822066184197	1024.0771100109548	1107.9444545079587	1257.801455343435	1083.655022147329	1098.0497904043657	1024.790122110035	1023.7202519167813	971.3547479024355	973.5899633968279	948.5395018748792	959.4463004747028	935.4784167979615	982.2373361773838	947.4846760358444	896.7639818928777	925.1205727122506	867.4102376244248	836.2993461542922	1031.3698067821258	1009.6525337881552	971.772121909721	980.7402009359304	849.1151193723996	936.013149971805	931.29634848895	952.7116608873106	998.1423192301984	1025.2250299775214	1033.50803409008	998.0229328019534	1000.667821487682	1017.1568377110686
3300047160_317	6653.800913645292	9633.072423720643	0	0	0	0	0	0	0	0	0	0	0	0	0	0	0	0	0	0	0	0	0	0	0	0	0	0	0	0	0	0	0	0	0	0	0	0	0	0	0	0	13053.523442488096	7145.586550337468	3648.4053569749985	2213.4078132698332	0	7089.20570240501	3812.731652990583	1985.164769532651	1187.5106566054117	790.3500710840332	0	3381.661887280905	2898.0136977933707	2961.7072794781698	3074.516018451982	5247.524255487291	5614.548103837761	4869.967927915769	5320.581601511505	0	0	0	0	0	0	0	0	0	0	0	0	0	0	0	0	0	0	0	0	0	0	0	0	0	0	0	0	0	0	0	0	0	0
3300047160_324	12627.874708523108	8195.514621927417	9039.18552224987	9428.644219327853	9893.268370315454	8575.449965690072	9127.394882850353	7981.152345415226	7359.974597060244	9017.178509532392	6050.950071238938	4488.423141629844	4240.094766992044	4207.4904198680315	3786.2339655595547	4374.31857332509	4789.702381669855	4297.344455996793	4617.024774152387	6287.796805571134	4063.8713525119842	3684.36870580572	3366.967497972032	3209.0095867575956	3272.286102458268	9836.21381428005	5425.468993389758	3605.6991847928352	3324.0753973814453	2805.627176298982	1705.66645042374	1565.8246725705346	1283.9055163114358	1081.9328555204863	1046.4170616675383	1125.1035649003336	3090.5846560175196	2963.853501205786	3005.6908514645843	2925.200705506592	3203.51438784039	3213.2302672671663	8967.041014495084	7354.2866829475925	5730.914854768782	5926.499841250826	2468.3696476473847	6682.163621565905	5999.473715034755	5445.328048448084	5358.991696194875	5424.6311863032715	5476.849730352863	2948.695761445898	1637.8322324309274	1994.2095535755502	1830.8959012175633	1436.5460190306894	1572.2753319618812	1050.6053775841192	1093.5962608107595	3568.4235809220536	3151.6655779875914	2676.9443861299656	2592.9330461234767	6745.591320197779	5682.492627847585	6362.557797695122	5277.572700626391	4721.394112163085	4558.6601859912935	4997.385669630957	2583.8984462332	2520.1400667745315	2299.3755459323665	2360.7245882283078	2215.60251872443	2192.8762686149116	1933.6378694493721	1702.9871181773165	1474.3498064926198	2492.5129292256297	2649.164289276873	1706.0489275464952	2070.280893700667	1820.4477066174209	1936.550638599203	1711.3220993393534	1649.5903772882766	1562.6438776882433	3254.8043803030855	2801.882816443353	2824.76173072063	2157.3094665754666	1855.749777366412
3300047160_328	3457.5664248693365	1932.851907383294	1392.191023995324	1910.4971452023146	1725.0832246061682	1700.535337672999	2343.9623023074078	1720.0677345119332	2734.9272866040405	2781.3758779529353	2029.9842149780598	1990.0405407739115	2179.9796512496077	2270.3085226687076	1820.0889647139093	1395.3497132335087	1355.8187013822064	1252.3233669246101	945.7709630172292	878.9166321549251	1513.8661506645983	1608.9149155183745	1575.080950956161	1539.384803649288	1522.9886943606905	2194.910591075417	2005.9166534004976	1979.5795791935648	2340.440546418398	2591.3756337250825	2620.441930409177	2681.7467432166495	2921.0523233371387	2966.5005114672063	2902.006050929956	2910.210316841085	1669.010774654595	1679.0870539069922	1688.723497387129	1736.796168091595	1575.5217179277824	1542.6986197098088	2972.8016855721476	2855.040141857353	2648.9685560833645	2581.5383327832515	2569.6129008735047	3515.1226550136694	3628.362096857072	3700.4990008542904	3501.4390719696344	3165.732963817915	2753.364140300311	5541.597688920619	5773.847484054507	6033.682401736706	5587.5085470625045	4037.5517059996173	4026.6063961081336	3928.4425238077724	3933.330609226428	2187.7464461882814	2182.0265090571147	1962.267537124535	1400.3668815345907	2064.54585680829	1607.4285493918453	1419.7114458817364	2058.5586195016376	1938.147331414688	1741.539244228326	1570.6711021096057	2722.282330124618	2805.079139729681	2678.210304941548	2723.0701760646384	2731.316326881185	2831.829265342047	2894.2837547836466	2896.3043136784845	3028.186280961009	1713.4597496618044	1673.200346442997	1873.5574279611465	1789.4574991049647	2520.139969281485	2518.705101923623	2481.680772031758	2539.2702329124218	2456.8886941826863	2016.6205036055248	2293.2864638711485	2371.4955668546627	2394.2431120356528	2514.0068478828166
3300047160_331	4151.773365107199	5274.538178648985	4854.822739755891	5594.98942575638	5250.373204529614	5621.446676356856	5942.85619568902	5651.539571041879	4369.243595814634	4503.068565076318	9355.936897290523	6046.065557722687	5078.522217091919	5251.183576518528	5498.657832829252	6032.109853221544	5138.187886306068	4721.855511446089	3985.8600658469577	4313.779193164979	9523.34647301798	9075.187262453555	8414.391964486536	8470.191514776468	7970.112983609251	16454.833347314765	13637.73112443433	9370.331814711017	6937.570665796937	5598.310203285719	5263.089860631173	4956.889371915064	5075.131774711843	5079.845015137155	5464.131921620057	6193.540245095869	5178.963831719669	5336.442571845335	5300.361290530954	5379.010467022634	5648.565389202275	5762.600122987909	5285.522963186901	5527.5811758516365	5302.899783017923	5325.259487043511	4526.08284830026	4286.3400807406115	4328.922761662312	4386.518993850625	4455.626631756295	4656.437051003099	4721.461167186983	3426.327603122191	3440.4303368081005	3335.71863562891	3371.153068567363	4273.176269608644	4335.9406905931055	4395.889755043319	4661.732771393548	5693.995018127402	5106.898878804174	5483.467870614093	5049.7238075989935	6632.697926270478	5324.587979320515	5006.469046141709	5168.89620097575	4950.4663538066625	4596.17518382417	4197.57158316351	4990.414124547511	5042.848481600749	5218.016830002199	5176.9399460832465	5266.653473092198	5187.732316400113	5034.991807085843	4834.309485059394	4898.639552866253	5670.094141870357	5494.21479365793	5846.984252308138	5649.306852728257	4550.226484754776	4794.755447531331	4846.9381891352905	4806.468320644837	5189.964380502107	4858.199152528145	5093.821375151374	4900.784484192452	5190.55166665215	5358.019561068547
3300047160_334	0	0	0	0	0	0	0	281.33435287178395	0	0	0	0	0	0	0	0	0	0	0	0	1099.0960612104145	1159.251093555298	1209.6706866955344	1303.5216236550727	1395.7354307333396	0	0	0	0	0	0	0	0	0	0	306.55601151158504	0	0	0	0	0	0	0	0	0	0	0	0	0	0	0	0	0	0	0	0	0	0	0	0	0	0	0	0	0	0	0	0	0	0	0	0	0	0	0	0	0	0	0	0	0	0	0	0	0	0	0	0	0	0	0	0	0	0	0
3300047160_335	1497.1027666558214	1528.1226663138402	1179.0255005892047	1387.2773656167374	1387.087594466987	1175.3341444203456	1086.0346787643748	1062.8756781594047	1424.9753399702709	1293.434753337277	2041.9524342209118	2236.6308690324972	2667.292808231937	2643.8670529927294	1917.571511801297	2032.4128231144446	1931.755836637689	1763.5063239120473	1278.2962150237697	1179.2129728406587	2024.094529428241	2148.784168016119	2132.2408856411707	2149.6660147422776	1984.8888461586769	1968.455165699644	1964.7914267002316	1973.8475557145398	2491.3933791810064	2782.5755948162864	1954.371201584686	1993.454121020112	2164.3169887408476	2204.472806927609	2298.086637639061	2336.7245858960805	1619.9083641563413	1624.5694835052325	1647.6601658154714	1595.6775587255509	1392.3664391227464	1548.1253366983171	2300.3631224935043	2645.743022468385	2602.5475759364053	2699.759857394704	3016.5951285092333	2102.383459700854	2242.9836447583357	2359.5266576493254	2311.8582527765457	2104.589981123098	1742.2139906612529	2639.9603834173204	3088.5437265203204	2872.3908106677072	2748.2071001289682	3003.4932108473417	3028.9008571196737	3060.0513974291493	2971.1321005364075	2721.452648934669	2916.581652875975	2599.1748017673995	1754.3351296253838	1724.1478141741995	1647.5501361914435	1347.9878908384312	1656.3645830052308	1668.3460505665562	1541.9493939412898	1221.7663459200996	2159.084441269686	2262.1103459876344	2206.7458962698456	2264.7963945822094	2228.140170158684	2146.17284536685	2114.028960762641	2192.6459547294103	2353.320597982532	1847.0820504713267	1727.2725337673999	2189.428593359503	1912.3511725164215	2529.5686102836626	2422.613944968499	2573.0745005480444	2429.319984888868	2369.721731871529	1543.3443086598006	1696.799332581306	1825.0881946614077	1917.557815141902	2052.84645467199
3300047160_342	1026.831615395901	1337.6376204246826	2553.3917305028476	1092.6556508023657	1059.309453083695	1310.823767792688	778.61419666968	1042.025213741499	784.1084056017687	769.5214045871757	1255.2924399198484	1752.270967845349	2216.4330540592273	2372.5243230130814	2033.150556511475	2020.8255238603113	2010.6587137214672	2000.457574105499	1564.0998064723422	1564.9039610812738	1172.5817731913362	1229.2987153438419	1228.3513251744819	1311.0965600859272	1294.3837443947111	0	764.8062116405741	1062.5421560211296	1495.8766861676977	1859.5160344833535	1689.7582145999172	1664.9490823829722	1901.2066401768823	1961.345267908804	1867.7003399164737	1925.0057857493573	1789.8777759493441	1833.6492945990303	1746.7377386500461	1784.7379531501963	1573.2707224700423	1768.6955596650841	1447.5135681167756	1619.7165981843796	1685.7417544392777	1677.2609417172273	1960.7169201599872	2051.407283029676	2260.5068093371056	2357.3207319858	2253.7783254219426	2101.93301514159	1840.4650576769923	1685.6539240648733	1844.9210777466967	1720.799711890052	1718.5734226031932	1898.859978726782	1772.1097419662588	1711.8921979550876	1728.1546720326105	1831.3378802347922	1904.7903693263615	1951.2127593452758	1316.6116731437996	1187.4142514103353	1154.565339574435	1051.6430141003127	3345.420153111846	3380.337576197947	3202.1946686994665	2843.8547991243413	1958.2950917766675	1986.3496850019797	2006.8600517177704	2044.354885608416	2059.465528736717	1442.6136618306787	1462.6922251896453	1457.9427387444657	1525.564955331199	2136.500177269535	2129.880457998183	2473.1100097870985	2223.095088864947	1680.168645035987	1715.254076615652	1736.7325446629957	1569.3155673977838	1643.953680380932	1644.1334057007066	1788.949376042017	1904.4675275609395	1964.3806846300097	2106.8980458208434
3300047160_343	0	0	1062.4323121481555	0	0	0	0	0	0	0	5662.739512853029	3344.031902101601	1655.9284450101404	1083.7190172481278	0	1020.4682258837322	0	0	0	0	1170.7199118417018	1198.437106901586	893.4594531314497	0	0	4567.918541489223	3262.377077782811	2377.1240339879128	1835.9191294316806	958.9860474758276	0	0	0	0	0	0	0	0	0	0	0	0	0	0	0	0	0	0	0	0	0	0	0	0	0	0	0	0	0	0	0	2821.569595074731	1822.686154872649	0	0	1706.1914456050329	0	0	1822.7361474429263	1077.1652434033467	0	0	0	0	0	0	0	0	0	0	0	0	0	0	0	0	0	0	0	0	0	0	0	0	0
3300047160_348	5008.615729891989	4358.420105808999	3843.5830705510275	4151.06449080383	4068.590606563065	3706.2009609979955	3570.5117193944197	3598.209332636772	4159.946941649775	4708.615723443477	1667.4584628905195	1505.6020184343174	1404.9743648828946	1429.468896311056	1507.7365214658385	2118.088403804006	2277.550892242545	2277.7769295385606	2432.5692151746157	3565.429617994122	2133.883939786533	2141.3242988180978	2154.7202780253974	2234.8768461832	2419.372871102208	1366.406355050568	1256.8638291219681	1239.2423990771115	1441.1768466817564	1263.2064574126123	1213.4382190121473	1120.6124532888407	975.184809237688	849.1489165171774	908.855315695233	975.187754417827	1725.7741644822217	1741.2988169135376	1790.3945098931113	1767.2584814495372	1946.6083969115325	1961.1367675605215	1575.3283546678238	1517.0007791784308	1427.9788921740746	1587.7802607952208	0	1603.178070937695	1568.8197669707129	1471.2964033767005	1572.9244355712297	1770.3153608800003	2079.4096749151713	1749.7933283744312	1178.2938887033845	1250.7360305861835	1213.5890607412482	1071.921224205153	1130.8411341357732	945.508924503016	997.5677563963048	1852.783724793292	1696.3141237668026	1675.5327148438396	2042.8180694058474	2875.1542290369143	2946.2750231142463	3481.0479769536605	2449.3629039755874	2416.533138781828	2512.3244296195194	2808.876337231077	1963.2518459609237	1831.041451568702	1904.2415414180018	1870.1346665115918	1873.2934959263237	1702.8127170976602	1651.5619231499852	1378.4401715532304	1299.517047204027	1798.6479224971224	1853.1285883224045	1451.7214963652157	1625.0196051996213	1261.8519740107965	1382.2476505069712	1316.6590795668724	1268.7999273250268	1314.3836213225402	1927.2887820462797	1768.5283726817124	1678.5624763598769	1505.6209162665507	1442.2132601876217
3300047160_352	1692.4101722777186	1624.9464456185651	1795.0516784947977	1759.0260271658813	1711.1980430049146	1825.4248637481576	1349.3442203907175	1506.8910302650952	1570.1170736462348	1643.158227010048	1410.6234653863166	1582.326381161708	1806.5340090279062	2370.2981521126585	2751.4004916951403	1926.245964700311	2036.5681013512076	2039.7017911105672	1940.07646632709	2241.5966804041377	1488.8268074234265	1623.5654605805285	1638.9715601856603	1775.502440486136	1855.041386435153	716.3151924936546	985.6066582965965	1169.9737790408044	1541.462855233643	1794.5522294722564	1648.0683443289784	1646.0867699043613	1690.5256366447438	1642.5309469269864	1834.7155010588924	1938.8112827582174	1821.56709554404	1806.497390663048	1867.9107386934386	1859.1764110031918	1755.3663282878363	1951.843469368258	1814.4198698605712	1922.351539742322	1993.5319251280466	2117.853339316733	2325.819371211529	1698.2031923764819	1719.3589112787836	1757.0618959955941	1820.7160806096374	1913.5126503898437	1934.163087092502	1703.8415095054925	1589.6022675470285	1728.833101273162	1662.4802245792787	1990.1440776794764	2115.38015109412	1883.128293429571	2037.0620506184587	1877.8859993395672	2163.283363639669	2573.7265651020784	2487.584568550425	1865.500448898946	1863.0489466504243	1849.3604346166799	1767.530031359441	1774.946669476845	1712.593406576373	1763.2662507566754	1975.3757763003653	1922.2948088752223	1934.4286892778587	1936.452086134764	1961.396918121727	1871.4691869960973	1924.1758336498576	1808.633221163713	1841.0296280855862	1852.5834845540357	1829.9564802940765	1874.3637543414818	1775.0128776658134	1758.1154356968505	1879.9121640239348	1845.500320479364	1892.3412064118716	2020.5069791792848	1973.8364922919602	1983.5423631475583	2130.443977399985	2000.603486181256	2005.8114005375326
3300047160_357	3547.6146313465906	1677.976304509766	1952.9780917923717	2420.5377837542633	2426.649589061086	2148.3364367129816	2349.7487916727687	2070.7599453890657	2955.535306789508	2771.9689233935087	3715.145664190663	4309.81560947001	4212.5800198808565	3610.0028135581924	2529.3022936613133	2425.195731468642	2095.948932854783	1809.6490543845093	1353.0537277792919	1265.7925967543426	1826.6017815626517	1935.8694688824767	1901.3115782872203	1884.3435300820793	1661.1742585224945	1701.8632309268876	2537.3431949035958	3222.3586004267595	4160.959225983026	4026.52656449915	3540.4980236994065	3674.6637712314705	3836.8257933842165	3893.2505223950047	3720.4311469878667	3453.2580561922787	2669.446598210692	2777.820936374741	2732.9912515537817	2729.1151922868416	2314.1427656574547	2497.3127563528674	3655.0357652847392	3984.360832980636	3920.585416658404	3662.3278961281367	3497.617750462973	3695.983026101838	3682.6219633376236	3457.009710857852	3172.4957987422395	2744.806391278686	2242.5972164560053	5698.736204871544	6462.494915518459	6288.347010177952	6119.430548999592	3603.759728982854	3432.9173401332773	3398.310475601243	3055.18560067223	4423.36967637556	3845.5062950578645	3168.278038774643	2026.73531813349	3060.6812035917833	2458.873400930308	2080.0279818240783	2989.5497231838067	2873.0221028436426	2520.568601414495	2077.79147856363	3140.219921256563	3213.1222698771858	3161.9209536339035	3119.288327541696	3092.1616760422453	3002.152609008246	3270.3633436256687	3429.682575103319	3648.9909199221365	2446.808165116984	2377.758948181444	2745.8042972181433	2563.1748937081006	3757.79045902268	3704.4743129006933	3649.16742436309	3380.67434497438	3152.529167173604	2680.3211585747836	2924.821930521945	3134.1676421281986	3254.3141026286676	3462.875209126342
3300047160_363	964.627508465268	1310.4096495450196	983.5638934354419	1030.7813208908647	905.6439760039128	875.0974775130495	584.8654038540599	691.9777393664042	1147.81921301952	1176.7932853798643	651.1437177535176	753.6170199613304	998.0995606858354	1525.329191533421	1785.9502654407531	1271.9934882743837	1348.2150611542295	1524.4426971611424	1388.4683459114824	1450.6456168819977	791.7873411477725	895.5022295383656	983.8806788255125	1073.9656592849303	1126.152042219945	278.6146708200368	404.6617584224394	469.11150063902915	682.070147596458	937.1343989924869	734.0403817492819	738.5032494419958	734.3215112700864	764.9217222697235	805.7014283381328	911.5803404932306	907.492352274948	908.9278183892765	935.9777883889154	971.9618506563792	903.7007841449215	995.1283356142543	962.3269829027172	1036.757151196243	1085.6458616421753	1186.0209696189345	1466.1522101471128	776.8247595785734	787.8461717084646	864.039763998158	898.5723930108076	919.8891330178233	890.3717526622634	935.2242068497543	868.3649954746475	927.2722482453569	966.7674020789224	1375.7335769507872	1399.5405930684653	1384.6969465355457	1525.5188126050778	980.4686372650339	1298.418299638851	1590.927750544085	1439.8409160445335	1040.7247819951265	1096.2514409063674	1099.700869039715	933.2217493011007	1002.122259474578	1037.0055085903305	973.7970019383148	962.9551566009263	965.4344220695327	1002.0986362947441	1018.7028468336591	1030.5935043670884	960.5874547968823	945.681911988092	949.8083084370218	970.0655473108584	1067.950602522156	1045.244051952272	1099.0423381052553	1094.5965598795176	863.4550656275792	910.7043562046385	936.4380353485292	1030.7707938030746	1117.6543791740507	812.9464066976386	862.6573508980384	875.4823167064477	832.4489399058004	872.4966722792125
3300047160_367	1940.8138993287757	2017.5270869458202	1644.5083785387578	2130.4674492802114	2463.158916035858	1575.7956694270727	1449.9671211005802	1215.4289059030518	2084.756848199782	2140.035267906987	637.5362618297129	715.9221522971725	788.397948328267	1098.957369724832	1541.4490111647513	989.3389514339038	1094.582945485765	1277.1351147365185	1301.8593326680957	1784.367504573683	872.4806080894509	892.8077757522635	931.3010741657525	993.2135836933485	1114.426684163437	0	0	0	634.6538405453053	781.4089771245161	782.0515034163374	715.6072448479626	679.6864230808854	649.1516521750242	671.1388622728412	778.4809565768843	1141.4380752271732	1211.450640998055	1218.835908624422	1194.1315613095983	1268.3360985659626	1332.6970712016623	965.4984059669645	982.7709785306641	1001.5038508602915	1059.7487134852524	0	1036.7208546958575	1069.8655591029346	1096.1824717199688	1178.5077244959843	1403.2572943224063	1525.0284809739728	1109.585550173065	977.5520436170169	962.7102967787233	942.8775151524588	1036.4522212701409	999.0126523114641	975.0943473525649	1029.532516817561	903.772636647505	1031.9897021384022	1593.8429702707924	2232.74344956489	1425.5183921209575	1576.1727240038463	1836.0027834195892	1416.183871576684	1422.1781914045691	1584.0542502683977	1697.648142187109	1322.4847076070812	1246.3330282281618	1335.9581846376948	1288.8081179243914	1364.853627390845	1163.1707526990574	1128.620705813262	1032.1507544567341	1018.9787529905673	1027.0079631343763	1025.50486907471	1029.5603729787083	977.0931854209394	1432.782622735433	1455.7780308305782	1516.769029625879	1550.0657063390315	1649.7763623658302	1186.1013919275827	1181.4749521275382	1098.563076007659	1003.9471818419483	1034.4113012674238
3300047160_369	4973.815479613928	4888.5099270302	4899.70707445413	5453.113929055298	5240.4190167716715	4818.990187744498	5051.528243272548	5596.72226975884	4975.051579049125	5263.769009677661	3208.233618386688	2960.3549986810995	3042.0153492119975	3712.6329120118808	4817.334813996479	4475.841859576185	4917.597895197793	5195.317131677826	5446.105249411747	6878.133043215124	3195.3126067018006	3329.380671537005	3342.142997715078	3495.517617682863	3724.9817856292507	2462.2621217151686	2399.043501082994	2350.0643331236897	2722.916235593348	2869.8741561838174	3806.301593649377	3682.2690808786324	3314.3610720657216	3222.014473085165	3359.7997675562897	3826.464706661839	3988.9162170681043	3997.3491459271845	3999.731297073834	4075.702136222162	4218.2952468719295	4283.2811834173535	2693.7594785913006	2783.077883774368	2699.7722110060936	2996.98268445942	2515.4497613843314	2788.4049333598837	2730.0601446088017	2822.713001724064	2997.5678058315057	3361.951966985198	3816.78429998307	2992.24405566607	2692.663269801102	2706.0456725036443	2639.1669869309626	2437.87852902689	2464.5553832333576	2323.9198397939745	2486.1464260842145	3232.8823864428987	3483.16352200399	4486.342277714733	5492.331809513449	4493.907867192205	4664.705536736792	4956.76443354688	4674.502008513164	4846.521297132834	4913.59839710923	5155.68751442622	3879.680354228567	3806.222747620204	3767.13921806348	3824.044990523341	3924.15705291267	3641.3234004848828	3546.684368924324	3230.3359158513604	3094.0797578925135	4210.249150999243	4100.984591560114	3918.9121522989067	3945.141656141185	3293.3003046078734	3343.472460185538	3417.632995839618	3377.075862856398	3725.215696288588	3833.181125850245	3725.148957937697	3689.925685487385	3582.8029784351065	3457.6625915473282
3300047160_379	1394.112315008504	1486.4542163791082	1084.263997611355	1031.5213442934582	670.3493455678864	1360.9746194061702	1316.6398449336425	1740.903366693139	1030.49188201551	1132.3447326309056	0	0	0	0	436.6997378277912	693.4251024485486	783.2158109403641	826.7513989609708	979.0013356648764	1364.2353461642645	909.6649403074672	921.0041795659381	919.4942047417679	965.4662130182387	1069.3651369462227	0	0	0	0	0	631.3996795031258	602.4861779942152	532.3584839174406	464.2543876985467	479.89356083776624	533.6250308095919	773.7707049492201	761.2625414678649	769.1132547665645	788.5844303677993	841.3749464302977	830.9844343182624	566.819343844267	547.4142984758734	516.6877058871212	606.5362919163748	0	404.26217715061216	439.3932032096164	391.85449006893265	430.6281391429339	475.64145887558436	548.7295278028089	483.5488063790779	354.4007351947871	374.7543175070721	0	405.3755369973495	425.7078879283275	0	0	0	0	0	449.33142621594277	669.3010947527248	742.0675553824924	881.9274941965949	594.8750014032898	623.6644503626242	661.652682418732	788.4220674034798	537.4032116557947	521.3684629984822	520.0915666602274	526.1702545478884	515.3162912556676	556.5671218297858	503.17228289737164	485.15639118112915	410.8498193931761	813.3787994029892	832.1397160331217	633.3448807105166	728.6787193979778	0	0	0	0	0	752.9158780546193	692.1128177610593	664.2953563977312	591.4669851463282	564.044027566361
3300047160_386	947.266071430322	551.4911277445841	1030.8614068469915	1129.5014556458045	1390.4251774163504	1298.7640676741266	1422.1238095847011	1162.4046118019269	1007.9614671525652	995.4448592919871	1727.7903914440728	1131.3961850976757	926.3630906504424	914.5058046041966	777.9595772034194	918.2984043832805	800.1480284025348	0	0	0	1662.3393363871455	1363.3853423579178	1105.2910658164492	947.405672587952	821.6960896210988	8351.427503356865	4509.323168520729	2257.65651629975	1459.9053854470346	1194.9316060404697	1792.2245260182592	1845.0499015009468	1909.6291200429982	2082.5769907727577	2035.7691167179842	2081.389763392913	1271.3871848602378	1257.3396381739915	1295.055746424491	1306.4442713461017	1236.4267425679848	1203.5257801863083	1639.6901126143437	1368.396722863168	1148.5754414092305	1096.6691310706144	0	1707.2519900661196	1582.6743516052761	1528.6494121132052	1476.6611724882068	1338.2414335113597	1235.563580564716	1330.3006741127247	1520.0060299336894	1438.8742355363436	1395.749069456584	1284.4057076495756	1222.994202255869	1226.6656043290836	1191.611051714249	1099.0195242120394	961.5170453812308	905.4082283780488	0	1137.439641319871	822.4613010055103	659.1348857692345	1073.4026963842311	931.421124720478	0	0	1639.472514943782	1681.774193252348	1673.3780002783567	1604.976446851659	1726.8098326204347	1633.2651687701039	1608.2775630616477	1652.2206254508656	1690.1482495860569	1399.0967755225824	1297.4414519024328	1522.1942974974736	1371.7801496163113	2154.64086151774	2211.4939662610004	2160.0187343199955	2126.2720414869455	2062.8557805827063	1614.9976576312795	1785.0307521549466	1729.8519169819099	1934.4686571850589	2079.094139106283
3300047160_391	2910.44479714046	3284.72485811861	2815.370577064075	3038.1730290878136	2972.1104270874507	2826.1083458478106	3042.162861938521	3013.3917280288674	3574.967137507567	3588.3190670497233	6161.546146106644	6057.778336946935	5817.056140291404	5310.131220976493	4065.790371045036	4838.197327975402	4155.6041869248465	3666.3058247400586	2678.6331132274227	2565.0263967169194	7845.200754757624	8230.646902050908	8104.342361442718	8220.718277074307	7521.799560302536	3893.842017521374	4144.5973463855635	4166.275576530997	4669.295052464946	4319.185406801312	4655.57409874357	4753.659446173609	5129.82556851026	5200.098280877299	5217.001246985513	5004.862740436682	3716.228401084881	3768.4241466029944	3767.7987856718837	3667.340972208862	3466.8310448219822	3503.9651353702006	9872.440994468978	9549.533180391356	8076.238025045447	6771.057790097355	6240.422495844677	7693.3757123836995	7107.709743201242	6249.434024914298	5143.110767468283	4239.723730191868	3564.2033096039463	4449.185172849888	4669.104644028304	4765.05525025788	4713.457073531323	6682.285168456306	6737.941271234905	6676.609877893889	6340.499683141512	6658.927605918236	5678.337747148442	4591.627199152602	3161.5320887991275	4605.304617899735	3625.8908231042537	3079.3579507876048	3747.4451416372294	3659.785178309048	3189.023575790323	2654.036282129585	4652.505860290892	4753.507337701717	4840.872981829129	4833.677102270137	4713.795578341334	4512.300003363397	4797.996383090688	4762.198054226138	4973.069737340573	6437.143728803024	6316.678575582008	6915.048249940618	6402.665433637185	4563.5883350140875	4566.872914309237	4361.373766958448	4102.049591435084	3915.8012863432855	3480.1463906985155	3634.6522668570396	3889.1087919484153	4098.668623160408	4440.254038111658
3300047160_398	1075.9139398644497	1105.0848419917145	867.7217532811187	811.4695174881721	532.6486812111868	909.4485522947851	692.6461335307403	1117.6602845228556	884.6521492084523	786.6968371091714	2355.578546229834	2507.532339003365	2203.6868556433556	1769.688051273426	998.5836422852143	2297.6716635429816	1930.6622737329942	1554.662934208874	1035.0860121363037	905.1020487188317	2937.623302970439	3158.437369780375	2994.1054122107084	2779.1794336318553	2309.7109190035694	1897.0751217547934	2291.947373277592	2408.111677707075	2931.712860653997	2322.991776480873	2793.0818461678136	2989.8204423002235	3352.1251287240734	3319.982807195526	2877.226035862124	2411.809816420555	1956.85917242162	2073.298005641342	2132.179681474823	2103.656967022111	1600.7472535360425	1774.2810744324872	2761.1408614428833	3112.899695410306	3064.616367206583	2756.4158030994918	2849.579701455399	1749.0772830510116	1765.4124808705592	1668.3085067458758	1472.5295221030055	1151.0733497374436	881.7333819642531	2917.9938631398622	3370.4193546256556	3324.182454825288	3053.481174522843	3828.5859847135334	3528.4518504910548	3266.277864320287	2702.2344053456222	2488.4173570705475	1947.1040500438469	1379.2633252477867	0	1428.018806929062	1040.0728405375273	836.6375686771164	1331.5944665027105	1222.3786039102274	993.511979244925	0	1811.8771109865397	1895.3701638457276	1836.5756498671121	1799.6177392349452	1782.5150583204802	1823.96254307384	2159.0246331843346	2298.6211265890856	2521.6038939882883	2549.6002656143883	2456.8240790499226	3049.1312576501405	2656.4417667452535	1290.159004910047	1198.7874193809193	1151.9118221866513	1067.459307345788	852.0856170519087	1593.3852898818723	1679.8812961070598	1900.1647997333173	2042.1877688831203	2135.6893153405103
3300047160_400	3627.998682817314	4095.6038503965106	4671.870054223082	5854.344508669557	3939.4446651691323	3941.6086019432214	5108.1038135887375	4430.366321325244	5411.229085713915	5164.085949352432	9934.902288107112	9573.499710762253	7681.957572143192	5416.380506758341	3196.4815689730017	5365.878353843603	4314.979770742806	3378.497372192688	2431.5458653355854	2153.355486207879	3177.8887455630825	2847.5600955597065	2648.5599511031614	2386.0289124820238	1865.488787288288	7505.584123407948	9192.791946112964	10489.13022561799	10644.106894456329	8401.160789549658	10456.313438854762	11174.989999282223	12058.071087606997	11369.219238069601	9206.434653766579	7461.746763690912	8008.737485129488	8141.579835126085	7609.962296679266	7575.768038996883	5993.322120868604	6333.673161762728	8665.568353670296	9038.531575426865	8493.937554325583	7159.859422242311	6827.00681536239	11971.677926199385	11543.363872379063	10062.632303846065	8507.589595049642	6860.217910752244	5224.118151779382	8787.847160295907	9996.485202201082	9884.411005838898	9701.628657549421	12714.661803562933	11597.955326497731	10363.222225646285	8272.589942868935	9797.16861666329	7226.172456380973	4865.3409750985875	2858.2267201097784	6426.94021909001	4461.3024972935555	3268.4146877187754	4545.047674724986	4046.039478417538	3304.303204862617	2483.7006263435633	5524.548232148418	5255.444581306334	5455.908684025421	5175.50833966085	4415.981238689031	8046.840918965647	8774.99033310672	9592.09447848979	10555.315707002157	5251.203646129818	4922.156739203326	5626.205445071975	5163.695066518308	8115.361375309941	7395.553659098955	6885.645183121474	5771.2438839046245	4956.5177241293095	6502.344184820942	7603.571831016145	7961.3481486864675	8238.43740713005	8577.747027016132
3300047160_401	284.54872152896775	293.03907183265204	316.4538115847219	312.06129976038306	256.7292976920781	523.2440506080487	514.7690564005917	786.345644696703	260.3791242829093	233.99520131987478	1126.117160646787	1081.580997537169	859.9844914600284	587.1520835525547	334.55383388510774	835.2489363496475	638.6731152332977	469.6530609263692	0	275.9141441680946	1996.7291614554265	2073.3565429634555	1878.5791710664469	1677.2203468679784	1344.743535260097	1017.7327590801243	1379.6611497843203	1552.0337164005996	1474.62507961343	1075.45724327748	2038.264434241715	2200.9411852567455	2253.5286169366555	2119.9900154170846	1715.1162381794115	1370.6616499714307	1411.363090112156	1371.9134975328645	1316.2992617726854	1305.0108399962728	1023.3167891247994	1129.8757171157724	654.0817533538564	708.5294199415545	630.6837940373583	554.4839011108714	0	0	0	0	0	0	0	664.3182572695483	744.2155124008809	690.1330906538086	633.9895262017191	903.2645925784916	787.0508752347786	753.2909865469304	566.1905996962489	1079.7186775106275	764.9726160443392	526.677223086623	0	584.5787017181281	405.10050556223564	322.95734021494803	667.3869086500924	604.938671753744	499.75552453743717	0	727.5642415134984	767.0497976566203	715.8011908955551	683.376095024126	646.6632715710172	657.0688820406009	771.9183851399532	869.2109571608934	974.6835982729309	1348.8055062892095	1343.481490982967	1576.4194936445165	1417.6282327383728	531.6434638996988	513.5910438431647	458.6605449401914	393.1255818101662	0	783.3848603171704	924.2582253986358	996.2459510366317	982.5799765883426	1092.69131007993
3300047160_402	0	0	1558.0503764881064	1065.743551463878	0	0	877.833362919938	0	0	0	2761.093423750051	0	0	0	0	0	0	0	0	0	0	0	0	0	0	12290.700095354483	4751.804956829888	1499.721575121993	0	0	0	0	0	0	0	0	0	0	0	0	0	0	0	0	0	0	0	0	0	0	0	0	0	0	0	0	0	0	0	0	0	0	0	0	0	1986.1307641674207	0	0	0	0	0	0	0	0	0	0	0	0	0	0	0	0	0	0	0	0	0	0	0	0	0	0	0	0	0
3300047160_405	2813.55255893564	3203.0287626963277	2613.8774043689687	2952.917501626388	3304.7954087604953	2578.2186599127717	2986.5567883297667	2235.8163751096204	3221.3502149507435	3298.264879128261	1688.966060305856	2008.5393554535012	2792.394048688921	3565.7076399724074	3854.820202734487	2260.9164670946743	2401.0809707100125	2477.169124713881	2219.1464436970346	2399.7949907461225	1734.1147696260757	1868.8998460885414	1959.1323643794883	2159.609179987252	2094.8014837809783	823.3753642594673	1187.4764866725145	1556.6509749884576	2258.0212229223944	2944.216961314311	2409.469239158242	2352.009638719169	2397.024848657522	2470.008957419751	2671.8156031390836	2928.280823963938	1987.9168644666088	2024.50849758344	2018.4690412269476	2052.86641192082	1998.2202950385063	2132.0664803875643	2388.4857095956554	2628.426308031478	2773.5595097714227	2964.4229055317505	2825.280902992102	3162.2635103153934	3478.436534031685	3541.700674257561	3647.3186027434513	3645.799218087182	3637.0331103554818	2646.5243947053036	2798.641345053276	2701.44716940458	2808.9110729755917	3126.3824145802428	3209.399581072263	3115.239856797419	3411.370109221984	2374.5676047744487	2835.501957045088	3486.0091751814152	3236.08617202522	2667.1852381996514	2757.0894123024755	2701.587868337788	2697.9503203740146	2917.8020642494735	2864.045848864394	2708.311937791981	3073.0390320714087	3133.2362551272663	3298.501345215716	3230.624574464757	3345.599216463902	3081.5725571252137	3118.734128103283	2961.0545198421332	3033.1025790262647	2058.054424143244	2077.508371154992	2149.002531067758	2102.6365549343277	3449.126039576507	3492.0565663437887	3534.034904387226	3566.3705455957097	3794.2496212610135	2559.8007389197674	2623.7600976358353	2695.8009530332865	2761.890524734589	2859.513245284375
3300047160_408	1221.179265794733	811.4142902146189	766.3366218599799	814.6920734382725	733.5972587477908	738.2968763943707	895.3577644059311	695.1067710511385	868.0636787955406	898.7739159428911	626.7123291257417	794.5708708649892	949.4189305615589	1131.833803636163	961.4022824457213	867.5427254447137	872.2375888463199	812.9650834526877	681.2908895227874	701.9581593276832	533.7324416272108	575.1868184893368	598.5091216295813	635.9348889457785	624.3590193467421	354.2764143549121	501.19454324275256	658.1377702714532	943.0247407304989	1154.7555829787784	892.1856124630225	967.1555635570369	978.8808725565016	1006.2924853443742	979.5304708368457	1013.4458075398816	918.0182560191764	947.362752733889	926.5947162869318	905.9771009109111	876.2531005796535	921.4874000950003	955.249604116523	1021.9856142557169	1057.809004939859	1081.3758610703367	1103.4569483663818	971.7193277343787	1010.7376859339846	1051.0044918604415	1021.7354397753223	954.390474971711	846.6008126119252	1738.1355491443203	1827.4988878444747	1797.3691191528105	1741.673956445376	1462.4461755203297	1439.6781687106582	1406.4128738741572	1421.2004770310382	1079.2780688363591	1194.4493715446818	1176.9345270452498	908.8191905195979	927.6268268658757	863.5173712516798	788.4551884196133	919.5271010824545	961.8520090025922	876.2944550208161	789.1224748400554	764.2129922832896	787.6494808017947	796.4226849864365	801.4115368002759	790.7572495522294	901.7739873281693	897.3111369911851	950.4076516422653	985.4590683418235	713.70732471904455	702.947317590017	785.8413912354565	704.8468942274092	829.371247587009	849.793650507038	820.6513284177631	801.8970545805672	817.7252383819556	782.4158792535975	837.8607088508775	893.3738398551228	885.2167944519449	931.3805947743468
3300047160_425	0	0	0	297.66966230465954	306.97323459745905	441.63111337156647	330.4203703952797	351.5808184873013	0	0	1080.4185066282116	782.0996654387064	503.4076136451349	0	0	0	0	0	0	0	0	0	0	0	0	1075.3238165206667	1057.2779843910248	862.6511300695327	639.6751051764488	0	1402.675565886744	1476.1138415443695	1511.9558269455895	1287.1752129151648	963.0706305554405	706.1168743988557	0	0	0	0	0	0	0	0	0	0	0	0	0	0	0	0	0	574.676656668952	676.2660736192202	578.5539208075655	0	0	0	0	0	431.6551934597851	0	0	0	0	0	0	0	0	0	0	571.7728532602243	602.0351678459627	553.6184161643386	494.35211870911604	0	912.2885840918038	1095.234097452875	1258.8969331505577	1365.2080483848981	801.3202889957528	763.1835976444312	983.6541450312308	813.6692366562175	939.2557323982052	825.3955333906902	745.7917809658788	584.6147364443672	466.3586448251622	905.7752184258436	1036.8496566284546	1148.3470731195014	1189.6229829949325	1222.4925821270413
3300047160_427	280.85021413556115	361.16039096390256	323.2671961181415	320.15239474087457	307.94510077463406	513.7538290073086	535.6147057481221	652.8173377938035	247.26418702548935	253.1902658844977	565.0530103047794	399.0647634330076	0	0	0	0	0	0	0	0	1100.68401567711	1050.0025665025064	1002.6375977780522	1006.482455675274	925.9576673383876	1345.583039126321	983.1578248235702	751.8935091341328	650.8334569789137	533.8731292259682	839.1850883780395	769.3138012038028	759.862202746805	791.4373736260692	838.9841760312714	923.1470642016077	648.697928172909	721.271145563051	733.1013574167201	703.334933597186	677.0192084665317	700.3267986810187	0	396.3215896436347	0	0	0	0	0	0	0	0	0	0	0	0	0	0	0	0	0	412.0614978421449	0	0	0	0	0	0	0	0	0	0	390.45968876883006	381.77499787639505	0	0	0	0	0	0	0	607.8308622949505	589.2955808737322	654.4250942393984	0	0	0	0	0	0	518.3420682358976	517.035727813235	557.0545885619105	0	630.7786195303751
3300047160_434	748.2834396727085	970.3970431681533	836.4266885663186	770.6155575901489	574.9025302549866	762.0527760168159	601.7973214916409	922.3351687537784	643.7325768220004	676.3291867646786	546.4980447143251	691.6393319443903	855.6950492969092	1202.8614084510182	1382.3866678703262	1801.2106368695493	1970.2644895577016	2008.4438394164324	1827.706872871798	2164.1959568739517	1053.7038330763219	1189.6791560668375	1228.234078790131	1253.5762004832577	1339.8539362849865	0	453.6610237533976	547.5083755670626	745.4024885667454	943.7552806143166	1131.5853651607188	1148.464277103491	1135.0998141807033	1189.4397974280325	1213.870168144317	1292.814176311496	1103.8420474939714	1143.9655935354979	1133.497762638372	1140.1495904101946	1119.172848898291	1124.6834238517413	1007.1475122653608	1076.7777260095766	1083.7368716207363	1208.4180223529604	1204.4588908944447	882.9258513516389	837.5728861481282	868.0289604213267	888.5931196355865	962.3539105200524	928.7539249550548	871.7022647357319	878.4306673665478	875.8013933318267	847.7271643079413	930.406071956196	931.3110585546029	817.0805490989368	924.0037287517415	890.8543952826228	1030.2096455963035	1205.7265439872472	1214.0641867545887	915.9799920041362	891.3822118619546	889.7986001907109	927.4207945414983	914.0434918350293	934.0522156643616	895.7661926893237	1014.2486287946439	966.2526273331841	939.6446104531892	971.8564587995343	993.6693692252525	999.8567605847081	1028.073238451676	993.0563779991315	1027.4218242669158	1239.4816547592175	1198.5669571027177	1261.6552287766185	1194.9088235970578	626.7500342911184	675.4244532596149	711.1837825995302	693.1823250682096	742.0778460588175	899.5705478846824	939.3802720816498	974.772963755715	931.8411078464885	939.1037546773804
3300047160_441	0	0	0	0	0	0	0	0	0	0	6087.235059645284	6355.044948031067	8187.236836972857	10413.174382726867	11399.013221673164	0	0	0	0	0	0	0	0	0	0	0	0	0	0	0	0	0	0	0	0	0	0	0	0	0	0	0	0	0	0	0	0	0	0	0	0	0	0	0	0	0	0	0	0	0	0	0	0	0	0	0	0	0	0	0	0	0	0	0	0	0	0	0	0	0	0	0	0	0	0	0	0	0	0	0	0	0	0	0	0
3300047160_442	10142.300898742604	8615.517329367423	8530.078167472871	9735.937387364316	10533.548371073317	9182.262542432729	12143.823255817222	9134.98340731436	8750.613197100813	9822.105396215655	5973.663999690844	5498.06107977681	4813.774170601625	4441.925485396255	4201.98907155357	4762.966254408289	4947.411672665479	4815.830378297328	5086.737804348961	7165.268682597294	4627.739891109934	4463.966444503022	4289.391256084774	4394.8827968063915	4724.242192111178	4073.9585211909944	3310.7777192236185	3101.499843404709	3858.551717965617	3394.0357866530726	3027.537604964396	2721.3940869849407	2362.5189106782113	2021.6683830275588	2134.4188877428332	2350.981535205277	4845.289877813192	4776.120293672626	4773.412094978578	4731.8371863222155	5237.832329780667	5245.668910171013	3734.386048135283	3532.1359116771587	3286.9800089250816	3505.758295800565	1940.2406845965097	3754.1367894835926	3740.7966073873467	3586.6960210550283	3652.7184149956456	3899.88786171417	4340.634289008553	3209.033099909548	2183.5658063710903	2396.5845143007205	2247.1511285895526	1859.3897297247954	2020.7118595834036	1642.9582476054693	1762.0980918563032	4381.306565234201	3854.562739004779	3496.520567703586	3966.193139657692	7098.216273743115	6551.5672186409465	7219.203762798905	6181.520008383189	5888.729110632415	5763.221120590018	6557.251698786195	4210.774000910591	4063.8228124655298	3993.8033174741995	4168.806752236302	4099.06606119649	3842.8593207903587	3528.451711811083	3048.0454277403373	2695.493381865869	3861.732901737738	4075.053634646192	2936.2244340750635	3448.8873152617725	3251.227686176378	3367.6055922052037	3153.436028008665	3106.1642300655794	3090.4488893064054	4793.786831970103	4351.418415117242	4101.39276766353	3757.713580113139	3398.115416943662
3300047160_451	1442.5848818794223	1591.3403471407507	1361.2804888263454	1487.7212685909171	1383.208700260476	1612.042114051057	2163.589662471127	1960.6227150581367	1527.1275758680895	1682.0030250675093	0	0	0	0	680.6335994482887	714.73019677522	868.2454200276484	934.0858365779264	1141.1694604787297	1786.568456679101	1089.95820430182	1190.4512434157064	1196.0507219433584	1261.9411342480864	1413.996650779042	0	0	0	0	0	882.61226486896	771.6697523143965	674.5671679868896	636.4225484732692	645.3391668562234	671.7989204009525	987.864133648511	961.5132848087459	975.0246745081705	951.283490684738	1038.5121761312719	1024.9317899592993	581.2601494155225	568.8884429049856	0	624.236848992866	0	626.810841657839	0	601.3579199059142	639.765829653728	790.5819506545871	884.0540275682891	0	0	0	0	0	0	0	0	0	0	0	768.4074177229941	836.276099365363	948.7257813996018	1178.160427922046	777.6542055302489	842.3495437951402	936.543794695763	1127.5502035128245	904.5246761892301	867.6070747205738	856.2118697368713	872.171276748038	927.4909162965906	865.3118761131183	753.5191234293014	681.9246044483913	644.7910230520416	1091.718141179997	1168.1460334368626	872.1639553429842	1034.7315918129796	582.5389314954666	589.6200485816615	573.8770116176516	0	586.1550590070722	1047.1465502356086	991.7770279411428	957.7755473531158	870.1072001132911	816.4752742630624
3300047160_452	6570.528815626205	5686.050500681705	6609.837962773929	8882.911603162676	12921.923235778017	6901.785669245835	5964.897643421884	5178.537205759312	4648.713224855299	5321.100698332527	0	0	998.4243157513044	1439.0345436174587	2127.5272948568045	1693.062104424127	1983.1890116737707	2229.6946054140703	2822.2726665091955	4319.541458994277	1957.3868025241686	2077.2306449808016	2122.550612469202	2261.0410139663	2413.26123222834	0	0	0	0	0	1665.7434722377147	1532.911784618645	1359.168430368279	1162.51276779497	1197.2188392706028	1311.9591878174856	2545.474682437183	2596.1611960541813	2640.1941518557755	2550.79226960465	2714.9799958452213	2853.6429460256545	2251.892734274624	2106.353885921255	1963.9406326214196	2250.5821737017723	0	2179.9336880845153	2090.1502205877428	2083.9155799103287	2177.4425662210765	2599.7817886078074	2942.338389355106	2217.2987400885613	1454.456635875829	1522.9257874729337	1484.1891060173743	1448.72627566392	1515.3328473418874	1281.6796531856517	1307.3528845246885	649.900952585313	823.9845032148746	1177.1464782203159	1847.7096308459759	2015.3425643911282	2235.7608825723155	3011.434513833514	1867.0582658628157	2242.0154648547436	2523.2524020499804	2895.2843842688435	2911.8464676241724	2754.0016408880274	2682.7736803639564	2758.7200780621097	2821.100189769634	3410.15644792739	3157.5769680111616	2763.7860259584927	2486.6043388303215	2415.769381811608	2661.6826107991847	1907.9849250146083	2274.371688432836	3911.903576689391	4097.388838439295	3998.1001858578657	3794.8999048234923	3964.2688995304684	3362.4756679256375	3183.029141100612	2992.710526637289	2621.807779849327	2345.6454890697933
3300047160_457	800.162723130699	736.5015514178845	1080.064038051604	945.0061295289948	924.1812878683052	1531.4832963739498	1341.4845652227348	1831.3002881062187	599.0348309592326	598.473045943435	1333.0460199986353	985.555242869384	817.7003305205552	886.836704768968	906.4958173880451	1454.1110048900807	1304.1874494671508	1205.7650600957672	1042.7680975024502	1079.1005220765917	1810.929527223479	1617.9333586185103	1540.6977125666758	1431.5089297994857	1381.1392434959832	2777.2689466526535	1862.6219968997718	1325.3224343122963	1130.0534946382224	1002.0096356513201	1373.6931334288768	1238.8575080046319	1241.529062529156	1162.7579357642421	1238.8280113994879	1373.1702155888452	923.6737776565906	964.9625604157192	955.137047212132	939.7462835531524	0	976.2427040183029	931.0450643569736	814.6171008541462	0	0	0	0	0	0	0	0	0	0	0	0	0	0	0	0	0	760.9348388413388	752.584195980538	0	0	812.4707292160555	0	0	829.0236801090449	0	0	0	824.6630333023717	781.4931635313327	832.0625940400591	800.1482840920368	0	0	922.9704788023013	882.5598191833168	0	1396.2305460881796	1275.063830667874	1242.5043115818087	1373.016735178236	0	0	0	0	0	1219.5388026235212	1176.0421933484122	1191.4541524676852	1179.801914514154	1160.9156192980886
3300047160_468	1864.1963200668974	1397.0099931299071	981.4191409205673	1631.8817110739287	1549.2133418955107	1071.029984799403	1127.6829761725967	1074.9545351324527	1628.3205985939194	1618.9305274751941	1900.305201881315	1914.6982013733725	2119.335937349715	2006.5998830988267	1628.018947748262	1224.443628651994	1147.3994441820157	1066.7684364016307	0	752.7623736287006	0	802.8673329602533	746.8337562110802	740.8761339326644	0	1546.6911886699684	1591.6187697769628	1624.9667804555463	2080.7604639359856	2169.222106626074	1839.554599894864	1841.5438168738726	2061.693899426519	2075.0123421205167	2122.135317434994	2049.133680723535	0	0	886.232026162046	865.0212960818799	0	884.7388191458947	2050.675844801715	2186.6222469314425	2215.32132957009	2168.233026332159	2265.95619436615	2655.9957015733175	2611.207280057966	2668.479712666211	2571.619381416587	2299.183815981585	1996.0116964647452	3112.8615768100926	3393.312619625952	3329.068306324229	3037.0463972325633	3331.701754581797	3113.2944830332017	3239.3966297712204	3123.333132416723	2587.574920235663	2470.8581979615633	2133.9358334542458	1475.7157256150351	1517.5442840613025	1264.1113142204376	1131.6353063228364	1358.3391850846529	1232.421191126315	1251.216282666261	990.2545933318191	2460.434122003019	2485.3803303092154	2722.2740385581087	2718.012686840237	2712.0712186834958	2521.8622615654813	2651.950654741695	2691.101859729192	2955.9834188851432	970.7230494605601	963.0703810508509	1063.7029593041157	0	2422.11009506464	2513.5848181338038	2560.8477219788965	2345.658429786118	2364.049731085827	1383.8471821572796	1506.4164780264387	1441.566507466305	1647.189049001377	1738.1223949112773
3300047160_475	968.317590784072	1639.3567347544893	1550.0574907797377	1248.0833761726906	848.8285932879418	1598.0248486563485	1560.5198573569762	2443.211840959788	1327.9404802411	1345.4211092421788	1443.332088681735	1567.9858157539954	1877.299023277259	2478.10974589011	2801.0737891129484	1768.5240060701192	1776.2904131240168	1863.5286179230661	1655.1064994890598	1817.6283633961855	4583.259993538221	4942.758412880999	4920.12111961723	5342.7451103195535	5619.233049220955	0	0	0	1034.6863394146403	1073.8056018678765	2211.0228422581877	2140.4980050098175	2171.440597909614	2077.9373391809054	2316.831598918932	2404.7806173140125	1413.4622029249633	1487.0190587067752	1390.9477654316745	1407.9393768964649	1415.4028486355382	1423.4641130774553	1690.825102626264	1767.4233121908267	1775.9904924089144	1814.4157803975183	1815.5232582226258	1188.6618636653886	1115.41273067961	1196.2844178101905	1147.5656425627942	1285.6614486971691	1220.8128812521925	0	0	0	0	959.2779769490713	958.3356962232261	0	0	1585.3783603475122	1681.8726027664259	1899.069089327834	1865.4056708839553	1379.0431713245935	1402.6783815755982	1332.7398768998555	1304.1360964118564	1305.4521097815743	1282.866958356335	1316.7867945713065	1240.8873324342726	1240.2980239565063	1328.535199027952	1232.9657446229428	1284.927535100954	1733.983599025783	1530.4051240791912	1499.339216925329	1490.900730654678	2342.0681147565056	2359.6447682937155	2148.7355157061406	2173.557329637826	0	0	839.5599508508546	0	0	1537.271624284692	1441.8757662879805	1451.003409959008	1409.6587278196441	1533.9227139818008
3300047160_48	792.0066122722338	846.6928434336916	651.0192148267687	962.7627004284763	1228.9423877504648	759.4519538636745	859.6769044475799	548.9978281301461	1185.028408540313	1221.8506698798	681.8891985313704	581.8201687226931	632.3936161493673	832.221262812471	1008.5937536195064	524.5796747001857	515.7359455649045	556.4005962136434	520.8189376166571	572.6956784373218	0	346.33178619504207	327.6994980552301	332.29044872920446	357.6901640023786	594.7098554395219	553.3411309995403	499.6676145176825	584.9851216717351	692.8377900380949	495.21622522847474	490.9681496094558	500.00404180519683	510.1063721956995	538.8464158270843	621.0763853871367	639.8993584689565	630.6158641213651	640.0758239873178	647.2304641372615	635.9559683736637	698.002880116222	468.81691229005014	531.2586716633368	535.9529533264645	555.8197851686128	0	720.1589439572019	707.1347589305125	779.0159562177776	817.9815743755154	884.1933322358269	906.7325801507861	689.9112788833604	660.609676640295	666.0675145631627	659.8376886266044	786.1530664915915	793.1559802624962	763.9295289191629	847.5676344195911	748.3512341490407	867.1870406653561	1058.8760556395148	1089.6030911756975	926.8303896021438	935.4827777743633	962.4806811632814	809.1378112317648	797.0570695230824	823.4914951429752	800.0175838157911	824.791535453101	811.2444769281468	856.0975878669778	830.2668962857932	886.0002581419983	777.4441144026724	800.8528318955605	769.7526329258562	763.2890709269028	459.32450250597975	451.3444847741137	466.8922172542016	0	1111.9644566250365	1116.4805071828719	1170.8919780357794	1202.4477631209515	1309.8979957960632	684.6691247818558	716.0670200427402	710.956868419444	679.7762818389622	743.039703341354
3300047160_482	1449.0403748616613	995.832595430689	1073.6079515716597	1531.382503859846	1452.5095409892338	1201.7833197756504	1113.1358389199422	973.8607608688789	1482.854749468115	1403.2447086325217	2535.2006747003647	2629.6312848159196	2622.704094636205	2205.785593618624	1515.7690405210135	1537.1896266951198	1312.9817175695173	1119.802527449579	837.130773054784	772.3817506376529	1732.915199787531	1834.5698037464804	1817.1524588137142	1669.8658150795798	1519.4580835030692	1779.3533224954274	2121.7052284687506	2305.7011095431253	2751.057961111768	2557.04800822028	1962.817044458061	1995.700247588497	2221.1805629554524	2303.603381778565	2209.3436627219644	1984.413995662126	1334.6620106556074	1491.1267189505047	1379.9958259936918	1379.3917921397294	1246.4708773320433	1315.603798707986	2063.701441832164	2300.8772290637794	2201.433647489993	2213.6859324989396	2468.261168994751	2200.5917964991586	2319.573385769195	2324.5511811687425	2112.1384613896107	1837.9243580265527	1465.596107606812	2709.9871827209995	3258.9353325918655	3010.4784230285136	3046.165585723437	2427.767457288675	2310.533637698963	2284.252161946279	2115.0163887651506	3160.430192090064	2820.0812196274946	2246.2397535277855	1436.6585634125495	1593.7344235152511	1331.138870337666	1007.2812982795906	1454.0533034384314	1354.4014268474375	1094.6125228330357	947.190005601365	2492.2816864433953	2641.5183138956854	2557.9869405248814	2548.6104631535964	2647.6942478988067	2359.75817177843	2526.955276954016	2645.4030576229634	2865.356530694451	1553.0096848986736	1505.5586400955344	1898.7041129167878	1574.2872143608622	2758.271778724834	2644.1801619491753	2722.741624326941	2503.8034032350006	2257.2725870203353	1675.9175447846994	1881.1875758516458	2004.4489316222885	2110.256582865081	2241.5098730406453
3300047160_496	469.3893198632821	523.8809512749431	463.4952448414317	641.1845618755405	796.5383115145704	441.2795012367376	479.75168025311166	351.99595057555325	723.1528292145613	706.1856975576836	425.890045568544	521.8217103599349	646.5496958269787	691.6606981085008	640.7434505662966	467.9507940747406	458.15550639659637	460.47874785316026	390.69637939166756	400.9665085816835	465.3875669360248	493.66718044232454	498.08456726904376	531.2767692779972	538.9064203869356	262.89544281626297	379.0807902827405	507.38745971538157	707.3839261233263	798.6733832141074	462.149887116157	462.4706394048855	472.4425684306701	482.2942468507934	512.8208738954143	506.2702382841823	483.0640260967879	482.38299511805627	488.6337388728352	497.846063411666	486.13482279519036	501.3854022768575	550.619227693979	592.1020990806259	600.9797745730042	615.1348455244614	624.7679501235299	624.9585118269263	618.5642673353607	630.2886215214909	612.6578136369374	580.2712153403052	540.7926654157019	563.6274584526145	647.7034434125252	587.3662608033477	583.380720235763	637.6691945315445	598.609733643789	606.9364754837626	585.8157105188737	778.2088758612362	802.3273365020162	823.3773477404928	660.1428201619024	731.0187278570896	660.0863338566146	605.6272963054353	515.5972249383758	508.9694767550273	500.4100478157749	456.90900541709595	644.1695063441127	651.6281209793551	636.3224379889253	630.2831412949442	662.376272458168	510.67594298015456	544.9219453358087	547.8129895858577	556.0649332511458	433.463372474573	423.5400099598572	491.1307808371189	444.40031121362284	963.1409317956567	964.1042065659799	971.0372529775777	927.2355064775787	912.6869556725403	476.8129566698134	511.8669806027856	517.3002351577151	539.2400096362478	556.6587138303621
3300047160_50	2913.4334283182834	3793.313039110003	5673.021640901341	2940.007502947783	2919.6164729461757	3572.806046504063	2456.1107027800203	3390.3468725006505	2911.277826528118	2839.107710606207	1749.1741957732713	2128.486012738412	2839.7753804495023	3820.968250668088	4292.09118986405	2877.010589725168	2998.797887424454	3222.214497830098	2819.476126815991	3272.004826364138	1252.1643290938077	1347.904862565891	1415.792566148502	1507.6153580632251	1527.95142619892	0	898.506174260481	1101.4674000537045	1521.5189647907441	1935.1521947245112	3266.6754538187674	3196.612333269617	3272.759290914442	3327.9911375356396	3475.446077827691	3717.455386780664	4360.611707145989	4459.4588006528575	4491.32841445097	4482.477250988552	4302.258676666238	4709.172797902707	2349.7554310685296	2448.283539659363	2566.8671258910194	2726.9376698908563	2491.267859729948	3800.088138322512	3865.2507111204286	4203.160145645285	4298.8810566903385	4339.69657514562	4353.707660987125	2538.618361659188	2497.6609271250823	2523.2303001148202	2570.010752781794	2200.6904587266495	2412.3666607882847	2421.4518788469077	2425.676585871132	1804.4212674978874	2183.1187322471324	2646.492519062006	2529.394293845947	2041.4425422751826	2157.7276541472957	2040.0562779640218	4835.799953444579	5250.280518301101	5191.591666772063	5064.473564483311	2668.8641061593785	2738.664561724805	2805.862959939481	2725.959069215359	2838.8960994351096	2924.4893408426747	2950.9856310071555	2896.510232534678	2731.6801433926976	3839.9346184893293	3603.3739194232985	3809.617422697681	3715.9408897163175	2672.0286961297866	2720.4590100830546	2814.792670452265	2780.147600251177	2938.6034460889628	3439.366372751468	3432.1877300160227	3509.637410909019	3461.1530654796575	3655.0568304477315
3300047160_500	3388.6074268334837	3214.2010314321737	3523.4290635628186	3360.6680876209452	2650.0657033728316	2881.518666360903	2153.855404400224	2665.6309160903625	2540.8944493585213	2415.1436278454507	7381.943969750823	7420.628799081957	6582.487242551804	5178.217686289393	3268.6078958708313	6522.148310154315	5307.589157208625	4275.836072664005	2932.182500696024	2473.471109769714	5122.830216538775	5121.353248600829	4882.325762796015	4660.990131419393	3750.4545219301517	6295.872172547468	6928.827425510952	6808.011300572199	7164.867573363582	6408.40907840045	6013.372121035262	6136.751024822257	7001.487044015294	7090.1491422813	6817.433399425876	5609.412560296601	4001.7715756063267	4144.032412143992	4039.498285773312	4034.9012895748833	3725.824759441264	3807.697350023069	6917.5543149243285	7828.360266475567	7943.748232575882	7275.731768400608	7044.725720361452	6069.563774188044	6223.038393582238	6392.932725912227	5188.68839986884	4329.736163324943	3444.102631186011	7304.881256505132	8711.964621072671	8288.43970557245	8122.159349471715	8992.625043642609	8369.32533407191	8353.321440787922	7082.847578907504	7863.4128266159105	6258.986991673809	4507.982680998761	2449.6393135649055	3880.264139161394	2880.7992251170226	2212.601139564572	4186.513763845874	3728.475164105846	3117.4986654512004	2355.279101808248	5230.909546400833	5430.322227926034	5515.192361380006	5311.973721318343	5344.557281106679	5608.713756110911	6157.674709993906	6455.662004232094	7154.402349493783	5608.618721044517	5492.727216048652	7167.453615837921	6020.503065395174	5634.263293162599	5459.124219126429	5342.71751195395	4833.701969583038	4232.627382596359	4107.881586597269	4698.517732416155	5044.111232865086	5512.82306278844	5917.955617166521
3300047160_501	6221.08540365825	5044.806311820878	4448.6902726163935	5248.056239886708	6436.0365601351095	4940.2930087925215	5252.982106355123	3767.1031323480493	5869.5620941573325	6094.597854643078	7172.358288323006	5681.181955517714	5028.930459056116	5197.418392265794	5522.256651726442	4288.3591580588145	3874.0978920506823	3651.079766447154	3111.742177158593	3300.4021469931017	2574.3678229259	2433.293589577105	2249.4507788692868	2204.2227831196815	2126.02432805174	6954.740265281813	6566.326994580976	5681.290803932631	5598.142064172888	5252.684376117477	3281.82680760168	3123.937940711751	3063.714443430033	2958.3769896107915	3255.1551348673	3680.1466757909966	2175.1447757760407	2280.780540834228	2323.297107878081	2237.10526957382	2270.8411234238047	2453.2836817697653	4784.523864197565	4860.322177210787	4682.375950261797	4589.944075228781	3912.6893807038937	5524.628160607732	5554.84735635755	5644.323580154884	5714.335809832099	6059.99871617037	6364.9810420724725	4891.502410149678	4721.946634731685	4735.633537497719	4811.609669368455	3797.5316920427663	3818.992867236848	3845.755317869835	4133.696936745684	5169.06261371944	4692.031605249468	4969.773689473133	4758.703437705289	5837.5828015904945	4791.295796672845	4676.407985420243	5249.277637238144	5097.1766602587295	4750.790512761077	4518.408064223312	6244.232122654106	6209.844104928979	6381.757949416787	6409.279814639489	6688.530280936652	5861.7549393809	5528.566264496753	5421.469431497294	5404.138174349084	2492.4795169152176	2467.015139662824	2552.9261059407013	2546.835409456262	4976.496014706566	5324.302650807341	5470.402177057073	5592.771084075754	6092.688611297069	4377.466479258354	4545.61563440017	4500.747380305918	4435.860550497366	4582.272773459178
3300047160_502	3026.081946265737	3968.9509592053764	7837.293501801826	4368.463356038479	3182.8726407640734	4034.5358032951103	2184.8721262133313	4187.600837602927	2191.1526343147452	1943.42752375363	11952.959319047955	10618.953751041467	8937.899956352008	6033.480235260279	3411.650548525616	8336.944615292567	6494.786672752617	5258.7429223951585	3342.8099941998134	3027.8466742431983	4733.1765872673095	4944.575548827246	4498.586648876093	4170.787382617571	3379.925113675524	6353.815649819898	7625.795068540222	7946.25618226889	7983.563635193704	6418.333346522286	9520.228016488929	9810.604705422955	11050.94140474426	11100.659567548702	10191.640572395427	8512.726224880887	8127.901194183294	8619.617133832131	8322.222708324773	8611.39206482855	7120.788292571319	7639.324198609311	6790.318218108508	7348.237631153646	6734.813625227563	5818.478219517494	5797.956954951009	9437.306349117582	9513.661818579689	8735.056461232267	7349.441458276469	5559.301115174359	4483.493257363155	6815.954884336145	8737.327717762408	7822.040062935393	7567.867415853552	9284.595365592679	8550.583343055896	8631.527772991627	7036.884489332125	9432.043776830915	7047.086837889851	4773.005261586141	2728.412395395613	4258.236009145154	3217.360361562737	2485.797888434151	9637.033764998489	8728.178624815911	7005.458707358517	5263.237153412957	6640.2808106512675	6874.15962709201	7172.96925364466	6932.044391393148	6607.605240208533	6411.91838766213	7315.406333386576	7735.852111564708	8543.881884011167	9733.365659882445	9557.860763656725	12811.065819592035	10728.227791136265	6880.894826144012	6509.17852239366	6153.027271012884	5502.281742679445	4774.804519051929	5975.7395343091775	6801.5478599204	7118.979347795298	7703.460460713643	8540.259346746614
3300047160_506	985.4826591333339	731.872160132173	648.9834636140838	915.1485998258398	860.6166338987663	779.3086142667099	668.5672130998197	723.809597535892	1256.419392545294	1207.9897552143857	1231.385109538105	1334.779820509067	1279.1269142734957	1048.4540387172297	685.5456037412391	980.0267750194844	841.804709007949	698.2857677047454	497.8256773319854	451.5300464787792	1010.1553039023665	1134.7636987218862	1140.9793070159537	1120.3291241311	1004.4391965905183	984.3325856857235	1024.7141862503904	1096.9300298909243	1469.8020598299433	1561.1801033905838	1316.547495258275	1387.5765048780402	1466.1873022442026	1553.875781675959	1466.8979852962555	1346.1919520522158	1032.7321294992264	1059.3676482741355	1087.061686777484	1101.932545561308	955.5743978756881	1041.2449571200882	1162.5951064436174	1340.7796239203476	1333.5592558964765	1273.7464398496852	1380.9488052850447	1164.7407259811084	1161.5837447518006	1224.580937583438	1104.2828710432502	914.5644352679675	716.5276631976584	1681.410052504509	1615.650853720131	1785.3252854153357	1881.0873321968386	2056.751460158209	2071.780928321562	2032.1452595264984	1872.818663194563	1704.520048079418	1461.16471676296	1058.3048957872866	642.8033800069036	1062.8600845030962	787.636388448585	669.537780284904	1047.489264788581	976.0437119282575	820.5310995622895	663.9489398075424	1178.4871491465792	1216.023258003585	1229.0756582561726	1244.0173440227757	1204.607954030022	1156.1732868384609	1258.7770812353262	1325.6694724787606	1443.1870193192558	1044.2230198007082	1043.889127070443	1147.3837177898706	1135.8566878119632	1503.3025943995242	1464.0690189627096	1455.2364166920202	1397.9776479067202	1219.6462201826466	894.6578569054365	1060.8669397108858	1123.4012965271936	1146.4047221255405	1286.0173863263353
3300047160_509	834.7261079817255	760.0055213485946	449.7051503338946	676.5769709701837	731.6473032118789	516.368970850708	491.4180674772426	369.2106345886065	696.3983946676794	715.836805893472	846.0477788249864	621.9472657042306	558.6300648194665	633.2394177303954	628.383683930548	434.5514405332575	0	0	0	332.48209821580883	0	325.94190617201536	0	0	0	2091.4743182857546	1648.3155711487757	1089.6476564027228	795.7570807945352	680.3335214102813	375.230819285843	418.98625583253465	414.4735513293896	430.63638993195286	463.1876453126644	495.99138355496615	0	0	0	0	0	372.0408433150146	671.8808673898428	695.5034480875864	667.9742760676451	666.1618114684034	0	837.9001967839171	861.8616782355248	898.9605859085732	919.4545883546239	930.4238286833723	899.1686646084971	866.4514523562085	922.7713923273832	847.5673886665056	843.1344973804156	1008.0459136238946	987.7064109443306	940.6858014997514	973.629222293581	666.40992608751	673.6808191672021	749.2418284552018	642.1072497459896	604.4352394490203	510.95611584466343	458.7808049492573	483.01533500208456	460.0804273906931	0	0	692.0879144962678	730.7781738181371	725.0141994586952	737.6768555444165	748.7086013921482	676.2371603916873	681.55121307897	678.8568059386077	680.1349128087822	0	0	350.4843793770281	0	773.4126947758695	794.7707787823348	808.0234613059539	802.1848754860653	869.2889323848703	503.7768225769242	515.2440122638451	555.0288910286657	562.8341066138921	566.8341284109508
3300047160_518	833.0119396482156	987.049472292445	563.4716875033578	618.0581125252102	659.290964793942	504.8914778267275	376.140134703629	390.7202130561941	585.6090783574635	613.7461891541759	631.3890992844714	598.5525078826241	719.6292037975193	955.0431185539442	972.1106827959261	837.3771561137963	824.9297245556494	897.5495253654458	782.3273580633453	793.6335929661221	446.95346436932357	523.4359964750553	525.9641583189319	579.5505811862266	595.3593867158532	469.2360310047255	487.0688205241963	470.1883221314201	596.736467599838	779.5491027182466	462.85144352704566	458.52995351764775	478.3605018315075	500.74201851002914	542.9470214618182	595.3085169149488	587.3334897167724	575.0708692640875	597.8477939150443	615.1717791131907	580.2719800591557	640.1528639440089	947.41496063852	998.9420498720164	1012.6242197978784	1049.7950833833847	1234.2981342235018	971.7397366619931	1005.2738986796403	1062.8347024412212	1052.2762020867901	1031.9540442697862	941.6667900111621	1033.415801017882	966.2885265296618	1049.2871242858796	1033.2652802424034	1179.9528650405746	1234.872459904357	1184.1332664358729	1274.5984262460245	737.2621669411737	884.2912142729931	995.1758960774123	852.7836356319376	760.4640445622297	755.5670107280976	738.0871388738129	638.9170265239931	656.6391273983387	640.9057902546871	589.6897924993181	608.402877281042	598.9114832732802	619.8480969878814	652.7401594911307	669.8751754572744	573.2291087839484	576.1357315684202	554.9200366518673	596.8014775641216	548.5712734583356	552.3126839133095	612.455665534548	588.9342808452606	723.8369388165465	758.148330596596	790.5914965025114	856.3427014549184	924.0015808450928	520.1377017557802	552.91064977249	553.0297534651967	546.052260052507	589.9749564910901
3300047160_520	1193.397289929252	1658.9542961017785	1155.418478504498	1006.0996943594796	485.4875907226453	1175.409542683688	818.8646415429597	1467.656019867133	742.8383771601322	842.0615861500511	0	0	0	0	0	721.558216247936	848.4112221110778	979.885071336592	1181.0062691655614	1900.211265791147	832.3834997401623	862.621616546781	888.5629717021801	967.2013534654658	1087.6741789104226	0	0	0	0	0	562.0828297493968	546.9915348658054	0	0	0	456.9663959059411	686.2831130089429	667.5885030021059	720.4702407924191	670.6476954257761	0	768.946019634252	598.779611417379	584.6553513476126	532.1950563194433	632.0352763117062	0	0	0	0	0	0	0	0	0	0	0	0	0	0	0	0	0	0	0	526.0746433651445	608.4711408599834	791.1854642977686	0	0	0	642.9579398479166	602.7956332284689	554.8670309744714	592.0751964129138	590.2672776138123	580.4848399160963	0	579.7908441755112	0	0	911.1907207685009	955.5165868572834	704.1023631511315	787.0106125017635	0	0	0	0	0	652.204863394606	626.7631851985361	565.6671974418335	0	488.1054342825422
3300047160_524	7672.8192250845295	4422.951888587155	10316.211051007247	11613.943208263248	6365.747422358671	12632.20855743602	18469.988751741508	13744.900356102491	0	0	9512.825780853049	5890.784007688713	5544.328160620206	5082.914889787655	5374.92903447864	8006.6911184455375	7281.1934820454435	7092.869046337152	6842.836246951104	9078.702741589708	3152.8862396014097	2652.1138434485615	0	2486.7661517018096	0	8318.17189377186	5955.3106632083945	4197.18149273874	3805.9441374345506	2993.6413911193627	4570.886854138926	3763.271909492132	3595.0806069123237	3206.750808315174	3434.6901968902257	3300.2975502425875	3196.8011797037093	3224.7915223478244	3204.3014008415635	3069.1461852451366	0	3343.3478081962007	5703.682192307978	4453.254005950229	3093.691960496376	3028.1359986681496	0	4105.003697130777	3254.0316629544022	0	0	0	0	0	0	0	0	0	0	0	0	5108.493851383574	4480.214031461047	3811.4429329015093	4784.75777946513	7384.08077303277	5622.877943621967	6158.2893798949235	5165.304096173252	5086.341486365398	4531.973362328802	5175.763122308565	3974.1794457374403	4029.776285570927	4136.225365536329	3926.243681603112	3365.579109688955	4670.733708866138	4147.840709593035	3728.0233466893565	2988.0559355402092	5257.611635709684	5318.405711962849	4080.684639193196	4545.434235939207	0	0	0	0	0	5951.248009042303	5106.786199109161	5290.125476573384	5114.0826502344235	4434.255775915431
3300047160_525	617.2356375348201	444.55146461432355	687.9033903047056	911.5623646105173	1317.1250676382251	1013.2337669267274	737.0693131778919	521.543377692931	437.04234588424004	459.32424982804184	774.6528066857344	584.2788584804276	544.2255200233765	610.2737515397265	678.7883135746678	395.59660089612686	382.29785864277585	381.5830636636382	358.40412606123687	416.13709828560235	532.9888360621378	509.928331551337	487.080083599843	477.3688861286039	476.98097031670136	726.2586087842085	690.7300612193341	563.9898928830713	565.0759731126132	531.5226300720424	365.1968778091573	350.33687937840756	343.69496392313	333.3636246389379	342.6061503668168	389.8714240639456	607.845083027697	609.145432662535	621.4163518864107	624.8290560375026	625.2462610998027	640.3463524764019	676.072689150525	655.1888788559206	597.8365918435613	586.3062493684325	0	535.5307437104198	515.4216817097933	517.0619338903846	529.3189336465507	571.5977903303304	609.0488971000057	374.8339482535549	351.30444396902874	359.7470253992686	373.4899454609957	324.9027258720495	347.10577564185456	329.440388834749	359.6084072835711	586.4306536714122	538.1786236890271	571.0575792968322	601.7168165141493	679.6917624442584	568.5382472021817	548.7127434986909	552.1568272957255	542.6751434902118	516.7138480717351	487.1467157656129	366.82239802401153	372.72273310781907	377.62732905564883	376.38015589289205	397.9930377035266	524.3732537783344	500.3786693847734	474.6447409843789	459.3477876707802	381.89784763442805	376.082091616508	347.9093582867598	0	790.1396449942143	813.5059343844832	808.2808272074608	807.2292469867006	855.9274859320998	761.7030484789626	754.4888254010295	733.0210165674704	749.1467787350222	752.1935166728401
3300047160_526	3457.012319466494	4622.594513498489	3038.5792522663246	4595.029128681333	4868.182637854593	4014.8552792003024	6443.874847356483	4729.624212072911	4053.1804379401383	4312.035196519191	1549.1225040568038	1879.8063949581806	2437.005278351348	3271.350707107446	4140.117498696513	2273.9468272384693	2528.5299390832315	2734.3625528343164	2744.4374373247	3381.3344535677397	3283.169511478302	3399.2341610238877	3521.444688517125	3721.9784943029354	3949.005412293605	854.4252766254233	1203.3039036217604	1519.8540244334495	2255.799256015495	2787.9259173756777	3319.6733740914633	3187.0749753263153	3015.889416029171	2881.7740255476538	2914.652711682149	3366.3824269918746	3220.107518126519	3296.796003536725	3280.2301502086448	3218.306490015814	3348.695837150733	3359.263914472693	1706.821950556781	1694.7915005211714	1711.9255621306318	1888.291706329688	1671.273577227493	2633.1234583776804	2651.558666454887	2749.1430981822014	2913.4349475416743	3202.451083702526	3535.5534504336065	2116.1732960170066	1837.3821221381452	1912.2139832035114	1904.3259888494986	1973.2707711001933	2071.331907352245	1894.4054346580765	2062.114561535365	2007.6723422019559	2558.926781004737	3305.3769142250585	3925.9878515013843	3342.204062174045	3654.704904161255	3925.892071926266	3196.9562799933506	3391.1592286258415	3587.5128315839734	3772.615340469885	3232.697698815162	3195.5176720929685	3283.5590973667245	3303.1005282379433	3273.0916622477976	3117.7545990832814	3065.078699017327	2875.9761441153055	2628.570203158367	2654.568329657822	2635.0588601312825	2428.6240953154233	2585.8971662024096	3060.9327207686865	3134.2243945133305	3162.5038135707096	3126.3523481927555	3481.144979292055	3161.2400370630735	3074.502146720155	3016.2472055097605	2970.0538149385548	2992.4394021171997
3300047160_527	408.1775801758591	526.0202352731443	463.01303942322755	769.3111588226627	665.8896045521832	755.0731956224244	854.9721112050232	642.529401412333	541.2686976767028	547.3954271288392	858.7131414315012	662.4605831627118	0	664.2169463165617	647.7626027032395	0	0	0	0	0	1700.7002384052998	1668.6195828570787	1551.5931125459051	1605.6123165100698	1560.5759630886535	2117.642020265659	1443.861396346959	824.4459059345803	0	621.5908628391389	701.1341658309186	0	766.5758205428402	750.9133474076226	786.2786418258192	932.7964257157275	0	0	0	0	0	729.2243735291315	0	667.2484185602243	0	0	0	0	0	683.8611302857149	650.736250225353	0	0	0	0	0	0	0	0	0	0	609.08211059767	0	0	0	674.7053071499042	0	0	0	0	0	0	624.8080055297663	635.1508877043361	694.1545865517261	668.1218773240226	698.3724547133721	0	0	726.4359581869332	759.1086467890052	855.8536960144462	824.0747812693585	1018.9270497067498	0	738.3993377676611	751.1816713179851	761.0594491612256	790.8453418590431	794.8903610065375	763.3975661024822	820.6102477476659	758.2830605867257	0	890.0808492224625
3300047160_530	646.6308791212753	883.9522267149775	0	0	0	739.8598238946391	648.2885400006263	1035.6110229630494	576.0877362145518	0	2840.1610580685942	2448.8071000246878	1551.5351987085578	0	0	1672.1719460785255	1261.3921851857122	0	0	0	6519.138073556055	6325.912441885329	5530.137091211048	4645.992854575833	3259.0313328893944	2379.260549931772	2958.3286621910756	2869.279791624986	2245.5628524625695	1364.8651418972086	4171.246901761616	4382.262926791314	4558.335212617464	4016.283130067021	2737.36808504675	1771.4163213371455	1957.2632140310384	1917.855154830589	1804.3189961633475	1689.2828153818784	0	1356.2834589635308	3373.532237644627	3479.0461230431765	2865.9393454005335	2187.3846187847294	2180.5577101025915	1210.0002567769616	1069.6215072556467	923.5012542233043	0	0	0	2760.977530901501	3491.9276081757976	2908.3552013478584	2560.8382867391238	3843.2495945938667	2767.5965716325563	2504.7372254272527	1723.1871964857444	1868.3505545686457	1156.8899486468501	0	0	0	0	0	0	0	0	0	1768.2770587799125	1872.0121332821334	1805.5377763397216	1635.1317039565206	1520.3704324871949	1893.5075986984655	2250.65831179407	2652.218844228543	2904.353222503557	2758.441747653755	2598.136079974391	3658.482578361797	2754.154604810032	0	0	0	0	0	1627.1611918641486	1778.112214862084	2004.120411118275	2148.089943010201	2126.9547621915835
3300047160_533	2332.989761310995	903.8563046861349	1616.2880653826578	1729.64636617913	250.6685041851038	1715.7221395675676	505.0644165300361	535.4208639876142	0	0	1220.7322159654627	701.596415008694	0	0	0	0	0	0	0	0	0	0	0	0	0	1388.9097532821306	908.897444428429	582.4078295479256	0	0	820.1681889688901	899.0376179259855	871.5595966442568	923.4235215617231	823.0038144228882	731.4617471784159	922.0282720113194	946.4943789782617	885.9391392395436	864.8501619599148	752.5347334814721	783.8276255796873	10735.38807280133	7312.811778774935	4566.865608841787	3095.297058234779	2151.440975602774	3293.1971676354938	2188.2787104601116	1310.2999085969204	893.0112043462296	610.4774598048622	0	3582.4973889760213	3979.295686199687	3930.4621880954564	3738.4748655660974	1084.8854956388457	1029.0449480846546	834.8925287621095	786.2054142763642	666.8259848248288	0	0	0	2686.3957155984253	1319.9493903005919	996.5095230851131	1774.2494142373425	1307.517052955168	942.3654786802779	702.1688267215784	958.4572919016812	1024.5434938165088	917.3432619297844	929.4777374630553	874.7832301106585	3364.0151426258008	3457.7267611099846	3709.5947539578306	3701.806047246297	0	0	381.9408912342777	0	0	0	0	0	0	2007.3584063007893	2190.626441340386	2307.72031388259	2329.3196986316575	2400.308772496327
3300047160_534	808.3341336206123	713.0513726864762	789.3283591216866	1063.8499442130033	1305.5912234878078	850.7447707713774	937.5794947752742	700.0013196498238	713.3844712651136	827.8720402166533	775.2144544026872	767.095484994028	780.001870080998	787.6653327959698	763.5751484791085	622.3242892571935	669.9041059191867	578.1735629230817	552.3860721525036	681.343213111322	430.8580898878258	439.9585448870625	419.9286665579432	421.2077423994124	428.5140910924824	716.0502504131147	574.0040720353975	547.3704828048602	710.9605445168886	673.9549324407675	0	0	0	0	0	0	418.297085770749	409.6345132957898	424.13537859332035	423.7772611977579	0	466.2070920242849	0	282.8898391436237	0	313.9284290769732	0	360.093119923318	363.4817348239414	348.4511063685252	372.5322743104497	400.3989336224167	462.61304622971875	0	0	0	0	0	0	0	0	534.8929472711046	542.4858605370829	501.78115093224517	514.3916310979521	948.3408360029445	826.9379624293263	885.3298078486476	855.9379499795216	806.2867368525423	720.2422111366274	829.4324400156947	369.3583183037197	366.5463028677075	348.2896478883339	358.91603240286224	356.7363225233319	0	374.7514263144586	326.887622114666	0	317.05215036620115	324.71443255359287	242.03595705119778	0	445.85669726145215	465.4672894791882	452.83336456725493	430.4851351827177	438.41267449984304	503.24929398351816	447.7534851626621	440.0235983533951	0	346.62702354286955
3300047160_538	1286.5477429590553	1121.730169955871	1350.036221464889	1164.156091426134	930.3079918663233	1494.4830533417387	1336.1383448673425	1855.4145901635527	1110.1872622565468	1165.4058298845366	846.0397968067997	788.7447947680196	837.3580224313602	1052.6817279179188	1311.3149433490744	1335.7047927089084	1417.2709331201872	1438.174427680909	1420.4856790038057	1715.2992101901261	1695.2224236760876	1782.588803005856	1761.8265119702094	1844.1118002056153	1975.8665123518529	980.7553872102974	852.4954857797408	786.5924227017806	847.6939393683607	959.039016501387	1308.2044930247694	1292.1553166072238	1200.7816295520263	1156.1189841242558	1244.7256058668565	1393.3283612039704	1512.2853687924526	1501.5522339862077	1516.39888795609	1484.4957723238615	1584.3933452033616	1594.151426831151	839.8637219634059	855.7479903300278	885.2880186298756	956.2873733897418	0	661.2265866662901	642.850048889535	649.3699611738127	683.6528610539076	758.4757636896178	844.6634300637594	796.2559813330749	786.1392296788099	786.6073714381433	752.1562481749947	702.3863701838395	704.1279548037113	658.123028709718	691.8364922785704	944.1869762923606	987.8115836551038	1247.1270307855668	1401.2722761989644	1214.095205253732	1250.768137722587	1279.3340161093834	1519.5830243375779	1573.6935825798732	1578.6383367756464	1625.8332142231025	1167.1382420024822	1110.1052122355136	1141.8603501971184	1167.4346799671998	1183.1731525014861	1028.6550004312492	1017.4960160405207	944.4656967449941	917.3223187278279	1507.4838307695127	1516.0530987395744	1452.2565877387183	1463.290246890975	646.5614427543013	647.1916654521625	692.6507287567033	660.8382263402262	708.8313298570488	1284.4941160935523	1240.1118602958359	1220.7630676602935	1193.9120414930458	1194.6345203266883
3300047160_540	953.2852982335068	1041.5196103546325	1363.1730665501166	801.0682315759728	532.6818903334977	1133.2178732211746	788.5251917071165	1427.555181576771	607.2522860860789	640.4916014567436	1485.3736831820315	1199.3079743892165	1078.1372690524947	1087.2040088619062	1094.5608211514414	1595.9255180532032	1389.5366479520326	1350.6002357420402	1119.3740443605404	1224.4868182430982	931.2193687490676	996.6529123666982	941.6207216385296	942.6341966419926	889.3833167658594	1144.4522552084247	1243.4792130246803	1131.6332214342483	1044.3455736146718	916.4919613568542	1378.685384217408	1362.3858599815285	1382.935068425978	1424.4653910853463	1520.1188140591798	1608.1914974751355	1113.55391548334	1150.2325046050155	1135.2083027674184	1127.370659290525	1116.1200437823313	1183.493400661462	1078.5798891960512	1144.5431633450823	1100.1397663085427	1137.2336899057284	1103.8954689303607	1080.090022934352	1094.1619958120355	1161.9989663872254	1158.3941943653385	1193.847446429781	1163.5550301053054	871.6155925129138	920.0576418002248	887.7483734411924	876.0364623798522	805.1546736689932	832.2770559415395	780.5935081696388	823.9951778637247	784.9143320583233	718.0456890946023	709.870136883748	599.0578128526884	997.2116668317495	888.2899593057887	828.4726248500725	1542.468052276055	1449.668221793365	1341.4048200478128	1246.1333376732987	893.9897527508327	880.6890858964238	896.0342816096711	924.3826101484655	923.3045818481168	1041.6137028129274	1063.7890514365197	1025.5541285472364	1035.8509054484944	1279.8755038602144	1319.0911438173048	1359.92403417521	1293.6006432327727	448.48288697192254	477.92756857570964	508.2073199039548	473.9434797601726	487.897433078684	1042.7791999233887	1080.6467920697069	1133.0680845666186	1102.6924850880293	1140.1702958965725
3300047160_545	1287.0297243364123	390.81984466054365	583.639630580483	620.2878222882189	880.2535435383605	477.0078050883563	0	0	0	0	417.19591356100494	0	0	0	0	0	0	0	0	0	0	0	0	0	0	1207.7369090773034	479.0903784166956	0	0	0	0	0	0	0	0	0	0	0	0	0	0	0	3509.0750907168926	1785.2796885960602	812.4360287290706	543.9763801201753	0	1114.2851822267194	606.5134259064162	0	0	0	0	0	0	0	0	0	0	0	0	0	0	0	0	0	0	0	0	0	0	0	0	0	0	0	0	0	0	0	0	0	0	0	0	0	0	0	0	0	0	0	0	0	0
3300047160_546	2245.51184405546	1409.5899865445008	1360.1748250447513	1812.5754789092316	1827.6373521110474	2198.831342186169	2496.3940186567665	2166.256569462774	2077.8166914827657	2010.865187870171	2696.5812345841505	2715.4310460227216	2442.3687973352444	2151.7741754935164	1499.2639303147691	1714.3061185903093	1491.4393329110803	1212.757210832701	876.706991212129	830.8883688588398	2723.5043485642013	2674.914575166855	2468.7529205373244	2277.483704444502	1958.5124817282547	5369.057715622203	4571.39078740753	4213.445918255262	4359.6010005262715	3903.7986978653935	4502.00132906432	4737.473652993104	5097.663251642978	5343.8677740446165	5063.966713182202	4477.401051107697	2785.449917599254	2872.1278403274073	2817.660181469672	2751.262786955421	2498.183750301459	2520.660767884784	2706.8193843247263	2890.2317443460724	2731.9096189039255	2486.0313310791726	2629.3187460120726	4317.18157529988	4313.898538812361	4209.176182226619	3870.9955933179453	3260.995376007016	2741.6265434781426	4489.312992554585	5125.96780498484	5034.914034127695	4642.89051542549	4941.036542594687	4677.877241155959	4606.148845119458	4093.432252053651	2745.9276589078963	2297.013456885676	1827.3750290772293	1136.7173002766658	2148.824739875824	1599.452960960203	1329.1914744453893	1923.4169116446994	1752.0750870424176	1442.5976225889713	1184.8999993958835	2942.9984430938757	2959.4722849249074	3182.9154208309815	3035.7784040730044	2978.1795050366786	3380.367991684066	3749.6324836009408	3890.2451254828284	4303.996411950063	2653.4723943869562	2533.2011504810853	3085.463094261475	2682.2823534992413	3479.078296991414	3438.5860973178246	3442.2329034703275	3183.2473073309434	2956.102220855454	3141.620254601047	3405.6423924531177	3777.398244127218	3841.3602186229155	4206.090240572782
3300047160_547	444.5215364747752	416.52680752337346	550.6504663742995	554.6698501321991	1718.0371780526066	593.2567648049546	467.55737755692246	427.62278453421743	390.57417953087935	380.71646555222907	1292.5795850778916	1608.0833908138443	1667.7264690534678	1529.541497193348	1111.7754288293627	826.040170252945	752.7236265449275	703.796274176998	542.3531782051685	491.72959765224414	728.4981859954784	740.9883654343815	728.2300587977988	720.7333673678942	644.1000521282697	0	547.0965693027647	726.8871638898396	984.5678903579036	1017.253907793933	824.7554645545044	890.5582625465179	959.533486343467	990.5928648023691	903.1652165754747	856.2653413118223	651.4453968417356	662.107173442514	668.0199041112254	654.4990000531025	0	610.8161356412827	1086.4839060914658	1234.1171295688011	1254.6310140038927	1189.580247950479	1262.9145794017438	1176.5170901513327	1214.7920914301383	1225.0724002313598	1135.686195807724	1002.9709588774525	804.3469373190802	841.3153768010618	920.5710710452265	900.759981392688	906.8687653003899	1052.3256543176522	1028.0282803355458	982.9284686297037	943.6216905430626	872.8442378478253	884.3097514730689	694.1736490484183	0	520.8854174054507	0	389.73473656716396	799.1649683904989	737.9510077922021	675.4769996576222	553.8049630006135	663.7284662646672	705.9463592988052	705.1640678298892	687.8789724544441	700.3393921558895	1176.3679354347628	1252.413557835205	1299.413052920737	1417.9342070698087	643.5450319105727	635.8937211360601	722.6966326708425	669.556828125099	3127.8026458851136	3143.2499151961797	3049.480585409085	2905.5818254701967	2652.8615460956185	850.1159492810781	935.6080488768511	1028.2471356455953	1069.8401149536842	1130.1681479477675
3300047160_55	4645.842619608121	3689.5675245906123	2559.494249632085	3676.392559654875	2940.9453164782194	2957.9675915233943	3204.2435478645993	2979.9981273272588	4016.4544642423366	3772.1906860883278	6831.699368342938	7932.017271943904	7546.670857636779	5632.882810454214	3323.3606264960986	5159.676875689474	4385.813300822029	3783.035402623169	2439.5899835672076	2111.4313273736875	5589.831560721924	5903.614169479233	5857.409508477649	5676.490095757299	4729.287154784482	4624.942704287054	5870.364444220921	7522.9525885775465	9423.802782543651	8620.68394725362	7549.322503271981	7925.400062001091	8802.894172341053	9033.66856644391	8174.385445867869	6814.338486829393	4787.019738126165	5036.694719296357	4888.078848656438	4875.812287626349	4093.035853518539	4358.240897656368	8250.236646541643	9105.71328176368	8884.967989073277	8245.584197931108	8813.41902075772	8890.02232495394	8976.593980413001	8862.205197120096	7479.781815131572	6060.2939010784885	4664.38990647242	11527.473102879423	13523.373482267783	13379.57546181976	12411.658348488834	13481.028019154428	12030.735706481777	11906.44734109337	10550.803788641791	8956.638299823942	7431.62720273363	5176.1457109432895	2902.6467712415433	4570.030828202065	3593.6086711360213	2804.2069836824144	4267.23305403256	3910.93798485356	3327.7468862349597	2592.397879502892	7334.524250981056	7449.289265152431	7304.224036872398	7240.200186534035	7067.05084003294	6790.810357014591	7281.255234379526	7886.255045301381	8916.977478491224	5516.680527199128	5163.127854755789	6722.795064131744	5798.592692589981	6939.586519371842	6629.543314453233	6543.664656206938	5877.110926058082	5161.055705704756	4630.151756530604	5408.7052563825155	5770.66752137531	6331.432199481867	6856.833219528535
3300047160_552	1210.641922295868	1315.9281035269291	1268.3506832225657	1412.2755066606917	1599.560049499722	1666.773719837425	1712.470853661812	1452.1155401277892	1326.360753184126	1376.150659647816	2085.617499333356	1514.2003167143205	1168.0670173879494	1315.1944597178426	1485.285882995228	1097.85596157222	1055.5859647175748	1006.1656847120763	932.3516984064127	1041.9676681450676	2132.6704578306485	2151.31718148255	1965.5572570310176	2048.444835650033	2157.108984036187	2745.4791912652872	2577.0287531323506	2039.0327151163385	1831.3975515201398	1498.364092366037	1094.5057467668762	1107.6113737076716	1026.6333986286618	979.8711500982323	1057.2087855735608	1229.4537948823315	1267.4060742664994	1317.104989617581	1374.9434627518401	1289.3070497669216	1303.4431296188473	1492.3266544723554	952.0791884834264	1013.1273837425538	950.2661862794259	1054.065174400567	0	1120.749320680433	1110.3045703687587	1184.7015481482697	1229.3014921109962	1346.6033971910756	1506.0300598592798	837.4783232031958	769.4241344361573	802.4629351785568	0	954.0729560112595	898.9622938572921	883.8112368754181	924.7276095712318	1241.1872076201664	1075.6218800871807	1183.799328811022	1249.1270156648038	1616.027136241894	1391.57538977858	1379.4087374659446	1223.4566007861988	1119.7358236376772	1098.6040190984802	1154.2128918838823	1434.6468907479368	1358.84880025601	1408.1099272696797	1389.9252920134136	1362.3782729628215	1442.9558007963633	1488.5421543139937	1278.0856490492886	1291.8230622261572	1358.2404694809318	1238.184685711588	1339.998387184145	1330.4967572037874	1250.2038847524461	1284.8798147042814	1315.2904512237726	1297.278381820342	1466.6164910335606	1453.5370405268006	1419.4360595698995	1458.1720201630703	1408.1860119435794	1372.692914021089
3300047160_561	0	0	0	0	0	18561.491399993363	0	0	0	0	2259.905473283741	0	0	0	0	0	0	0	0	0	0	0	0	0	0	26107.732486265435	14379.735934409695	5823.967094415423	2933.3378920917503	0	0	0	0	0	0	0	0	0	0	0	0	0	0	0	0	0	0	0	0	0	0	0	0	0	0	0	0	0	0	0	0	0	0	0	0	0	0	0	0	0	0	0	0	0	0	0	0	0	0	0	0	0	0	0	0	0	0	0	0	0	0	1861.1932165842536	0	0	0
3300047160_564	2718.5489248100175	2977.792303456203	3048.3201643511848	3005.078114328165	3142.25754051442	2384.1465971651046	2423.6756938802273	2215.1710801921395	3056.848632872259	3536.8967736677623	561.4179852366257	677.1067083288254	764.2073350524319	959.0227440608246	1233.6434355301349	1190.718490919369	1367.6870019785226	1437.0655232492988	1792.0034187236836	2833.900500729464	718.971593940826	774.7613865900296	764.9418754233292	856.670370979745	897.224024529018	0	0	0	0	610.3558433739959	829.1941897737092	779.0098850136411	670.0965398363626	598.0923535475657	653.3579662028396	680.9461433400356	1450.2038847522044	1413.7744336196695	1470.5390639346624	1456.2466900857758	1636.2102751387945	1668.7871591083176	866.4061793774036	839.9949773639084	800.8941788351829	913.2997812070547	0	821.3963216351495	834.4104189921051	804.9249223189646	898.8885816699819	1013.0571205993383	1189.6312975670983	1067.8302171222335	693.5578039071858	758.5320250080041	739.6802872599549	877.9546341383373	859.9404016344023	709.5850815099823	757.0912668169369	630.9693161296176	736.8351239919818	872.4487879463313	1326.1101878096226	1536.3290454314406	1836.196016337704	2471.1164286557537	1663.008702109383	1684.2678594964966	1836.4888759887037	2307.4388647992823	1180.2625851991136	1142.4504291825033	1209.3302101794038	1138.1287443110766	1212.7629455873353	1171.3799865923775	1049.824128807954	941.3253650187823	859.1359149332434	1026.1488506835024	1048.8032257881991	844.460739147588	1014.6580940026968	1115.8325540111937	1145.5628833238359	1174.4646488955018	1217.117272045938	1267.7479857223782	1363.0838403136956	1292.4659065627739	1226.0451072009946	1003.4955946345443	874.5362527006395
3300047160_567	4179.827486476922	3856.081321837305	4422.650846724262	5164.407944432904	2933.51208964573	3512.7076381436195	2763.6870727746905	3600.1609287733754	2089.0739606260904	2318.0986435613413	1490.794638138001	1561.8100418509334	1741.4914552927366	2146.0446064640387	2596.6539350839876	2443.612355398159	2588.8498117964587	2868.6197959876276	3104.809057116975	4265.964774694024	0	957.61420394401	0	0	988.0834972068444	0	0	0	0	1037.2628937908314	1815.579618004954	1828.2385819992453	1543.3778599496147	1475.9595983070176	1576.8108753184238	1611.84933590128	2574.1297101986997	2643.0293634081145	2542.8379366160943	2488.7276980187185	2712.325660210243	2710.8757340253137	2189.5079959249783	2118.156884133873	1928.4594348736412	1979.4677758423586	0	2921.090353444649	3135.745954025488	3085.5676387830313	3068.469675011203	3143.919197366622	3450.152949631397	1961.3164732443151	1643.830542587995	1602.317056903983	1633.8818921550123	1231.0608287984626	1125.0481442813225	0	0	1479.2098550385329	1609.9973098469018	1824.3461313299595	2382.015549686597	2236.7307020664293	2231.1710903051417	2385.5797043702732	3217.332893319	3352.428862794485	3250.2352897066758	3853.987354999062	1693.8361442210132	1631.5646000629922	1714.328074863332	1705.409943181095	1648.361984795888	1917.9324561659682	1855.9471297242615	1716.3567854198125	1616.3956258336582	2244.712765310362	2330.115080781851	1886.2675644036917	2175.2157100243394	1376.8841496178984	1390.0485662259912	1448.9749624336384	1498.4340767902152	1458.7601598503015	2552.530408157119	2335.4260728298686	2316.317951596319	2186.72726836594	1850.9007495289513
3300047160_568	2790.0044644919826	2258.448389116668	1930.8965643912888	2691.682670367055	3077.716062184118	2043.001440443065	2629.066343855368	1504.6963848626074	1806.0349362576726	2146.55624612519	636.8741122501624	688.4777764338751	686.3610813154542	734.3492450614497	826.2337362847359	548.6303352605141	638.681906737518	640.1473251650574	745.4566000943167	1068.2628584158865	0	503.95393094556425	492.2359850140864	483.7654242927455	540.3306184512709	0	0	0	641.9873126332395	667.2678920744175	488.4900736022939	0	0	0	0	0	902.9412375164022	925.4557006447427	950.6386471123525	927.7512725133444	995.6522902737685	973.6032383805987	682.8669284126587	648.6887234435079	639.9075153903925	710.0444179681873	0	1043.0124955716817	1007.4535971967616	969.1824008917226	1025.3818255786343	1173.6322055546937	1372.6908358973126	968.5787254885159	661.3588258201573	745.2429775116411	673.1014558519645	554.9465936546824	638.163475017122	0	0	665.7196580591918	666.5427789399424	738.1084335499272	919.3560660824279	1289.8377736053421	1245.363714773289	1460.6586073283029	1161.6988612147097	1182.231385675086	1180.4019660893125	1390.5359998672732	735.660757483828	744.6909575916592	668.1656734186112	706.12899712896035	703.4704319595598	759.0071440673041	652.2964778474152	620.4618112110926	558.0357701922784	626.1357897591163	674.8118684066028	470.94342740174784	0	852.6545442481415	935.448105253905	880.2932277670492	816.5792733684546	865.1526336288113	1031.076174805831	1001.8620556171855	920.6332761762403	848.3037545905299	736.3648133275983
3300047160_571	1270.7959323210303	1470.4755328945923	1674.111129090629	948.7768474807075	673.7334033908992	1356.5289297486686	1245.0715057948523	1540.1161422939635	873.2232442804635	902.0978630978486	846.6280868700177	727.0184481103227	0	0	808.714887536688	1357.4994653800811	1385.057662204917	1450.4535118404006	1557.085966882549	2136.796072668767	1260.8750898413273	1343.8483536239203	1336.0888155347752	1369.4817764877837	1518.3773552308037	0	705.7561198005425	0	756.2656552429377	702.8680276920427	800.8431821174228	0	709.7984896509284	648.624710013459	730.2137337203989	796.4060227350417	955.5509228635207	965.0623963160357	1031.8402371511734	1033.9230008403838	1121.270654045515	1130.530178788433	1218.7949594615345	1209.128798840637	1084.758224338227	1142.8195601732493	0	874.4701191575157	840.5145765032921	830.1198046771796	855.5670762318115	860.0909794924974	878.5416376471435	0	0	0	0	0	0	0	0	692.8374317705743	0	0	0	1039.5198221176195	993.0449372524604	1100.5900608976924	1390.997130158795	1304.3020836901023	1383.1271906899055	1580.8213488305269	850.8359834029293	853.5647451949562	841.0335864890134	895.4180776931928	878.1742834528216	0	0	0	0	1043.4783313943792	1125.3235087360445	877.7748763594473	0	0	0	0	0	0	1010.9183431432314	944.4658371337653	891.2361433971744	0	846.0589590000179
3300047160_578	15129.636940412984	4714.081893082853	0	0	0	0	0	0	0	0	0	0	0	0	0	0	0	0	0	0	0	0	0	0	0	0	0	0	0	0	0	0	0	0	0	0	0	0	0	0	0	0	81621.27550256392	42325.17885977045	20774.609368004603	12242.423487972988	0	93103.10187928971	50914.405653230344	27191.12224722515	14718.808765697839	9380.332162901883	5986.700476474924	0	0	0	0	0	0	0	0	0	0	0	0	0	0	0	0	0	0	0	0	0	0	0	0	0	0	0	0	0	0	0	0	0	0	0	0	0	0	0	0	0	0
3300047160_581	2487.3117750713072	2243.7802026279282	754.8147232539629	1312.0814881393158	1486.2289290541623	776.0582664653447	898.6079427809526	620.2303865546411	992.2939631575143	897.2198446822929	2393.490048493282	1991.1980419406916	1599.8693621843208	1064.6198555406877	567.1805245619648	808.7968329366968	0	0	0	0	0	564.1565715070886	0	0	0	1731.8424517464662	1982.6118722622925	2139.3019109697416	2141.6469540668745	1652.4204872765993	1700.8299630124814	1757.4973572561835	1870.3917591554982	1860.2142510729761	1586.7585707004669	1310.4330106535392	823.8402831687234	849.2178259130919	817.454462608432	823.706020392828	0	751.7280896651433	4811.68886748887	4025.974708872302	2914.8313795113363	2084.965585855665	1692.1517502650472	8350.183246669147	6942.246995911388	5299.348066694235	3842.1974130560543	2666.2983539112506	1937.4418611153706	6269.45733040977	7214.458230683507	7016.491181769475	6767.217602679132	8386.90894961162	7642.905902968272	7182.261935365352	5914.676958191307	2412.358066603852	1746.0110761535566	1163.0427189941086	0	1259.0621087491302	838.6938704882095	641.6023509460935	1561.1304248387974	1439.4175791370906	1157.8372192044349	843.550339931334	2063.087829350732	2117.365539966648	2207.8346088349635	2061.592069989972	1929.3255674550633	1995.8738160085638	2309.607392347929	2409.343555405098	2646.29870163462	1012.2702513005855	1027.340090325012	1261.2480048238615	1084.3384619874898	3494.365481327286	3324.931665542069	3216.364318559161	2624.9359671883776	2236.6837164505423	1238.996431878592	1394.42778172404	1528.956655851909	1619.168875409428	1679.739633720292
3300047160_590	1067.067330198082	1725.6126814415686	1292.1005515067743	638.7570779197698	764.6509076149863	706.1607211005578	532.4658208554603	581.6087144550978	563.3966866793369	625.7466491027499	729.1486529827491	725.8443077989999	823.0418385355351	1124.8546017766846	1652.374286320937	371.31553643403305	424.91803706229274	439.97080021608673	506.3410912728369	689.8402061781959	0	274.62974941527364	272.2580271685239	287.1735216322594	311.73388686636207	0	0	0	0	0	313.5519760801334	316.6056028012601	282.28802176441184	253.43435685747446	260.3261131202435	283.21838379908615	480.07543775461926	477.59084757861825	476.51523211639767	478.13466386747353	480.25781757072394	503.1920320137196	329.36304996679064	325.24759235720234	323.9253274778165	351.59079729191404	0	511.24097355279025	528.2436686864579	515.6776335510596	567.0757099013679	620.6135612480186	685.8825438064721	536.2206252730264	446.50350218894096	470.42198437005345	467.88879854998237	304.65210259881945	324.5281565170359	0	0	0	0	267.47028295459836	360.8374957759911	365.6305577028309	402.76189464202537	446.6832743598804	391.73690968217335	397.067963783699	411.3462982625658	496.9991404027651	318.30666247093444	330.5802239854793	307.55608735578693	310.61947537161444	321.7335214033149	1679.6562806299523	1610.423095788371	1484.9967223724552	1377.9903374206401	317.804020724215	318.7821368780028	272.8409923406176	0	355.00967540006667	373.36770160415676	358.04240317651465	345.2131999375178	370.7753693375648	469.94061638662834	455.6996186496152	450.32443991932945	403.4067301788169	398.65175813698914
3300047160_597	6259.22002846396	6472.9550889758975	4469.478832679382	3999.688077714577	5822.471534230805	3734.8143470790396	3383.512390480971	4163.85920767759	2802.9859629445405	2893.5286398408	5621.348425970595	3353.1385874483212	2672.8869196160886	2972.022625882671	3426.8818289754054	4379.6216320308895	4043.175390821407	3873.7635720468093	3594.404139287959	4042.402035996449	3879.8540532536445	3668.894868900033	3359.1905625354393	3337.8351253408746	3208.9901837125326	5391.565266655268	4521.844979865899	3361.0225197699456	2704.450572825765	2484.375853653021	3653.483261156247	3420.9299548868626	3505.096462677655	3385.8565688454623	3638.3669780604682	4197.565591355082	4026.58504686609	4058.134171811631	4147.719287059271	4062.915723527274	4266.310623659242	4387.475137019774	9278.078021100097	6960.572562091406	5076.262424875669	4257.880602253963	3414.3362762166016	13657.900729101786	10195.299064032217	7794.375615876476	6345.063827865545	5809.740302673864	5450.858267230822	4630.6244805829565	4724.694673684274	4686.2117195869205	4623.797033419011	4535.741266247626	4665.998131509337	4580.847867263533	4823.581480873452	2623.9770601655705	2468.333377581225	2890.2423507272847	2974.0286582942313	3185.619267423268	2805.2737286590905	2785.8781081276065	2971.730694591813	2886.7738534016976	2833.198550635021	2683.244396677261	3249.8702137231894	3270.78289541524	3355.3027471815612	3303.3174704370876	3375.0893741285527	4028.874574930471	3885.41251170939	3738.6254547274116	3679.8385204833494	3998.6306751581014	3798.5126746211163	4005.406554955679	3819.0495157897044	4790.811710218644	4882.188810754897	5071.792124994454	5161.872734651299	5481.157621529171	3378.728529101365	3296.005283764432	3298.948802559501	3279.8386224843885	3348.3474916576165
3300047160_598	1492.8790006275979	1832.6144517887235	1235.4998800946696	1884.2640383814096	1878.304345849891	1728.172458667459	2661.1391335075577	2183.87773959411	2353.417000393209	2601.0369124476983	0	0	0	0	0	524.5806618131171	532.2171334437527	505.4909580953984	620.783147363803	873.5639596685153	613.1732262231704	605.8290101413357	554.0774966731013	598.9110749653114	614.5823108679851	544.7729135629181	414.8925118907807	0	0	0	575.3080931460895	528.6209875606095	442.75612349386455	0	417.5038379001997	419.7317969658401	621.9451877587401	636.7061639280155	625.4466415737221	619.7661706400587	733.1028402901665	707.5985611275933	508.6223827220444	453.245365535638	0	0	0	479.21513298547177	0	0	0	0	0	0	0	0	0	0	0	0	0	0	0	0	0	805.4138140829294	842.7313991891069	1013.3835331056016	752.997333931679	777.8281892609143	836.8917131025294	980.1586509555655	627.3415682916706	645.6952224479945	603.7270160473573	616.9237460849881	601.7940387878436	625.2420727978473	560.251808130664	514.5418936746327	0	466.0773909765775	441.5778118697515	354.57310183946674	0	440.73452847078534	464.5335528117172	445.89545105816796	0	450.23534188571364	655.6495016950911	639.0563315954269	580.3328565009454	0	505.46230250549235
3300047160_603	443.7988377344512	0	679.9276857713304	922.8450359495886	3103.6544847041023	1366.6428903320705	433.52275747544684	356.99377913348985	0	0	0	0	0	0	0	0	0	0	0	0	0	0	0	0	0	854.512575434608	0	0	0	0	0	0	0	0	0	0	0	0	0	0	0	568.4709217436039	0	0	0	0	0	0	0	0	0	0	0	0	0	0	0	0	0	0	0	0	0	0	0	0	0	0	0	0	0	0	625.4331493267227	676.7562287885182	678.6772511635512	655.0060500066461	657.6986498980251	1294.0743538295014	1273.336891364307	1288.2624538941309	1292.9082881624543	759.113985273342	737.0596667101529	819.9367495389198	0	2855.9433927330806	2915.2633547715436	2929.1675461066775	2938.3810593218777	3037.619357270977	1232.9662527230644	1318.4691395143261	1306.493415159693	1346.5385562325605	1383.7675845068213
3300047160_607	3443.064990525973	4857.635663576669	5962.44347736756	4283.707723231567	3291.0952159103103	4569.099535734554	3580.6268509291176	5831.937363939631	4017.0088070559805	4659.314234177479	0	0	0	1247.4349442929686	1683.2101343274164	1662.6261153763267	1998.4099529498283	2059.5298876023326	2477.840566633828	3985.899190806563	0	0	0	0	0	0	0	0	0	0	2226.751433830514	2061.1606672360444	1752.935038651303	1623.7046717471721	1610.7465594468079	1771.7090994382124	5011.577015014001	4889.705562017157	4948.554618521333	4907.688131701524	5080.874994093549	5209.064665794277	1184.3721753141795	1146.9703572910958	1069.124777195339	1115.920204730924	0	2465.3715284616746	2450.7980244241753	2333.549756219691	2426.21107075463	2768.9611737686446	3274.5141584605426	1393.03285030086	887.4107989772381	1028.7636674500798	0	0	0	0	0	0	0	0	1173.2463465542603	1479.443729164957	1635.5085104571876	2052.9295244023715	2954.0931638737798	3011.4694809252815	3290.454390746553	3975.926182551007	1608.1697077460697	1537.4688221758588	1404.4457903297325	1497.674957625553	1443.904802029767	2227.8462641994347	1984.6687184582825	1924.5764898183354	1594.7834752302547	2755.996095147394	2694.033267444496	2064.660332268822	2271.144413894027	1160.2017508069841	1202.5666253817626	1158.1706335417875	1214.706313858405	1169.2534409117104	2992.7966874315694	2566.193843664948	2463.9372170209203	2161.1868088006618	2040.9431799779572
3300047160_614	504.37828624066765	613.4618973228095	525.5297426190383	539.7797431592123	312.61472000233226	901.181525399986	789.4026388591055	838.9307779863609	305.3111848910169	349.90671264827563	314.2985900416127	0	0	0	440.4329646645951	419.06618096959403	470.97722183446683	450.6844108291997	451.5092328816877	599.6581425226673	1628.3742769277267	1706.9572739165985	1680.9397554656425	1765.0236302224687	1932.823629371366	0	0	0	0	0	466.2589045905208	473.77117681928587	424.6978381712709	388.3242716057524	401.5737498406564	443.28447994436374	636.8651209934201	614.1702356702212	615.2728841952421	645.0490324684691	642.7076867843504	639.7151681395192	405.1283557521059	394.0551772002214	0	404.07996494646585	0	0	0	0	0	0	0	0	0	0	0	0	0	0	0	361.19807982218134	365.60635482507695	410.71814908397	483.5994468768966	635.7605747816316	582.5732674386772	638.5778069697056	588.1387531031314	563.1667271307783	572.0299425601169	599.1430580072386	445.16594764521227	456.98410292355254	431.46845673415925	427.2217751184515	443.03253306707023	0	0	0	0	802.9638349545879	783.7088638698544	613.1998607475474	708.8415414053359	0	0	0	0	0	693.0316244576711	647.4833718659505	632.838889370728	611.0301766736384	564.9266741712233
3300047160_617	6278.71292523695	6666.843175425088	5692.230172865513	6120.849813924184	6167.311582679612	6138.221504772576	6092.2717500466915	5742.543254979774	5425.283381360914	5758.376267495686	4824.249005966913	3624.58001018721	3315.685944097992	3979.2068612739085	5189.811069292715	5159.446731426656	4955.468562051135	5304.200116848028	5505.783169626544	6683.071578659161	5318.789704053256	5292.626341603366	5370.555086880985	5657.024081392731	5846.856551830878	4835.827097743723	5283.867921731493	5079.131421699039	4635.841219520676	4337.017202440214	3845.4508402606066	3665.2495639941567	3497.3923919404165	3331.331805929849	3643.3932851092663	4007.6838075021415	4779.132123754583	4778.196480461566	4774.659901414096	4977.329673686292	5052.553760813667	5263.133178433205	3662.047624639087	3908.542867138988	3879.31780552273	4277.942734096913	3527.4076717386874	3581.611777165006	3621.9315579536733	3906.397651125644	3928.6274680952274	4527.6222459117025	4924.995993922082	3600.217321095041	3205.1329853363777	3332.3183465041857	3484.8633325205956	3521.016433656007	3661.447885985081	3374.9937587846466	3821.011015867129	3374.894809283579	3665.478729297703	4731.396127910375	5762.906827891847	5196.343015828876	5350.0096669964705	5753.333151916391	4844.538933604203	5261.845597724253	5433.274286772147	5589.477214462119	4858.340519153326	4673.875356811879	4816.998445418723	4729.807311772827	4728.133835909053	4354.120559616562	4229.400810527468	3881.80616507128	3602.5425861688304	4619.418493599713	4698.861079755059	4181.2807030796685	4629.845433509954	3970.5257041786067	3824.0287585484475	3957.8053915242917	3971.389910192312	4360.34275012014	4739.684636962316	4380.654866850496	4462.453340288044	4467.116970751407	4417.2042594178365
3300047160_618	833.2954254523675	475.0982707157979	613.3359135581255	669.5857897319729	656.8633992679498	803.1387866013887	865.0870574142782	735.5715946160168	505.5090248153114	509.69435961038636	785.7085964654246	799.5658303823836	655.0182959950089	518.8278642970315	0	0	0	0	0	0	0	430.6302243415682	0	0	0	762.9385490810457	811.9154415512882	873.2429425224116	912.8134775964107	769.5574354161129	1011.9449122921227	1078.7456915122448	1058.830677277395	1021.8106721260948	829.0646732913017	700.8005096364467	666.8030372949868	657.6119350062498	626.5572681593719	613.1682935907386	0	491.44279504748516	651.4114712828906	681.7648440964344	657.3544302726119	613.604279242049	0	988.3426260035726	967.5819794501209	918.5268376741852	839.1725800334549	700.001646846625	592.7699520855355	1561.020918510987	1820.439058241035	1646.5944901286862	1545.0681610401632	1358.4497747644152	1349.5756556569033	1221.232497670735	1135.7492857123138	792.6631920004751	646.5257055767396	475.4047849857965	0	603.277060517758	0	0	561.9586536137564	511.6469356685084	0	0	556.5760549510078	612.7677068036043	508.2657023002402	499.92201817261804	0	870.5173464620553	893.6246306634938	959.0738189339445	903.7158982114971	622.7678863750145	595.7187673226128	631.7772299748028	0	676.3301745080294	641.4839192769616	593.410258484602	500.4539703345505	467.83704354543596	721.0665350920185	800.8352836862077	916.2142943738761	785.7525706860167	758.9823739689916
3300047160_624	416.57734369150165	403.5731906037345	359.66677031554366	504.7557828108785	943.4598289131188	388.72461159771495	357.05904488267373	363.43019406933973	486.271712793739	430.14229045684567	766.8110482790132	881.1941195784594	885.1316579697809	824.9044220985422	526.4385831165898	540.496690548716	0	0	0	0	0	0	0	0	0	0	551.9254467204441	0	898.3201238851482	826.0852527170143	760.1965455117318	813.7481610926926	898.4089929786511	925.2449899324749	851.6631987127777	823.3534260232665	682.7011092396386	651.7975936540157	690.9098967448118	725.428207975824	0	560.9154701750183	794.6246996910792	870.2332884927126	872.5704098974252	869.789524323158	0	879.2113653907854	879.1452845159735	935.2389988443084	853.8027914745661	705.6593073257624	0	881.5755604525501	1089.1025439794657	1011.0561842852534	921.6834722381419	988.8734528679923	944.7101741244613	898.9935085560019	810.1562770480773	806.559190106317	777.7978421560664	595.8822032530762	0	547.679859256666	0	0	527.0488855639865	0	0	0	589.2384350260945	647.4082646651817	607.1005385332037	639.148010930539	598.4724468705906	768.4428124285223	857.5477412346991	919.7176827051709	951.9668527933302	599.9651952571039	599.4868673431176	696.9571523515341	0	1857.640374283502	1858.4323026116292	1900.503498313261	1739.1066901523125	1508.4083840211213	621.8106370918878	656.3571530175124	730.5216703168627	745.8361201501176	794.8239529651615
3300047160_627	1055.5202345776434	1730.984105871433	1412.4442436323816	1472.9270262095565	1084.1033197934337	1310.1863465339522	805.5858383434447	1107.7480449460659	989.101042519411	1096.8119061198008	352.043299106674	425.9508193915407	550.5701016142042	811.5805882195317	1258.2710658896158	844.3281612884916	985.8160455252975	1120.5227177391428	1281.1123934657207	1784.580349395639	507.80260674709575	536.3483316162739	569.716378132242	612.4482798835792	677.9553605588515	0	0	0	292.5058963927594	359.48956313152894	679.6526669458239	688.1679070493398	628.0339181245092	612.3560381958799	607.1125594865708	667.2971683973173	1037.2675967774994	1028.8591915123968	1029.0430686772784	1064.2330059352041	1073.814728032928	1091.977161239566	806.420483308319	809.7621811975538	803.7546740458678	872.210219460212	847.4849944454473	736.7411110409419	705.8015069966979	749.3916408346305	801.1625202235663	888.0558952359615	1023.5538839289948	624.3407636882525	524.4099039662933	533.7572895178143	519.9276458122049	972.2341762407965	991.747859615054	869.0505563894966	934.9024063165788	444.1881395545109	531.0081615948558	791.9772911406614	1147.1310897336011	791.6782483591935	924.017826516091	1118.7043432785454	825.16554592176	878.9598053143375	955.0102885790805	1102.8168560723714	753.0631075108543	740.7225543906139	725.3216127066041	745.9784488760964	755.3899250488471	1029.6879889355732	993.3516357996709	923.3002328132048	871.0938285555903	1139.5350791712324	1101.1343112779707	1021.4054552787362	1041.8774906341325	600.261113047142	618.0364859912754	633.7507642254133	619.9325696068674	683.8885487395801	1018.1012879911092	991.7292224353578	977.987644199514	906.8802475043445	857.2788323005442
3300047160_628	565.0063556157439	736.364367089436	641.9158015241163	724.5558491216598	408.40264096133575	775.4042754061273	671.8112039722412	819.8126313058028	415.2047448390221	425.4600006759826	715.7219020000275	622.2183297301135	586.724206784931	664.3603870248578	745.5093218303886	896.5970929728296	895.6329389602539	849.8912017149394	777.7397249597166	866.8244848729422	1199.166020140635	1228.52326975191	1216.5978122471188	1287.084471766623	1392.6152535267397	844.93766086925	800.1949498642678	691.8178641084123	764.2401244276025	702.6451204591393	619.119227837304	612.4899327618568	583.0888521467078	548.0182886296702	608.0858403529552	688.3998328016838	679.0504643478884	668.5949732526086	684.0707296435281	687.3493619746711	704.0708518255868	757.4298257671684	739.5185361229251	773.6440345589048	732.718020333011	751.5543780184751	0	586.243154878299	595.084049341282	615.847824436193	630.0659338529374	695.6993491548202	692.1633898192107	378.0154036700391	377.1458929434666	364.0847041801045	0	465.8132716922464	478.380270525726	474.72983750205424	479.72416512914384	784.2804224836715	703.9473098562403	776.1101827930555	790.7817648612586	980.6883224769489	869.1565267403962	866.8954656049789	910.4989991803767	928.9460039832941	917.2232706578274	910.9936399886317	642.9923865783263	660.3476946512361	641.6722547782466	668.6741454257036	682.3799302309449	571.2449538287167	538.9635898980501	504.7117447767021	503.96681967783917	759.2952890553153	770.7811312311206	750.9551195513113	732.9663621324821	0	0	0	0	0	701.2505361418727	678.0647244089898	667.2257430579214	657.2099814809701	663.7420112679551
3300047160_642	2311.9035327894	2436.7412025991985	2285.582833213958	2536.5939818351408	2415.636563198895	2086.2150622455806	1939.4422796553822	2074.1291984579384	2525.398788364584	2783.331746616214	0	0	0	649.7502836807823	924.5202317325858	1022.2373816500037	1173.4776102536346	1357.6396856172792	1648.881471346286	2635.4922594728832	785.5398709680384	831.660485475049	832.010639157122	859.5067465408105	983.3101312191728	0	0	0	0	0	911.3682353971634	835.9107092893419	708.6104555443478	652.4279756408478	694.2459171388106	774.2687876952274	1403.2942782087773	1408.7764852851885	1418.0037706743033	1406.608648789606	1498.3585399532399	1610.37152137362	847.9271020695783	851.2143230348601	787.2845452446601	889.3399699968328	0	922.1241210918203	889.9658143746783	910.1638024259478	1000.4953187533542	1118.6061877931909	1339.2810336121647	938.4226191366272	725.0650217516273	735.0130115562464	709.5991256818232	773.027600428721	783.7465001290817	673.1093478781586	698.0644940144268	493.3810166999764	572.454998721021	783.9100428023621	1308.3105380177162	1205.9118788049466	1514.911969545461	1942.763320575296	1233.1757314825045	1322.8800294988332	1492.9819013681042	1815.675812302712	1124.1337209234323	1067.9693062857411	1055.545759900198	1116.9561365673947	1082.0183848480947	1115.1393692924364	1051.8131739480316	954.7595880268794	875.5596360363062	1120.712324638503	1163.2531045315866	992.7274092925247	1063.134338619911	952.3131085862159	993.4249895759413	985.2700441850646	1012.7848310715782	1025.4647111591123	1287.9235715970212	1257.7409688495948	1168.559385951313	1031.6593992214257	934.204334642165
3300047160_649	1007.8924758125956	2651.394713757642	2670.535616315672	2062.4239868060436	1614.096534548386	1911.3714229957482	957.4907623605086	2421.1903084108308	3196.7098665686467	3054.146626013515	3267.6884622265875	3534.625666675298	3747.147516281826	3634.108392873454	2614.3889803012844	3438.675896481467	3042.033256965554	2834.3562814414563	2079.244643424819	1965.5714325407705	0	0	0	0	0	0	1530.3552636720271	0	1635.6196326105562	1494.7391169633602	3934.7839489969138	4074.3943686656467	4318.739747024933	4487.986475205507	4520.141673154659	4176.203016780858	16390.49078348026	16965.651103811324	16245.817233637577	16408.270181413765	15770.866786298293	15669.67008781326	0	0	0	0	0	3199.93882839143	3089.747175872812	3325.8474907013597	3144.4205788365966	2921.840139670378	2685.4342337117546	0	1746.0756114145897	1644.658600678421	0	2110.6215322587905	2049.7700799824597	2110.628920941255	2293.9538187221806	1404.2963554538917	0	0	0	0	0	0	5917.865399815181	5653.7027693267555	5218.02433913234	4524.889982252946	1927.8794618182883	1877.0728966752085	1886.3697735757835	1921.7276611474392	1973.6286733514655	0	0	1851.8669528380028	1985.7955206435706	10233.82910460851	9641.213779209867	11273.647963431164	10034.457128454002	2357.6713548955177	2386.6495820684195	2481.3229503218618	2188.4258238820516	2208.4845594627436	2511.3808864779344	2793.9669436578192	2948.465120409382	2889.6501263822433	3048.7923947380614
3300047160_653	2677.92785480677	2577.3328221176876	2199.0966941185707	2505.752136583408	2482.8993608510227	2366.4837815481274	3147.328442468782	2288.611925627608	2537.3396381911466	2403.194132997504	3750.000624016504	3438.422503049594	2990.833058451771	2289.938768473247	1481.9775572380079	2501.882620464879	2037.8859495904064	1596.6096150635003	1074.5278302600946	1001.8263864443816	4636.397493768494	4516.3117321711125	4258.850927616008	3872.26986324417	3415.599180674407	5516.081840746895	4937.448839700907	4312.195602350915	4241.470804243016	3506.6916278344374	4513.609662959862	4850.709037783761	5138.674182007955	5198.520980296053	4812.454657050113	4102.064285939464	2717.76643917498	2787.8197141407786	2693.0754248566172	2640.847846901685	2313.181148699602	2302.0505899104787	3975.524471823176	3825.2672306431737	3441.8568672763377	3092.0137506483215	3291.136886379644	4672.825332223709	4477.202213322218	4335.381298408419	3827.3027650816553	3180.466573999608	2601.182001014056	5099.251117418947	5782.548381549344	5766.05185527807	5422.908104010398	5464.189836017583	5205.500905479342	5229.867012986892	4713.503362124887	2805.86558042693	2187.6456661486395	1692.208716348054	988.2389436906643	2811.074367756274	1989.4160232055403	1533.4697803496372	2661.0807159302994	2360.6475747458367	2041.6851574363714	1570.2399760356795	3916.605104923913	4226.2668876563075	4032.1845826323515	4001.39988386515	3789.652125484486	4605.028469210939	4724.77042663049	5134.160070030915	5411.278337653834	3903.870781392451	3775.1902222299746	4268.350522708838	3926.386390007369	4305.479330522696	4185.13528846151	3861.5578753538844	3490.393777967792	3177.8722275320024	3273.4690953291806	3487.2072989856288	3888.9676145453855	3952.5598222681942	4388.738528807366
3300047160_656	0	0	0	0	0	0	2100.9570606025986	2467.1569396167642	0	0	0	0	0	0	0	0	0	0	0	0	3777.0696485169606	2384.4976360109627	0	0	0	31078.53060595565	13327.155516982086	5582.516831602204	3241.5838601962405	0	0	0	0	0	0	0	0	0	0	0	0	0	0	0	0	0	0	0	0	0	0	0	0	0	0	0	0	0	0	0	0	0	0	0	0	0	0	0	0	0	0	0	0	0	0	0	0	0	0	0	0	0	0	0	0	0	0	0	0	0	0	0	0	0	0
3300047160_663	309.31879688395315	0	412.8857996284574	565.7605638218624	717.4039083055214	926.4664479849831	874.3917932823564	862.2710685290996	358.49535893515355	350.3088962561117	365.3847546545503	391.6488789120629	445.3765675199532	460.90540441954886	376.7191269511344	319.24585717867046	0	0	0	230.64938435020974	397.03747755133185	362.7465529316517	319.1137804178856	307.7909959108096	288.70073998807885	494.5843535873682	421.2014293861141	453.01714582896767	557.2366310564843	602.5603110847276	872.5567659466959	894.828539748053	879.2780206817877	879.3533420192002	854.860881381068	889.6355888224741	661.0924866940821	652.0536472087222	622.678959382894	630.4411459504302	605.1148930706387	609.4435013080265	0	0	0	0	0	436.46207855592434	443.2299931099026	453.659357222886	452.26233376445333	461.59913059913924	433.52923799068805	0	330.6339271319546	313.29182704840605	0	386.81533167970457	380.2182291656639	375.71069473540035	0	351.56321134850424	333.1259597551037	322.63036800303576	0	505.1004701458452	466.03190489349794	420.76345672097233	429.9873278052739	422.1736163025122	395.64539450507755	0	362.0923599935875	404.76673002643986	370.56609403342406	365.66642682974395	356.36469547404704	740.3399631543338	720.0214091902387	731.7238346917601	740.5061724407402	402.62668612688765	385.6063909941886	409.38742615534613	0	611.5040721401564	617.3814498027676	619.1554807765926	563.221529194841	560.7996719839093	824.8828711855601	845.6986851836339	887.021708471703	891.6436847079596	924.9832653962645
3300047160_666	965.7473153213002	554.0137574180915	987.6381259310788	1082.9480037833298	1137.3915838283456	1454.2277128685855	1425.5280137090422	1354.9093171482461	960.1547305666127	928.5615406787346	961.3347614364382	1157.2567604042993	1362.7960810990094	1396.4238408883225	1197.9001773852076	973.8956437369209	954.4921534112209	893.5473451268011	707.8376659424752	720.931919094084	1061.0572273742982	1066.7354500001459	1060.528233484032	1082.4666075363714	1059.3196347570781	601.5838643209736	749.5190817698965	952.4227329044089	1280.5057175186157	1374.7485182871342	1589.0847950056752	1646.8882517859324	1615.1232026755886	1578.1837107562112	1609.7254740570554	1645.609100476053	1472.26862583005	1513.9674795907931	1465.1678451132077	1454.1679951493722	1398.1299216403631	1451.8854911587152	773.0898929143115	800.9311123945298	832.0787148595231	835.2499964975011	763.6080291426518	941.809098899479	921.758851034991	923.8088536550822	934.5062970765895	887.5059004524047	839.3919242425156	970.3362331232751	1057.230855278453	997.3421235219321	976.39749082684	853.1226817703074	845.4900023079531	837.2057361588722	817.6502442215086	1322.2741351320349	1367.269373992456	1338.44934100332	1004.0868877176437	1519.278022022353	1381.313948859344	1266.2304003424244	1339.5041233136947	1399.100124018347	1277.6524252278118	1134.0695742756864	1082.913805840366	1138.8546329919063	1070.9748811570826	1091.751152588034	1079.3843996419807	1103.8492166313422	1104.4780398923408	1097.373911241871	1130.065077354571	1028.8222652360707	994.3685377315426	1061.818986063238	986.7533797567247	1185.2866833725084	1167.755506358073	1192.334447770414	1144.4292594419944	1158.301761758048	1469.8000976448038	1534.059474038819	1556.5423466086213	1569.9091856900743	1659.2180263506377
3300047160_667	1066.7091605996036	1196.0543762079344	1195.764576545546	1291.531248516123	1414.1282582515644	1047.362430035142	1245.6002986817389	954.550170772327	1686.279165139606	1707.6489716728352	1322.4121734390433	1449.3507654836267	1611.1615212739193	1953.2837576296358	1997.8787377728663	1369.5236413557384	1304.9094917980228	1399.3516567874092	1209.193374303734	1279.6684770816491	812.153788998373	926.3057057558362	869.1756215935133	948.7231958920395	954.4727022795737	896.4476506871897	1094.5824022231643	1228.3384836309815	1765.5987221568746	2034.7011580607552	1138.034059718655	1142.3112286380137	1136.0872329167037	1177.6231148672298	1270.9008324142276	1317.6609270182298	1005.4423843390798	1006.8209158374407	1044.6474020493215	1014.2370890524188	1035.0487077166752	1054.3692256141592	1082.561161641172	1228.141664601711	1275.723668718267	1314.611956533637	1563.645187218751	1294.8568943658925	1334.1283924308534	1365.354357496719	1384.120129778125	1479.9048856815843	1399.2313759927622	1147.341326309247	1140.2048577442492	1193.0731314929214	1075.895759223782	1258.9707419809488	1293.1559748629463	1207.8445145879082	1297.9219991486625	2227.153682336187	2560.8240652825416	2843.600763177852	2515.039268832562	1511.6353809817867	1496.0025483918987	1572.336890209574	1407.8864445883	1407.8813685323262	1402.5860602995176	1330.8171295018037	1529.2453376862595	1540.2364798304243	1544.5058877455576	1514.3936603364195	1577.8223400252527	1262.3344426817407	1407.8592874303731	1335.9465848664433	1374.461529223119	1203.4912485623142	1139.9726508691595	1204.9092711522576	1165.7990982836427	1613.716706384377	1588.6151793161102	1734.4787524052203	1733.78667327403	1799.802511728008	1103.2300373409	1198.8108064278963	1226.7346524368254	1194.161229373035	1287.008344360475
3300047160_668	2089.6271617672655	1994.8183941482848	2039.0511708369372	2196.892261979917	1954.6408235025065	1769.639641382743	1767.963618249775	1694.6559336160597	1958.397258933347	2168.654637411636	334.0782974128058	431.5746815896936	543.0036694378706	819.7725701936552	1352.0983018020195	972.4773250321164	1113.1196195454493	1320.0427896834508	1603.7092385106616	2334.809802025555	709.0826489926874	764.4492188240098	798.6123053544488	871.3995747980792	992.0360156734745	0	0	0	368.0004031838169	444.166637618414	887.6368072590845	856.5492448752788	770.8724744135823	749.4785275574415	813.7818725457215	890.4250718872454	1280.5590401237037	1302.939940628773	1298.4049276935868	1327.5679469683519	1408.7613649409209	1476.4427279330444	885.4401006975962	893.1691217559094	889.5071325791861	995.1704456616264	879.9922431715675	1003.6547991750354	1010.0807141842129	1067.3643805984955	1146.9173665929777	1349.2465116686317	1530.9797740026222	1090.644684688161	882.3582066527844	859.0215869194317	835.7700994245587	885.9455575257742	900.324630912039	786.6010982867949	851.0178398811208	588.8142743678749	686.4799723342398	1006.0944000824559	1682.1142711073778	1154.7129022440658	1414.6826338690298	1765.9530435964434	1333.1047130977884	1373.5733969609655	1546.388497725618	1835.724696280402	1206.5669394098522	1138.6048343182856	1175.401422061446	1223.4077523669303	1223.462675549475	1168.4828118663218	1121.9816691867043	1022.527994755876	929.8183196421498	1120.9830724857025	1117.0640713110497	1013.6685974295383	1033.4726408655238	972.7915460759963	1014.5304320123594	1054.0478248974912	1103.287902409652	1190.7873450336972	1273.3030724197165	1236.2129971881036	1151.466177990094	1020.2429361690017	985.413269861656
3300047160_669	2436.5279619100857	2522.4685629647333	1566.5500452123467	2776.4453189203855	3239.4740923413897	2122.148448118759	3493.144842331798	2052.706352347469	2440.7147054780116	2717.8698903402433	1935.3730899080163	1547.1186212137443	1379.7526915262774	1382.5012861958307	1555.982062279133	1113.972475975238	1170.3442345071828	1145.365343470239	1146.2388128884902	1504.8428574430618	1007.906782004348	942.5920119629541	856.3628383507742	853.3506956051364	888.2295260546771	2316.594014506135	1745.1704856925792	1339.8253060890247	1422.719551067383	1265.1983548935236	1101.9474612627366	971.1359454440352	912.1914677704964	815.6561320956522	857.9592001156897	931.556776672677	1009.8658008925178	1013.2100163231398	959.4939547418431	961.855225642756	1110.1244798613036	1040.7511096421931	1059.8618446579333	1019.7267982116197	937.5738572609491	977.6248951726978	0	1702.3838680295896	1654.0523081833974	1613.3556594187153	1750.6532219050243	1805.1994091582358	2039.8204084194485	1156.413980380161	812.720339664942	918.8761326934281	901.9681940008388	816.7935954761421	830.8922216266701	689.2919363169876	799.2566329595875	1295.8041431722913	1273.783720629723	1267.4619163232608	1598.5514282912593	2250.914478998609	2066.6603463855654	2246.3420388351897	1498.852004591709	1445.3229589226653	1421.7894963388703	1523.9061090592063	1455.5772619813845	1389.5306873484742	1369.9387835400516	1372.9444092049582	1408.8385455605978	1592.8915552181468	1509.1920734841453	1324.9099756100322	1239.0242858845759	905.4094065863427	925.3520141289252	721.6104802840658	0	1469.263943536073	1543.9956506417561	1550.6568506384867	1534.0586787168047	1580.0331380016921	1448.910042837896	1352.4809806144126	1390.9716520715801	1233.9226729047757	1124.2908965974489
3300047160_673	1251.3921048681873	1284.353998044863	1365.2098838801344	1278.5103460372823	722.8986989066208	1344.086906171716	1052.0994595641946	2270.3237138227823	846.1415839680261	948.3790446733971	672.8288304702484	0	0	0	663.281664004031	1180.7408927064778	1312.9529395860236	1264.4364019410623	1314.3452337616966	1891.2155868451318	806.8269025031132	876.0304872798407	806.0286287665532	818.5020896746086	878.4068705892229	0	0	0	0	0	787.2642625488749	0	683.9386076352897	0	0	659.8447720175387	0	0	0	0	0	737.6139615928033	0	0	0	0	0	0	0	0	0	0	0	0	0	0	0	0	0	0	0	655.3740836270215	0	0	0	830.1832339531138	832.6760902317	892.3799134920057	821.2465030342734	822.8364301089332	0	986.3302203658179	596.3699210367247	635.8798010140114	0	0	0	0	0	0	0	963.6422519876976	1038.460348624123	771.4611746168048	0	0	0	0	0	0	744.8549874031705	750.5057478777932	696.2129144390012	0	0
3300047160_674	1315.3304498582	1357.439635736738	962.7088891826863	935.4964552493223	806.2447217686303	811.9264932078871	707.1202503138908	739.1058043184553	626.4644453806375	736.3981526674254	786.242107704047	779.664562453308	717.7034517582819	806.5277770109498	878.9174708468036	891.7610681022495	1034.3317646813293	985.0268509764626	974.8158102261661	1316.2269436944566	547.5569173358633	573.0426161130492	570.0080642925884	605.9090980248993	641.6017721010762	582.1271221177897	552.1565668924019	541.9424767263167	707.8667248306992	682.5791132094669	522.252211585187	508.974598662152	442.44002536669456	424.0399100623512	455.2964945238695	496.4654449198371	646.7106630949573	624.7258339484029	648.3881924477421	665.4745136275316	0	674.9314742286427	951.0554308156128	897.5575936052338	779.6358751349945	874.2469125953917	0	1114.4675245189435	1062.8922178463308	1031.2696978884296	1144.9461663022312	1249.378081056395	1367.6598439974348	851.5932121588282	604.982461595363	709.1748000791799	647.8009323868736	773.1653420268677	835.6882473250761	620.3787150634735	685.6172135578082	833.9027120331084	795.3014437300706	799.5332056641987	889.687678805189	979.1253248075717	855.7156515126692	877.1961215881904	937.0388320272621	819.3459080773503	846.2544814030613	941.7529390041369	729.0318841536248	701.8804953635031	676.6170009813643	692.4290086063074	663.9928634372591	628.5992649263859	595.9238809128362	558.358760599118	540.6831884395884	648.5521361628264	691.4268410051443	511.29550331857007	0	486.36120709750344	494.27320312342647	501.1950779956769	498.66585893875634	547.2727687994469	735.9139735947865	719.3535713105489	677.4210492654715	0	555.1924577880249
3300047160_676	0	0	0	0	0	559.2500556747914	887.7550136850041	864.6547707673187	0	0	2480.1908977731455	1449.3923271760566	0	0	0	0	0	0	0	0	2788.855925640601	2206.854844121724	1553.3630332686578	1172.6261241291004	769.2067731792488	11169.690202106143	9764.36989030304	6903.012332721695	3860.098426641978	1879.1427895943345	1980.3317623636292	2100.957492278948	2429.1039657318543	2341.628917482476	2121.542562345304	1746.653455917573	1225.7973551963426	1320.5839694585275	1288.3617896170342	1348.2748345308476	0	1102.1483008052926	0	0	0	0	0	0	0	0	0	0	0	0	0	0	0	0	0	0	0	0	0	0	0	0	0	0	0	0	0	0	0	0	0	0	0	0	0	0	0	945.2999705921909	890.6500999023026	1132.1309376166748	0	730.9212527826501	749.974676874245	732.9382315089216	0	0	863.5030802602548	1031.180727868511	1083.16443953715	1196.1491593069954	1320.7662299423525
3300047160_679	1512.1738218627968	1583.831655947211	1310.4366625152297	1267.0150695139744	1163.2928215284364	1367.4730615982294	1208.936983752503	1295.5230455216729	1177.747381036921	1276.2545527100506	1031.6284424865783	933.4036013127774	845.6299395361987	905.1010455679636	1094.225337399739	1599.0124756051518	1623.835238799568	1532.082838662842	1557.7650309701978	2014.4514314402118	1321.8943189768493	1397.7823536354501	1388.8235620159203	1453.2794031954916	1527.1756680930946	966.7269930982484	1208.5904015718304	1295.4509943174114	1451.468324963597	1246.7210101269422	803.3636625594744	789.366733719398	719.7142543546216	664.406465773045	707.4709961164062	807.5874341772395	1097.578394870802	1107.3916190832201	1152.1104040799096	1149.6946370040835	1185.1293384659664	1214.828119820883	875.6471427272016	871.8855805747355	859.9614165527723	977.2994695172533	781.4001325796352	831.2761481657146	851.6216107953293	853.2843455966392	925.55227285813	1052.2124683931172	1155.3197488271223	890.5283809344212	722.2682859384482	768.3587200294074	737.515968773212	832.386889822987	862.6490322408482	758.1594891989711	833.7172499756241	846.8581874732889	843.2964260420682	984.2103410537143	1271.0528115639588	1275.9129242946037	1307.7714674984127	1477.4524048313203	1136.3764306222274	1129.3614522418839	1179.288703283932	1327.6654213976772	1008.4019699688007	996.3576487100102	966.8423077084701	1014.1371222626493	1011.7212994230179	858.1636580138775	824.4675159208946	779.9851959747997	753.6465463939562	1161.9057095011713	1143.3943419479444	991.6746163699476	1054.3807706041418	676.0699895713508	704.982969561745	721.0855238598268	739.0330742814056	775.0295810069949	1118.0534772214014	1047.0137235854666	1037.2271284568383	971.1659812132701	931.2087122447394
3300047160_68	0	0	1224.0595161677968	563.3304536769609	378.3528157449802	851.0459962145851	775.4849613220584	1206.1394164256844	0	0	509.90588073989903	0	0	0	0	665.5594671355398	0	0	0	0	1034.696003234167	843.3317568169979	679.5990645013056	587.8665786441263	0	2823.8470281646996	1618.995326464024	828.6172242695184	0	0	1154.3175474656916	1102.7098823068816	1094.2900074685754	1089.1613572564415	1092.3270408571154	1218.9615227732436	714.5771579873149	742.0913778149641	707.0775350062088	754.8249305838679	0	730.9180794132149	873.9094131398468	647.5883502470805	0	0	0	0	0	0	0	0	0	0	0	0	0	0	0	0	0	0	0	0	0	0	0	0	0	0	0	0	695.6551385043036	711.580160108153	680.8725570830726	713.5479799235569	747.336758716784	0	695.3432821073616	658.5814674941529	658.1709871831623	964.6286265208115	961.2744693209871	945.9869064412675	909.7130862628982	0	0	0	0	0	754.9468463445926	766.440173545007	786.2988107107443	0	811.3152590140714
3300047160_680	1102.9824893243326	989.0015098257268	937.3109312521324	1101.4273417284157	972.6528604192093	1196.1543824407167	1285.3182223760052	1391.462158661391	1270.1371080779024	1224.0765649234968	2509.9189707950136	2417.163917967163	2010.3361359100318	1488.4581561635061	955.3749201311423	1670.6954417648717	1331.0592376161392	989.915155849535	710.6252655464665	673.5366161311855	3059.7140023893876	3074.073038478066	2816.622105679138	2552.154884752225	2230.897552356815	3256.3256195093304	3090.817115688344	2801.925266676027	2725.249990330694	2337.023756681362	3016.4230337013228	3126.1158823526266	3317.9133744474216	3494.3748413679673	3313.079023938309	2735.856523365092	1889.4164509188352	2043.5833079447152	1939.700620047449	1878.0839001179816	1661.7401527155826	1672.5368537194183	2164.6295137581064	2130.5596201428157	1981.1486185354534	1762.8912561931627	1532.5695318610994	2069.318875082171	1988.9047938192753	1876.4618349730833	1657.7395464105898	1319.15921483862	1032.8835389719122	2350.881395814152	2918.3835334256905	2709.672512927569	2440.883508408315	3436.3503726062618	3153.687843768207	3085.479177713245	2595.716922859791	2643.1060694692396	2066.6992845224304	1464.6955239095778	903.6559120655492	1675.639161733953	1228.903564959813	938.2241286193212	1652.178803062274	1497.6646185667403	1224.2267602266013	972.3839397754429	2060.07038876689	2190.541620443095	2080.7814342762617	2127.2150860911497	2028.2656033906392	2082.2469517794275	2158.410809344076	2333.6344304103504	2637.736198651703	2312.7729869688756	2255.608971791874	2813.429878352086	2318.2862987762846	1841.7946943020881	1753.2132393614816	1698.5149131852493	1541.9121592512117	1402.9443975916133	1755.9777840657628	1984.504495926204	2159.5033538672333	2207.3903514687568	2424.171775577403
3300047160_682	1810.178450053972	2655.7831518597072	3949.4792234029696	2306.385140448303	1522.5269737788672	3000.5634645540476	1797.3685969133398	3565.8967259029278	1818.8958895949322	2052.632254898025	0	0	0	0	1322.2091417515742	1211.6019270920183	1359.282833352816	1567.2877819486444	1936.7941986674896	2920.941670979635	0	0	0	0	0	0	0	0	0	0	1642.4605657863801	1429.132767176426	1214.77732435695	1077.5631268367968	1137.2482713164286	1214.6122018320273	2674.850249546599	2522.228376126608	2639.8922639613634	2606.8142871731116	2881.8879496470227	2730.8405056872634	0	0	0	0	0	1116.1424912096961	1084.621904600996	1065.869476835406	1211.3879464207264	1258.005602491178	1570.7764527930642	0	0	0	0	0	0	0	0	0	0	0	0	0	1093.1609281624078	1327.3320964056998	2225.6578845169515	2142.4636511921867	2161.657090432083	2779.0956302531918	978.9593741196051	1010.4229985472927	0	0	0	1438.7455174529894	1366.828491015832	1132.476394479339	1107.2738597812258	1455.5741594845742	1358.5515227423882	1043.1794237488214	0	0	0	0	0	0	1864.4240742314457	1611.0598121117919	1704.8206846628937	1498.3753224972402	1392.8191648645625
3300047160_683	1661.139470843173	2922.655861267923	0	0	0	0	0	488.4973384096291	0	0	1053.0477893551313	1050.9771475507039	0	0	0	810.9058474476352	0	0	0	0	1680.687107702915	1707.342186817087	1545.5132871198716	1324.0003842717472	1026.6409750297762	1038.850005675221	1137.0916608937227	1117.808102833698	949.2646122115397	0	1398.427389581825	1504.2185041111627	1632.772117213993	1618.080934491633	1296.376282505007	933.7782318811729	881.9351207652572	904.3931520877187	872.9769227207036	874.6410027883687	0	748.4079336914014	7542.339786657411	5384.701870162754	3272.578029241488	1931.452013707384	1728.7947921609548	5061.163764768491	3252.526813647241	1914.6974925969957	1180.4977188361368	0	0	5038.432342935834	6314.364332675921	5776.602109606737	5331.709599971342	7637.524192959937	6410.006494989622	6140.476661964854	4709.748131737207	1086.8208494756425	701.9989086338096	0	0	0	0	0	0	0	0	0	843.5065081663303	846.3102362516628	911.896028584906	833.5510839377984	0	0	908.7507483474866	949.4493632099421	1048.1989995192473	1277.6250735811527	1238.3605500315257	1602.7855021114478	1401.3619131940072	0	0	0	0	0	0	620.1124484039632	716.4595174384508	0	811.9568378744931
3300047160_685	474.7209875862083	261.5783802875678	399.7595523180042	334.70556094740294	282.0055337017229	286.83463721153	356.5325965125857	246.47495286161325	438.60680692755665	394.3416454349016	595.5968467246155	570.788291445369	429.63086837738285	0	0	0	0	0	0	0	447.49540349669064	450.5582208414098	443.14294440711177	379.7420564936247	309.7543622869714	466.77345541228226	614.6128262416456	694.7818917952007	666.1577273139545	515.7680010389995	709.823079575908	759.5359148241936	807.1414142507329	742.4243050330039	562.8287298931926	405.20329912722775	0	0	362.3956005608035	362.8271975258536	0	293.4727167935167	648.4573570423672	706.8604129470613	621.72344155437	508.4339721362034	0	1265.8143309652855	1172.83696624827	1062.2229379750913	827.6202374535384	609.4977032416864	463.5575359410763	1468.5456233006605	1824.0101827443389	1625.546080552495	1406.0783787507764	911.2911165359387	740.8486847072604	656.002115365824	485.66816996346165	1243.968578208834	869.1593360364689	590.6360116535196	0	443.23948470860415	0	0	564.9079137111116	493.57469848112686	0	0	596.7641207046415	597.0441226991777	571.2701701061872	581.0903853673684	514.0414850282219	527.415298044017	610.7557346090164	693.2783981171443	757.9953824067235	362.4970023584295	363.12341932963864	474.9651617309856	0	676.6979253159445	610.9673382609313	579.2185678087467	465.2695743621147	387.41974718116006	470.65046537592576	555.9228280348921	590.3836827761043	608.212169188574	645.5584992541906
3300047160_690	382.33065794708835	354.89985778289395	771.3863266987646	806.9337694845585	911.3259002698458	946.2097085536919	777.4735375122046	749.513953780563	311.5402520071096	337.0475736668312	1567.6335328678542	835.1559167708579	463.1063481767528	0	0	701.6913903003501	508.1766136126043	342.86572963095574	0	252.06250548810752	1203.2307258951475	1001.054743941155	766.9975492199036	613.6635602676649	495.83141005940263	3763.2939845802475	2960.6789851023677	1991.4979079317459	1270.203867847659	621.2912423143184	362.91629524706974	0	309.66176383944224	0	298.2020641192797	330.96810224338566	448.39154088573025	451.5991667630023	455.05128644373457	443.33848555685876	0	490.727700316431	579.3764478753881	487.97414569934045	362.9644672967013	0	0	0	0	0	0	0	0	0	0	0	0	0	0	0	0	823.7600418016509	429.58788267216266	0	0	841.995352241223	450.04424361125825	379.56128899483986	606.7530794911113	473.8080631714218	0	0	447.8657043905833	419.20761893421644	442.3113287251104	433.28625014609446	445.4178185650041	532.5597841273902	494.8423940284091	440.31116736324105	414.12335341524664	449.299943912887	450.4402152192823	390.9155334106082	0	406.7165313085359	429.32336627067747	417.0040184681192	409.3092949662569	445.48449025948514	607.3917559211484	579.1269698804236	546.5766032121536	520.1355840004464	480.29741588020386
3300047160_691	919.2540170501934	656.6995202739647	996.9573116863359	792.4462411094352	1016.3684050033909	1385.1739335734574	1321.5898127238645	784.5402301162902	385.498384231706	502.96582755526236	584.6934482753858	0	0	0	0	0	0	0	0	0	0	0	0	0	0	2634.104195051292	1001.1409540058589	0	0	0	0	0	0	0	0	0	0	0	0	0	0	0	0	0	0	0	0	0	0	0	0	0	0	0	0	0	0	0	0	0	0	0	0	0	0	870.8123056755181	0	677.2649780947366	0	0	0	0	0	0	0	0	0	0	0	0	0	0	0	0	0	0	0	0	0	0	0	0	0	0	0
3300047160_692	5100.296953672871	4718.1065726938305	3995.7797753003733	3696.8392305494513	3318.724089820912	3738.0219672759463	3858.5178046050514	4524.276206096799	6072.843791318657	5870.273742144136	6679.765622467014	7235.846780656488	7563.218334541331	6671.767402404526	4698.5169797753215	8027.130719573806	6983.737914029641	6107.385096366418	4284.090757101388	3928.6424619663517	9677.160357840528	10030.627675797443	9933.169780448776	10259.74969710994	9322.551573350978	5491.795279782659	6335.700573844013	6926.993998454195	8508.377804241281	8859.39673603789	7367.698421853363	7534.7084931376885	7967.886351961535	8229.572613189835	8667.798481809334	8180.122079497451	6045.010932164651	6049.428098728264	6122.759601669139	6083.871311929927	5735.088705678815	5880.513431303187	7709.041857188887	8667.507892989024	8611.622453913973	8234.954502887469	8747.996376562603	5082.458417689528	5358.874086949609	5496.172120508042	5065.878469769431	4488.9317270323945	3639.8695770601066	7881.089487382031	9095.87645586928	8663.480170058485	8521.819494903288	7697.547147293902	7507.119447043871	8027.556968674841	7617.288765943435	9711.49245476394	9118.891070471063	7289.568801306901	4705.445598667308	6223.370496164431	5105.446492821892	4261.30957639086	5026.73900180481	4918.747208849638	4094.1847580039257	3320.182986725084	6126.232195023283	6351.373223478313	6560.853042199842	6569.8798435177605	6626.338285110187	6026.587810016831	6105.107062723561	6410.658528851039	6840.989936750898	7393.198583744028	7394.552373473727	8900.056285503862	7774.813574237183	5307.19663735291	5571.5464855001655	5228.565892508849	5037.372032343271	4620.18135554863	4390.3437691348	4879.4542083007755	5051.778065944588	5351.714538295141	6013.315273728376
3300047160_693	1322.0655124311602	1573.5896834897508	1379.1373140407281	1083.7611158740265	808.7265414146596	1444.2354619507503	1303.8219395621124	1710.1018954197175	1419.4917071795292	1383.659663700576	878.7042160348933	1062.5529767599467	1298.289021521929	1662.8698563443822	1652.8279976584129	1897.9013949192538	1887.0041319645572	1862.7336305042072	1630.5038732491175	1718.1937272177945	2405.2312443841583	2565.124836855241	2642.1766752535996	2911.475908481435	2947.8015381829678	0	764.3772883051623	966.6185746842492	1313.3756322678303	1513.0875918385877	1745.8339566273892	1829.8311008474311	1869.7135691204126	1858.734447673457	2003.5788161937776	2150.7244562647616	1513.0623390782578	1519.4576150086534	1547.3928418407434	1505.458050694789	1489.4038454939348	1606.5585190164768	1347.4962270406602	1457.998084431405	1510.827747149778	1599.9378599920763	1598.0154514075975	1005.7870309428341	1091.8453101073655	1141.1476366936547	1179.0613892711356	1186.1260231695242	1148.634214659477	1266.551430192688	1272.2444391062097	1201.7779261554806	1340.034830327438	1560.078819650126	1543.738417024536	1618.5798808492682	1770.330068089979	1192.0273422711546	1424.1172912446632	1523.0148171478809	1268.231262076118	1336.2747533825911	1290.3437973466253	1312.3481695074743	1486.1036235826016	1616.12950109674	1583.4486901016637	1468.8012445528752	1313.917123883501	1345.2405933170046	1419.1779713697645	1393.8663962005778	1399.503499398769	1158.248625275283	1188.0114975934596	1155.837579576349	1224.1991828893638	1642.7256733101185	1717.0638457691969	1812.9773320600964	1738.6752609247067	829.7199485206781	801.0120148496262	809.081089651349	820.3520976386103	878.2727158948185	1353.213186708164	1384.5144769417238	1389.8132992959147	1457.5938043283547	1511.164310402037
3300047160_699	0	0	4299.576105376331	0	621.7862789454924	2067.5434943869877	0	0	0	0	4943.275756090088	2180.4400436501983	0	0	0	0	0	0	0	0	0	0	0	0	0	11629.414424234517	5570.667866672021	2537.462830304943	1259.5657464865792	0	0	0	0	0	0	0	0	0	0	0	0	0	0	0	0	0	0	0	0	0	0	0	0	0	0	0	0	0	0	0	0	1137.9927314081629	0	0	0	2289.3262832830105	0	0	3742.0030704026117	2210.6202955411136	0	0	0	0	0	0	0	0	0	0	0	0	0	0	0	0	0	0	0	0	0	0	0	0	0
3300047160_701	1550.2599569022336	1445.291349981043	1674.9362572270254	1732.712404922857	1749.5138698176165	1984.5710502675904	2089.7952749470023	1560.6876593475204	1222.3249071990424	1429.0292371752917	2318.28086854761	1546.5575530263698	1091.8307699951729	877.3758639203296	792.0382213923015	1347.4168264009973	1269.215071864606	1043.257105691804	977.0778854157827	1272.7981065791091	1513.2138682514399	1325.6609587393975	1076.9542537808447	994.0410130192519	920.4677777023667	4781.681934270706	3091.868631956772	2222.6104067726433	1943.6241215910238	1340.080858801561	726.5345498494598	703.9444025232166	0	0	577.7689297565382	612.6420837542566	964.3606568874505	883.694222419757	957.3016156079242	936.6947308430085	1018.4191217063154	1025.9823473209901	1191.034718146883	1044.1099274855317	876.4260255208048	842.3230461204663	0	1047.6952789629302	949.3851766942481	891.899246001542	903.7022699279479	906.690173237253	947.7697472101491	0	0	0	0	0	0	0	0	1303.2878138792942	948.0920906454056	678.6173514776968	0	2026.6877883195623	1355.9884227530908	1371.4569362718946	1369.3016065981235	1142.4620601580134	1012.2110722759293	1013.053594371183	964.3582698227434	885.2432514647107	874.4590694796757	903.7428891309227	935.3107718461608	1030.436556788078	977.3600172466049	893.0756130719891	764.71611480949025	841.7584838426145	901.4854781895665	646.6275724452391	0	673.653963557292	698.636014133869	665.6574916283134	682.1752168384314	706.9229402139724	1287.764771611466	1207.9082240491375	1209.7767392384562	1048.7133025687408	911.9603829642693
3300047160_709	1364.0601828346375	946.5742245932863	1129.5753239342	1434.337640966365	1722.1064469023067	1047.4902870597175	1174.9157660668568	807.218083518566	1575.4400826671863	1658.5351296961844	1036.072828607403	861.2683204348128	854.2174360755338	1075.536247375336	1352.2979079940596	707.7369482299224	712.4656773175096	747.0368173615627	721.0524004106074	766.2966512303017	447.1944011773697	494.234979134188	493.6579550568593	530.0695871987193	543.5004909249409	841.8424383133288	851.1824502781221	806.4138861795764	933.5607455706082	997.8384231865596	701.3112921162182	674.6296011755769	691.5864314516994	663.7212214660441	736.8040335222003	857.4644109202403	814.93329491066	814.8181690362142	857.6360765461726	853.9762025491718	848.7733841842711	945.9821029339713	731.800463293368	798.886511984139	807.9955053487068	863.4288366002113	1032.1727807604138	1070.3344956485219	1059.7378491044533	1189.6371214408243	1238.4700072816056	1357.7332524801031	1396.1840468277596	1056.7321530175775	913.5259873625934	993.7647296902735	1045.931096497301	886.2588931856023	918.3861684954381	876.1980492029426	960.6455357472097	1032.3735969740865	1174.983079626136	1479.752010631896	1508.884579189785	1221.0699081419782	1259.1336553199947	1325.718149403518	1390.3639769609376	1432.7714962142813	1450.7355119187343	1422.1367268301667	997.8347225118831	966.6571124650292	1027.5581767882595	1057.482497553596	1060.8045497279948	956.0439146278513	892.3191954520744	853.5091960946523	884.9979087655549	524.3333488465604	559.5681272803618	586.5363252286268	576.0263604713443	1350.1073614830734	1448.3759700922521	1472.8985069748744	1545.9335176805157	1674.8076716245014	878.8859531618058	882.509227873301	856.7042437317665	812.2126958485776	868.7143000489185
3300047160_715	1581.6824734828192	1377.2249900279571	1372.0543503774845	1387.0231582399115	1391.4334254778369	1243.3834364425327	1065.970525636536	992.9511817928077	1090.8161327383064	1251.9227895588087	1440.8888929825957	1042.7586382709658	801.9633999360503	757.1349039195918	845.6859715212772	1257.4731099615942	1329.7588511758768	1314.5781518073586	1325.910572225569	1763.3037406486042	939.8181740871984	926.4170295286175	860.4531475530325	866.6138639058352	897.5148237407278	1439.9184768733967	1211.7204904612506	1075.9802669192459	1069.1614015962293	856.1355310090639	501.93499226358267	0	0	0	0	494.0877686202837	912.4324461841459	891.5266004661102	919.4706006041517	915.4596055650486	962.7727024293101	997.504198296649	1006.0757837225798	963.3122161650311	884.674827081896	948.2305623720101	0	798.7718727703267	771.6898653807506	823.5740626779209	826.5190613095115	881.6303857455329	1001.5679289524168	801.9911984484326	602.903644263313	607.7777052319016	0	605.4625519924069	592.9514703797347	0	0	864.7885697894679	721.9649927916835	680.4457340274108	845.840558894087	1199.5138054337842	1032.627638915395	1108.205680797034	992.0799830818182	946.1068428683069	931.2352587951883	973.886753927506	747.6994046017157	817.2036354065601	769.3779546483418	760.6566928479638	790.7479608957508	746.2018455793606	722.4105803967783	652.5823952640211	597.9775643348709	730.075437658551	737.2613097070547	625.798140945907	0	645.3813721853201	696.5409460184434	673.6696354565067	713.2251644558324	726.6861518976407	862.023170475441	850.9959401828987	790.549123509847	708.2643840199967	689.0623143249154
3300047160_716	8874.722670150417	6439.523523200612	3673.075550208664	5445.102044837168	5755.634451983415	5121.215147902528	5415.103599757103	4650.693796638665	1804.5879823384334	2120.2873330464627	2318.9321210450703	1963.5251748437513	1632.9433541238475	1446.174386021915	1366.5156919739811	2678.4768144152013	2649.5634679268724	2314.830357505682	2226.4893890849603	2754.994749071195	3031.0698636377065	2982.8554273432014	2977.2466069419543	3048.378915717439	3198.7714842088167	3994.313376391939	3757.4541630900562	3633.229152856493	3943.5474533252614	3168.8817030181663	1948.640493214682	1869.2466275537947	1659.7612933465643	1515.0244286554891	1542.436742859493	1696.410055120027	2326.0155355833695	2325.693277248643	2360.450920742764	2261.697217942187	2489.56813526192	2454.2126519880503	10017.212822674843	8697.687997403693	7144.69386889253	6504.183338869881	3453.499678186057	9679.726136252255	8991.612543589354	8003.559305997544	7229.515737417383	6883.730199240844	6525.666320996522	3672.9943795865274	2790.671704661622	2910.0021890406338	2671.622564293462	2015.6628290450856	2225.376117527397	1684.461302203899	1883.2381223939608	3223.3072344701577	2550.2385948474803	2227.7100167051835	2227.243227663701	3928.6485464244893	2948.51078319125	2957.079904246149	4156.988816869607	3728.78331327178	3466.865756176736	3597.718400779674	2098.2663767492595	2014.649798392986	1983.7553277019153	2037.9085033097201	2024.3384166611472	3158.189561677392	2909.5403591281197	2589.243538407646	2398.6830041154767	2123.5659830116597	2129.192627313989	1681.8824681955846	1822.737463134586	2159.2535454692143	2301.2353676818675	2262.553003496071	2155.4214086127067	2295.8970866633267	3231.3852621369233	2934.2438266995905	2853.2487640391396	2642.784318710003	2424.717433165483
3300047160_718	2380.61934251041	2177.6041818106073	1570.2384952389384	1940.1029814288895	2516.626198128806	2064.149632184328	3181.9399839537646	1660.354630134196	1737.1845712506035	2589.7834189729174	617.9947607746805	0	0	0	0	0	0	0	0	384.7221486291999	0	0	0	0	0	771.1894651608667	633.9401796177019	0	0	0	0	0	0	0	0	0	0	0	0	0	0	0	0	0	0	0	0	0	0	0	0	0	0	0	0	0	0	0	0	0	0	502.2016319213202	0	0	0	974.5836992739979	651.3313896606268	798.897776056878	493.457073748631	0	0	0	0	0	0	0	0	0	0	0	0	0	0	0	0	0	0	0	0	0	0	0	0	0	0
3300047160_723	2434.512749398624	2560.473836023102	2818.186275257064	2391.2112739664162	2997.50466367138	2390.1757608893554	3306.9502571338817	3026.4354595592717	1751.2941334644925	1806.0275604476687	2841.9670429595335	3151.265261540615	3560.876051275369	3912.310866444318	3527.4730439743175	3353.811701922687	3329.9070412141405	3229.3644472709057	2734.4742667110145	2828.0445155288962	3445.923829136352	3675.98749369412	3728.621277850754	3866.545336926922	3732.857843977859	1444.8948402064082	1701.37835977351	1977.3729560480492	2728.384064734082	3123.7402449086403	3934.7156720034277	3973.0550256898555	4086.01267013869	4271.800195836987	4326.873480776962	4442.380190330827	2414.1054241304496	2423.5077305595228	2488.5838027460745	2408.773592157862	2274.8135623076473	2349.976312892251	3460.7427095195844	3715.4837743782564	3804.2735873391825	3917.130450724244	4239.638798386333	3386.248101526055	3493.4856819373404	3526.948561391197	3542.3674251271245	3430.1717392795936	3227.4141788423804	2891.0333716131713	2837.446579877653	3103.297734893467	3071.909050524554	3331.658332830219	3442.032877747469	3486.4523824349744	3577.5979680954247	3018.1012653111015	3207.9035839359835	3203.8238751148215	2476.5071453398136	2624.189225762263	2430.51239945211	2208.701864763809	2659.0639131318517	2715.9615009936733	2538.4409456437056	2338.060428338744	2952.0983649306872	2984.0218233881214	3046.7555480743517	3027.816230029948	3046.5858840365477	3589.5579799386232	3623.354024255979	3637.8588065757663	3867.206890660019	4030.3470127034952	3817.594982335951	3988.5367908447524	3981.104704917861	3714.0036340620186	3619.0865882459934	3665.017674460365	3706.5918900521015	3715.3073674240213	2661.2255124063013	2736.874232121348	2795.706719967042	2974.6709200682158	3160.199359051247
3300047160_725	756.4943912417757	512.378542862643	711.2400421233597	874.7250589417853	982.833057707238	952.3977454130612	1180.3910009648016	918.369274926341	971.3459087439597	981.8760493432211	794.5412174040557	955.4509186799916	1052.235249617849	1048.2160873960352	874.881471183605	665.3397979973989	673.6987586519672	615.0374757770164	499.0987109928044	499.32590031007175	857.2490165928242	877.9904651244779	876.7756147132128	886.6287094161635	817.6422179532814	615.5763416003075	797.6331336726832	980.4574062932078	1259.36487595996	1338.4751767393052	1279.9034810694118	1336.6780960517915	1361.6525641183707	1349.6562807807663	1317.1688535162764	1292.7890077447494	1065.8827038703216	1085.0270755177792	1055.6106976003719	1053.574922307156	956.6841993246318	996.6123850655584	781.5559850622348	839.4731965164939	892.5302992005196	896.784148896869	873.859069235635	950.1482838216641	975.0071857753038	1007.4502439242575	963.7162719624026	916.653798708936	815.704286366663	1060.0923688676098	1170.6632744236888	1136.9098410100148	1112.2330366158935	983.4099142396628	968.1955171543323	948.1696137338874	931.186311188024	1149.2088949063175	1137.3810924429768	1101.7999043613654	806.7763080003623	1012.8220507566226	896.7259686938845	805.1608348067991	1053.9602739384768	1066.4966480634955	983.0525077684305	840.2985012834708	835.7002244074378	907.0822422962776	804.5265443162667	812.0991101568897	839.4126790251966	1111.7027025013372	1084.6165107851527	1128.711737854716	1159.0446088310407	752.0380369071446	746.0644853652984	813.8807588403155	736.4104838053391	1170.779395631308	1152.6669603909381	1145.0567287273798	1076.5279896470238	1060.2084093200922	1076.9100403398675	1169.1875049325806	1206.2241476361385	1211.0623791562093	1282.4834048851199
3300047160_726	1723.707444466743	1742.7960998106487	1143.9792240606653	1599.0228009539933	1763.8425232967002	1463.0076155314748	1765.5138168259898	1366.522663396178	1785.4067910522867	1863.1577641025308	1406.0919879560956	1162.91493567461	1100.2741865931337	1240.9214219216474	1516.6431549831243	929.6007247286984	863.9408501885833	879.5795798716764	835.1878676882965	953.3358116980448	951.3501012052207	925.7816742529309	953.5427746083192	950.5017369696693	1004.8737179852237	1243.7787795437482	1169.8487251836075	1051.1732556779743	1068.5773846269167	1091.9285440080769	1159.3556908014086	1133.455180613044	1065.1570068131994	1089.588157696164	1184.2339672481069	1275.857790246832	824.0591265274655	857.039358655864	847.5437730368593	855.3452052729408	881.3001410142548	920.4095922937905	849.6032019929823	900.1721731609347	906.10652555357035	973.0970151115865	915.7770139482684	1488.146501306226	1552.4394711328919	1602.0542245565443	1633.307886761282	1799.8062622691048	1915.3063615463761	1399.1513620514022	1321.5034272194307	1291.616685976435	1294.3286944825984	1192.2115008096494	1232.7421897011905	1153.7948628715626	1247.2978173815945	1068.2271260837847	1082.2321501977835	1327.3136578534288	1420.4382886762621	1678.4195146280697	1522.715399154921	1514.2451295537105	1258.4864404189905	1226.7190331347945	1213.0033165987315	1216.6359621500046	1713.8345147165305	1721.4755791497355	1702.6217033291884	1746.936380806979	1835.94219652425	1627.7591036804877	1572.1667716230454	1473.4550414885036	1492.9059988967006	939.3272922146624	955.45031049976	973.1509326155061	936.8244168213154	1356.719831832086	1435.70730252839	1439.7782953993628	1451.7421619504207	1601.6083419732802	1305.400322281591	1293.206091852753	1302.637470710795	1293.409988223198	1319.5344229762343
3300047160_73	619.583768765458	773.2306813698698	542.5352204382449	648.6235509814736	560.7337968155899	570.8341204535847	460.4471543050667	527.301084577506	762.4235755693364	738.5211656513718	814.578088798586	1019.4449213379331	1095.914767933334	1057.1176728800424	695.543542306379	1064.279953746105	982.5934360683095	861.3106335382288	628.8567062346376	567.911583878532	791.7240537878481	876.6635973565441	906.670721000722	907.5226012370523	832.764807414001	541.2698083589413	685.5660315374189	816.5375111328673	1203.2703167347167	1404.146912670901	951.7675548838399	988.3228231602714	1030.9715682080198	1091.1810819586171	1016.233589507143	936.4145829849535	807.4104908118787	816.544299105843	835.5331258684615	848.0348320347889	724.3277527301321	822.0488533746883	948.4120859815125	1107.0674228447135	1130.4574387781367	1103.639838356475	1254.3530350861529	718.9399311872094	716.6532362009297	739.2689065848862	705.5614440457294	588.0257217104202	477.2107987980249	997.8903979765228	986.1753803912993	1056.7309271708605	1102.8539930903748	1495.0641363192194	1484.445908314278	1498.338816844989	1430.0564652477535	1284.7548281571108	1225.8661895323937	962.9575266292429	579.2694085616242	850.2851683273927	714.9689586220585	623.1629527139605	710.1718108787073	691.6061607366424	646.0606117774424	511.2161279442264	755.1668139923316	798.3874463627063	803.3617796972353	790.3748795118947	804.5663910021966	782.1510776364431	858.2063505496719	902.8764711953207	982.0264944531755	898.5668204549755	875.387068101587	986.2528555094798	956.7869562612642	888.4781525649647	864.3700846875935	876.88379583406	908.4708542450353	801.7699091266599	648.288754093847	752.7362059394902	770.8381352894525	789.5995188084964	878.6387875727515
3300047160_731	3131.0137291521983	3144.0729521066223	2749.118107221703	2715.113041804636	2067.1352555608105	3110.6690503867303	3437.7340118121447	3896.1329995877677	2685.8498015534465	2942.430636267747	1815.7019139586514	1589.7620019353974	1449.5804427521568	1443.102131218288	1810.8023215133758	2599.2991265316277	2683.123657765214	2640.557153545336	2827.4086460323942	3603.320111393465	3127.868621177944	3244.4604220552583	3211.654634197937	3373.1175393928033	3524.1939380565004	1607.8372018570383	1724.8991531439658	1711.3861622095505	1829.0886560822921	1712.050417290526	1912.8353660756272	1861.9543111749504	1643.353200279323	1538.2560597546196	1609.253505664812	1773.7240113556784	2141.840627357097	2137.3027491894245	2156.2056619260384	2219.642875970498	2389.99930728662	2332.0944880201823	1700.9657542020482	1646.3563245448743	1600.2115036535167	1750.7959340888196	1377.2763295065836	1406.5578219141837	1433.8483118216045	1409.2812257453652	1505.3962683281507	1654.5502747938297	1825.3129370411716	1435.7463108091517	1074.8281704498995	1171.5597161625246	1135.0535936082117	1115.8886237411696	1213.0105637270935	1050.6072446699104	1132.448319090352	1537.6852398699764	1402.6376687826569	1533.3676621696172	1893.176366566232	2350.7550163755905	2313.1500641254465	2497.307373171874	2192.408488761305	2178.2703322733087	2218.1008688116162	2467.1502446025934	1864.5613373888903	1829.9265244429541	1864.4738882875693	1840.8166993809743	1891.9594413409095	1692.4536892331996	1640.706062940957	1423.7298067104991	1377.1520312073876	2403.4643348438335	2434.2428161388852	1914.2685849050301	2242.919982126305	971.4573603813483	1009.3531734012284	969.2647247166907	971.4330976849656	997.3007702227102	2036.0947942732043	2045.5711557953418	1945.513037354297	1829.6921570988848	1706.9748650071479
3300047160_732	1537.3238059454009	2250.7787531724503	1436.942745898467	1699.3989174146861	1893.498744247581	1722.554102295391	2540.9656808716995	2066.1918442154956	1784.0937341733581	2308.6595842230404	0	0	0	0	0	0	0	0	0	687.9901209899865	0	0	0	0	514.5594404419849	0	0	0	0	0	0	0	0	0	0	0	0	0	0	0	0	0	0	0	0	0	0	0	0	0	0	0	0	0	0	0	0	0	0	0	0	0	0	0	0	582.4200445676008	578.9615088123222	768.3549440797252	0	0	0	0	0	0	0	0	0	0	0	0	0	0	507.0642916884686	0	0	0	0	0	0	0	475.41734729336815	440.35435891793304	0	0	0
3300047160_735	390.9912818411383	463.45514041522887	0	0	0	535.8512533471753	437.19736425651666	969.4965822337006	1236.71049731582	1182.5875176367178	941.6536351891588	1043.453906220545	1014.0881687678443	923.374503416956	648.3876044976868	893.0079811466366	800.3459764645089	698.0720044295442	0	457.2297238521528	2869.116761923957	3001.069404931207	2990.842051817546	2886.175049183948	2647.7079912320983	0	631.2987807602495	0	792.3302066159912	710.0486598458124	1781.3671455384342	1917.7602028498488	1996.3774885241114	1955.7991089799734	1786.0838721531966	1686.532601308871	761.8643888235746	767.3276432108192	704.4380583567945	702.395611533024	0	649.1488772841526	1138.2768677513102	1225.6604645906577	1179.0807416962814	1141.9784358035288	0	0	0	0	0	0	0	716.7016512019612	767.5725557887861	737.8937593729405	0	891.1711873457454	893.3578449474148	828.8934608672868	0	761.5847308223971	653.2170801972064	0	0	0	0	0	596.232636051184	0	0	0	615.3097733362034	637.2929075048273	0	0	0	1287.2629681254184	1314.5888348833844	1353.2234747972461	1440.5486723568142	1519.7727339801427	1453.6095250724445	1562.7199034456735	1451.4800284223484	0	0	0	0	0	724.3761674548476	746.5967299010711	798.6779438500834	0	922.2469822961972
3300047160_739	1084.0381344718542	491.12765408101785	0	0	0	0	0	0	0	0	613.3395486542586	0	0	0	0	0	0	0	0	0	0	0	0	0	0	613.1556448076935	366.6470461203822	0	0	0	0	0	0	0	0	0	0	0	0	0	0	0	22894.97068801843	15827.447255095078	9762.258875826516	6017.622115170386	0	6353.500871826777	4389.788281019297	2709.1233277976858	1744.0886551012507	981.3541833262758	567.1412964090042	0	0	0	0	0	0	0	0	330.2611445099546	0	0	0	560.6635360720809	0	0	0	0	0	0	0	0	0	0	0	0	0	0	0	0	0	0	0	0	0	0	0	0	0	0	0	0	0
3300047160_740	688.0254157533024	717.8943339114736	483.3777043594994	594.6391895135512	826.3021505502912	602.6546092517918	937.8379874788822	578.9096410668309	776.0105969529368	802.0438385329692	1102.7703734521015	806.8352901512297	685.2927987750116	691.5535583245858	681.1249451471527	573.1191347535586	518.2874616328417	453.75646354917535	394.2402211227055	425.3071613468271	559.3031644131031	539.7164266299332	509.1239280638835	491.68022812528	468.910514026755	1257.0691266255867	1159.7737814989944	944.4321550668108	885.8117105347873	813.5158556799499	568.6460925240856	610.9238087023116	572.5574916978246	576.5802569168133	603.2156757437314	656.14244948231806	461.1008476102361	514.2825595004531	475.6296494592889	469.35592795034415	0	494.23676618071204	512.2345100780555	542.4401080657505	506.84250123335585	516.0962342460992	0	780.5156304040244	779.7093447240266	809.243354598705	825.7242656559695	878.6481557559945	856.908025023289	612.8438503248273	622.6960002196311	605.7448203482431	624.7916236046219	554.587121465304	562.7893542051221	529.1447100959939	578.6121388671133	629.0200782693241	586.7885121587467	648.1695514592562	604.555964530276	776.6512837715078	667.6604700000723	640.2364131759592	665.9099457741376	655.3812653124633	586.3364938540523	565.6292795008591	783.0474884094205	780.4905715311069	765.7866528963798	786.2126210408528	810.4259154631561	741.0923576081755	698.3932422996811	669.1735813607773	689.7263450610324	516.2225661584494	480.83038911166074	508.91347284950416	0	788.206243900455	829.7017351298051	826.4429382737688	810.8355656571132	873.2013570389059	615.6327538036627	608.2317233920007	654.4048206269177	638.5466301392647	677.8316133441845
3300047160_742	1295.3041016135833	1282.2722161434592	402.35529754975454	465.1257022582838	411.56263179962957	403.00302502820216	379.9245359998539	416.03134886848574	407.0360986536298	393.9593346905171	0	0	0	0	492.0505173893746	0	0	0	0	504.8787825765819	0	0	0	0	0	0	0	0	0	0	0	0	0	0	0	0	0	0	0	0	0	0	2254.2185759807635	1734.7897836719512	1228.4652231537646	1059.4877627319563	0	1453.3864275229248	1164.9361668715906	989.1146793891277	889.2243362888536	792.5968121102424	677.4838219901393	964.8838428408781	850.6548310637058	944.0234958101576	961.2444812549004	628.6213971593967	655.2233224728868	0	0	0	0	0	0	0	0	0	0	0	0	0	0	0	0	0	0	0	0	0	0	0	0	0	0	0	0	0	0	0	0	0	0	0	0
3300047160_743	1365.067281305699	1364.7465429313427	1182.9639108894157	1067.3680351629093	886.3832767901656	1309.0829514038162	1546.582489009121	2231.4565913765186	1813.731545137395	1950.2933721231273	903.281150578339	1083.0045092855016	1334.739017091162	1512.4224704215965	1434.35986328746	1481.6189021883995	1593.5434995659057	1487.6511829760107	1346.5221953493449	1456.1226029987754	1377.289576000192	1428.9718133810359	1433.650843917195	1474.724611276702	1472.1648774816895	639.8667799718943	765.3144353827265	926.4163915508973	1265.322560663641	1418.4687929714453	2498.380022975547	2588.0912936419877	2578.3244041380804	2516.4869179310376	2496.4363422090605	2565.179520611831	1492.9969728021151	1434.1615324378427	1436.4658530292968	1454.62297971056	1367.4994514952712	1345.6755299311162	1238.6478021588707	1351.0415157393827	1383.8870960551874	1453.669273951648	1610.0290496401767	1021.4993418216908	997.1397079688371	1029.9010342101724	1044.4844904997165	1047.5244121052606	940.0076508214231	1390.294778856348	1180.5294136429698	1331.6178465289092	1364.378912092933	1506.8899081966981	1640.4811750978483	1407.4757518965398	1449.4042916591943	1290.1047630881358	1508.1193410173562	1468.370310419731	1367.9034963079237	1007.0628169998967	918.2882747126674	907.8311003409117	1307.4373952445862	1441.242356893458	1342.676914027882	1347.2714098161432	1376.7247609561311	1387.250002437794	1328.6366237321104	1377.933844345232	1282.604078094136	1576.5020593021447	1549.8607682532897	1520.0423482385138	1502.4109402250854	1901.5233831210685	1882.7390145934316	1627.0568627848663	1750.5587623602553	905.031997613952	878.184217320889	883.5120691331364	857.8744358622732	839.5369455876667	1364.2933938741046	1337.1718906333801	1453.7438527066597	1370.6674816033203	1420.407953734399
3300047160_747	717.2055594039609	1055.9928672319422	595.8909165233553	575.0392230941227	251.97234298989054	682.9012430723044	626.4576558731472	942.5983171599765	695.4163095244893	786.2735594408957	0	0	0	302.7302745417146	423.0454638387183	553.5590807010338	610.2559623549646	709.9434388758597	837.793914956328	1266.200289346838	848.0888426443969	911.0202639274538	947.0650241254065	1040.6257206434134	1156.5314921368144	0	0	0	0	0	403.75988214258956	379.35964559151523	338.8786524010746	315.05754252077446	325.1072508834748	358.75369418932206	458.5178478153805	444.0256224737088	449.56579076476623	446.2891785121619	462.5075174731364	499.3969820127019	403.5875983447851	405.1859251126116	392.91966087985145	434.6388793461689	0	0	0	0	240.2768359963985	0	315.8174411902293	302.381095833567	234.0915706077146	0	0	315.78913401230363	327.2842661271014	0	0	226.25053861642832	260.60386905799845	319.0675253821946	471.8278939073827	452.07626962497085	517.0729199719609	651.5034812040174	339.98384039142024	346.7535038769658	387.44676839674315	452.1546112001076	393.21985595547665	373.1879220881545	371.8586777162662	383.10207134600176	365.9946039499142	373.6838632143485	371.8127133264892	329.9104143736107	311.0801924146575	662.6791999487482	693.9334321734406	574.0036078668325	620.3426965152597	0	0	0	0	0	441.00699711576857	415.73905749977945	386.72727938659256	0	321.3644174170193
3300047160_748	2583.520969909839	4877.49812935565	0	0	0	0	0	0	0	0	0	0	0	0	0	0	0	0	0	0	0	0	0	0	0	0	0	0	0	0	0	0	0	0	0	0	0	0	0	0	0	0	1059.29100909967	0	0	0	0	7627.645414946062	4597.902757677581	2638.9525387029385	1567.107857707076	1045.6705283655785	0	1845.672443339983	1823.151790527548	1800.4402016489933	1717.2357443293554	8374.622814642165	8505.310349056343	7348.619831814142	7759.2949328915665	0	0	0	0	0	0	0	0	0	0	0	0	0	0	0	0	0	0	0	0	0	0	0	0	0	0	0	0	0	0	0	0	0	0
3300047160_750	4320.37232425762	3579.003992145462	2283.336704635862	3587.799165437022	3161.0254789586515	2574.2554991325896	3547.282067186854	2502.8150871763596	3641.571035383933	3662.8511079499344	3788.293179503131	4396.011788177626	5472.427232151293	6062.183963440716	5129.059559788496	3867.0755032044467	3733.0408124053283	3691.4794485625766	3016.9127144245563	2813.816416099813	4213.631286547033	4616.755044272356	4746.698991361605	5032.238212547337	4736.834514205456	2309.820290817157	2939.1364221824256	3359.853717034474	4684.080021506162	5743.2184977587285	3802.456817249853	4086.937495696105	4062.203707440993	4266.751249789228	4580.9317553943965	4742.393870718848	3529.9029518049133	3746.828213637161	3675.913965722793	3689.9570262454827	3457.3920350139783	3678.7600000005973	5041.1638702456075	5733.188314037004	5735.540756607829	5885.416239065616	6760.702683309397	5054.266609960581	5283.560526898974	5511.0724249349105	5437.465298212343	5374.8824430574105	4826.98447044425	6363.829074140401	7140.238459802675	6867.865511866117	6471.8403177848095	6408.048909902326	6420.533610684612	6475.803125148928	6615.728304120225	5491.242921600963	6137.009205877781	6153.987242626483	4540.388811580081	3769.0863383011406	3650.7028879313834	3334.3165981930047	3169.2569547075823	3245.321577145805	3001.831596867282	2594.108893314309	5004.028464212318	4980.141035422238	5144.899399332336	5137.671271012834	5187.228128331096	4508.911747339027	4513.001114791197	4492.547893707371	4753.9818497684155	4517.066528460153	4270.267353630963	5083.392766889736	4498.440808105889	4785.5570727329405	4923.500667313319	5101.8942811579955	4961.05458190753	5037.171821541701	3347.8353227093075	3501.939429059402	3686.0833719957327	3899.1033706505036	4144.385181126764
3300047160_757	832.3912198443616	723.7863182635849	909.1642128733354	1073.1018015424193	1325.9461893633493	909.6500218416815	773.8066025493423	531.7000928104721	1372.2989427217883	1327.691643232646	1293.2085337210603	1397.3696474326214	1506.803578698366	1370.5371746927347	927.7399271403382	722.4322982007611	655.0488091933553	578.6109179326828	421.9994678286965	374.29107099638196	478.53874375525095	527.875670587097	525.485910438902	546.241945468994	504.5136826352834	812.3625431220505	957.3757189391232	1146.7843464625435	1714.300931170724	2144.312736047662	846.2690948062069	870.3098163184429	957.4238376915555	1026.6295833006475	1022.2760399593582	967.4654241829279	1098.8354019692624	1123.0659011026385	1154.9699235298592	1198.6376916610077	1039.7628105799001	1193.0010511712599	1186.3885584410978	1358.5245417650142	1442.5231606377922	1413.7006489703172	1655.4859993723994	1158.065952576814	1192.4109343207106	1307.1229639561698	1239.4698645762403	1026.6099303327785	829.0843129977955	1266.1639689266585	1339.1023809223846	1384.8399444293343	1448.3130221396332	1893.7359388317245	1928.1056693816508	1985.576087591294	1917.0765517727377	2334.584004489787	2191.0582717912293	1706.9524045441135	1059.2963256671405	1348.952632931043	1088.236173663062	985.558079343733	1357.8312679180692	1330.1989940732758	1191.8560213418189	941.9519922734926	894.6096513340229	957.5585724419453	960.465421892931	981.3706711449903	964.0790422455457	1172.2543365940508	1220.4304485163625	1292.4304679210306	1383.0139436924337	696.2724265349697	670.3028987149689	799.986344924772	753.8153729818871	2113.080765343164	2069.1788392193575	2092.382538001715	2077.853716162463	1919.6235276792186	1026.988716123164	1193.8501389345606	1243.2532560992336	1248.4176989133898	1417.702484567897
3300047160_760	527.3945505762725	741.982634447329	592.8089344822712	577.6693623849831	388.7636203997453	769.063884854266	799.9833199383556	848.7959046960659	583.5467206812233	556.7555610094228	962.3272514635161	797.8391618848115	778.4190091731476	748.2492415659549	642.0554295147554	997.9553930940497	903.0222580587209	796.7163296152706	0	611.9921473889844	1876.8717693217618	1843.404674670034	1781.1948103869968	1780.5981105686096	1679.7933359306612	1711.1867749400394	1476.7132384551755	1153.9997948362357	1072.961383740552	921.9829054350131	1128.1946393416717	1069.8694190741323	1122.9553908240503	1181.4388468198792	1218.2818097375869	1244.5677130628617	917.1596043712201	905.3678507752236	994.4473663345619	909.1103145620825	0	934.5066814614629	773.483012248587	812.4589954291807	844.9990927915848	863.6199477057017	0	603.9526400190916	645.3997794649149	629.5554578228721	625.5066588689014	0	0	0	609.7288093143321	639.7762038155203	0	886.9822032580539	856.8585036004442	878.7446088835666	877.5239420799163	792.9809288756808	753.092398604763	719.6582641654239	0	774.2248514433015	631.9885501524438	578.9758279858456	736.9036870948246	696.5042413612214	0	0	765.7803153816054	816.3312871126138	815.2040398847552	775.2911101848969	787.719086027098	0	738.1074331815021	739.0214258859988	766.5301709765845	1221.2120872771225	1171.7202118029118	1288.4406321046013	1289.7178482416011	0	0	0	0	0	815.1157021856618	867.9706389255549	852.8211898638176	920.457695569979	977.390373790973
3300047160_761	531.0004018438287	633.200275331011	476.6253288992542	483.3361968565891	424.2196396586231	447.27148133654885	365.69043855994914	443.967356385945	560.5104619632451	579.3991633403348	0	333.42849318744044	446.8816202593106	656.1257204054663	757.716375318814	582.9059177747384	635.1595733384607	710.7520494897175	644.1942689861229	733.3572714835988	401.0606265941225	438.81493606217737	494.3822816077812	518.4275886133788	575.1117715413791	0	0	0	0	476.4822545653829	434.1715010306859	446.16730064608794	445.4744066502645	468.3145312267116	488.3854609472692	590.917860515966	449.8712937297089	473.0455967176066	461.57112871369606	477.89859765377673	0	515.0057376880014	498.58163324496496	541.8139032160016	566.9723208966464	596.8436243356823	881.055129198775	382.4745039444533	391.24865131056606	421.48640457982407	455.0302226808464	479.62980634134163	456.09621059813895	499.0011336263517	458.37791400026765	507.2226518029308	508.5485911544647	593.9950409699967	605.2576078854257	604.461902603895	639.9583000659086	504.9603904443898	664.6057209835207	821.6023689646112	755.770009182595	513.9042453839688	548.2099100630725	556.150149753668	512.1134959466228	517.6571723304234	563.3435807556506	542.6091107798942	447.1817064494279	451.0783522970324	449.07897409373675	480.2028907725499	489.1179681056009	0	434.9412167108028	438.3492374469527	458.3892729337768	473.60317405727744	490.2535782868797	501.8499511074887	522.7870932823229	402.7133676372569	410.5900887943931	429.45331019397764	472.3464401427226	498.22238244137355	410.1398521607033	449.99614983999663	441.34609516367124	0	445.45655791869973
3300047160_766	2091.6763158559693	1356.248397274028	1514.643083280738	1810.2862927450815	1937.4908017861428	1536.5637749734335	2069.2728790010474	1453.325233358637	2565.441545963939	2364.017872446292	4045.445937735486	4113.0729955560955	3474.0446240576807	2568.9115780518396	1586.5962357633377	1788.487690092589	1480.476798131757	1200.9801851321472	817.8174625157719	746.8361301696889	1639.6697285946068	1710.1448095438282	1602.8035958779099	1465.6381876188373	1218.9828986736568	2268.200469097959	3291.7470718768595	3976.6653681038056	4359.0645847706	3557.1330407482073	3295.1418541783423	3452.715870149148	3624.4697905128273	3527.921192973663	2999.883102714278	2508.5018400214326	1956.6048485740164	2015.563919326174	1913.4520117638467	1863.956602310101	1528.1223137936374	1677.7626287069972	2219.3752779181386	2422.974435616878	2294.8999491195736	2090.0944797419393	2119.6489907991286	2856.043411451684	2808.3662229181646	2598.8538881496006	2261.1068419249627	1820.2728670819072	1467.774833750349	4357.853599485718	4860.889178197165	4765.8850659356085	4467.0825231275185	3376.0582021574246	3074.1472827460507	2892.8423474584797	2367.2382032524038	4316.4646362848325	3332.5744170795233	2377.815772906688	1398.508600630192	2117.656390983286	1580.8098848393695	1250.9697064842026	2486.9017617011004	2267.4321015739397	1860.00775287354	1480.3211113671632	2823.2355959702027	2959.6912770950817	2851.8167336511237	2771.0032562780416	2670.970266801943	2722.7921264373267	3106.135844105031	3282.0442168594855	3605.739613643178	1874.3924921133662	1840.9660803548459	2164.3718021646355	1977.0142698776942	3701.3295683180086	3493.820612761876	3315.103472095547	2965.510652995643	2539.329617499284	2183.9502531351345	2449.7893315369624	2660.784870476543	2761.0581098368584	2920.463250763903
3300047160_768	0	0	880.8705482431235	877.236255474591	876.9479764586282	1745.7777935891263	651.1447567396086	533.4603474815906	0	0	4919.942648018915	2250.5751982976867	1080.9880175128235	0	0	1753.3914063022721	1394.4477495296628	0	0	0	1605.77788787489	1406.1679745442623	971.1872816077638	0	0	15295.438731341597	9866.637581001722	5505.430845875036	3305.88891753657	1432.6834759884741	0	0	0	0	0	0	0	0	0	0	0	0	0	0	0	0	0	0	0	0	0	0	0	0	0	0	0	0	0	0	0	2142.4806954747232	1174.0971004381192	0	0	2006.2402984226112	0	0	2309.5531980289284	1442.3270753837733	0	0	0	0	0	0	0	0	0	0	0	0	0	0	0	0	0	0	0	0	0	0	0	0	0
3300047160_774	710.9914831899426	832.9833701816918	720.0673698661221	605.830939350557	382.1426041874137	658.6124759299651	448.0861702384324	865.871377371234	694.8727213416867	663.596535935233	1192.845996303034	1394.4834935893707	1418.7038902799898	1396.088185020593	1037.5293219516286	2574.3929444034	2442.653927450873	2121.400067368694	1608.6186617944047	1573.4359203979761	1366.3853142270868	1443.0994208674535	1469.6476649473777	1445.963906876449	1321.5583583920184	826.59270284917	1037.968183817686	1123.7682893059275	1362.5963022794965	1360.6979463195628	1676.427351137722	1749.180600712381	1881.5784779103196	1900.804518079736	1890.3555459000663	1677.2155340280526	974.7975135785744	1010.483380636713	979.3119823459903	979.4404022668986	895.3186840278632	936.7732631579626	1366.6560717115801	1497.0694979464527	1531.9351496262725	1499.924347788651	1574.0869199963079	934.8239760023067	992.1011518941511	981.0071009863775	924.4175353687237	811.9702893457494	699.0319939864133	1337.1606921256812	1473.5536350452132	1511.6578834097252	1394.233687187675	1417.4872912871463	1371.3975925858479	1356.5317716808474	1306.2524365725271	1393.740340189289	1296.3110188732676	1102.7347936824099	769.7271929252165	875.1390487862599	764.4486607951706	645.094842043679	979.549025223319	949.4878264278867	865.7984997200216	754.5748533744793	1169.1063203242609	1168.6486836088568	1152.4824219863317	1161.1759269637898	1155.468826457253	1175.4762819603593	1276.6075251566845	1356.4040936048484	1453.7344769006647	1671.398097937554	1637.244150099902	1776.183996627409	1663.68369879709	672.3366953810169	673.3176986134331	671.254287583737	654.2932527352997	593.1997535758567	915.818239924829	1006.3533568088873	1086.4583058012838	1119.9313772687915	1206.1468024764235
3300047160_78	1196.307955691037	1296.6830847941883	1137.8580322317025	1390.0586541016742	1142.8848350142455	1259.035067155755	1375.1033799577806	1397.305241843557	1345.1910486973661	1278.1009768229312	1369.2651769143888	1747.847704163174	1971.4351336473524	2226.3460886090734	1924.192903055646	1600.9067805457219	1501.608471239726	1570.7763865694767	1333.9502099784863	1421.5690386867384	1214.5801575318596	1397.535123312192	1376.1168973902056	1527.5297884315323	1470.1335302809614	0	0	0	1370.4879302871002	1712.1433186566921	2213.5563876454207	2152.282215085107	2289.199194258217	2381.499108794414	2392.067437224607	2444.636372372014	1848.206804750824	1871.9740645662646	1839.6357875497608	1898.5686159569564	1700.2621576667987	1815.990565052944	1570.876839461971	1743.9729388276203	1770.0694283733872	1880.453921998394	2167.1623803793286	1807.480126631153	1764.9185096890608	1852.4950169332105	1844.452301498443	1767.4964645967261	1665.2480607185862	1682.5204500029834	1682.4940597585012	1760.3728470158794	1753.5153895175429	1485.6208607651558	1549.9345497173401	1549.1146734359504	1582.6676734467105	1711.7074985413572	1764.2832621074247	1753.7862117034733	1482.5446181357759	1409.4154883851738	1386.7024738507628	1261.409436767405	1432.9718946783248	1582.3797340268802	1435.4811735152732	1298.8460334962272	1360.03335438476	1429.1224985021108	1370.5063031216898	1426.3755590176	1391.777885792289	2009.325920219084	1860.141964709693	1903.0916370309033	1978.314361406675	1790.4035693591782	1739.3971697069692	1858.5525461720242	1830.4204852310615	1717.5296884257807	1719.8699386359708	1725.5029498929462	1662.848234056915	1607.9888957409494	1672.9229118393978	1643.4425896723212	1730.8917924314264	1686.1392065665145	1708.4466143017771
3300047160_780	538.9010329458478	437.9204853516473	381.66700607489184	403.39228866484234	437.6430012065569	485.00221945301263	318.573921364083	356.78852345945654	268.5553653483788	0	688.2806873317892	556.7303195183979	0	0	0	0	0	0	0	0	758.0736612368684	666.6001570190595	553.5919430924764	486.62885999464993	0	2386.30790944994	1274.8350615132326	713.484825555965	556.8418050634318	0	823.8981951424925	880.7234467157108	949.806972868417	962.9851442073516	922.9990214579406	730.7267994440924	0	0	546.2373209064153	0	0	474.3366768789999	1619.171921467132	1205.8346799708856	784.9700512795459	580.7733858891701	0	1047.6863286477828	836.1754299416426	675.112769189053	517.1844311493585	0	0	1258.4818324954833	1505.2437183737293	1434.0140788388487	1295.7291778084943	1473.4606531409027	1345.436879258372	1315.798558971423	1128.217892334579	518.405362546455	0	0	0	0	0	0	0	0	0	0	781.12194893498	761.4936387911455	823.8235103602158	779.6713810879695	762.7261401346076	990.3636795611654	1030.652585473298	1119.586340874252	1274.7881841564702	673.04210525963	669.5381388611888	862.7185961875421	0	977.7844199388285	988.692556866563	923.2049035891483	821.7785938985398	684.6623249464291	737.9233110223986	870.6908069803058	884.5565196840581	999.4413223935217	1051.9676610674132
3300047160_79	18879.532518360418	17666.066668325617	13318.92299431464	18731.22562843913	20655.371629048997	14729.10392241106	19469.14227575396	15401.975458402932	18086.77146666797	20218.19982310602	3706.9855808496204	4103.867898701644	4741.495934409438	5956.600846916583	7825.519526916011	6873.579269501735	7640.840262017264	8196.993815510892	9550.515599477256	13848.587917883768	6370.46517064659	6586.926909831522	6426.618661714596	6800.735684795534	7736.63111928299	1792.1937496304577	2303.9890239865595	2858.1297681549886	4197.172054597971	4691.1324375112645	7239.2198356215395	6441.622157082952	5809.68818818268	5204.273765027798	5597.458190801309	6130.984719545173	10458.651424548974	10445.311609999746	10477.79751825437	10579.092290746177	11439.553499064288	11113.948728055078	6096.719891691781	5969.4133730844505	5645.8098643533795	6453.091288801944	4737.507238386024	8604.230554405303	8558.362444406997	8646.069784097543	8971.916444310173	10260.225844097715	11363.411207868568	8486.517634636653	6131.7833156624	6585.682495135005	6302.495392738977	5270.752064725954	5657.744532114249	4636.8118728997	4901.974236754465	4515.011205998006	5111.630434327568	6379.2172315742455	9384.453674592583	10299.962960405071	11285.097801116872	13516.897014338294	9156.479398974718	9506.655010826578	10228.010042089143	11904.38604449642	9004.447671032667	8773.920293588573	8255.475932121359	8543.14153559948	8556.301901529827	8779.867354351165	7984.509045340488	7284.267011166316	6533.3294454778315	7922.347864693955	8138.972858958493	6338.094437433831	6989.255908629145	8786.297311189803	9096.978295518613	8867.248930074496	8813.693734598743	9272.25257875109	9919.305255077412	9494.553366535409	8900.239231108802	8076.574553524175	7442.764809021483
3300047160_791	1399.0155718199862	1691.571047152827	1625.6956455020038	1418.9383453073654	1186.839839246106	1540.5235595223533	1350.2730864867588	1616.6546195226936	1238.2206926605973	1284.0236568118362	799.6208532459169	1022.2286433947834	1363.1173125587807	1726.1476160002292	1912.058617688748	1610.9862765324162	1697.5329869740317	1771.0197643529034	1672.3385887042775	1886.455553905424	1664.4506570710855	1789.295531673793	1855.379124837042	2000.3895420080612	2086.0296302654647	369.6455356451645	506.6208464343991	695.9378988127057	1012.0177510282712	1281.6884024799901	1613.8512737313106	1569.807578734052	1597.633749750438	1589.8448603108784	1751.5425997693037	1897.1205275258433	1325.8450624744357	1352.0562870729511	1368.6115724033639	1404.0362886324353	1415.6958110077167	1430.6259893228337	1486.8674091688317	1627.379277062559	1661.994607013108	1773.3513194984494	1708.7451080854078	1426.5014318870421	1492.0442852682063	1544.1782651593328	1591.6190086368977	1661.7916265147192	1644.4005241713805	1252.0580264241964	1258.517177541641	1245.4690146732446	1245.3589240872434	1466.881044085019	1503.5017204585872	1483.3300845687552	1565.919812125403	1193.9800627363768	1422.3215977373761	1662.20673851355	1664.4502786482487	1273.1270182350406	1364.0738422915751	1357.7215768697026	1647.31210430852	1725.606089841001	1725.0025140030148	1711.3268393242763	1485.98597710795	1457.443777130786	1531.9120505048618	1572.4146466997793	1566.654817996703	1477.316004740284	1441.7927097635538	1419.938432216026	1399.0322538518176	1712.505131866926	1693.3680688671077	1790.1815514322825	1715.0480615457286	1107.155103016588	1163.3235153848425	1169.4118202411032	1200.1469741015296	1250.950628392771	1483.048409780098	1483.8614193012536	1522.2081313475792	1589.5547668276406	1600.3025325997846
3300047160_792	3577.4799492744623	3385.9277974663332	2454.7692554428495	3082.689295456855	3143.858386802395	2392.6955320581874	3141.4075613314244	2462.0880826273396	4950.490903863282	4885.943186202152	1507.3277556744379	1811.3067368366524	2466.7082049348674	3079.2493689367184	3374.55038854202	2980.718754248897	3104.4097902001668	3227.698137823411	2843.448311314315	3051.9763024931863	1914.113120074157	2098.5738661402224	2144.702395963599	2323.232653319599	2446.9636879368095	989.1477817641276	1368.7521012159643	1808.899143279399	2565.2366144921425	3264.189650735965	2552.657799493375	2475.07083328113	2520.241879296442	2511.9970897121893	2702.356438674041	2827.306011068125	2365.923609028359	2420.29558036385	2317.3727974287162	2296.8465546120724	2337.5884408922566	2413.014938566679	2560.4291889614437	2719.0755541005415	2819.690010795398	2952.8551528100143	2809.5177922239254	2323.7849349659855	2368.956450301069	2457.945923431854	2508.9647299074213	2640.292435018525	2492.096784937904	3258.7895182548928	3267.880479442334	3281.237508558242	3278.9578587951737	3281.1435414938787	3121.292717791191	3160.233798497478	3243.769366995887	2988.4601036638683	3568.0129634296404	4314.61035691203	3751.932958581389	2727.9132347622485	2776.1761932005384	2699.292078827822	2722.552032009549	2950.5736125451454	2876.0316711504083	2775.765240640732	2740.4342133685545	2884.740774445098	2899.5927959708006	2768.8250618324623	2860.651188339597	2456.7112643756027	2395.9871389671443	2298.6063138424647	2329.0605312728967	2632.372707130875	2585.27276459215	2775.0436258878726	2748.0276919508115	2944.123615298807	3041.5427169390323	3128.0657889017148	3064.8940953992555	3284.291142237095	2205.0680922424376	2265.789683564114	2320.341014044764	2288.937615969574	2462.998272530212
3300047160_797	5402.857444292262	4743.204531535599	3544.943580796151	4978.9175891128625	5658.855100039834	3803.4030694199896	3136.8660293759317	2618.186621566771	3510.713933682432	3689.4622503931096	7129.3284450323445	4567.580193633675	3544.6117916060853	3537.4794024398775	4058.9754949711446	3450.7497418862713	2844.252216415655	2663.621393315993	2436.3500643915936	2657.1764133516017	3250.990817855163	3118.1300505564536	2914.401833542824	2834.4198938114	2746.881369749252	7085.653404384139	6668.152840582567	5103.983639022939	4150.7869816043	3361.3940985943063	2090.648432090497	2000.312878727894	2001.9019249069977	2020.2023143859092	2141.604472118162	2400.1713812763905	2439.566880684745	2499.2954430473987	2448.0611463441983	2498.492717071651	2499.9449048162273	2695.9861897151573	4461.738980665255	4617.572415515808	4354.5774596901365	4175.335092186741	3630.2596484202086	5519.423270573787	5542.464792572053	5811.118289918283	5785.569895782822	6189.828208440302	6375.250697741922	4157.9314097210445	3819.3528671531253	3916.1460079879084	3823.6205491398337	4162.435246397069	4284.109391129025	4140.796543820838	4299.856701694119	4997.717704309914	4294.644647909928	4608.233656478912	4922.398889924566	5411.915064389924	4435.921046717362	4199.904938586324	4376.689714956899	4029.846113342234	3915.662842020138	3685.030181892033	3941.0264089523125	3941.760575265757	3975.8189322689987	4044.721710300469	4038.9767403726787	4077.003782684628	3906.0635785455247	3756.0601523276196	3568.1810115833746	2410.8922107045473	2456.963371878602	2559.9675006158427	2337.1564975782608	4395.623331983361	4770.076955928174	4839.793944417683	4932.431715243948	5269.60600474776	3340.985792952144	3282.250114430278	3331.14424573217	3266.0254579590173	3352.087873683111
3300047160_800	15223.476727056792	16732.251402347043	11045.856564467404	15030.686353167068	17123.492927979776	11427.183999315701	13101.40605565901	10497.367776178848	16089.8702783054	15048.599758292254	25434.791290924975	28498.17892805637	29058.476914635663	25863.362472408415	16834.088388825236	19238.63305251491	17672.888680267886	14965.864517386512	10816.656223675183	9983.724915911936	18414.149366344653	19592.36326599639	19603.81930270854	18904.05118887639	16811.00214806314	19020.13021052822	23486.959615113417	28157.028696997513	36740.12010884484	37178.88856115887	22129.1638404338	23086.589125256687	25239.73475100507	25885.417184528455	24657.514248060084	23088.675527693184	15981.659478064848	16263.958546289172	16055.180237111272	16831.52281032201	14103.676033389083	14966.934806266718	26321.544949199768	28862.365793915094	29457.856085106218	28594.380246489836	31429.507305988493	28071.680654018535	28063.67351696412	29442.735508329075	27013.447039428196	23046.877609184336	18820.37252235686	30607.47852291621	35713.31746592578	34759.30223620185	32815.254910216194	37469.220733646725	35129.02907405149	36043.47313867664	32975.01519648519	32928.807334788886	30569.12847852315	24530.128309742202	15102.508490787211	21240.71455911307	17630.011597899527	14278.363439130495	18014.29746418883	17272.67187204858	15135.683081590434	12381.343960584949	22955.71333419248	23217.62597406584	23506.412494668784	23645.144715548653	23567.855070284957	21682.328460882884	23842.71925627963	24769.42325240237	26836.135259415358	17472.97630527962	16873.614896609422	20572.93065603751	17958.540167762974	33556.31009621672	34464.69699207494	34279.874047438694	32155.7590224789	29848.69322193881	17215.06307848865	18518.1475615134	20602.050280497715	21270.804017156497	22984.095841863316
3300047160_807	3773.6916881754923	4868.34713161117	5177.294209166809	4702.91377397098	2704.196733734325	5178.796097456811	3380.1542738002627	7890.782719339517	3094.960743745894	3428.241015009659	2253.8727874985348	2260.4784132089494	2764.226569719283	2939.9785657956413	3043.503375505696	2704.156817393376	3205.1969191853213	3206.628715693184	3877.3376788785768	5507.68134967567	0	0	1307.2748619799281	1284.3516749311361	1291.1990200037576	0	0	0	0	0	2540.370428811945	2493.8688432145273	1991.4452196216	1845.0627071881256	1932.7662281758887	2024.5769838519293	4937.736085735927	4514.379928460171	4697.511578422799	4568.494599244728	5129.867251108963	4939.173720656706	0	0	0	0	0	2655.452320575273	2297.2702647093133	2225.8727157490744	2472.137112814773	3033.8186827905342	3328.362132420631	0	0	0	0	0	0	0	0	0	0	0	0	1941.013031090245	2045.1264696985736	2301.5563616729523	2194.2426872271585	2273.997474042796	2131.5654850070605	2773.765196676391	1450.8325652679214	1426.2706749586055	1479.989001841646	1420.3848514660822	1490.9144860315205	3058.2967585977985	2665.4918559867165	2360.8114674083176	2033.90503732816	2051.457069342188	2199.949541739254	1604.3945835762186	0	0	0	0	0	0	2804.2074782041186	2613.8893763949723	2414.7967197725143	2140.464058710505	1874.97287197017
3300047160_809	1403.9725608783456	711.0474696412274	1418.990770338515	778.9499973760888	598.5631671536825	430.995069392708	0	0	0	0	0	0	0	0	0	0	0	0	0	0	0	0	0	0	0	0	0	0	0	0	0	0	0	0	0	0	0	0	0	0	0	0	1364.2926468689168	811.7414532964749	0	0	0	0	0	0	0	0	0	2600.847387621944	3357.708661245945	3021.923074496967	2641.0222104616587	720.3076447301997	634.9969856876353	0	0	0	0	0	0	0	0	0	0	0	0	0	1058.8559805116315	1219.570265006886	926.397208665977	998.892747829392	939.9880640592121	1435.2297167148818	1490.2488423222608	1591.0005170552718	1593.9948407529544	675.262525290185	571.9553739539557	662.6755948960893	0	800.5596203946158	764.9519015243828	699.3320773767531	0	0	560.9249029010297	577.5938869313686	619.7399583564445	0	695.3729031439539
3300047160_810	1863.9764380971283	3116.6651133963733	0	0	0	0	0	0	0	0	0	0	0	0	0	0	0	0	0	0	0	0	0	0	0	0	0	0	0	0	0	0	0	0	0	0	0	0	0	0	0	0	4807.529194796059	2593.912290945113	1380.1735025623273	0	0	8042.992892020193	4396.78593147969	2462.1141971245743	1433.7139925323263	0	0	1582.440105905752	1681.0789866132177	1561.1982088861357	1584.2819415954664	0	0	0	0	0	0	0	0	0	0	0	0	0	0	0	0	0	0	0	0	0	0	0	0	0	0	0	0	0	0	0	0	0	0	0	0	0	0
3300047160_817	1073.3899366681926	499.3270692992327	438.6380408106	437.4418213425783	0	0	0	0	0	0	463.8643985369496	0	0	0	0	0	0	0	0	0	0	0	0	0	0	0	0	0	0	0	0	0	0	0	0	0	0	0	0	0	0	0	3568.027370815085	2512.5053366027128	1524.9415720786676	948.7629386250846	0	1397.178322227465	916.6758102263431	531.2718213125411	0	0	0	2159.91588629659	2477.4905437923017	2359.989937443075	2124.1902024726355	0	0	0	0	0	0	0	0	0	0	0	0	0	0	0	433.93977564480775	474.22645198756794	0	0	0	982.8583134796228	1009.8638111154202	1119.1195219394333	1190.589100571401	0	0	0	0	0	0	0	0	0	0	474.38302682845364	484.05546938951755	0	0
3300047160_840	632.6073312367107	0	0	0	0	0	0	0	0	0	0	0	0	0	0	0	0	0	0	0	0	0	0	0	0	0	0	0	0	0	0	0	0	0	0	0	0	0	0	0	0	0	3812.5157384580325	1975.2758443025048	882.1746148721951	0	0	14552.340645836279	7652.394565085694	3897.7968432888774	2257.0961989167695	1368.7182529638237	845.6947467669969	0	0	0	0	0	0	0	0	0	0	0	0	0	0	0	0	0	0	0	0	0	0	0	0	0	0	0	0	0	0	0	0	0	0	0	0	0	0	0	0	0	0
3300047160_843	769.6980320636413	542.6438394730471	0	0	0	0	0	0	0	0	0	0	0	0	0	0	0	0	0	0	0	0	0	0	0	0	0	0	0	0	0	0	0	0	0	0	0	0	0	0	0	0	1071.275946552152	700.7096482673439	0	0	0	2882.7903933748617	1897.8674409554874	1182.8673048624332	775.6596369010563	0	0	2936.071600984208	3433.7440481609897	3128.0939051976593	2634.6179275302634	3037.369851073028	2463.4850846541435	1879.8649860856908	1335.9736871077453	0	0	0	0	0	0	0	0	0	0	0	0	0	0	0	0	0	0	0	0	0	0	0	0	0	0	0	0	0	0	0	0	0	0
3300047160_846	2258.6402163930197	2065.561452289563	2068.4241845354313	2704.4798744010195	2863.7711814414847	2135.872260899278	2074.991618368346	1685.7099528093786	3066.79253040336	3001.962412377424	4676.211559567981	5134.558269108102	4792.809242471182	3747.1090809434922	2499.028010143722	2978.671706232009	2430.2712449395103	2077.9338643718243	0	1295.2089713827265	2122.7628623307423	2188.03598104214	2069.3148580871166	2113.7771528486965	1825.786806466307	3714.1661358470587	4410.316289500484	5045.055240156908	6196.7570765617165	6080.3686112356645	3299.936814013425	3219.1425746346827	3791.052393526095	3706.5757184627014	3645.7729148823623	3486.1478619501304	2460.0439679868105	2646.7143211473262	2472.2563380005586	2494.731600521002	2264.6468026300972	2234.7817670687955	3222.9877323769624	3477.20027624884	3777.821993112567	3604.4556704405663	3794.884507712209	4307.0033255218095	4194.439609364958	4409.304533428305	3905.5582868643137	3532.6460262095816	2695.666033219357	4057.0758492129567	4818.461571219805	4443.771401764065	4441.775668300699	4757.887793021184	4509.35907220306	4480.291238615767	4340.531679389147	5998.063607941593	5139.584254350088	4193.5633783750945	2453.821303552836	3436.204259465916	2725.062856614949	2230.035404726538	3025.504387352011	2871.0565737991096	2489.0902930192856	2023.2549008509527	4322.919234278085	4461.05929122586	4461.69140101669	4390.836759935699	4298.538247399538	3545.7389931113685	4061.1189651765576	4088.179089012884	4440.73534096774	2274.9411296298986	2280.9837942054764	2603.5005989485485	2584.05519669107	5395.838573470823	5144.015409568555	5104.6488808154445	5204.570448690388	4798.253140211512	2995.6896961612742	3022.475410193242	3421.9526283831947	3580.1920439148503	3900.6585519450505
3300047160_873	49538.32867904918	65132.493563062046	0	0	0	0	0	0	0	0	0	0	0	0	0	0	0	0	0	0	0	0	0	0	0	0	0	0	0	0	0	0	0	0	0	0	0	0	0	0	0	0	61259.01505491234	33423.830873809755	16820.281598532158	10344.031587850044	5312.11100010951	106887.32464468767	61220.714344857144	33876.40626563797	20914.950480819058	12972.844844791645	8608.541969478845	45634.2450084479	44738.15411479844	45060.86017393221	42116.56156247133	27407.060630819487	26826.51722250966	23158.501330703682	24517.05556460736	0	0	0	0	0	0	0	0	0	0	0	0	0	0	0	0	0	0	0	0	0	0	0	0	0	0	0	0	0	0	0	0	0	0
3300047160_874	893.3110529308753	852.2593389226877	1173.8650939069066	1297.5635146318186	1189.5304295316705	1831.5801102718726	1916.8053930688068	1829.9806086388342	439.7634627433659	609.532041644724	3948.8230554253623	2004.071169423486	1034.1741559176562	723.3984660840748	0	1463.1923541266947	1441.5682955654863	774.3065640522434	740.0974851209178	897.6591717074584	2299.05540847616	2301.3083304643665	1783.4804081776356	1450.076139104935	1216.1774085052214	6973.851324478851	5661.650084829074	3933.808516066048	2902.897297658457	1564.857724044919	0	0	0	0	0	0	0	0	0	0	0	0	590.5053510993113	0	0	0	0	0	0	0	0	0	0	0	0	0	0	0	0	0	0	2100.4787795112866	1128.2859807999675	557.169423707124	0	2006.0545785226734	995.9010899754606	1003.153245065545	1725.312453222618	1188.8969139121225	903.7486052266562	925.8892673905806	0	0	0	0	0	0	0	0	0	0	0	0	0	0	0	0	0	0	0	0	0	0	0
3300047160_876	19350.709976655504	12477.657980197659	0	0	0	0	0	0	0	0	0	0	0	0	0	0	0	0	0	0	0	0	0	0	0	0	0	0	0	0	0	0	0	0	0	0	0	0	0	0	0	0	36133.723498749634	31754.637046590437	30763.175378628865	31180.66022861979	4184.4604875747455	17251.64385339787	16574.159234327548	14649.176068509383	18775.89872273779	14963.102223210295	12041.967885558877	0	0	0	0	0	0	0	0	0	0	0	0	0	0	0	0	0	0	0	0	0	0	0	0	0	0	0	0	0	0	0	0	0	0	0	0	0	0	0	0	0	0
3300047160_877	3268.381597664397	4340.445638419827	2849.489562404002	3596.4786202017312	3091.1842926834925	3408.7207488119034	4386.792063373356	4029.6558945333995	3234.497759822029	3378.8972614187724	2292.3331174333753	2121.026731413913	2320.1703761651747	2696.1529111054847	3209.959807207082	2583.884805157771	2598.7719850671388	2825.9060011909532	2772.525973439023	3562.2470929998613	3380.992300878746	3483.2007307332956	3398.899741215172	3763.6676014219183	3965.3744455676347	1415.2893630866124	1481.6386223374886	1587.6718923107878	1938.6642513577915	1981.3601032455276	2555.949615436692	2299.7336193577235	2162.0620366706094	2052.615025769779	2268.6212632847255	2547.891736674726	2469.74740319942	2552.0715346256907	2502.6338948095763	2621.344356739376	2705.2103291302337	2767.52828902706	2098.4155635193774	2135.5830260615917	2042.2621103979725	2349.007864275543	1727.5146474519188	2143.7429723520813	2189.6381935476065	2286.4672221357478	2288.6414949574723	2710.4579965322646	2903.4550290053844	1815.5354414540204	1617.9884218398283	1642.177813233903	1613.0248279350865	1807.3965940038563	1920.4822265420476	1821.1274327394995	1955.7471903488295	2003.2588054388154	2172.2781075718985	2724.410920779151	3080.5363461135116	2837.0863363001736	3050.2054936092177	3266.0950281902265	2429.4850335991277	2653.113553404474	2605.514048897446	2814.909448342292	2124.579108207401	2273.37234933212	2234.1817339233353	2226.844936749293	2256.850435802872	2295.965300587677	2175.547266961609	2092.0398953174117	1901.3428354240361	2850.1565135438937	2700.308944742371	2647.85891028375	2715.079391362235	1788.0386097097226	1947.8612100419498	1911.693922118569	1821.5410945335486	1970.3159417014965	2537.270898403474	2457.0491396684906	2322.5181808057	2334.653705099587	2269.5977697417675
3300047160_881	925.3609131740544	638.9293202485565	1775.7221938791056	1658.3055589434327	3338.9217430087274	3135.2473252603268	3662.792551511447	3267.342247042749	644.7089595762419	901.972317962676	2078.3537488837	1189.3382678724656	0	0	0	916.8876375495674	1018.064615379888	0	0	759.4941741149966	1409.3573277870653	1358.164784269267	1030.959632250545	792.6615060211569	0	8610.9508662307	5630.256770282329	3624.797678274173	2604.42271857131	1594.9868288132825	0	0	0	0	0	0	0	0	0	0	0	0	0	0	0	0	0	0	0	0	0	0	0	0	0	0	0	0	0	0	0	775.4663429707476	0	0	0	1237.9655478904479	0	797.3234572584514	963.5821046992423	0	0	0	0	0	0	0	0	0	0	0	0	0	0	0	0	0	0	0	0	0	0	0	0	0	0
3300047160_882	3932.83608982442	6964.049137486079	4262.687775062904	3991.96204443692	3957.727136889808	5256.223076932254	6282.752696433255	6672.523996669718	4633.059558648643	5050.271555775421	3030.826679849228	2940.3151463768486	2978.1945136806207	3798.989526369344	5194.010980946897	4482.621451499715	4904.12512261612	5276.539219602054	5445.956870800051	7042.52767380585	8854.010151405031	9286.822233214549	9407.560483278558	10305.150812439992	11312.152444780608	2182.1864427645405	2651.755564196266	2800.793809782914	3299.462654811074	3407.202094455863	4582.139975944024	4402.990432383193	3993.031048044396	3776.039355125335	4116.697297679563	4671.400762519619	4590.294716224815	4565.025851768381	4650.099823408511	4511.019507779387	4941.561351730274	4926.206542439826	3137.0372365521152	3271.9915603057393	3196.9371602207225	3576.8281891344454	3171.6533024458026	3475.9364392528328	3464.38492802353	3614.07751553594	3810.6199301783035	4342.337205611603	4916.791260360286	2424.7763387552	2078.826299620334	2130.746957691879	2049.056102062845	3563.703906258247	3713.8466695303478	3293.9173239365336	3626.7003482621535	3176.4573065459267	3248.4230696490145	4106.521409449741	5259.348746815874	5249.713051185419	5364.020395260283	5997.443862891612	4466.450917415665	4694.313118963466	4597.207457941874	5108.116786655595	4194.796680201812	4087.5390200609486	4114.381204912709	4134.506611071239	4325.7062545760155	4193.18515915424	3996.433486440819	3808.097421162661	3531.1872258898507	6367.844727785577	6287.868889090107	5766.157637225067	6005.67971576827	2521.2366177947456	2652.930366352048	2689.2532370910963	2654.32698959174	2972.2087408812426	4434.86018126185	4180.673033024049	4230.571317300219	4031.514619109878	3799.240717517774
3300047160_884	3633.787047560735	2989.814059972302	2763.099731488741	2861.7665118816403	2571.9510455788027	2622.1044039870035	3012.3597700256373	3470.1789758462405	3447.877002947918	3845.284072348279	795.3594311873879	798.7092312751981	907.9951726955741	1108.2428165016297	1394.009587267108	2030.5956201999813	2217.0126829247683	2430.408147638644	2741.6818096448583	3876.368008598355	1519.5166858653638	1544.6190790305852	1515.83225283086	1634.343273651939	1745.2763440489089	759.2165632784389	690.5221057472338	0	845.9743900934951	896.4760701189639	1383.9436015505719	1309.5153906344344	1114.4293760983835	1011.912599685481	1036.0355775408764	1097.9253703802253	1527.3634716587333	1596.8343651497273	1572.8576342106394	1591.6851062723772	1719.78514263288	1661.2422948769554	1139.8540606316985	1088.9230437674123	1012.6994292872922	1179.6843769692389	0	981.4600911331352	958.348997040137	943.2915878513078	977.8503182712373	1127.6680447664571	1194.441360904991	1342.461049876707	1008.6510507634478	1012.7802897677188	977.6970045556228	805.6610958965992	939.3047040669725	761.1824119853944	0	972.6865958085671	1068.798580773073	1242.8316877055624	1699.8756867504476	1918.3087796592072	1996.0876142602356	2220.996105317652	1793.2275742019501	1838.5496237867535	1846.7600623142202	2194.2477489269595	1437.5039160425968	1408.6141140949692	1393.6055568717481	1406.2690503372894	1374.461488607348	1198.4542460329487	1178.9834732404204	1074.6742516116462	958.3781677264618	1631.0985303387934	1680.1625051375067	1297.7039540620024	1425.53505646771	966.6045038885468	1009.6917290503762	971.6075498687325	956.6251724760356	981.5928051609022	1546.5199979734616	1382.7499197714644	1357.4613001703901	1296.2366221367072	1134.5776722468406
3300047160_887	2880.778299016677	828.6542954003779	1529.7822713372987	2084.9923250980755	1667.7587653555033	1449.8218204105149	1292.48913840955	1440.793701227616	1260.470916220423	1407.1997132400204	1528.7350130583034	730.4753006460976	0	0	0	0	0	0	0	0	0	0	0	0	0	1841.0181675273936	858.6777894212158	0	0	0	0	0	0	0	0	0	0	0	0	0	0	0	4803.50338575677	3101.922735204556	1855.628002127132	1464.9468441857127	0	2692.3706499914256	1922.5586372784837	1366.2307360081325	1087.1081578228484	863.9847239242312	793.97014616124045	0	0	0	0	0	0	0	0	732.1352236363832	0	0	0	685.6718413077837	0	0	714.163358832847	0	0	0	583.4597397548573	657.1112514675959	0	0	0	0	0	0	0	0	0	0	0	0	0	0	0	0	0	0	0	0	0
3300047160_888	2011.7419919345336	1861.4696883117044	2056.7863403350175	1831.650317918283	1392.5409034352967	2035.3997028402212	2162.89191427918	2300.8763086445183	1517.6334227324442	1884.0134061492734	619.1304235306922	518.8491664988779	519.4380669355929	567.4931010430757	620.3599729648491	911.258339037839	1003.8154812643534	966.6390224828663	1104.0921142799225	1608.9277919902702	1016.4248649086222	925.1721376366866	882.0684928233637	921.9852667889082	949.9587530278213	1028.5425491894684	645.56729521993	460.65975862267607	491.40089181965624	438.06242328677433	500.38375085947837	454.9392041637352	349.31725218042004	307.0830746982532	305.32391737015206	331.53986058580085	635.5481582252658	600.5409891622415	607.1790198153585	599.8805048754022	645.6343935073941	638.606449828981	972.0829068752936	837.2860352332885	723.2448842778055	791.9589992321127	0	607.5289662272784	566.7444131813879	530.7110069589329	538.4265214873733	560.8804967375521	608.2306282241834	464.2631642884935	261.6968269672229	314.4413317340779	0	0	0	0	0	512.8165458507759	500.6720378630501	492.58069358991514	496.93330502403904	1115.2687803731642	1007.5319472236476	1198.9383968847474	1028.1703584361364	992.1415275712536	1000.3479254594433	1136.252414092108	568.6477027529398	546.0770371435556	501.45956257201425	526.8308893784604	505.3261637967595	556.5734079802492	492.93582840342947	446.09111451274583	375.76948207482985	750.954172376991	820.2010310183242	492.44999075424647	621.5421435605429	0	0	0	0	0	761.3546743125933	672.9606657114887	635.3875321261811	513.5245960691657	443.4707345208222
3300047160_890	1509.7067022201454	1010.4111637976102	1704.931226143431	1239.887325827262	1017.8636921600373	1593.6873261519197	1240.2496299145494	1461.5689924036867	1386.9825641517402	1395.792495265289	1730.668027432012	1829.2541800278361	1954.057415800367	1965.1871913048913	1633.4236779241005	1614.9514693764731	1555.3981213368352	1368.9179549603614	1138.028228106708	1168.16919919534	1527.01995493079	1567.5433055320789	1596.1824465818072	1552.3883262094032	1492.243764078743	1613.2495095099105	1370.7262711274932	1315.8395112173116	1417.1555430053165	1489.1718803372653	2137.03393152884	2159.903166381122	2225.6244317110463	2291.6150249719562	2229.243605222044	2196.6488931536987	1334.0860817001242	1314.7591529426727	1254.719179624034	1320.3523701629101	0	1302.435018815115	1699.5775896955965	1720.3637437729196	1639.202855503776	1600.8824456176162	0	1763.4008142375098	1774.155069457016	1694.2940647665953	1657.881468457604	1551.5573565782374	1420.8726577815485	1968.9619070830386	2160.970857384869	2146.128649084142	2036.0534629332362	1531.4420740218598	1542.5281002760591	1423.2820431076875	1453.7183165678832	1669.681104486886	1572.9519958451604	1445.914547662983	1089.1794809422715	1441.7586676528592	1294.5438028981346	1141.5742236661051	1596.3046381201784	1597.2234812628642	1380.504758671622	1345.5408366204986	1480.104185066821	1647.4365751947705	1509.5598453534078	1479.9230737626924	1602.974000756106	2084.6234001281246	2167.609020492992	2087.8294791743	2306.1894205387903	2064.53446541606	1961.1945436769045	2044.698284820729	1876.2382101469702	1335.8003525940305	1365.6013676315065	1328.9074779832329	1336.7756069573084	1240.9116372482183	1971.48652749967	2027.2029041461378	2159.274259200162	2194.384112838604	2333.0834673540285
3300047160_891	2965.632523781383	2015.1063207059058	689.8979335526338	740.0606884063309	692.5003758293174	712.9061662023707	725.9451535661425	714.4577304759848	730.4886285240283	839.1226657873939	346.8292810757451	303.18248816777	0	337.16130475201226	407.573736583184	361.7542260113864	406.4218835364029	408.39687182787003	458.3933406277314	627.1994239199411	400.96457960443144	424.5793664816009	430.25628390185864	440.54924921283066	488.3191520176406	0	0	0	0	0	363.3196209509445	351.5110890785699	319.34256987572036	302.3833642662524	307.1049927232469	341.53303453931915	540.3324463518599	543.3370177825692	548.2061345772593	552.65650301282	577.3409196980767	573.5043765597724	1812.5920314225773	1647.518987181472	1405.1430828482619	1391.7754723279636	884.4244771133339	1960.7380280915938	1843.8450943566727	1748.601099760818	1721.4214548165216	1742.3082947749049	1768.282984684246	1486.4113491405515	1186.3888728816391	1235.120200448317	1178.027705818995	885.5445922761161	954.9386419090262	778.7167047574843	864.4973892781303	319.0361527152495	327.43797003898777	364.073336222306	485.5792474417097	787.7833567844252	751.6493179262509	818.8942362465685	726.177411109609	728.4748344917764	745.5702743314794	787.9459198872931	403.6396246613911	381.7971888051305	388.8512449768747	407.49914879643234	400.1126677113066	0	353.6853465595776	328.9131795198459	0	415.6568692036413	423.6735649376597	349.474314427355	0	320.0141163124493	329.94847517566905	322.58658206242245	314.4979185935779	353.4481662348756	492.60362933212446	468.23026090588434	456.54333991278526	414.6856373094519	389.88903093478484
3300047160_892	1968.428257606068	1510.9014066726015	1991.5083477923997	2365.8597084854537	2641.42492464919	2417.961898533758	2775.231008993118	2283.515357873869	2917.973776834297	3020.9637949007692	4043.830057622675	3536.4297929789986	3367.659018192062	3129.0696809912606	2458.791810093126	2453.11904348766	2104.4535920225403	1801.4519051383675	1325.3480100021588	1360.8303437876161	3702.8181536451516	3560.328953409237	3353.9768202537507	3285.4205478580043	2961.425355177867	5311.064203762048	4684.921938853573	3829.799854037077	3590.0966299706	3244.3001310446657	2932.495490062307	2999.30518566098	3160.496306455994	3137.0450200552427	3284.307922877838	3287.4564020996777	2394.1728000606226	2467.670806867641	2377.6092480035163	2414.5951986740965	2285.1084219145782	2307.7936024253963	3334.8015863954042	3026.334487990641	2694.760428507956	2439.1093148512527	2100.1748695194024	2970.0696398300106	2791.7970699785837	2697.8612658986594	2503.038988058002	2304.8854621824207	2040.8231767884242	2340.426089370609	2656.9911826794587	2533.311937949167	2479.0548214460005	2807.5341072014767	2735.0783574003376	2760.8827818278437	2787.6857756570116	3764.9872917572784	3323.4856245387937	2805.363953750295	2088.6467826745475	3319.2254884739145	2545.1460561477184	2246.9127177464375	2789.2967730305663	2708.2346554505166	2400.991136406004	1967.0315890199226	2737.022064787298	2802.8925078681	2852.5002769041917	2878.313570686083	2816.2824581058358	3100.9350674221264	3115.615609077721	3120.717641672831	3288.8973097913445	2786.844598553599	2731.9675306191716	3030.5795399792437	2801.0045477845765	2938.0803370998683	3094.7863370073237	2944.8436527139847	2812.488954390878	2846.244053820017	2587.518070208791	2762.732691885188	2785.670921656792	2908.0218126574646	3159.775404435375
3300047160_893	0	0	4821.792236900263	5158.962738691161	6719.952192786754	9364.299191920112	9109.724556915953	10306.580364308213	0	0	2577.2522029743473	1246.6964403203513	0	0	0	1402.521766176252	895.1126255008943	0	0	0	5463.834099494493	3335.011430927286	1938.2274616658376	1298.3192615700755	927.5431425296048	16064.093778744395	6960.113823621277	2997.3582608065108	1693.6794224825396	853.4111200465982	5762.512175437308	5329.953576718977	4942.796602704038	4745.127987169116	4883.299769025079	5302.013845346991	9154.59858477375	9294.421696678874	9120.634065485443	9043.531755378172	9484.330832476098	9478.760254487794	0	0	0	0	0	0	0	0	0	0	0	0	0	0	0	0	0	0	0	757.5109823426137	0	0	0	1231.9066100028788	0	0	935.5261824038695	0	0	0	3434.5600149421025	3355.300609721942	3310.9501313293677	3381.4833421204194	3274.862797012925	3484.7181331529196	3437.971612310608	3074.2533609426137	2735.6771308770017	5836.791638732885	5728.743530894532	4827.6357021425265	5163.934539887442	3397.836836385004	3514.9247059598324	3523.6237795901952	3492.7087678674366	3669.5414408230454	6404.4549284825325	6211.707834652011	6162.016315802371	6015.558654299142	5647.993413054842
3300047160_894	14741.728887799929	8793.426148348515	0	0	0	0	0	0	0	0	0	0	0	0	0	0	0	0	0	0	0	0	0	0	0	0	0	0	0	0	0	0	0	0	0	0	0	0	0	0	0	0	3921.9048636084403	2227.324297981657	1104.363761434461	0	0	12557.225479856557	7932.7193449493625	4625.048675574196	2754.7692796196593	1636.9701206735238	1093.8488848331763	14864.71671163626	14361.100572588715	15018.969360934781	14499.775196946046	8865.152857687975	9053.940001650646	8111.469765491159	8245.093627109864	0	0	0	0	0	0	0	0	0	0	0	0	0	0	0	0	0	0	0	0	0	0	0	0	0	0	0	0	0	0	0	0	0	0
3300047160_895	1193.4652731038916	760.5681665121346	633.6667684754127	449.1461804097399	455.07393171063705	679.6684108360354	490.85470990253924	520.9593134360451	259.4796284818243	265.6176660349459	1186.0395811667593	985.9941004936434	816.5719831087894	585.414961765063	343.0449813480427	669.5646548600084	524.141970024256	387.8724303480571	0	0	568.4369186231369	510.2601386325463	435.64151093566363	379.3781560230376	0	1100.5905803774556	899.7323357957425	754.4268267535379	648.181278447861	494.28031282219865	871.0425546430971	939.4974742930713	973.2174203594464	941.1378130952479	925.8412602203009	880.9086038966191	741.5081301915744	793.8060855894211	749.5711156134452	754.7222129713448	661.3608863514122	695.8920621660883	1606.8115548179896	1507.6697496597913	1345.4726678887484	1166.570420649886	1002.2170554698135	1224.5328333419577	998.6651229954632	857.7175687083749	739.566879200066	647.5360089214392	535.0776366724605	1943.7509399185897	2425.4170093004095	2193.219514758963	2053.765515239169	1465.4230893855326	1360.3414082205263	1235.8494789013919	1123.6552847892722	612.9256011811198	451.05393104576285	0	0	534.0804945629473	0	0	506.5607467272271	444.84361605105823	0	0	680.787312294018	694.5627380810874	691.7063341914736	664.9534612157474	657.9939839479055	825.8535274265656	831.8655660644699	872.6178247640424	934.593963922302	880.7747724077324	813.3190610213474	1068.5824040697257	872.6361844468488	685.6963723354302	651.6358996638338	650.3032218334708	601.6584030708219	585.1857003685909	814.1303104002716	922.0982398737294	976.1018715395475	1023.5696793729965	1114.661436604358
3300047160_897	516.2589572001774	327.80265872847	473.05997715228966	723.320568193033	761.8151173725965	746.9762156739619	1031.3778959124138	887.4406276449729	701.3408468249143	701.5678781167132	557.5086751217005	716.9598685233948	933.9288574018643	1045.736929230505	1036.6282968419066	713.8050622861917	729.5755392475365	714.4546613762992	632.5013065249818	657.0203682300692	656.0989075550453	695.7347286818239	703.8522399163134	766.1423767038913	778.2254412253238	329.17316029668933	480.05996130671554	640.3470213676367	921.3587845154689	1126.4415283249534	939.793197406026	927.7961592588761	908.8327980390618	910.127286251744	944.5036419715915	1046.9398409514504	914.9544672528573	946.3462952823	916.1410462216753	903.8290195362257	886.5308640022544	913.2053291023468	366.3235935773142	383.7374946864529	396.22974242305537	414.06949414964896	0	455.323672805267	464.513026613635	475.9587753083381	487.6796148544555	505.555543010725	511.0990734576601	470.3433010680937	493.155999357492	486.1075181989886	452.42081695978396	380.72059959643934	382.4923365114976	346.6398877530542	387.53022900131657	780.3941407441386	888.2382828249011	969.8519128549623	860.5425521730307	762.9230026070568	739.8770359596914	714.9387669436779	862.1297711399474	885.5349396971271	840.8896493327386	805.7236292506731	701.8973414840374	691.690871288816	704.1991083699962	709.5098336250214	721.564998615821	664.174639352218	632.6730327768954	625.7206694463636	610.6433563232883	643.1515169526815	634.727433036185	659.7652213699643	635.5458409905344	750.1598610752477	755.7339247674628	791.4628451910872	765.9841268147816	817.7671987914514	748.7687935450858	765.6366250732078	772.7282556652243	767.4644814462577	814.7994597131413
3300047160_900	3403.5956199713605	1974.0530790427658	6630.314757224029	3894.300805477898	3667.7093835305673	4060.9320015751036	2852.655730999774	3120.1765718243114	1834.5369353431022	1953.3875201765322	5939.238635779081	3580.142325738673	2591.7173185816123	2210.2804459947324	1936.8757495879333	3123.7920768110735	2455.2829951343365	1969.233015155392	1641.8128192504787	1642.9918425088601	4448.276419210091	3181.627651394274	2378.270053018203	1924.925337975574	1708.41993682781	16232.23764245545	9046.684912942583	5114.839307496577	3552.8827634174395	2482.0552580168337	2137.086708501138	2039.430593908822	1929.83565327079	1874.278462549855	1962.5556463553612	2211.4824510957865	2053.0282618174	1996.1458434820686	2040.3219225166647	2058.8390172424893	2171.1529314679783	2183.4022476298915	6932.535207897191	4818.284444106893	3273.245375345364	2564.6814710432564	0	2988.0908036644432	2428.793027575952	1808.599247846787	1572.9621966291484	1454.7639796073631	1372.896098698806	1990.7611798549417	1867.0380551526175	1834.8186850995778	1858.6313623659312	1099.46660091005	1083.4947551520943	1007.2252067029987	1054.7678724491361	1846.913432460461	1359.1721929481103	1203.3511735099564	1069.1887364970314	3370.518885856416	2152.7271881906627	1834.6690810905761	3082.952969743156	2477.5274958653363	2064.466199591893	1766.570892510795	2736.574874170059	2741.050440342282	2674.2620910419328	2695.574031067718	2763.4889573077025	3242.9654996333643	3077.011061037345	2963.9746480297977	2721.9466202902568	2443.0300798722774	2320.133717482644	2386.3356874633732	2424.423899631016	2219.6344539731654	2420.4955934688833	2328.7957627324326	2281.6281411942405	2488.4206418157823	2975.3774512784667	2933.8448720678366	2947.6400993244156	2842.9420549516767	2955.8594006108674
3300047160_901	1248.2362547251118	991.613100861358	795.9023171277424	1105.2172770273824	1445.7171549366171	943.7543513090421	1112.9604875025188	839.6996112282186	1397.2485486775167	1394.6840442524895	1337.1546654807114	1176.607908096826	1137.3877406156994	1149.5768696943342	1151.766348794418	684.8724677484722	618.1719910457352	579.3122319567963	483.199935785983	501.9325889740558	867.6576862274253	849.0460370908445	832.5892056277908	818.6770341862996	767.1539423341541	1151.3715358517327	1288.4011103385644	1288.4541306213748	1314.7706629903187	1233.0726220944296	812.6556205005058	805.0525786001767	795.7349892500075	781.6348444913286	888.489709836993	956.0009565101398	605.7782473609049	621.6851727882471	615.3412461124136	644.61269923078	625.2782888826607	637.2030262470656	845.018742382752	876.4376792634251	908.4370205934072	980.4817453788329	939.28208374385	1268.4844166072294	1340.2406959013554	1329.2386143782892	1415.036847687364	1484.5500535843348	1478.612408873171	1052.7336170304582	1082.4250110091948	1071.0423125639616	1064.4811764569529	759.4873131417404	720.7163654747281	770.204177253907	792.5288847511343	1183.3873567888993	1130.0453990170092	1143.9191551905915	1002.8627778431081	1286.5048200423685	1022.106948972004	956.3480303676978	819.8631424261384	779.228504221248	738.6987719316814	645.8341885122923	1098.788560482846	1120.7769978903139	1115.9242712999087	1117.4693641800188	1159.3423378469665	1232.699155621159	1227.4251567359327	1199.3062925503916	1222.2146674375986	626.3064816972375	612.8248901749198	673.8212186858799	649.8298013435002	1312.5686355356838	1378.8545716653339	1428.8538482430124	1393.2095441194444	1521.7843018410274	827.6721183218579	850.0957527764026	859.3619891134467	921.189659439506	911.0499196948368
3300047160_903	514.529590698867	430.7694385441593	473.2354757566673	647.2003775120838	734.0344828444117	712.5960241502244	1021.2075649417663	661.6357834575739	556.8198339596983	636.6869297025879	606.2278413984288	583.989028653138	537.0206077314991	447.63706099366885	357.06394863539975	521.7779719579223	490.76214411279994	403.70397628668786	349.21004527926607	389.45893690604515	588.8744074234642	598.9665045213688	540.8645778597762	549.7142930514664	495.7117714116342	1192.215897531175	911.3760149921793	924.3142456230469	1140.6000956298044	935.3487451529268	0	0	0	0	0	0	0	0	0	0	0	316.1893432581822	0	0	0	0	0	0	0	0	0	0	0	0	0	0	0	0	0	0	0	694.8915834879364	540.8907218213253	380.1982698205391	0	790.502087889289	597.6032677060421	608.7193055735881	601.5632190253075	532.279266126984	492.7094012035945	488.8969245555208	237.9250748950591	0	0	0	0	0	0	0	0	0	0	0	0	0	0	0	0	0	331.69443007478526	303.3601795092057	291.49143676392265	0	0
3300047160_904	1287.5005081093277	683.5904427979864	917.4271937711694	990.0946801269018	1067.5851664132272	1278.670688406914	1167.8620796046712	1003.7486885657395	1032.2692272533593	970.0001045418459	1169.5338505517457	1010.7483658420159	907.3022775498097	758.8657124191338	517.8957778995568	622.7901041091995	0	0	0	0	1194.8001767124674	1014.085758589123	898.8020854912806	774.5400344488412	659.6792557539804	2924.738360038503	2061.506852320096	1452.8372924263695	1258.6133185097326	1050.0147803125524	1979.7311947503752	2003.5389161446967	2152.985640149624	2242.84029327684	2042.892806507372	1911.9111770963336	1291.1586945724155	1291.5409561052293	1214.862329022217	1245.4772782506893	1171.7067442956873	1132.3592923530546	1443.133869171656	1303.5074139256237	1092.615051278153	942.0349981362447	0	1753.7051093050497	1632.6004175091132	1494.865514537951	1352.6086613530174	1090.5598297994381	896.7416042637917	2393.7364862803615	2915.1997735295968	2748.2151566264956	2485.592878556154	2338.4425334283887	2090.490652352395	2058.4130176583635	1840.952330117973	1074.9328640321519	819.2539923962959	639.047118632849	0	901.3279540141576	678.9102446498048	551.6577499645284	894.6374147383842	767.8044399167713	660.5167310869956	0	1569.694723270138	1651.6932601786166	1631.3593264552264	1557.2201715751016	1528.7789382364897	2178.0888299203866	2300.4795356737245	2426.349295827238	2623.178530006538	1315.9709558781353	1269.7437420044616	1459.1199676496478	1293.5410367506233	1720.3702017086803	1707.7669560151076	1635.508553814095	1499.1117545884053	1387.0623563482493	1720.8076706370691	1873.7315138665147	2037.4729702033826	2099.620578995664	2249.872395402086
3300047160_906	426.62540041532	0	373.8761653119677	503.17246855142344	520.9310387554756	513.4333624457363	520.0156783982408	631.8124110897022	426.6481003549546	404.52631598484624	417.857329454596	509.72662764771684	605.9952910816397	643.5591449469549	557.9329901056245	442.2026583362722	412.4694395797518	381.44245854668577	0	314.5925584045925	368.0707788194121	393.84934122184484	386.67574061565483	416.7634018043697	398.6505705989728	0	308.7499361458442	408.9486403782169	581.3465071572075	681.0844733567066	698.2993127489287	707.8025040489172	712.5102910469341	721.5340523848836	725.3779236718656	762.2520737384859	545.6212304727474	565.1152039715233	541.2272178582448	533.100996632244	517.3849464845024	548.850077972697	0	274.8132003004801	0	0	0	363.06288659975957	348.19173828565226	358.1778444198341	360.31266363055136	362.3940188318282	0	412.08818828911683	456.1683491744223	444.77495942834474	432.3620270386904	0	0	0	0	572.5059709095015	592.3689185534273	611.0364467023569	457.9271059744963	573.9836668466008	532.1371614821871	482.08776542350387	460.6044051152224	481.4749170909264	465.08806233009	404.66277693751834	827.2169657595052	827.4153053081736	818.9155071428717	794.444165636384	814.3793795661619	552.0869254852327	540.6089820239202	562.3043703576358	581.5251939786327	453.07502757674405	420.8154259313167	462.2900056167382	0	544.5657984801236	539.5853641716068	540.3987484562829	527.2137904290183	554.9294925197054	503.27397185166615	521.4092359053034	531.5068006556545	549.0960032685551	595.6294919677821
3300047160_909	2919.57258069964	2095.2823951067357	4118.307835080804	3731.8866328745744	4433.848262285625	5236.541971328446	4357.330961502474	4206.711509672475	1574.2644334076779	1552.307823066218	6249.782710603648	4710.721960495743	4078.547885188668	3610.931443368538	2854.1696651719603	4217.5880473669795	3637.9676516712734	2879.9413405475507	2369.038536024748	2289.8927159833434	4883.221326817184	4157.796032945764	3412.989230268307	3003.4683006220653	2620.929816619977	12925.792515734556	8699.500015213807	6313.882652987763	5334.849596831168	4296.972897201118	5401.9872491223305	5518.178887973168	5853.933417250244	5796.720008639713	5717.026608735715	5805.1210803001395	4360.427864583962	4392.820756851649	4395.358089064609	4377.331293425498	4087.746378993695	4080.2076772041846	3720.7749712406458	3629.311694422632	3445.064322202937	3362.948032500853	3312.9625203494243	3016.09221340059	2959.156641486105	2960.2398664290818	2884.304036822647	2731.6404159583285	2590.753240531624	3504.6349069301978	3458.8127828087045	3606.113141660637	3522.134742689354	2527.249222056689	2537.1456641460395	2550.8966242722545	2527.9888528763363	3772.9896292396757	3088.9835535795114	2647.6679996424077	1926.6491779218643	3635.918897934282	2661.544963597871	2230.593132650395	3641.1661111918597	3182.416330077566	2809.950503698054	2339.643895568045	4159.62313960949	4282.9268771382685	4214.073795942514	4188.4125013639205	4062.7452517327174	5325.69717161684	5464.951200448548	5306.423679530899	5443.079021764162	5553.914037837476	5387.925283463117	5411.886601769482	5438.314035992442	5397.347252530834	5288.137051970763	5547.173921980542	5239.683530410145	5352.470067538908	5800.117652576874	6024.860240915981	6515.975377187199	6605.593805345118	6872.101878846624
3300047160_912	2030.250852072214	1317.5966946605738	1514.3521330217159	1545.570441299638	1318.0582331957503	1544.6547016177256	2123.818004098589	1647.7944083631062	2645.4113256231467	2951.1463376301986	0	0	0	0	803.6350090937264	796.8532021150177	928.1179449456754	1042.2843880256992	1220.9591294899826	1783.9409181844017	919.3291941678594	948.832472983885	943.4473454807792	1050.4548111975391	1178.655680601175	0	0	0	0	0	820.0894041088741	802.7349767829747	663.483574491584	660.3692345268822	640.4377213549743	734.5280990317474	895.7919874989418	940.7791890912249	901.3937372801421	946.6857221695085	0	1004.5529784896994	784.9873166112035	757.6006404508078	0	826.405726294315	0	0	0	646.4281971839227	712.7972693941118	0	870.3427996876298	933.9336136108426	700.6925117045009	776.2942565621498	0	0	0	0	0	0	0	798.7337836387961	1155.0062502171568	1000.7236134961802	1082.1875137036009	1351.7228316466671	1071.567693439149	1148.4031665101882	1223.729200008738	1468.1727211653474	948.4283103342934	945.3101212634417	895.2654312649463	944.8392803423066	929.8458114897358	0	804.7795270498664	756.8175511359594	0	1127.3570186599666	1142.58868145241	902.4175095438342	0	656.1832114941483	0	645.5014329252584	0	0	1103.664947105679	973.307673765162	949.8183351473571	0	849.6450410405249
3300047160_916	1805.2774076695944	2073.9438076971796	1749.5827669411672	2076.8778470893353	1629.5279049683065	2467.942874910329	2539.1844195860426	2431.3455050375983	1236.7534099787003	1419.8531744665443	474.22757778941474	0	0	0	498.46108906535244	762.4986276046957	813.6120088417872	839.2259824366565	955.1840549360526	1393.2330972703967	1001.9219332881551	985.3308608213796	940.5789840696667	991.3534821847267	1047.4904980818062	1031.0591487185566	707.5321810525617	0	513.0910627493301	474.9490937694604	545.5793988129017	519.1974462889378	0	0	0	396.1121872196381	734.9678245907643	757.6104370328659	731.1778266602843	742.4450264666444	789.5714084028265	833.4955274800803	477.83271965994277	469.89085169263194	0	0	0	486.44419038559914	0	0	0	0	579.455376729541	0	0	0	0	0	0	0	0	471.34250856903634	0	0	583.521456421608	1024.4231762724144	1092.2164030864383	1326.9953380330674	873.9981487988782	871.0349494701317	920.9559504014745	1091.3026704157196	728.717012165702	661.3617537233981	671.0371069397577	679.5095156070377	679.566054595643	0	545.4396970872293	0	0	808.7848933378406	858.6916002019915	617.3850871854172	0	0	0	0	0	0	931.0592133220597	849.7246753322037	817.4783489079533	682.6555436112392	627.060824039513
3300047160_919	1148.2691012220196	1091.9858325111784	976.2516290804555	1175.542239353423	1156.0895168497386	1155.1382128637392	1530.4720762125337	1261.7756360617266	1060.7200838436124	1317.7776525100976	0	0	0	0	267.33890345232714	0	0	312.967335845917	377.3785315044605	608.2576419603793	392.9248679709435	406.13647266417684	393.921161833875	436.3671553305537	485.06394492866804	0	0	0	0	0	277.77682316067205	0	0	0	0	0	401.4820172255995	381.1550735146823	397.4145239554861	381.2288344224982	0	417.16148911730636	0	0	0	0	0	301.8051790612254	0	270.1132878651312	0	0	340.8630247230048	0	0	0	0	0	0	0	0	0	0	0	0	404.7875723434418	446.8661662903397	589.466360030463	352.80391407585904	358.00226236319907	392.79534493208865	496.9094913254477	369.1853474517661	352.9498176480356	318.6882787424561	323.8969783344931	0	0	0	0	0	373.3306129142262	404.00749426113435	248.01830938080428	0	0	0	0	0	0	457.7528662038025	410.9665252864531	382.77408293455505	0	0
3300047160_920	6179.392091691807	7443.74547468327	9085.864980751054	6084.201738526968	5069.921881345898	7163.9093843011915	7276.581189852145	8673.827348590365	5236.847117222315	5863.470168085516	524.2889594454658	703.7391881001381	956.587015794345	1460.903150626821	2203.761028715466	2853.671622931855	3477.194478920113	3895.883727809196	4772.512245276289	7455.409901551469	3245.7678509275315	3471.682854825658	3441.902984590294	3626.5224167714123	4065.026962766454	0	0	0	598.2687473102936	815.3223661517311	3493.4322574735043	3264.6676404310724	2753.0665353889212	2427.399716105562	2499.8555880081544	2784.2515914410883	4050.6330133804663	4057.2750884801053	4026.636843033014	4062.102982808193	4322.049622963745	4453.754436872373	2390.411150516229	2309.4563034095663	2125.2008935647923	2469.833884133289	1526.026597449592	2897.112275674149	2782.683386238521	2657.328118599621	2862.9110548634053	3257.669142603468	3796.239797158579	2428.235506668761	1599.6383862999464	1776.286846621619	1707.0259917869348	1697.6344737844383	1867.832884630526	1444.3213935949825	1517.1578837741756	935.3524114672849	1177.1374844813538	1711.051251901079	2596.3889819402493	3004.1232291938218	3540.843458828049	4451.15009332243	4452.272717132446	4610.614550696134	5129.688427554981	6273.955373982391	3787.966541446795	3692.516346145239	3541.738305835705	3526.3396237097886	3641.450010531136	3331.2368702346275	3166.690957043535	2770.712219335406	2496.3031734664205	5145.69491969044	5159.3436770415765	3717.415497155349	4369.242167925875	1862.9834021858458	1944.5991956213136	1940.7926265967758	1823.1214328289993	1919.551617274408	4567.416532623483	4121.942333993724	3867.8222918691713	3428.66657540568	3146.1677099823296
3300047160_923	760.7920861528978	565.3709066455951	747.6150514133512	789.1707593450114	1005.0878420352669	1068.4694059230237	1313.9573360429933	1005.1602567345259	698.4805014911644	757.0982254696721	983.3456188314251	763.4453928715612	622.543262324052	519.1331619589567	479.3230661047902	773.120720923794	689.203808595357	578.9054183056206	504.4494708206705	581.3863181158666	1058.4392184592741	996.2642889607089	883.3155919977011	847.7807044419181	846.8503707862608	2081.073261623859	1644.6625766069426	1378.2824724525722	1351.2880624782772	1038.102460334659	461.8648695945953	431.84806668313314	397.22723634880595	354.84210170647674	364.546754972964	406.76325461264	522.3241633291678	541.5235503980305	517.099292269158	530.7565055558707	557.5563074262998	566.9914890403854	419.3581012441898	412.94395858227176	0	396.3462941088213	0	443.83229498333117	436.8067764098307	417.9910964476392	438.4230561361125	467.93076649091773	552.7072986889658	0	0	0	0	0	0	0	0	647.2756532705006	503.78518576531275	419.6530522315488	0	908.2757016969223	690.9521278915519	699.679905733167	776.3119048872372	684.9343819019541	605.4902982914364	627.9982109105049	437.19213417165315	416.10264262322556	430.7651552169362	408.8420470331662	420.7586706289777	514.7550322390478	464.77548018870243	427.89019461438255	373.0657006641611	456.3695866036865	454.7558888479742	353.1345674747151	0	428.5540978430032	443.4697841559867	452.51639363263826	436.50984277071507	455.1119051782118	700.8990973056339	632.9317663715781	613.9004296186755	600.3209554815653	564.2663424709863
3300047160_924	527.0296510400619	768.4052419923976	827.0613696057083	606.0557763495868	0	929.6817159437792	851.1897023109145	1242.5434437990364	511.08333461202693	545.079527737251	1378.013410073315	1118.2452961236413	1036.0992485246582	1141.4271516043023	1028.2259632687117	1594.4569432208878	1421.6767902498957	1267.786556194218	1083.0981160282251	1133.7731800140698	2454.747572415765	2472.7938947120483	2446.320474066122	2506.602185086207	2352.3695343953095	1638.0241180658497	1573.023438221605	1252.1714332761649	1283.3499725084134	1108.5223567465428	1306.3674110614522	1287.785952878725	1281.9281626032418	1359.4651964378047	1502.0955172954211	1573.1520261596654	1088.9006231930387	1206.874975031715	1131.2609663674978	1125.2310196637145	0	1267.7644724839158	1183.7746414232417	1191.8847802844566	1258.9103856377706	1195.5373927354728	0	0	0	0	0	0	0	0	0	0	0	825.4320598743502	836.0714468842666	0	0	1162.1475130433876	1011.4870488691777	1020.6178149527857	0	1050.8752936485757	863.5587596266977	813.4013433387436	828.2192271286549	789.7245542236442	0	0	1098.1132584033494	1116.4258022228105	1166.4764081575568	1142.1992134090397	1127.8200728708248	0	952.3405114822506	964.074525246443	878.087863217703	1419.9390124320485	1392.2514082430985	1436.4560369777914	1407.915619272444	0	0	0	0	0	941.5155813101115	985.837959741208	1014.5866255674533	0	1108.8521118206256
3300047160_925	0	0	1771.492674466192	1038.922091314245	556.6070955400586	664.5559112047694	606.6670289746457	0	0	0	6520.629158168431	2408.307698436278	988.8955885985441	0	0	1358.6002688046124	995.8002253802671	0	0	0	2088.5032746864044	1467.8279078176126	807.8745507236	0	0	10804.00600957281	5499.554707316492	2369.3071666415276	1129.8734735220694	0	0	0	0	0	0	0	0	0	0	0	0	0	0	0	0	0	0	0	0	0	0	0	0	0	0	0	0	0	0	0	0	2121.6321135541007	948.1630490876295	0	0	1853.6035364448105	0	0	1573.9615287468484	919.7872636873738	0	0	0	0	0	0	0	0	0	0	0	0	0	0	0	0	0	0	0	0	0	0	0	0	0
3300047160_927	10771.923396018032	9659.963016348513	10621.873754271108	12346.308461009745	11718.479948392167	9894.320087693852	10372.270613889077	8419.554305499601	12017.335378988715	13158.057624445466	3234.8489388751955	3629.1257569085537	4412.658171390832	5830.429016496015	8453.93728910744	6522.271254130561	7289.875297339956	8200.819751302553	9339.985604347008	12739.290863446062	5141.781265534509	5297.505946933923	5679.8240332500445	6166.5909892359	6677.254576133488	1148.5760241101182	1604.5631943780559	2127.0764546758924	3114.5741715156614	3729.3991289933233	4462.0328741701305	4101.0438812156435	3868.4806503957266	3681.0427780621862	3821.7285990806045	4445.709977541427	8359.907593781085	8429.791926508751	8525.950831791211	8657.584064491664	9251.90645702961	9713.188291367851	4774.991249648989	4756.259395761246	4493.678674375919	5321.896241657825	3703.7390658048926	4681.55161499403	4706.0306293734775	5073.149685540178	5162.726104852956	5915.896263976184	6751.924497390271	5205.987314516977	4276.876500833541	4403.827918411322	4604.622004254531	4428.402152829497	4662.75903269925	4311.785812520565	4772.49561709261	4394.346708511649	5349.1547682013515	7458.345786334821	10746.029578998216	7278.811099767425	8396.172813325555	9524.793183348056	7520.358371625623	8380.562192689767	8974.538462550425	10084.048647943393	6960.092847213931	7050.426845348564	7023.386103518969	7164.10792084949	7295.535410842188	6285.946504733291	5878.327512416852	5455.973059744597	5011.469713731365	7692.199011349229	7711.527502863961	6564.509975551434	7327.612892295784	5930.191145887382	6266.6269389852205	6208.44497494864	6067.608751650982	6755.744328586361	6900.025656722893	6568.033569534536	6199.664016815308	5797.837403291761	5759.185207064007
3300047160_928	2780.6875469187344	2512.160389254411	1927.443823800815	2613.391213720516	3249.8373881318407	2246.6183962417513	2637.6312793731477	1878.2520900281954	2962.812734661512	2834.9490986604646	3217.6175035213914	3384.166218396903	3805.9939091264578	4051.363693744268	3568.7118868261487	2577.063135542801	2428.382678594415	2300.4152263767023	1819.6042508496992	1759.416823137359	1939.2380757667313	2049.800379370688	2055.126816908072	2086.217401436511	1952.378729959216	2532.1075162428306	2766.130248308203	2976.585185351927	3695.2002917872264	4066.0406993382935	2456.2957273892193	2530.7104392810065	2608.6980853776004	2701.4538324692353	2805.9932879016956	3096.85048015282	2073.543991833046	2134.5456783841046	2180.5851848389134	2092.3253764513634	1990.2376721770117	2115.9645347499422	2674.6487591934565	2993.5974702464673	3121.8503881548463	3097.875960237737	3170.528140945296	3184.6009785533893	3389.3831963569123	3473.557820495787	3589.4580399920305	3689.1712048903546	3518.0803562086303	3466.011124192953	3736.048522734256	3594.7894065830355	3586.7035811266496	3509.45122754685	3240.0724681831753	3508.266379354591	3484.372268184868	3614.6735571820795	3935.5157611355776	4136.102326509809	3254.2468217925693	2969.8249789319316	2809.5084198433174	2458.1735519081553	2532.0609318481265	2663.6523128991353	2504.2543721701095	2303.9863471185927	3279.4498376268984	3265.598656668113	3370.0158544318574	3357.6397445660305	3414.196353260479	3205.8763430202794	3371.367401852749	3237.6126287121147	3358.7706191944253	2072.5943379115315	2018.3482298708477	2317.699427638389	2144.903816114241	4449.040356137178	4352.0405981559625	4472.197126506012	4380.385485814978	4753.665383109908	2720.2370155017934	2790.6613356402836	2843.3099508906826	3020.3904045553904	3206.2472383393106
3300047160_929	1112.7535909843414	1373.9057564657248	1070.4296738046723	1450.3157979102461	1714.0530749919346	1167.7964615282428	1452.1325287109087	928.7833805506319	1698.0043994881726	1923.4743512033663	546.6399851312136	549.8420473289926	539.5008566621461	593.199628915986	711.9276199398041	523.6271649932083	573.7827110096761	645.0288704477396	689.010608361098	954.8459358680471	0	472.3764020600196	495.3318394330201	510.57524822358806	572.5809732930546	0	0	0	0	500.09231829223927	0	0	0	0	0	0	616.8603646008493	0	616.3675069402091	602.2429265695816	0	659.5009381407305	0	459.89592070538686	0	0	0	550.0398096639826	0	499.72680778982755	546.30963238592	620.0763249333788	699.8597031700447	0	0	0	0	0	0	0	0	462.7059524296041	0	550.8631551133886	726.3561934060613	1055.205616921547	1161.5163799256395	1311.0990689805385	841.208154109595	856.3805326675797	879.1157813314661	1012.5494689374679	574.8414578140724	552.8712830621724	537.789689044573	545.088442460149	547.4997847577233	0	0	556.4249173800647	0	502.130768934105	513.6265392531491	418.93243915651334	0	642.8583513069424	674.2657770903155	647.1837883569601	618.786325269766	652.5056203527039	688.0745634063367	644.7960206502413	595.7206666568044	0	515.3776070730933
3300047160_93	1082.260591380724	888.8143521683211	846.6954522836473	1220.5291276091364	1004.1262092786523	1136.6888774865376	1079.5647047727273	894.8967075723738	1148.5205249670428	1195.7462773274538	1086.5122709872078	845.2217970008421	862.0497760085058	896.1978861553389	1058.6886373789996	912.8052378988255	860.4619327714771	849.4580659091034	0	797.9297639286625	766.0940071964164	781.613921062804	723.6844390002482	698.8889323928918	750.4416827480852	1164.8937959931259	1050.9485651618922	893.7675879501287	865.0562698298846	915.7886323056126	0	0	0	685.9008666683719	746.446389365059	836.1993434630625	0	0	0	0	0	755.7445945399946	0	737.6372446869331	0	735.1620617326794	0	1148.3816356516663	1071.7639713232543	1179.318063217227	1259.5912319275203	1256.5357057577476	1405.4587831995811	0	767.2132006095918	715.8380649062807	0	0	0	0	0	956.008749387693	877.311018938214	971.851968301775	990.3217953380499	1209.030076728419	1114.9485916856647	1109.3233309890145	948.2891805032328	944.0744827649985	932.6043047155547	919.3277945205352	1628.5060531681693	1456.3097879715203	1418.5389289846194	1411.4930195975126	1536.3683022767132	1187.6226516339966	1167.8695750405755	1115.3972620824134	1099.3313343941318	0	0	570.426846669086	0	0	753.154013611193	759.3481461358172	793.9441601893935	827.6461637213138	937.1415134123665	968.6587933479939	953.8497150234639	0	986.6218852844032
3300047160_930	2144.680266049059	3448.864025463077	3042.641276106615	2523.3717190281573	2167.621521128258	2649.0681062369886	2673.738681056732	3505.210156424482	2102.5126555566385	2381.3518664445737	3338.9983597666323	2969.5021552128483	2778.735896303415	2533.9267582808816	2310.1002924005993	1873.6131091629154	2011.782002911849	1997.1119520626685	2118.1221766203726	2798.8220398250405	960.2350355176063	995.4669580857883	922.7562124061614	995.4336431898397	1104.3021453592405	821.477815831629	852.2088360134965	800.853267651017	1012.9290027113943	911.7558944030131	1419.144684745484	1266.6225535969054	1180.174938675167	1040.0501168381404	1090.707867713418	1165.2310456726343	1971.536486831919	1901.317984846694	2021.902581941991	1877.7455492448219	2087.9386713330064	1983.2431940052752	1293.0174709114458	1254.6481856807716	1163.6685063944158	1234.8721619581497	0	1487.4067313838161	1411.362688080581	1365.669985000881	1390.3894896691966	1520.6997332608519	1616.907128866367	766.908808126409	0	0	0	0	0	0	0	1293.5004926887048	1147.8286922723591	1105.4597118430554	1223.4295107230391	1637.6782947268623	1527.7450564961214	1619.5669903481519	2022.0210419535279	1971.1090594555214	1936.282651408816	2079.2198077074654	1074.3834608470256	1044.5210190076202	1059.5202641759734	955.1015223985152	1033.5753689242024	1330.450264879581	1234.217027762952	1103.9292127704632	1015.252691428379	1456.847508726045	1415.8417277487488	1129.4832616321908	1280.4880995941314	804.7543220967094	829.5924032308792	867.0859303682117	812.3438302328511	795.752282105168	1586.787164569035	1408.3751550667687	1422.1894022953786	1296.8729766908002	1169.7287009680388
3300047160_931	860.2142978551137	418.2120011275326	392.77151792494135	725.102540266097	412.88272215583436	406.7475004399504	523.9983856401217	706.3681303064409	368.13277476464503	319.31152034979516	608.2504159770656	631.9678023137927	622.5804491081918	0	0	0	0	0	0	0	539.2190385042013	557.0240204804359	565.9609565508742	541.1191965110726	0	0	497.15227919884626	608.4484872689318	685.5048298886728	649.2104924386003	1219.1488196321438	1311.4025812487068	1476.6272320855535	1457.9341819172516	1302.2081427919995	1164.3354447562149	750.253829843153	744.355921662604	749.2847345233406	733.1675396527155	0	660.0475086961522	1044.5143430633418	1027.7506555358455	888.4862967213219	695.4390315776365	0	2135.5374021493635	1967.187367237197	1760.6144263265896	1454.1283832342172	1175.5805444498267	918.394264093687	1400.6614860899906	1811.427605826223	1635.850200559795	1601.722042387451	860.0941076875304	818.2079485747162	830.035114644728	0	727.3140250993293	560.7996930033157	0	0	0	0	0	0	0	0	0	1616.3340580191414	1716.5926221955606	1677.8196216986146	1618.7021417340195	1624.5710611605534	946.2367535506842	965.5820545071119	1032.1725358792064	1118.773688401986	902.2531175392498	893.2010918910108	1158.6225636702468	970.6730536826493	677.2844863234197	643.836800258396	640.9897718199456	561.0376548693386	519.9403270388358	0	494.4673639830312	533.0492401011711	0	612.6050221275791
3300047160_933	1175.128319393197	1421.5906820609373	902.7732712432818	916.9522391149893	737.2914086551799	889.1397565311773	708.1278119141051	705.4648808917227	650.5029384523356	688.2606848511358	471.006533130865	491.62097443039454	464.0145924575459	530.3966683407973	673.1705686010936	611.0087471884598	660.7853469071679	730.355624380296	808.4514911662558	1118.4402053179945	445.39888150611273	504.6383880957796	513.450077366098	544.8180775313729	586.6036065600903	0	289.7041668853826	338.4909543091559	425.4688426437453	435.9655519345185	341.9336045867011	333.25374956290545	302.32191349185194	290.1620730411165	301.3148883609114	327.38706836306125	566.0850165440322	585.8310674772983	581.0497051659521	583.6713958581589	585.3526493675854	639.0189054850204	582.3740567322881	578.119805629479	568.0799506796499	619.6366989555381	0	544.5329376329252	518.420923656579	550.4158854982891	613.5502402408202	684.0950104014225	794.7606050656243	586.5237080275577	458.8874488882161	490.62952675399026	456.6884494889684	769.6622944971962	775.5383637379034	667.8228571640686	749.28366115527206	426.3795422062629	439.00236943797603	486.41857282110715	659.80662629769	680.698712834902	677.5889441064544	816.4230504105644	773.4495905467659	811.9490018664312	832.2577414208799	928.1358139504628	522.7836020063025	520.4862504353802	501.1901394777907	517.2813620826295	521.5106803481581	505.4144580658561	475.3533860119107	439.92217294283313	405.7586914915004	485.08168451901184	482.70757151468865	433.008181078038	0	330.9857837935922	359.2672072548446	340.19053542932465	355.9691718280282	366.9080057041243	608.5920170423432	574.896267717614	560.6525042023019	497.80948471956754	450.6548655993788
3300047160_935	2627.5436887741816	2019.493422101696	4736.6776656651855	3308.275039897689	2918.326269967636	3198.9660660514155	2555.378767971305	2509.2385445749824	365.6799230989653	371.30729081904667	2474.5064401239633	1651.1281688394063	1243.4832982765286	1070.6154400140244	950.9583787617045	1209.6691346287391	798.4209697106755	571.7692802578516	0	387.68449054944523	2447.364356104261	1790.7734780115677	1276.9647148551192	991.3664168661932	792.6773634339024	7043.949838739398	3923.4983060993522	1951.5066158469451	1044.8564910785424	628.9461950754082	2669.871923023171	2685.4028404578853	2665.3284908656533	2690.072737603701	2784.5441449805735	2918.922302950113	2542.525068066088	2689.6416887617916	2669.020636015951	2608.070437747563	2537.954061345548	2627.0787374396664	5645.527663952885	3568.4785779721697	2080.3056859151507	1434.0692833722808	0	2877.5967994023713	1875.4104624786032	1236.1026889585607	979.1884323099046	788.516857230365	676.5368757046965	2419.3858117725895	2638.7580903217295	2526.170373608806	2417.007772517453	1858.5297598340971	1798.4300823004953	1743.9096315868937	1815.062401035532	829.8569089582634	527.8735140770857	448.10888202131855	0	2007.1812975574783	1132.2836185308552	902.1413828044628	1525.147777776906	1160.9152044802606	891.6381361829874	721.1193804031523	3958.610483199942	3990.895072493744	3993.2256136661213	3996.504389160405	3991.2136718758434	3756.539929912294	3773.923221990151	3606.5506114357618	3667.682056812275	3545.781650742826	3449.8376544395237	3853.300507359049	3528.1390318772137	2877.1049783985072	2835.456171009818	2900.3978806048926	2862.419223177328	2995.3458728697074	3148.8138142996795	3210.183710413787	3269.9189597304185	3282.6414799191216	3477.9953717473013
3300047160_937	576.0202649942906	818.3992190202125	659.7970722720751	691.5832772907885	478.0950590496302	953.392351705581	1054.7232154202409	1347.7791791737652	657.2342322456402	678.4010728108705	972.299088388817	823.4372285348956	821.9131666469929	1017.353084816702	1054.5142364407554	1100.1308184430281	1049.0795520430213	1088.7720095746931	911.4564387917061	1003.8112805777516	2485.138406695948	2557.9799237452303	2498.106164301974	2566.69182150344	2601.1663612340108	1895.1859701418998	1364.376354914932	1045.42897119836	1076.4670000373765	1067.8417760046761	1451.8298612742783	1396.5594793643772	1335.3125174105237	1424.5975506425254	1445.0818100843708	1587.6455409715486	1256.2558380188098	1250.7069867773441	1278.2200418151892	1243.00395979842	1319.2699679566663	1292.7761996124964	0	697.9523346586276	0	809.349635274424	0	0	0	627.0533982358288	0	0	0	0	0	0	0	740.9112839736878	711.0699876470363	0	0	837.4511756445423	857.7736666079448	943.7691188484205	847.1122567107853	918.4431589028295	836.5711271000303	836.143069390697	838.4897674533767	903.0138799002503	0	787.3344220397777	836.996039058965	868.5896359360435	871.7305867107716	834.4160585504154	880.762712016451	0	850.510408283306	797.4522893635966	867.9708851782848	1587.4764738643105	1524.445641984576	1384.5756334734417	1432.0264045018587	0	0	0	0	0	1000.171192499581	986.1697140838305	1060.7854267509836	1071.2805177148223	1069.2044299694003
3300047160_939	462.8761797713043	0	2309.2176784423864	1706.6990002659609	949.7059086523498	996.6651485953678	742.5376769910375	722.616867741891	0	0	0	0	0	0	0	0	0	0	0	0	0	0	0	0	0	962.4113261383649	0	0	0	0	1254.082456753123	1230.354419565247	1282.6540668267223	1372.4408408678748	1313.2948239205846	1281.6280294809428	1166.8818860042402	1167.008974941041	1089.4364229797243	1112.9726922340144	1010.5656500691668	1015.4729553772263	0	0	0	0	0	0	0	0	0	0	0	732.5385776732926	870.9368564143613	770.8393170172301	0	0	0	0	0	0	0	0	0	0	0	0	0	0	0	0	3530.163119915932	3652.9342197288397	3597.380106663884	3592.3476624376726	3559.832448599134	2864.761251094113	2995.1713707043236	3010.284179721728	3188.3430358933515	2007.4159646254927	1978.935299376413	2184.7371407007327	2001.5511095713696	1441.828598744147	1455.225775616231	1394.6906424244978	1354.7985490511858	1331.7895389190653	1326.5970925749314	1362.1820334674564	1439.354151768567	1497.9962114594537	1587.596611119724
3300047160_946	1903.8274051059984	2354.149187338624	2263.088268194787	2276.493718702233	1690.394280023753	1912.848860601936	1510.577734603954	1882.5264296041962	2133.7313666592054	2473.699774720406	0	0	390.7388170327915	571.4225336581425	818.9191807595213	915.7460320621312	1068.5181808933023	1193.8194984512565	1514.7526267643207	2401.020124638994	757.2805229704423	821.8290796196069	824.5599146803803	893.131429561798	1003.2185267836159	0	0	0	0	0	722.3885186498982	702.2323705622599	582.6373927142097	532.4639702444241	571.3055486153862	622.9706379171496	1065.004236675881	1059.8599646156067	1021.915500034946	1086.840081205697	1116.7518171861202	1188.247361316531	836.2446566659698	858.8752129079562	776.4288248439482	870.9882617893504	0	643.1962609156246	623.0424364701167	622.9342049345455	643.2755850302784	777.2663312913186	906.171866965167	742.750610907139	505.63660705085726	527.4580627827353	496.34443662508176	678.5324019722593	716.3558152988915	543.0404157249823	619.2051463967139	378.70526658883244	455.18821621548864	638.9073889662557	973.7724276871204	1021.2307253212219	1242.9514780791335	1616.5303428013456	1242.6736175774613	1287.9058335209083	1461.472551889341	1795.2955388280209	941.7044448470788	904.3682923352901	891.0915413388234	897.7090809362514	875.7790459833669	1017.6817912790577	978.3530887147257	836.7680811269606	795.1909678036569	1096.7560681355474	1149.6381624321452	863.3672799206372	972.6064698805175	609.992681429802	637.5220416889489	603.4392399968572	616.1298230218599	662.8268950468589	1112.5039090704254	1050.8373405170303	967.9809379060323	813.3648569668411	768.8362432765917
3300047160_949	741.615682000091	589.2589769230133	759.65483020741965	802.9182821964029	842.2649628878917	850.9156052758069	769.6529612920181	828.1038132933016	620.6899387403485	681.139600653557	1430.8128401157126	1162.5418841621301	911.4813397643304	751.866861487535	637.803192096588	985.407423811912	864.6429336549895	740.7660954385977	637.3551524329423	737.6705636581795	877.5320955026395	851.0433240240047	798.793037194297	779.6374528012798	706.6468678523426	1538.1183262931238	1453.595237370715	1395.3415144892515	1397.8932656170543	1043.547876610288	475.3115684100991	436.4053419151799	409.1086713857056	380.3384100136106	402.0061932107625	440.6110154751753	605.763547835603	635.0534324200119	607.4903538923056	628.672744926863	663.1599378726371	658.5295068241414	518.7061581319922	519.517799779461	496.9299926067051	539.9128048563709	0	420.52634148586236	415.9198297097871	414.81849972151224	433.0803040280161	458.00308791702224	484.82229450798275	374.0743376129782	292.33978383502637	324.7562787014021	0	0	0	0	0	878.5364174135724	676.733719535002	521.782178129621	528.1732122946567	920.7235736531871	707.254536815977	683.0349826426108	924.8340426259903	838.0627301521333	739.0966355701516	743.1593885973224	457.7829169221522	452.05094473925124	459.1107332722468	469.00550843200233	460.82933903761347	477.7922668474399	457.5082874418984	426.2903167864691	390.4523661317476	498.14893475851125	496.91196576738776	398.8463980645218	454.8437426062417	429.2655792188583	465.9653264443922	459.94992132490665	441.9277522912149	482.1734920629687	620.2995521797492	582.0012034490193	565.5486140626948	550.4822389078365	532.8081633662373
3300047160_950	186.91719575825127	225.03856550756944	266.5093511831102	156.66758499017718	256.1023947284052	315.05147355815024	462.8464636046621	407.04207172862596	337.26883460184536	314.9444725884694	423.24231331982764	451.50886488554613	445.98675435079184	402.2007819569376	294.22255655674473	594.666700643694	521.2530906750192	426.0752754341014	310.08119512738807	297.9680311989466	1141.5510783841964	1163.3132669260024	1140.1003754241146	1118.7753743516673	1008.4960825309087	457.26844920823487	490.2923828169788	516.8934831457769	528.3094099376513	470.73535843896036	633.946785020749	665.9236562813901	679.5284574061104	689.5817838366471	659.6811263304393	639.737246228035	389.9449902000286	388.1554375514817	370.27926151751376	370.88373501196884	0	350.5630776184804	352.8246339824436	395.40153779447047	397.44726540044394	387.8525032104039	0	0	0	0	0	0	0	0	362.43956872635255	342.752457170638	0	415.9901897708895	381.37184953241103	380.73333529622516	0	351.8449060910599	299.31963452484524	0	0	345.68316344609207	0	0	281.48691583249257	0	0	0	375.42149212628186	392.0312288343827	362.61489894434106	358.4141893301655	363.9897157415439	0	0	325.71842960494564	358.3498935979274	769.6342911154142	720.3498078080037	884.0959624354198	767.874192965123	350.97587557193026	342.4649983811535	344.79378658996285	311.3500467901831	308.38953319401304	378.74875828648874	414.2152735918313	439.36522709490845	457.9695094542173	498.106464949368
3300047160_952	1556.9468126031252	1001.8115930586885	0	470.7990164981924	0	0	0	0	0	0	0	0	0	0	0	0	0	0	0	0	0	0	0	0	0	0	0	0	0	0	0	0	0	0	0	0	0	0	0	0	0	0	5175.949279616245	3356.0783041039635	2072.389294436894	1418.705127267445	0	6024.480497821377	4350.799900114182	3022.6352845902497	2207.7877825504884	1530.0613891180033	1158.9698784548725	1545.0691001425207	1547.5499994520292	1665.978413727676	1560.1960136607804	1009.3628960372798	987.9812697385883	944.564089560698	934.2750758570799	0	0	0	0	0	0	0	0	0	0	0	0	0	0	0	0	0	0	0	0	0	0	502.83229463852615	0	0	0	0	0	0	0	0	0	0	0
3300047160_955	3007.2111200941245	1792.248612628128	380.376892701063	481.0686822540353	502.5367423290458	0	250.9812035136495	356.5361075434893	0	271.21905310945914	0	0	0	0	0	0	0	0	0	0	0	0	0	0	0	0	0	0	0	0	0	0	0	0	0	0	0	0	0	0	0	0	3773.434906068956	2729.190284963032	1851.4560029430859	1510.2266081671735	0	3176.486408481699	2425.4248161264736	1844.80961535583	1459.814883224104	1285.4544602591454	1118.1865700645733	1018.6286089789734	688.8617763368153	753.5428197290233	710.0152619744832	574.8286913929206	676.5028181606008	0	0	0	0	0	0	0	0	0	0	0	0	0	0	0	0	0	0	0	0	0	0	0	0	0	0	0	0	0	0	0	0	0	0	0	0
3300047160_956	1330.1671773699488	0	2380.395563874213	2477.4808487233813	2162.1540168074343	3350.845429750179	2644.5255820521616	3796.4696313409986	1095.9035511032687	1283.7048136008557	5361.625669156274	3586.6929757123235	0	0	0	4271.270362275446	3298.5379713581574	2964.1160726396215	2366.1544994090286	2165.489085546999	4910.557417372635	4190.669831334055	3470.3495273225544	3085.379709132256	2669.166059792282	14645.55973129845	9768.171778368587	6303.785605264818	4692.508136534606	2977.3094702738886	2216.965231649489	2294.0371423699958	0	2210.7786331781426	0	2317.4137471793174	0	0	2322.0421963507933	0	0	2107.7459369796134	0	0	0	0	0	0	0	0	0	0	0	0	0	0	0	0	0	0	0	3537.9223896574845	2551.2564656030036	0	0	3403.2045159780787	0	0	2455.0895256552526	0	0	0	2044.5052885494956	2430.0481431446824	0	0	0	0	0	0	0	2485.366603833828	2292.0069962641305	1911.3544245189935	0	0	0	0	0	0	2693.5220450386205	2500.1693827551444	2170.796743130033	0	0
3300047160_957	2216.816270319856	2092.7679010004367	1527.0184704062488	1781.845041013023	1956.7352336308625	1436.5652235504022	1452.682359456112	1465.9570992178003	1816.7366259839575	1812.7564322503715	2186.1119613951355	2456.5112373835145	2747.749999359411	2902.3424346358934	2331.7991325430467	2418.2484423523574	2423.6212712603187	2182.673522218787	1708.0178197602618	1703.06947303183	2347.0890446300787	2405.0777225313564	2572.6213881647864	2588.38628628507	2431.8402447184494	1366.7410817060643	1761.7771437199146	2061.0404053754633	2868.613990378147	3228.4002831527164	2284.441585994989	2479.6853596600677	2472.6402576117184	2581.671910641415	2687.891130204031	2646.100055786753	2110.6284705016014	2082.0695729868225	2161.368454126235	2171.2196579854094	1944.2483632135843	2055.1471767224143	2806.2714720826125	3059.8650976249705	3219.882736766531	3189.3137884463663	3776.258637592479	2819.5712644925648	2922.2870328687277	3019.614704712365	2885.7245653309797	2680.547239979416	2405.6630667633203	3296.3481345969935	3290.443322941181	3526.5691119640856	3584.6407877738393	3643.2004614387047	3649.909708890101	3671.6397855579326	3630.441959254314	3377.940981023762	3482.999808000501	3291.3538467953117	2504.782901707308	2214.6215723969526	1989.067526196023	1792.759144035787	2055.171783803523	2035.816960994901	1818.1039558901741	1634.3911466392892	2380.8634565698408	2395.9079171932694	2416.199311241992	2451.4886557432837	2415.9965740046896	2377.7513421393514	2448.202366205394	2525.5240636577814	2555.874607820578	2172.900816580806	2150.1311489529103	2305.0543611754756	2249.933402229496	2991.0626178253233	3004.2145102053673	3102.436570167558	2867.070737819056	2906.614166893346	1848.473485715681	1906.0822344452508	2109.3884201674664	2149.8406394360777	2263.3436823420707
3300047160_962	1499.8965946592898	1494.7826840986309	2743.5438252945714	2185.688067725751	2799.3425870230813	1668.1847353198214	1686.1714246816928	1799.6626811300089	689.3108390880832	765.210267994948	1652.5807835655512	1243.1326544859044	1106.0977869484216	1311.6354752873856	1675.2104618049536	1915.616766868697	1807.4919671131192	1794.448588627049	1788.707303026461	2234.5547646264135	1434.6020447471951	1442.7585720350962	1346.645410707152	1284.9489814970032	1318.4580187567465	1541.9893143169736	1318.0049997756007	989.9033835994233	792.9170090765804	0	1218.9597006131924	1055.5033203442156	930.454297982867	970.1335673430483	1002.044887358857	1155.4644710751227	893.0563402210662	919.6395884775907	934.4742648122441	922.2677817747381	0	1039.7961797833793	3600.5376195627214	2983.2339876817236	2237.1575587127027	2101.7543076561888	0	4228.980315782066	3373.586570351968	2647.143294715978	2357.6012018501683	2241.3581868924507	2220.497886912658	863.9275273180883	665.9025412244778	733.8626944639678	0	886.7854348250718	978.8754241883584	0	0	1404.933417462637	1200.9023256576593	1188.3853557198906	1433.5593161311067	1302.3104627908774	1138.96514718734	1176.6078082636768	1379.6367818129306	1333.9589495025728	1203.8501867134148	1300.052675798092	921.439459686448	951.2366817789961	913.1421127032	1007.2894621280774	966.66759096699775	1878.2883714934942	1801.9522591213142	1618.675684846394	1623.1009331396867	1668.4816323415998	1543.887969177715	1322.5716162183871	1595.590143389112	1574.6316161432528	1671.4342210718696	1637.8512246165496	1654.587925429608	1757.5715405410383	1279.41110948031	1178.1566109096873	1095.3630454369763	1200.5532789168517	1081.7457252041124
3300047160_964	898.6191410234298	447.9012911590152	3534.8831613002294	2273.989172376867	1826.2330121639934	1486.7154596268992	947.2195169647404	625.5800682741834	0	0	0	0	0	0	0	0	0	0	0	0	0	0	0	0	0	0	0	0	0	0	1075.8146367604693	1167.6822337388573	1186.471758543267	1099.22931394714	957.249062807384	832.2627052806356	1083.5083629346495	1049.7390641791324	972.675207591325	941.2049028168535	851.7340576164796	803.978456626201	889.4617786680706	545.9655234440154	0	0	0	0	0	0	0	0	0	1537.2645983442703	1979.750833360819	1739.4373568365404	1529.5942836598547	0	0	0	0	0	0	0	0	0	0	0	0	0	0	0	1637.5609275226818	1849.6050289419265	1482.7425751938938	1602.9708869734386	1509.622965604829	3466.762068435938	3303.84074211534	3715.152665774782	3662.09040492075	1999.7932604618804	1786.120706667595	1964.7007050591471	1532.0130289086924	2118.5860039615955	2038.218627419445	1793.2773716300792	1444.4878775335246	1296.0019575657086	1781.2607210387064	1898.3893032673325	2046.5172686295828	2065.3982827278246	2158.322103559105
3300047160_967	1394.688641188984	1341.5764661274266	1486.0964655777968	1813.2987564508069	1373.1715762867625	1617.0727738661205	1799.2463158716362	1651.261545533705	1395.5640354989155	1394.2823734134338	2187.9179890246237	1867.7743095598826	1724.4833693838596	1658.3848923150492	1348.7053954530795	1760.032952753195	1571.0137174920426	1361.0915452990257	1060.225041419319	1064.309799003673	2612.9922595587	2650.0039262076402	2473.992313424912	2456.0429535279845	2289.396983101877	3348.8366251564153	2594.8466899627465	2076.3543319464334	2061.062916110526	1933.5168447670835	2412.469353876204	2460.0048597819537	2565.212995512104	2578.8406120970803	2646.321834539269	2563.3045937520988	1863.6999445036136	1869.8155595055332	1854.997856243891	1858.2471241574676	1743.6570973456942	1744.7480685445717	2322.8060418879004	2269.875891827044	2097.127717489033	2062.706088585013	2098.9096713287795	2028.2043267012068	2040.5567508229303	1907.0374633483807	1886.0797082872893	1705.883441026632	1499.913016172233	1942.1556196687218	1930.9840690568756	2024.0057927470577	2020.96929478254	1928.3966566589145	1995.0360143810838	1920.497913860315	1918.8148127114132	1755.349102898567	1628.6680331446375	1453.0151124463032	1037.316738376922	1663.9779069455471	1273.7909208695594	1104.6260980245438	1636.6058071330137	1579.9446101477008	1375.6557118389744	1193.6359495583567	2081.4824835676263	2050.9018888009787	2036.6062084111531	2084.089447455317	2044.8387875082587	2169.823997712915	2248.9838853231226	2230.975050897991	2375.429134344005	2394.9892733889274	2267.117076211628	2367.5569800405638	2271.1486697267364	1976.5782365579316	1930.8995755786207	1933.0608912602202	1853.737876592695	1854.4635532195953	1921.2438059812553	2030.6419188933253	2181.297704728856	2267.2146273562353	2308.542019025144
3300047160_968	4293.532655446546	0	2465.038006609685	1634.1233245943574	2794.918362339826	3206.7527420702204	3677.069355884006	0	0	0	4552.356472370134	2071.985542090465	0	0	0	0	0	0	0	0	0	0	0	0	0	11060.83737471921	6588.696387001355	3506.0435331465223	0	0	0	0	0	0	0	0	0	0	0	0	0	0	30631.17224460303	19590.788885026293	10785.154250203956	7483.638791024083	0	8191.546101421281	5415.025982936155	3382.853900846749	0	0	0	0	0	0	0	0	0	0	0	0	0	0	0	3189.7459399951094	0	0	3203.518785723367	0	0	0	0	0	0	0	0	0	0	0	0	0	0	0	0	0	0	0	0	0	0	0	0	0	0
3300047160_97	1894.6075707436191	1285.8025054795173	1137.331850814878	1858.3249791905253	2480.550227264651	1469.581073280602	1930.8454726403666	1191.0236856160711	2570.352105474759	2592.944871070375	1797.486006325924	1596.5436240017245	1656.4847435104964	1736.5772143421527	1548.3672604821847	1032.7236164946212	1002.4794001069013	938.461349207882	767.8881586730753	768.0071624724791	1044.6738226869736	999.2834353434866	942.7761466174859	864.9162513717279	788.3268492971292	2387.3684322938866	2218.148167242603	1877.2120062021502	1994.7072736609946	2043.0984230222057	1535.9255107370852	1499.3776629562628	1594.3502121418217	1665.4503127352443	1710.092909116254	1776.7209107185422	1533.9428791977411	1575.370154843814	1541.4646174852678	1563.8992216942067	1513.997587081516	1551.0174163682639	1329.4029932694557	1485.074926602392	1499.8594907850443	1559.9363857474139	1631.1411604487612	1983.7508935793142	2023.7123991853637	2080.297748149725	2070.1818853947575	2009.20260540554	1883.3320602524268	2185.2203826523946	2345.6018273832124	2281.5997199261938	2251.7000274103843	1492.9925907689023	1488.6677638216688	1515.2454274911952	1516.7115552105433	1945.9971691874648	1937.6795509991555	1919.8000327246402	1502.457096111929	1914.1782774605872	1666.8735802676647	1532.2077336176894	1646.2706963165851	1626.0467955916351	1461.5899288532314	1353.073482473382	1992.1915953279608	2034.7174466476886	1963.1360793967986	1994.994833491464	2018.0564149359886	1788.744667044023	1840.7676237098183	1851.6381883939302	1894.9206340353246	1038.6355272584424	999.7149780077606	1098.0746337671942	1015.2609546577185	2818.634643529489	2827.2019551949656	2837.4021610705013	2768.069340661414	2823.549028346448	1608.1576116739316	1659.8967639037305	1731.422790156452	1768.419957667592	1902.974114205233
3300047160_971	721.0079944698322	1016.2769433850737	1003.3798990205804	1441.2724162105612	0	914.9615234089651	614.8452162565245	1281.4449064692094	1098.9194276263231	1056.9521660513703	1733.3481629200337	2030.4771173045456	2091.5103998334885	1966.265964279273	1319.4213711394439	2108.5375256179295	2016.176780638016	1692.08641145561	0	1201.0071762056975	0	1110.891468941834	1187.052316027027	1219.1829578177135	0	1156.5803404925846	1526.8242309002003	1687.0220984557466	2109.76710717584	1956.5267566724058	2882.675419359383	2771.907873220958	2842.770640358988	3147.7412947236094	2789.7756999640246	2628.841815936639	2298.470183225718	2424.035664056788	2357.7856100870076	2377.019536949982	2155.2326432635937	2008.7659377743119	1667.555195976548	1835.4617091663172	1827.2860163798891	1742.7998295079817	0	1606.7324958377837	1738.717996303452	1817.683843623436	1663.3435333792847	1384.6087543713743	0	1462.4610653836507	1426.8791309578485	1602.8381101000732	1483.5593474959035	1663.7419118639189	1730.1492137925898	1529.7038409485376	0	1449.0381090326894	1247.006167831755	1105.2660638440605	0	1438.2993214277092	0	0	1294.978251795856	1282.7207008671296	0	0	1127.1691646308245	1145.1000186714166	0	0	0	2015.9478071083201	1964.0568111357493	2262.726463528952	2371.1167770531465	1594.7602464168342	1468.859592613378	1649.0542044457486	0	0	0	0	0	0	1334.0374642906122	1496.0352452202985	1595.3145030844216	1688.8998439983327	1729.458165210547
3300047160_972	1716.5402767950554	1757.7498250919668	1371.535558279655	1694.2981636983368	1758.486559857634	1341.8406729692279	1436.9956044283351	1335.4508035054773	1779.2109559558871	1871.2892521906733	447.3330510518264	504.7539974369414	621.5281118022381	932.8810814912381	1516.866466126025	960.8210014173901	1097.1177490969226	1297.0448728515435	1438.9362249770534	1944.9173076440168	772.3712671361122	861.6045733921642	887.3038430080421	992.422083500461	1112.6797029525226	0	267.82742048771735	343.91855703564823	515.6566549467107	635.1167791994139	844.0282084106551	819.8637558371889	770.3756666893214	746.3230316494876	804.8375907463885	914.7118486499314	1164.3461336176167	1151.1365931105163	1196.4286794178877	1198.4419444248972	1206.4905601926587	1346.0897613641496	894.8993935288913	887.3995542124811	924.3820039198782	1003.3294249525118	1011.8461456337803	916.3318926518896	934.9076561404725	1015.2535177998232	1088.7321035353712	1254.0342875236563	1420.4409284994285	1005.8965188674388	869.8433733865132	897.7190576991991	887.6166733411651	1014.1136410084157	1030.1626864267057	945.2556381632097	1057.4169721061073	686.3390195704204	834.90124213184	1284.3397999827223	1888.5702349152855	1252.770988862357	1531.1950603710118	1800.6724104198026	1125.0988700426863	1224.5034923285154	1367.7532346982714	1493.847754880432	1034.2815441890348	997.60148504544	1025.27291500584	1041.7939585742818	1066.4596971739159	1009.4138164829925	984.3770826284225	912.4707847922224	884.0448841174551	990.17771067292006	999.7349543372056	994.2963638825823	1002.1386807179553	1062.1615134549543	1118.9060672582423	1164.8367499861818	1204.0258703664242	1327.1441907772628	1049.161077090139	1032.8627032084264	956.5416973718949	874.9645681526299	877.2944161487032
3300047160_984	433.50101015914515	443.3255355848138	378.62962510627614	559.3533418089546	669.8965247743763	385.4710574479311	406.2697167031337	286.078236851439	694.1603186153661	686.8005757211313	627.2102921159458	655.4149626996085	752.6025239860453	758.141291038819	557.6555936254526	396.5498725175648	380.99176791748465	351.3026557619479	0	243.17110630114706	0	248.492593637201	251.38069351165078	260.74938188506644	249.07260330763472	405.86133639534785	450.8574759862765	501.1289351408199	715.7931454141309	874.978789578925	413.5470683431928	449.49613448116634	480.65452208055575	502.895718592488	503.5007332953237	523.7781895293064	535.8179120155122	548.6221662761503	562.6942503661978	569.5232815145162	540.356916335681	567.0084593476248	577.0481422948632	647.2200138328606	678.9445260935122	698.7892114044938	822.8290689540754	596.7485340332138	627.8027484614378	662.684902042595	652.5551597654513	579.0177577164467	477.88892582090915	637.8247324042475	640.195056207581	654.5534545133672	687.0575651853405	912.9426435930902	895.8691961691068	928.3979028094536	916.3624270273363	883.9888830419493	927.47047150075	787.0400372807134	536.6906855764221	652.8522791060487	580.4004018067914	523.9270847820632	552.6023143900536	549.1888669969421	495.4324495110112	424.1442024832197	538.0401828310206	556.4108100241396	551.7097780927859	569.8122376252118	560.1383515778191	637.1839003992617	673.5394237700172	706.3821776635856	748.0110333315616	346.33357058802756	332.95059071808856	375.6475875196409	0	978.1415496504283	982.3000049903703	992.8859160829704	962.0446212439907	916.2379348473565	435.360069468587	476.29964716649863	494.2057769939845	529.9765459380498	563.6878872303273
3300047160_99	1041.4561372087396	1473.269608792344	823.8571226776071	1220.2772384041298	1347.1991078737183	1129.6833617829823	1550.3102664919272	1215.0090617011901	1393.4280936181335	1446.9841737566164	960.7046578056911	828.7842295922169	789.536089272215	924.4174810586443	1241.1507172307251	855.9179000670089	848.9244683595033	922.7494390075271	943.8834847808388	1124.9825458445291	1428.814138587245	1494.0372474651908	1541.7704513397343	1660.1316287719392	1733.5088928943183	883.1527371035119	796.5664488079766	741.1342608264839	801.3597450320875	817.7830130462895	858.0949132783635	808.1971978837698	775.5829304513202	776.8275473285191	803.425548611375	903.4098228406801	880.9791612698766	881.6379810033388	857.0452597134978	866.6213719002344	886.6454079930686	949.0449161278802	736.6012746789914	757.3702206174715	743.0613810897235	857.1129818862516	797.9352636048462	736.2355043286053	738.6951095891208	831.4254355915211	869.5949360235916	958.1006456097857	1079.3596441776288	622.6190294920499	546.4403053228989	549.6490656613528	548.9476225572797	710.9749274576784	768.6653775373611	675.5096363180935	776.614465956149	790.6702770065714	798.3756568221319	1025.1800792314216	1284.2108123985427	1234.5487028927155	1298.6379813504577	1403.420147559136	904.5388620646654	908.1769162808441	931.8561809701959	968.5578286692053	802.6126728389097	770.1024242783565	834.4908520638977	828.1350362175493	824.3483607835541	906.2655167326585	894.5095889422646	824.2205649502158	781.3934122781942	1052.3794844198694	1008.7751269129093	978.8316925940114	959.8811142007851	855.59737632338	916.5846992950195	903.1313833171096	952.6097659277307	1023.8015209748589	859.1146464355502	879.1405139891327	823.5691294693266	803.2591492244777	810.0729364162119
3300047160_990	804.976334005139	1032.6933981432248	1420.567435009919	775.6111608091652	543.9599322852188	893.7773359382273	646.1791549527683	1154.8727331761218	725.0555805063129	798.5944514992291	0	0	0	0	430.69389124378836	0	559.5359483683656	652.2454037505892	790.0374109962517	1360.3541370279045	0	0	0	0	0	0	0	0	0	0	511.60523352217825	0	0	0	0	445.05898424368775	578.1215119976894	0	570.0781528765945	603.8683905263739	0	665.0204935632731	0	0	0	0	0	0	0	0	0	0	0	0	0	0	0	0	0	0	0	0	0	0	0	0	0	625.7111347952746	696.4592981579207	705.4625612501385	805.4203714677657	1011.2626720893234	486.2491627479155	484.19323464728933	0	0	0	0	0	0	0	698.5381083670943	698.837233731149	584.8960203924606	0	0	0	0	0	0	544.0699254077828	567.0551136124294	484.36619921330134	0	0
3300047160_991	1716.3173091739118	1446.9131334603605	1527.54174200274	1816.3046259962236	2041.6635636312344	1759.814618112852	2124.9786819119918	1555.810185851074	1785.66309971068	1846.2374597467121	2682.6084027215506	1813.7151968217333	1481.3673135567856	1600.9777454053933	1664.6331302792903	1491.3106579869504	1387.5053497709275	1271.7193038565858	1164.7198622850563	1344.5365067595933	1987.1654959217258	1903.0402998218055	1833.3047452865146	1763.9125534360749	1714.144651697529	3968.4890272212765	3374.620786976927	2429.203957153589	2037.4606282575462	1726.7729712877197	1504.7908600571914	1501.4706434970763	1436.4412428523365	1398.106377530599	1522.4659701995045	1642.3053931397346	1551.8482248645537	1569.236901692866	1564.8883089849444	1536.4114623682622	1597.8955848139055	1567.319851845631	1347.1345669158	1352.9912363528993	1249.8649499634612	1331.6419806362933	1235.9842111322914	1638.1809269323132	1646.1399736763346	1652.1331388525068	1726.530989560583	1828.4265920576852	1873.5601358144133	1535.1069524019615	1444.1175420023126	1486.2624115277024	1381.4754332364337	1304.1701643989218	1287.7501544038616	1273.3023896429627	1317.7573302006663	1671.5553947036835	1582.0947424440296	1702.9798793532968	1730.2993901845425	1923.8767756606508	1691.7944152248845	1722.2139456590667	1999.8560022586298	1914.9232727983037	1796.1146646330512	1825.8938977052549	1795.0853811206684	1768.974861508892	1811.2078963829138	1734.1956636409607	1822.9667401726329	1728.2994988910473	1663.1360030312903	1564.0272199975745	1532.543386812675	1530.8205363345492	1480.6653730474231	1459.9569124113598	1463.1257773416935	1848.5073653207503	1932.5057513486418	1964.8959382691123	1930.521474550283	2084.432843565531	1748.858012895878	1735.0270169327082	1791.0551658817858	1745.1175403530906	1787.4098327877737
3300047160_992	2948.976645399013	3564.5902775909763	2545.7392404588727	2565.691234517122	3184.5437788364666	3404.413581700633	2923.0705027205227	2620.9995228387384	2930.1309706296342	3419.2679610311375	394.6358286970095	0	0	0	584.3410176932802	643.7836004176603	789.4610319287709	792.127158016303	936.6035475866407	1485.6968632200574	950.1421448417606	972.0936190304357	974.7963948873944	983.9178062479715	1077.623576841766	456.27606505329584	0	0	0	0	714.7288155357132	722.7025351895102	590.3300159745036	524.5516176270531	519.2137919666618	549.5017083876783	1166.1112798132283	1190.1831383260574	1142.6092170772336	1191.8047060381373	1222.9833266102528	1233.9985943565018	825.0063312269036	787.138567122333	738.8726387178373	843.6826094681421	0	907.0705687887917	840.0588925712149	818.5449001480052	835.5582817109761	987.3871488746704	1146.9594099619594	879.2952105189798	577.8770523886699	636.7290579146193	591.7213957093434	615.2199356300112	638.0005238403979	0	0	437.47539640294025	450.6686573780304	519.1543495652226	688.7813952668487	1692.7365904203625	1758.5177512707303	2049.151034104712	1368.0965905763935	1454.9530192081759	1499.4963000681357	1802.1583779228895	841.640812728447	878.0663903917177	759.0293316617219	782.7588985037944	743.7004969304695	766.9907366562362	717.0866841382701	640.9663513815824	583.3366272073378	855.6696816416703	917.7057223483142	636.6613199421151	731.7240198350249	815.41586061833	824.1801770872296	783.2280941941231	739.2522238379062	735.1516730996241	1558.1286037528753	1426.873210118496	1373.5377286183875	1176.4850375344147	1057.3290147231758
3300047160_995	5147.309434819952	8111.055732362186	0	0	0	0	0	0	0	0	0	0	0	0	0	0	0	0	0	0	0	0	0	0	0	0	0	0	0	0	0	0	0	0	0	0	0	0	0	0	0	0	9773.091460451356	5373.404736081695	2822.5946295669196	1741.774482403728	0	11364.254829008536	6241.44550641832	3316.772862460259	1985.7147638509837	1313.1260534806909	876.2239203082179	6015.418662365343	6785.656229691412	6340.692040238587	6390.027089019875	5306.8577588179605	5027.65736543739	4994.549753578703	4641.978736916393	0	0	0	0	0	0	0	0	0	0	0	0	0	0	0	0	0	0	0	0	0	0	0	0	0	0	0	0	0	0	0	0	0	0
3300047160_996	1363.0336107238793	1202.0303249397255	1208.1828780347705	1406.383369424738	1411.918906968731	1155.7967737576423	1181.6195399164612	1107.8381091208128	1026.330086687428	1127.4701580797955	752.4021442010693	760.3593854398906	808.057508120472	928.167112811026	1135.8624244448113	897.0827410321602	983.0054978291632	1026.5474631794234	1066.5163869711978	1418.844940675394	515.482208413239	546.4650577916324	535.1629622389916	544.1988461669304	575.4398878774535	403.0411535123094	475.27954769906296	537.6758683180608	706.9719988259128	736.3365277787448	692.643891851919	662.1201583492111	594.2572913115979	582.7804888940642	607.6190145016319	663.9685153049613	1035.832723154179	1059.3343009142498	1068.3836207271509	1068.2184498304855	1144.8254141873522	1149.1359158383834	847.6076152844986	806.6603973942978	802.7694578651971	887.338564164307	0	966.4301380302779	957.7439375078683	950.3724423599366	1013.0798466704235	1121.6343364383026	1197.0919144261404	773.4389537933033	613.9940440287278	654.0512610055447	661.7460265189916	600.0305129449149	614.9653414871514	521.1820942268068	606.0736576484176	584.759886673121	620.9182364526716	758.3467486582376	930.0017575928139	1147.5660711577643	1161.8274743111197	1266.7209478088835	1057.297637466795	1036.56609132568	1022.0215917978144	1132.075305535196	668.843073625144	648.296812592771	669.5277013023552	663.7067761815972	645.5968428194135	736.5216933192597	704.1681224538976	632.2837681494711	603.322323401242	698.1136204780481	714.9199037808224	608.6327380863088	636.2485374381284	767.2270182647702	815.1220243028071	813.2251111208969	788.6389732548229	852.9047305683811	899.8258368615842	890.2004796994189	869.0668056493301	823.6149947615708	769.113278533956
3300047160_997	0	720.3945084761845	0	0	0	0	0	0	0	0	0	0	0	0	0	0	0	0	0	0	0	0	0	0	0	0	0	0	0	0	0	0	0	0	0	0	0	0	0	0	0	0	110099.54329269736	81526.75359488658	56108.94562166512	39323.39839609749	4672.41807560012	0	0	0	0	0	0	0	0	0	0	0	0	0	0	0	0	0	0	0	0	0	0	0	0	0	0	0	0	0	0	0	0	0	0	0	0	0	0	0	0	0	0	0	0	0	0	0	0
3300047160_998	696.184382012225	636.6889242499883	524.3888438567321	409.2045883661474	0	568.9712144514295	491.5693299863041	750.5877510593706	587.2934624537088	599.042522834769	0	650.5975513994498	762.1125195296265	932.6317976597611	953.1498875229827	1284.7541338978501	1286.793262249166	1278.976384822169	1038.5181173057626	1133.0495142704908	1796.6101405020395	1979.3904077278603	2024.9448336150786	2248.188150443275	2311.741868839057	0	0	0	773.5683588194597	838.7105392478234	934.0625851923041	933.4457357572213	931.500630015192	937.9319405363257	1008.1301271282379	1091.3400724533014	928.627865632236	876.5672701256083	898.6268765915952	881.3149456374299	0	911.5176751724188	946.6542638152484	1044.5828754286138	1134.0413252256842	1155.2975319828868	0	0	0	0	0	0	0	799.1782047339356	847.5160591123315	849.8421568170124	0	881.430008546845	879.0864752571658	804.3842900971963	856.4053129839144	983.4516012552409	1182.5434458564769	1231.6216269830052	1039.4568290892307	744.3224216709708	688.3501577610318	686.4052381462773	0	0	0	0	771.8322302389819	737.3761796439875	849.5184822656164	835.393585676847	852.2870849952599	0	0	681.6304452059878	0	1206.8562644548947	1183.923063959574	1222.198284650252	1210.086529140342	0	0	0	0	0	610.6765999405503	666.9726883394555	650.3691012347714	0	761.2656855425115
GRE.SIPMG.052b4f26_bin.20	49187.64262198268	55664.112032014644	43025.02517139613	51181.02023177841	51322.123771710474	44074.51334604024	41416.07595003475	41231.58257004015	46441.51000187076	47152.10131498077	23569.16191194682	21007.56414260646	22653.240386394915	29824.13385144307	42462.8940349003	33068.78886586726	35947.577619420634	38463.21096003199	41510.50688870009	52408.23749590029	27734.99077570177	29430.591051261406	29424.483690042947	30841.300590623472	33034.1153206331	14992.51953911046	17889.260297195855	18291.826058172686	21690.193146532707	23231.927945654057	26608.050610262217	25151.88000896771	24259.609262945407	22935.046474938623	24374.934411173115	28541.93587897315	35068.39086988765	34375.70904429019	35863.02950040478	36068.88040647867	36139.84545458126	37736.1825910362	27372.91151845926	28297.10556085764	28817.046181624763	31913.602658565425	26707.820797717904	30190.73877842604	30657.66747557476	32193.97005612599	34736.21797130295	38454.457748924244	41919.78946952381	28705.557464371872	26346.410967752683	25620.24816931128	25317.359966532153	26937.716049149327	28284.74296026225	26622.773862644648	28683.18332865128	23138.887257839688	27109.341920487368	36039.178532946535	46951.090714929414	35869.73653289479	38974.89228358631	43626.38040312829	31605.247537170686	33783.59314034638	35001.14048869656	38677.85694259929	34225.37147712782	34625.157334173986	34515.74449874058	35085.178806055876	35591.53275580498	33472.306701967755	32632.147737053303	30306.248266297876	28554.485356976726	31103.514738557253	31181.227778851568	29776.406401997538	29864.648514509994	31155.13236562592	32198.22887206954	32306.850764767918	33505.106840798435	35759.331930190725	33682.797234047044	32592.463941981612	31738.082473849452	30933.3556712467	30802.970325642753
GRE.SIPMG.066b5f18_bin.18	0	0	4323.291397479573	1900.961911534499	2931.6407409329845	5251.631696560066	10908.78461191867	3057.0322675396756	0	0	38497.72879102037	16225.99084907102	6595.676755014489	3802.313310173183	1594.0654310445761	7662.005778398254	6494.091249406312	2981.981127236243	2103.575993397814	2083.588964718228	24698.463104497267	19792.384787370578	11795.451264826283	6543.189434857079	4202.156331642835	165993.75615189853	90870.28939813089	43940.50130774417	21741.365041894034	8378.680103426263	0	0	0	0	0	0	0	0	0	0	0	0	0	0	0	0	0	0	0	0	0	0	0	0	0	0	0	0	0	0	0	10152.482597571689	4587.350692188375	1694.9320219415802	0	8908.248336302684	2945.5279676365553	2226.471192596211	4321.228206646215	2707.151663116119	1836.7980923134821	0	0	0	0	0	0	0	0	0	0	0	0	0	0	0	0	0	0	0	0	0	0	0	0
GRE.SIPMG.082b2f20_bin.18	127607.90207971695	153060.5786425323	116328.71105419118	133699.75287615194	134007.8683243942	115218.35780152374	105527.22590021919	108263.46858287558	127945.19792170727	125596.44297047604	55003.04001676497	66408.41007562615	92162.29323944458	128038.53725933272	152421.98530212152	109967.88863548571	118298.45858280417	128475.12852702105	123039.6263042638	139446.06166832344	82055.56964253295	89481.66705656152	92098.82543616433	98458.4940496847	103486.49039711672	25466.65324284743	38837.72777134369	50499.33397799875	74913.63439885902	96488.62937214396	95312.40271990452	93380.10830889308	93512.3483906173	92063.40799739995	98053.4317131818	110113.75196390995	111622.18169886833	112229.11461574111	115663.98935913587	115922.29701497716	111269.00910863401	120670.84048566627	97351.39933038382	104502.74957774165	109093.32141367304	119143.21048686537	110102.73607030911	105337.51678790445	110265.12252470326	116059.43101157274	122099.14789930834	128522.2143436087	130005.87487281585	98756.92452294055	100438.77938171024	98466.67953522252	98693.83368042608	106771.31591604718	109098.36382257509	111511.7568635733	117205.45974909561	84982.21702225703	111207.60404508442	139927.8495658287	146099.86661267641	106253.83631342204	116235.84243703226	119604.43938638891	97978.22834598263	106576.0620931028	107871.20454368723	110266.76276621212	108196.1406325832	111628.90521984406	111719.10910595006	112551.81125118994	114178.97643943687	107940.01721817053	107002.3806777499	103228.79946463883	101716.9125695701	100983.00292161101	99382.20832753822	104081.47591491495	101343.35417927991	110821.1709582756	112597.92936148413	115846.44682132114	119283.10530811857	125649.53203386533	101439.33761100996	102119.48968599604	101163.62371333179	103006.64770115544	107223.35044426667
GRE.SIPMG.117b4f26_bin.29	12928.131309923661	8984.792267259258	10877.962731678073	12878.096600469546	11017.447611422476	10416.55688356129	12058.33170863827	10018.8302103195	15604.636821922844	14264.077140927477	29667.676671785903	28793.79762204974	22369.949994904597	15495.299297435544	8618.774323992293	13661.137872834666	10764.267270768658	8684.084880635313	5444.840278540448	4852.180335988641	14033.16735606431	14347.024172710418	13230.150566686898	12006.260277422478	9489.414839975829	21687.534535582145	27059.927738497037	30244.225737434033	29223.608810854777	22462.079393694337	27723.8572911109	29510.492286528606	32283.786075754128	31704.456395021836	26729.84915027758	20612.723122932155	17560.981549812233	17571.35909025141	17424.313696995257	16509.73888773883	13435.596576418942	13911.462860363146	21530.34009705635	22458.81207121908	20674.722833489057	17907.13048752986	16401.46060456248	24274.944375057763	23514.4846007677	21233.076338076422	17461.78806722525	13522.944989105576	10725.80573790029	35740.1136649582	43971.030210081866	39453.887166071756	37414.15533356053	28403.232940113397	25289.61842618849	22883.145920046107	18109.750050162813	34049.611033335954	23053.059497902253	15025.137658702657	8238.027902199006	15632.08968547758	11074.021321011724	8258.777215204154	16533.1006481461	14681.474986744468	11635.748108815953	8909.517232052214	24129.837562699686	24856.586035491146	24409.870723977147	23276.40232063655	21774.052774370368	23726.76206209113	26726.02175248236	28902.13543827515	32224.92165163055	18113.63890740118	17490.31075741504	21847.41291500771	18194.475854141696	27742.773177150015	26100.65876858335	24205.218728887656	20295.08860129345	17323.772627892125	17825.389753239604	20268.52024330727	22393.59421316903	23436.32009590205	24922.90378166357
GRE.SIPMG.169b2f20_bin.29	22576.377347314876	25836.44224925077	19661.504721386762	23545.33325297809	23126.05552750568	19840.710233251462	18882.19081850936	18883.2318056435	21271.47690009756	21105.07245246945	11480.04752387722	12269.750168758737	15357.962619745147	21047.770675207357	25674.77480423718	19228.330032563445	19840.329145732456	21415.123116200062	20759.477373262103	23435.76120574998	15879.427497667055	17083.488612237947	17289.76011440353	18927.557252757768	19479.494599368827	6537.192335979743	8763.310482531013	10322.267987226409	13710.328325160084	16596.355729155286	16322.070635588838	15861.650780605789	16022.832506210692	15561.090583605172	16748.7779988106	18694.919701157916	19320.077863498394	19586.4228512312	19970.42247559251	20007.901992041923	19979.31758969558	21088.84387968014	17440.111233164353	18364.4766506027	18971.594484369463	20692.61644333255	18803.77066416162	18535.550940680758	19598.293587557255	20316.316575123452	21204.44429789001	22655.26139096366	23522.45850343932	17340.642358816312	16899.33015002539	16640.31287537475	16926.759857470977	17516.927513034327	17637.938466878233	18107.13768886158	18837.28589730185	15693.683556940276	19549.96727546135	24854.20310952054	26141.63052558079	18977.200733684167	20490.212446009347	20664.901214946873	17020.885781157758	18384.336845538164	18508.16124774408	18687.241948020965	19073.903259110728	22254.07249054527	19833.65649012305	19586.38212232903	20302.321853119145	18793.772606900668	18375.62953145288	17868.927247626907	17476.22819840251	17291.89175530532	17116.56485746597	17659.63158800061	17568.46738837778	19167.189862829015	19541.990863981177	19778.666422238894	20141.13454838997	21678.175118602816	17413.59988470108	17291.969859686924	17060.201242577445	17601.390484197498	18067.420392919943
GRE.SIPMG.176b2f22_bin.12	174669.79063946343	209149.17427755165	160529.2219192149	185342.00440155194	187551.9401732795	158382.63720314708	145049.87040380685	146390.59422831735	178504.01264318594	173267.0880732074	90725.44755724337	110456.55403771304	152671.34616375837	206100.68380738675	229381.94730911177	165609.62129020828	175260.50013080225	186749.93015845105	170369.69459740483	183807.47445059696	120225.03407580376	131074.31391017055	135015.90214134735	143452.80143576275	148110.14641281025	43350.004044662106	65682.96433142689	84571.58228974446	125738.66723079984	162388.67384039622	144994.21403042693	141725.9910844497	145432.26037234848	144706.86407619665	154064.41343564983	171767.07793853187	165436.46073900946	165319.3148211169	170021.80929960485	170616.40485747939	162082.40035130578	175796.8872496849	149030.1683906653	161899.47260385274	170558.7278785659	183634.94764041607	173801.2407672722	162692.19859386544	170046.59899274143	178900.86596783722	186981.82978061074	192094.70418600665	188540.41906950244	153096.02513668683	159433.14197355614	155089.03312149472	156826.39331747423	169748.39746780985	172291.82639275285	179724.7902133869	186488.34958960544	142453.04876572272	181401.5146028646	217701.20491274644	208882.0616550433	157820.7649256558	167754.85887678573	167416.1884154658	147505.81818954565	158819.40357012433	157648.14355072292	156237.42437811178	162491.36526730645	166848.6099430439	168369.76050059524	169801.07495927392	171072.28734836268	161451.95107242733	161887.51946468375	157494.67447685538	156892.72142147523	147453.5911360284	144958.1710346458	156672.0666910785	150039.78147918484	176747.42299977646	178319.67511135474	183647.58433211825	188311.30109465634	198184.9333388742	147380.12342292233	150987.83184860263	150010.23483531992	154873.96191405941	164077.94655521557
GRE.bulkMG.LF176_bin.18	30001.132056337043	22239.03316100314	21353.097153194318	30230.053180883308	33414.41508136118	24904.793150114605	29017.717538606386	23276.25163816243	33872.213599236	34048.37322240436	41121.52569426356	36920.298394899546	37379.18846339565	40754.07491858569	35020.83629817894	28539.675331258954	26762.018169202733	24680.54190438566	20521.975714224387	20192.73094093833	28479.682395028365	29601.75355485318	28808.175218301192	28847.24519530326	27965.27103750296	47173.69334214457	45356.74678384712	40241.78046344919	44003.57984679204	44993.458130814324	34376.51586806704	34730.03877491861	36222.02247002982	37896.70258565864	39749.36206480632	41278.03459081362	32035.258423810177	33051.340827504995	33752.341050143266	33611.34593760391	31118.513704759567	33062.18600728394	32682.423835104946	34436.63445581872	34982.32426533305	34910.69348500762	32500.41844710474	37731.275973730844	38238.90061460199	39905.27786054701	39967.32518221131	37962.37979662255	33720.30897276016	41646.74106473956	44864.73660691119	44914.83620681892	44150.943689140375	38521.055481965304	38146.070269847456	37325.10423799033	38134.58778922244	43006.661804970405	44620.259168684475	43164.026642757264	33733.226732253264	38884.887769078894	33184.81038744776	30931.90585827272	34760.20778267678	33246.78917043227	30883.941521674747	27852.352951716017	35620.31331268185	36391.73200271312	36251.38955161011	37147.799024241984	37423.68236892828	34457.72470211746	35063.18434225464	35518.271171442844	37760.50823141161	27692.805941699928	27610.66988356261	30275.096103861266	28647.825549153244	43019.04475767263	44426.391886322504	45762.727877925856	45847.41602923361	46596.94337361886	30859.87288286389	32151.396492539883	34356.96548588708	34758.3858763425	37556.513439752394
GRE.bulkMG.LF176_bin.7	21416.651259367736	24322.214976506053	17747.992114938614	22490.64532021346	23614.0570159153	17976.22688957461	17803.019256506817	17028.84007753197	20295.796417039655	20257.963778827663	7617.118374495527	8961.06767234871	12202.696554023125	17447.59302394455	22649.281722461015	14919.96958968357	16307.954424176383	18036.214802918013	17991.200411724974	21230.585630411962	11681.895238820836	12572.186686827743	13079.10443152035	13870.896641943036	14752.607704257274	3390.6173668992183	5101.173382296878	6505.640940023231	9671.370710321047	12484.822845410996	13538.797851805846	12993.431969430776	12770.614892870137	12552.703914031934	13223.518656447523	15249.995650548897	17062.76261744207	17203.391822570786	17539.717805464785	17547.785507592274	17306.594182442303	18476.353908429293	14618.239564621135	15406.036045676805	15778.507521909587	17250.30424339268	15746.175023000005	16392.16479505328	17003.596148861197	17779.1605692532	18764.187868486024	20424.75980416929	21437.796807801933	14612.701238723484	14344.681917554106	14092.689727201172	14506.066978657745	14548.672778804023	14827.284570381242	15189.15892074429	15895.743134594568	12159.960480324626	15691.078258468538	20970.557938669164	23658.490345359052	15737.024155626801	17396.442074195922	18697.930638750928	13377.05599575287	14517.530883627027	14925.758030778552	15609.149754532558	16232.99576578353	16411.20290056726	16943.710095608836	16939.76900522618	17300.88512027138	16576.808707417735	16055.024608745716	15528.404903400307	15000.144524541673	14133.6131012075	13912.989814646335	14288.385839283279	14106.478032643596	16847.66389660155	17238.39249849136	17660.18706448613	18058.72556881611	19492.81113611198	14676.643416604154	14728.343569000326	14328.09628448011	14374.318379628334	14954.687159976547
GRE.bulkMG.OX080_bin.28	60811.35784343485	66987.24574748494	56976.03440105727	65958.05442952228	65255.32808242978	54999.18571160937	53424.35140222487	53423.719620933865	51179.18617530663	54463.25293628859	10821.76173619542	12887.632897040536	16145.974551364925	20839.5965467708	29674.532123250247	29070.174944250917	32073.50194068397	36303.79968650287	40744.76363336826	57117.67073947755	23671.098303269762	24954.35661031665	25095.8025630771	27222.72752693801	29558.82277623029	3991.1714576750123	6056.782907824977	8294.108367793562	12560.16637549021	15231.23439920957	23319.475167057943	21694.030993015305	19849.39679664539	17805.231982552577	18874.16119151924	21178.662504386844	33048.325732633646	33120.24309673761	33873.45477788416	33974.02150034486	35604.4137071402	37458.591496362846	23763.29959801944	23798.96134687737	23350.9031014651	25930.946070017744	18232.541531994455	25207.120810805583	24984.788457706298	25272.017723069588	26827.332265578487	30906.854851623568	35405.75067472268	23969.878602466728	18649.50413040253	19193.789200088377	19507.800864935823	19128.51850334576	20312.919931986013	18496.103059477675	19686.611322478297	15305.528881795348	18488.79201286186	25691.92339965718	36687.33827442061	31894.13359349635	37309.29301707598	44028.45901888415	28273.926768379413	30918.92804768398	33141.51247612984	38588.017542692134	31380.403269485683	31664.267393880975	31775.108772843003	31593.248939012297	32174.48379319647	30625.882682872187	29584.60126876745	26646.19123360618	23994.642416783292	29301.97887809627	29530.53148833114	24759.946982849528	27815.272565189345	26656.315788419244	27466.828878312208	27242.42960729416	26718.622236372994	28610.5918783431	32099.53375636085	30427.97902108468	28327.194047448404	27055.047595938107	26071.51468198277
GRE.bulkMG.T000H_bin.41	41818.22763988719	35008.52915899526	33977.9911448447	42372.25339769252	42117.961875087465	38685.21576518324	41536.33173081911	35778.6164368199	48834.437301317164	50464.30844077588	63740.143740702166	58403.18714564284	57068.56311841852	57734.93529656675	49201.41521408282	48859.438894612555	44898.500040139654	41031.13779051821	32776.82757690783	32375.12880298047	44862.48053171041	46499.9758529791	45502.36711025689	45629.244777607964	43864.451610435295	79672.58874920338	74321.86776397013	66435.32966049162	70530.31197334956	72091.54159258775	52414.98829936346	53990.05189373311	57526.07490205247	60628.508781382465	62358.379248445424	62697.19227613099	45234.71931880485	46186.436112228344	47355.07216184679	47616.617157942594	43637.89753372007	47111.37711400415	48662.942996425125	51384.90860562341	51665.310558992496	52576.115833981705	48725.23894267315	52421.35529714951	53228.04620806539	54976.006076516926	53091.275142817845	49369.71879640919	44012.65433586219	60705.37578537094	66616.38111051549	65053.361239519225	65267.56742190198	65175.006655644815	64432.72646477575	64736.84177214447	63231.947457747054	63702.0667176174	63849.749959248904	58511.124873280234	45173.0763165711	60000.424879769125	50891.81163959319	47040.33913169074	55036.46389763342	52058.54355577621	48208.97305218986	42375.27347280973	52728.11173779569	53833.40746872238	54360.79803710804	55826.75636947457	55760.175722422435	49111.00263876225	51142.14764878582	52297.22105242785	55705.12695722868	42524.165672812676	41921.068287143054	48391.64413149838	43942.24546037893	59251.54845370843	60831.47142793953	62351.78821049337	61875.455332523605	61913.905493135935	46270.48571156562	49143.63303161716	51459.832880069625	52825.864274890475	57296.76508635236
GRE.bulkMG.T000H_bin.8	36908.94301590519	43289.39405788688	35930.06896295663	38875.30173185993	40381.255454121296	34608.70078875244	29977.262330317397	31330.95520828574	35087.22119287261	37219.03413262401	14254.035263294127	16771.37081646926	21839.572105001247	31926.78143041161	42811.88468700927	31848.896066341724	34899.533951075384	39042.12609423664	39350.791695006665	47017.607648045385	27135.534036542038	29493.04323550704	30333.01325328453	32818.034911857125	35055.500834782775	6672.119293154676	9989.574244477642	12845.123319304696	18667.67834357986	24113.047656894174	24813.82464290133	24234.39241435098	23432.808735052095	23023.59986678042	24687.333516061157	28076.55042229297	31175.103721757274	31665.232696607578	32264.539204889952	31884.985446621657	32637.500959157915	34211.29838837352	26990.63269475224	28662.840164263023	29115.389696553026	32565.383808524643	29650.499621680225	27150.289523650365	28202.5839023297	29533.18716209153	31219.859635269226	33474.04327517933	36354.68829415167	26125.17472821511	24492.27866150932	24546.666612328405	24687.767658903507	27977.13031700961	28931.945684985756	28671.730124976482	30475.354259745007	22956.5936478391	29684.266665696534	40595.63457793481	48007.40799431669	30966.18773892589	34808.45735267962	37508.823113724015	29213.644997091913	31619.93133106665	32466.196585416023	34692.334879449554	32421.949794953118	32617.9243226987	33038.16895240561	33401.448557146316	34184.02627930052	30756.437909694352	29853.97934698732	28463.995041834987	27745.322328822276	29311.509800650852	29245.618312756065	28747.370176879896	28919.1552639199	30545.31113068547	31410.33937291014	31961.782123166944	32550.038852980575	35555.015017053556	29872.692504292623	29503.889679038373	29037.213110586683	28906.555396899108	29448.37396393291
GRE1	0	0	0	0	0	0	0	0	0	0	0	0	0	0	0	0	0	0	0	0	0	0	0	0	0	0	0	0	0	0	0	0	0	0	0	0	0	0	0	0	0	0	0	0	0	0	0	0	0	0	0	0	0	0	0	0	0	0	0	0	0	0	0	0	0	0	0	0	0	0	0	0	0	0	0	0	0	0	0	0	0	0	0	0	0	0	0	0	0	0	0	0	0	0	0
GRE10	0	0	0	0	0	0	0	0	0	0	0	0	0	0	0	0	0	0	0	0	0	0	0	0	0	0	0	0	0	0	0	0	0	0	0	0	0	0	0	0	0	0	0	0	0	0	0	0	0	0	0	0	0	0	0	0	0	0	0	0	0	0	0	0	0	0	0	0	0	0	0	0	0	0	0	0	0	0	0	0	0	0	0	0	0	0	0	0	0	0	0	0	0	0	0
GRE105	0	0	0	0	0	0	0	0	0	0	0	0	0	0	0	0	0	0	0	0	0	0	0	0	0	0	0	0	0	0	0	0	0	0	0	0	0	0	0	0	0	0	0	0	0	0	0	0	0	0	0	0	0	0	0	0	0	0	0	0	0	0	0	0	0	0	0	0	0	0	0	0	0	0	0	0	0	0	0	0	0	0	0	0	0	0	0	0	0	0	0	0	0	0	0
GRE106	0	0	0	0	0	0	0	0	0	0	0	0	0	0	0	0	0	0	0	0	0	0	0	0	0	0	0	0	0	0	0	0	0	0	0	0	0	0	0	0	0	0	0	0	0	0	0	0	0	0	0	0	0	0	0	0	0	0	0	0	0	0	0	0	0	0	0	0	0	0	0	0	0	0	0	0	0	0	0	0	0	0	0	0	0	0	0	0	0	0	0	0	0	0	0
GRE108	0	0	0	0	0	0	0	0	0	0	0	0	0	0	0	0	0	0	0	0	0	0	0	0	0	0	0	0	0	0	0	0	0	0	0	0	0	0	0	0	0	0	0	0	0	0	0	0	0	0	0	0	0	0	0	0	0	0	0	0	0	0	0	0	0	0	0	0	0	0	0	0	0	0	0	0	0	0	0	0	0	0	0	0	0	0	0	0	0	0	0	0	0	0	0
GRE11	0	0	0	0	0	0	0	0	0	0	0	0	0	0	0	0	0	0	0	0	0	0	0	0	0	0	0	0	0	0	0	0	0	0	0	0	0	0	0	0	0	0	0	0	0	0	0	0	0	0	0	0	0	0	0	0	0	0	0	0	0	0	0	0	0	0	0	0	0	0	0	0	0	0	0	0	0	0	0	0	0	0	0	0	0	0	0	0	0	0	0	0	0	0	0
GRE110	0	0	0	0	0	0	0	0	0	0	0	0	0	0	0	0	0	0	0	0	0	0	0	0	0	0	0	0	0	0	0	0	0	0	0	0	0	0	0	0	0	0	0	0	0	0	0	0	0	0	0	0	0	0	0	0	0	0	0	0	0	0	0	0	0	0	0	0	0	0	0	0	0	0	0	0	0	0	0	0	0	0	0	0	0	0	0	0	0	0	0	0	0	0	0
GRE111	0	0	0	0	0	0	0	0	0	0	0	0	0	0	0	0	0	0	0	0	0	0	0	0	0	0	0	0	0	0	0	0	0	0	0	0	0	0	0	0	0	0	0	0	0	0	0	0	0	0	0	0	0	0	0	0	0	0	0	0	0	0	0	0	0	0	0	0	0	0	0	0	0	0	0	0	0	0	0	0	0	0	0	0	0	0	0	0	0	0	0	0	0	0	0
GRE112	0	0	0	0	0	0	0	0	0	0	0	0	0	0	0	0	0	0	0	0	0	0	0	0	0	0	0	0	0	0	0	0	0	0	0	0	0	0	0	0	0	0	0	0	0	0	0	0	0	0	0	0	0	0	0	0	0	0	0	0	0	0	0	0	0	0	0	0	0	0	0	0	0	0	0	0	0	0	0	0	0	0	0	0	0	0	0	0	0	0	0	0	0	0	0
GRE113	0	0	0	0	0	0	0	0	0	0	0	0	0	0	0	0	0	0	0	0	0	0	0	0	0	0	0	0	0	0	0	0	0	0	0	0	0	0	0	0	0	0	0	0	0	0	0	0	0	0	0	0	0	0	0	0	0	0	0	0	0	0	0	0	0	0	0	0	0	0	0	0	0	0	0	0	0	0	0	0	0	0	0	0	0	0	0	0	0	0	0	0	0	0	0
GRE114	0	0	0	0	0	0	0	0	0	0	0	0	0	0	0	0	0	0	0	0	0	0	0	0	0	0	0	0	0	0	0	0	0	0	0	0	0	0	0	0	0	0	0	0	0	0	0	0	0	0	0	0	0	0	0	0	0	0	0	0	0	0	0	0	0	0	0	0	0	0	0	0	0	0	0	0	0	0	0	0	0	0	0	0	0	0	0	0	0	0	0	0	0	0	0
GRE119	0	0	0	0	0	0	0	0	0	0	0	0	0	0	0	0	0	0	0	0	0	0	0	0	0	0	0	0	0	0	0	0	0	0	0	0	0	0	0	0	0	0	0	0	0	0	0	0	0	0	0	0	0	0	0	0	0	0	0	0	0	0	0	0	0	0	0	0	0	0	0	0	0	0	0	0	0	0	0	0	0	0	0	0	0	0	0	0	0	0	0	0	0	0	0
GRE12	0	0	0	0	0	0	0	0	0	0	0	0	0	0	0	0	0	0	0	0	0	0	0	0	0	0	0	0	0	0	0	0	0	0	0	0	0	0	0	0	0	0	0	0	0	0	0	0	0	0	0	0	0	0	0	0	0	0	0	0	0	0	0	0	0	0	0	0	0	0	0	0	0	0	0	0	0	0	0	0	0	0	0	0	0	0	0	0	0	0	0	0	0	0	0
GRE122	0	0	0	0	0	0	0	0	0	0	0	0	0	0	0	0	0	0	0	0	0	0	0	0	0	0	0	0	0	0	0	0	0	0	0	0	0	0	0	0	0	0	0	0	0	0	0	0	0	0	0	0	0	0	0	0	0	0	0	0	0	0	0	0	0	0	0	0	0	0	0	0	0	0	0	0	0	0	0	0	0	0	0	0	0	0	0	0	0	0	0	0	0	0	0
GRE126	0	0	0	0	0	0	0	0	0	0	0	0	0	0	0	0	0	0	0	0	0	0	0	0	0	0	0	0	0	0	0	0	0	0	0	0	0	0	0	0	0	0	0	0	0	0	0	0	0	0	0	0	0	0	0	0	0	0	0	0	0	0	0	0	0	0	0	0	0	0	0	0	0	0	0	0	0	0	0	0	0	0	0	0	0	0	0	0	0	0	0	0	0	0	0
GRE13	0	0	0	0	0	0	0	0	0	0	0	0	0	0	0	0	0	0	0	0	0	0	0	0	0	0	0	0	0	0	0	0	0	0	0	0	0	0	0	0	0	0	0	0	0	0	0	0	0	0	0	0	0	0	0	0	0	0	0	0	0	0	0	0	0	0	0	0	0	0	0	0	0	0	0	0	0	0	0	0	0	0	0	0	0	0	0	0	0	0	0	0	0	0	0
GRE131	0	0	0	0	0	0	0	0	0	0	0	0	0	0	0	0	0	0	0	0	0	0	0	0	0	0	0	0	0	0	0	0	0	0	0	0	0	0	0	0	0	0	0	0	0	0	0	0	0	0	0	0	0	0	0	0	0	0	0	0	0	0	0	0	0	0	0	0	0	0	0	0	0	0	0	0	0	0	0	0	0	0	0	0	0	0	0	0	0	0	0	0	0	0	0
GRE136	0	0	0	0	0	0	0	0	0	0	0	0	0	0	0	0	0	0	0	0	0	0	0	0	0	0	0	0	0	0	0	0	0	0	0	0	0	0	0	0	0	0	0	0	0	0	0	0	0	0	0	0	0	0	0	0	0	0	0	0	0	0	0	0	0	0	0	0	0	0	0	0	0	0	0	0	0	0	0	0	0	0	0	0	0	0	0	0	0	0	0	0	0	0	0
GRE14	0	0	0	0	0	0	0	0	0	0	0	0	0	0	0	0	0	0	0	0	0	0	0	0	0	0	0	0	0	0	0	0	0	0	0	0	0	0	0	0	0	0	0	0	0	0	0	0	0	0	0	0	0	0	0	0	0	0	0	0	0	0	0	0	0	0	0	0	0	0	0	0	0	0	0	0	0	0	0	0	0	0	0	0	0	0	0	0	0	0	0	0	0	0	0
GRE15	0	0	0	0	0	0	0	0	0	0	0	0	0	0	0	0	0	0	0	0	0	0	0	0	0	0	0	0	0	0	0	0	0	0	0	0	0	0	0	0	0	0	0	0	0	0	0	0	0	0	0	0	0	0	0	0	0	0	0	0	0	0	0	0	0	0	0	0	0	0	0	0	0	0	0	0	0	0	0	0	0	0	0	0	0	0	0	0	0	0	0	0	0	0	0
GRE150	0	0	0	0	0	0	0	0	0	0	0	0	0	0	0	0	0	0	0	0	0	0	0	0	0	0	0	0	0	0	0	0	0	0	0	0	0	0	0	0	0	0	0	0	0	0	0	0	0	0	0	0	0	0	0	0	0	0	0	0	0	0	0	0	0	0	0	0	0	0	0	0	0	0	0	0	0	0	0	0	0	0	0	0	0	0	0	0	0	0	0	0	0	0	0
GRE152	0	0	0	0	0	0	0	0	0	0	0	0	0	0	0	0	0	0	0	0	0	0	0	0	0	0	0	0	0	0	0	0	0	0	0	0	0	0	0	0	0	0	0	0	0	0	0	0	0	0	0	0	0	0	0	0	0	0	0	0	0	0	0	0	0	0	0	0	0	0	0	0	0	0	0	0	0	0	0	0	0	0	0	0	0	0	0	0	0	0	0	0	0	0	0
GRE153	0	0	0	0	0	0	0	0	0	0	0	0	0	0	0	0	0	0	0	0	0	0	0	0	0	0	0	0	0	0	0	0	0	0	0	0	0	0	0	0	0	0	0	0	0	0	0	0	0	0	0	0	0	0	0	0	0	0	0	0	0	0	0	0	0	0	0	0	0	0	0	0	0	0	0	0	0	0	0	0	0	0	0	0	0	0	0	0	0	0	0	0	0	0	0
GRE154	0	0	0	0	0	0	0	0	0	0	0	0	0	0	0	0	0	0	0	0	0	0	0	0	0	0	0	0	0	0	0	0	0	0	0	0	0	0	0	0	0	0	0	0	0	0	0	0	0	0	0	0	0	0	0	0	0	0	0	0	0	0	0	0	0	0	0	0	0	0	0	0	0	0	0	0	0	0	0	0	0	0	0	0	0	0	0	0	0	0	0	0	0	0	0
GRE157	0	0	0	0	0	0	0	0	0	0	0	0	0	0	0	0	0	0	0	0	0	0	0	0	0	0	0	0	0	0	0	0	0	0	0	0	0	0	0	0	0	0	0	0	0	0	0	0	0	0	0	0	0	0	0	0	0	0	0	0	0	0	0	0	0	0	0	0	0	0	0	0	0	0	0	0	0	0	0	0	0	0	0	0	0	0	0	0	0	0	0	0	0	0	0
GRE158	0	0	0	0	0	0	0	0	0	0	0	0	0	0	0	0	0	0	0	0	0	0	0	0	0	0	0	0	0	0	0	0	0	0	0	0	0	0	0	0	0	0	0	0	0	0	0	0	0	0	0	0	0	0	0	0	0	0	0	0	0	0	0	0	0	0	0	0	0	0	0	0	0	0	0	0	0	0	0	0	0	0	0	0	0	0	0	0	0	0	0	0	0	0	0
GRE159	0	0	0	0	0	0	0	0	0	0	0	0	0	0	0	0	0	0	0	0	0	0	0	0	0	0	0	0	0	0	0	0	0	0	0	0	0	0	0	0	0	0	0	0	0	0	0	0	0	0	0	0	0	0	0	0	0	0	0	0	0	0	0	0	0	0	0	0	0	0	0	0	0	0	0	0	0	0	0	0	0	0	0	0	0	0	0	0	0	0	0	0	0	0	0
GRE16	0	0	0	0	0	0	0	0	0	0	0	0	0	0	0	0	0	0	0	0	0	0	0	0	0	0	0	0	0	0	0	0	0	0	0	0	0	0	0	0	0	0	0	0	0	0	0	0	0	0	0	0	0	0	0	0	0	0	0	0	0	0	0	0	0	0	0	0	0	0	0	0	0	0	0	0	0	0	0	0	0	0	0	0	0	0	0	0	0	0	0	0	0	0	0
GRE160	0	0	0	0	0	0	0	0	0	0	0	0	0	0	0	0	0	0	0	0	0	0	0	0	0	0	0	0	0	0	0	0	0	0	0	0	0	0	0	0	0	0	0	0	0	0	0	0	0	0	0	0	0	0	0	0	0	0	0	0	0	0	0	0	0	0	0	0	0	0	0	0	0	0	0	0	0	0	0	0	0	0	0	0	0	0	0	0	0	0	0	0	0	0	0
GRE162	0	0	0	0	0	0	0	0	0	0	0	0	0	0	0	0	0	0	0	0	0	0	0	0	0	0	0	0	0	0	0	0	0	0	0	0	0	0	0	0	0	0	0	0	0	0	0	0	0	0	0	0	0	0	0	0	0	0	0	0	0	0	0	0	0	0	0	0	0	0	0	0	0	0	0	0	0	0	0	0	0	0	0	0	0	0	0	0	0	0	0	0	0	0	0
GRE164	0	0	0	0	0	0	0	0	0	0	0	0	0	0	0	0	0	0	0	0	0	0	0	0	0	0	0	0	0	0	0	0	0	0	0	0	0	0	0	0	0	0	0	0	0	0	0	0	0	0	0	0	0	0	0	0	0	0	0	0	0	0	0	0	0	0	0	0	0	0	0	0	0	0	0	0	0	0	0	0	0	0	0	0	0	0	0	0	0	0	0	0	0	0	0
GRE167	0	0	0	0	0	0	0	0	0	0	0	0	0	0	0	0	0	0	0	0	0	0	0	0	0	0	0	0	0	0	0	0	0	0	0	0	0	0	0	0	0	0	0	0	0	0	0	0	0	0	0	0	0	0	0	0	0	0	0	0	0	0	0	0	0	0	0	0	0	0	0	0	0	0	0	0	0	0	0	0	0	0	0	0	0	0	0	0	0	0	0	0	0	0	0
GRE168	0	0	0	0	0	0	0	0	0	0	0	0	0	0	0	0	0	0	0	0	0	0	0	0	0	0	0	0	0	0	0	0	0	0	0	0	0	0	0	0	0	0	0	0	0	0	0	0	0	0	0	0	0	0	0	0	0	0	0	0	0	0	0	0	0	0	0	0	0	0	0	0	0	0	0	0	0	0	0	0	0	0	0	0	0	0	0	0	0	0	0	0	0	0	0
GRE17	0	0	0	0	0	0	0	0	0	0	0	0	0	0	0	0	0	0	0	0	0	0	0	0	0	0	0	0	0	0	0	0	0	0	0	0	0	0	0	0	0	0	0	0	0	0	0	0	0	0	0	0	0	0	0	0	0	0	0	0	0	0	0	0	0	0	0	0	0	0	0	0	0	0	0	0	0	0	0	0	0	0	0	0	0	0	0	0	0	0	0	0	0	0	0
GRE172	0	0	0	0	0	0	0	0	0	0	0	0	0	0	0	0	0	0	0	0	0	0	0	0	0	0	0	0	0	0	0	0	0	0	0	0	0	0	0	0	0	0	0	0	0	0	0	0	0	0	0	0	0	0	0	0	0	0	0	0	0	0	0	0	0	0	0	0	0	0	0	0	0	0	0	0	0	0	0	0	0	0	0	0	0	0	0	0	0	0	0	0	0	0	0
GRE174	0	0	0	0	0	0	0	0	0	0	0	0	0	0	0	0	0	0	0	0	0	0	0	0	0	0	0	0	0	0	0	0	0	0	0	0	0	0	0	0	0	0	0	0	0	0	0	0	0	0	0	0	0	0	0	0	0	0	0	0	0	0	0	0	0	0	0	0	0	0	0	0	0	0	0	0	0	0	0	0	0	0	0	0	0	0	0	0	0	0	0	0	0	0	0
GRE175	0	0	0	0	0	0	0	0	0	0	0	0	0	0	0	0	0	0	0	0	0	0	0	0	0	0	0	0	0	0	0	0	0	0	0	0	0	0	0	0	0	0	0	0	0	0	0	0	0	0	0	0	0	0	0	0	0	0	0	0	0	0	0	0	0	0	0	0	0	0	0	0	0	0	0	0	0	0	0	0	0	0	0	0	0	0	0	0	0	0	0	0	0	0	0
GRE176	0	0	0	0	0	0	0	0	0	0	0	0	0	0	0	0	0	0	0	0	0	0	0	0	0	0	0	0	0	0	0	0	0	0	0	0	0	0	0	0	0	0	0	0	0	0	0	0	0	0	0	0	0	0	0	0	0	0	0	0	0	0	0	0	0	0	0	0	0	0	0	0	0	0	0	0	0	0	0	0	0	0	0	0	0	0	0	0	0	0	0	0	0	0	0
GRE178	0	0	0	0	0	0	0	0	0	0	0	0	0	0	0	0	0	0	0	0	0	0	0	0	0	0	0	0	0	0	0	0	0	0	0	0	0	0	0	0	0	0	0	0	0	0	0	0	0	0	0	0	0	0	0	0	0	0	0	0	0	0	0	0	0	0	0	0	0	0	0	0	0	0	0	0	0	0	0	0	0	0	0	0	0	0	0	0	0	0	0	0	0	0	0
GRE18	0	0	0	0	0	0	0	0	0	0	0	0	0	0	0	0	0	0	0	0	0	0	0	0	0	0	0	0	0	0	0	0	0	0	0	0	0	0	0	0	0	0	0	0	0	0	0	0	0	0	0	0	0	0	0	0	0	0	0	0	0	0	0	0	0	0	0	0	0	0	0	0	0	0	0	0	0	0	0	0	0	0	0	0	0	0	0	0	0	0	0	0	0	0	0
GRE181	0	0	0	0	0	0	0	0	0	0	0	0	0	0	0	0	0	0	0	0	0	0	0	0	0	0	0	0	0	0	0	0	0	0	0	0	0	0	0	0	0	0	0	0	0	0	0	0	0	0	0	0	0	0	0	0	0	0	0	0	0	0	0	0	0	0	0	0	0	0	0	0	0	0	0	0	0	0	0	0	0	0	0	0	0	0	0	0	0	0	0	0	0	0	0
GRE182	0	0	0	0	0	0	0	0	0	0	0	0	0	0	0	0	0	0	0	0	0	0	0	0	0	0	0	0	0	0	0	0	0	0	0	0	0	0	0	0	0	0	0	0	0	0	0	0	0	0	0	0	0	0	0	0	0	0	0	0	0	0	0	0	0	0	0	0	0	0	0	0	0	0	0	0	0	0	0	0	0	0	0	0	0	0	0	0	0	0	0	0	0	0	0
GRE183	0	0	0	0	0	0	0	0	0	0	0	0	0	0	0	0	0	0	0	0	0	0	0	0	0	0	0	0	0	0	0	0	0	0	0	0	0	0	0	0	0	0	0	0	0	0	0	0	0	0	0	0	0	0	0	0	0	0	0	0	0	0	0	0	0	0	0	0	0	0	0	0	0	0	0	0	0	0	0	0	0	0	0	0	0	0	0	0	0	0	0	0	0	0	0
GRE184	0	0	0	0	0	0	0	0	0	0	0	0	0	0	0	0	0	0	0	0	0	0	0	0	0	0	0	0	0	0	0	0	0	0	0	0	0	0	0	0	0	0	0	0	0	0	0	0	0	0	0	0	0	0	0	0	0	0	0	0	0	0	0	0	0	0	0	0	0	0	0	0	0	0	0	0	0	0	0	0	0	0	0	0	0	0	0	0	0	0	0	0	0	0	0
GRE185	0	0	0	0	0	0	0	0	0	0	0	0	0	0	0	0	0	0	0	0	0	0	0	0	0	0	0	0	0	0	0	0	0	0	0	0	0	0	0	0	0	0	0	0	0	0	0	0	0	0	0	0	0	0	0	0	0	0	0	0	0	0	0	0	0	0	0	0	0	0	0	0	0	0	0	0	0	0	0	0	0	0	0	0	0	0	0	0	0	0	0	0	0	0	0
GRE186	0	0	0	0	0	0	0	0	0	0	0	0	0	0	0	0	0	0	0	0	0	0	0	0	0	0	0	0	0	0	0	0	0	0	0	0	0	0	0	0	0	0	0	0	0	0	0	0	0	0	0	0	0	0	0	0	0	0	0	0	0	0	0	0	0	0	0	0	0	0	0	0	0	0	0	0	0	0	0	0	0	0	0	0	0	0	0	0	0	0	0	0	0	0	0
GRE188	0	0	0	0	0	0	0	0	0	0	0	0	0	0	0	0	0	0	0	0	0	0	0	0	0	0	0	0	0	0	0	0	0	0	0	0	0	0	0	0	0	0	0	0	0	0	0	0	0	0	0	0	0	0	0	0	0	0	0	0	0	0	0	0	0	0	0	0	0	0	0	0	0	0	0	0	0	0	0	0	0	0	0	0	0	0	0	0	0	0	0	0	0	0	0
GRE193	0	0	0	0	0	0	0	0	0	0	0	0	0	0	0	0	0	0	0	0	0	0	0	0	0	0	0	0	0	0	0	0	0	0	0	0	0	0	0	0	0	0	0	0	0	0	0	0	0	0	0	0	0	0	0	0	0	0	0	0	0	0	0	0	0	0	0	0	0	0	0	0	0	0	0	0	0	0	0	0	0	0	0	0	0	0	0	0	0	0	0	0	0	0	0
GRE198	0	0	0	0	0	0	0	0	0	0	0	0	0	0	0	0	0	0	0	0	0	0	0	0	0	0	0	0	0	0	0	0	0	0	0	0	0	0	0	0	0	0	0	0	0	0	0	0	0	0	0	0	0	0	0	0	0	0	0	0	0	0	0	0	0	0	0	0	0	0	0	0	0	0	0	0	0	0	0	0	0	0	0	0	0	0	0	0	0	0	0	0	0	0	0
GRE201	0	0	0	0	0	0	0	0	0	0	0	0	0	0	0	0	0	0	0	0	0	0	0	0	0	0	0	0	0	0	0	0	0	0	0	0	0	0	0	0	0	0	0	0	0	0	0	0	0	0	0	0	0	0	0	0	0	0	0	0	0	0	0	0	0	0	0	0	0	0	0	0	0	0	0	0	0	0	0	0	0	0	0	0	0	0	0	0	0	0	0	0	0	0	0
GRE202	0	0	0	0	0	0	0	0	0	0	0	0	0	0	0	0	0	0	0	0	0	0	0	0	0	0	0	0	0	0	0	0	0	0	0	0	0	0	0	0	0	0	0	0	0	0	0	0	0	0	0	0	0	0	0	0	0	0	0	0	0	0	0	0	0	0	0	0	0	0	0	0	0	0	0	0	0	0	0	0	0	0	0	0	0	0	0	0	0	0	0	0	0	0	0
GRE203	0	0	0	0	0	0	0	0	0	0	0	0	0	0	0	0	0	0	0	0	0	0	0	0	0	0	0	0	0	0	0	0	0	0	0	0	0	0	0	0	0	0	0	0	0	0	0	0	0	0	0	0	0	0	0	0	0	0	0	0	0	0	0	0	0	0	0	0	0	0	0	0	0	0	0	0	0	0	0	0	0	0	0	0	0	0	0	0	0	0	0	0	0	0	0
GRE204	0	0	0	0	0	0	0	0	0	0	0	0	0	0	0	0	0	0	0	0	0	0	0	0	0	0	0	0	0	0	0	0	0	0	0	0	0	0	0	0	0	0	0	0	0	0	0	0	0	0	0	0	0	0	0	0	0	0	0	0	0	0	0	0	0	0	0	0	0	0	0	0	0	0	0	0	0	0	0	0	0	0	0	0	0	0	0	0	0	0	0	0	0	0	0
GRE205	0	0	0	0	0	0	0	0	0	0	0	0	0	0	0	0	0	0	0	0	0	0	0	0	0	0	0	0	0	0	0	0	0	0	0	0	0	0	0	0	0	0	0	0	0	0	0	0	0	0	0	0	0	0	0	0	0	0	0	0	0	0	0	0	0	0	0	0	0	0	0	0	0	0	0	0	0	0	0	0	0	0	0	0	0	0	0	0	0	0	0	0	0	0	0
GRE206	0	0	0	0	0	0	0	0	0	0	0	0	0	0	0	0	0	0	0	0	0	0	0	0	0	0	0	0	0	0	0	0	0	0	0	0	0	0	0	0	0	0	0	0	0	0	0	0	0	0	0	0	0	0	0	0	0	0	0	0	0	0	0	0	0	0	0	0	0	0	0	0	0	0	0	0	0	0	0	0	0	0	0	0	0	0	0	0	0	0	0	0	0	0	0
GRE21	0	0	0	0	0	0	0	0	0	0	0	0	0	0	0	0	0	0	0	0	0	0	0	0	0	0	0	0	0	0	0	0	0	0	0	0	0	0	0	0	0	0	0	0	0	0	0	0	0	0	0	0	0	0	0	0	0	0	0	0	0	0	0	0	0	0	0	0	0	0	0	0	0	0	0	0	0	0	0	0	0	0	0	0	0	0	0	0	0	0	0	0	0	0	0
GRE210	0	0	0	0	0	0	0	0	0	0	0	0	0	0	0	0	0	0	0	0	0	0	0	0	0	0	0	0	0	0	0	0	0	0	0	0	0	0	0	0	0	0	0	0	0	0	0	0	0	0	0	0	0	0	0	0	0	0	0	0	0	0	0	0	0	0	0	0	0	0	0	0	0	0	0	0	0	0	0	0	0	0	0	0	0	0	0	0	0	0	0	0	0	0	0
GRE211	0	0	0	0	0	0	0	0	0	0	0	0	0	0	0	0	0	0	0	0	0	0	0	0	0	0	0	0	0	0	0	0	0	0	0	0	0	0	0	0	0	0	0	0	0	0	0	0	0	0	0	0	0	0	0	0	0	0	0	0	0	0	0	0	0	0	0	0	0	0	0	0	0	0	0	0	0	0	0	0	0	0	0	0	0	0	0	0	0	0	0	0	0	0	0
GRE213	0	0	0	0	0	0	0	0	0	0	0	0	0	0	0	0	0	0	0	0	0	0	0	0	0	0	0	0	0	0	0	0	0	0	0	0	0	0	0	0	0	0	0	0	0	0	0	0	0	0	0	0	0	0	0	0	0	0	0	0	0	0	0	0	0	0	0	0	0	0	0	0	0	0	0	0	0	0	0	0	0	0	0	0	0	0	0	0	0	0	0	0	0	0	0
GRE214	0	0	0	0	0	0	0	0	0	0	0	0	0	0	0	0	0	0	0	0	0	0	0	0	0	0	0	0	0	0	0	0	0	0	0	0	0	0	0	0	0	0	0	0	0	0	0	0	0	0	0	0	0	0	0	0	0	0	0	0	0	0	0	0	0	0	0	0	0	0	0	0	0	0	0	0	0	0	0	0	0	0	0	0	0	0	0	0	0	0	0	0	0	0	0
GRE216	0	0	0	0	0	0	0	0	0	0	0	0	0	0	0	0	0	0	0	0	0	0	0	0	0	0	0	0	0	0	0	0	0	0	0	0	0	0	0	0	0	0	0	0	0	0	0	0	0	0	0	0	0	0	0	0	0	0	0	0	0	0	0	0	0	0	0	0	0	0	0	0	0	0	0	0	0	0	0	0	0	0	0	0	0	0	0	0	0	0	0	0	0	0	0
GRE217	0	0	0	0	0	0	0	0	0	0	0	0	0	0	0	0	0	0	0	0	0	0	0	0	0	0	0	0	0	0	0	0	0	0	0	0	0	0	0	0	0	0	0	0	0	0	0	0	0	0	0	0	0	0	0	0	0	0	0	0	0	0	0	0	0	0	0	0	0	0	0	0	0	0	0	0	0	0	0	0	0	0	0	0	0	0	0	0	0	0	0	0	0	0	0
GRE218	0	0	0	0	0	0	0	0	0	0	0	0	0	0	0	0	0	0	0	0	0	0	0	0	0	0	0	0	0	0	0	0	0	0	0	0	0	0	0	0	0	0	0	0	0	0	0	0	0	0	0	0	0	0	0	0	0	0	0	0	0	0	0	0	0	0	0	0	0	0	0	0	0	0	0	0	0	0	0	0	0	0	0	0	0	0	0	0	0	0	0	0	0	0	0
GRE219	0	0	0	0	0	0	0	0	0	0	0	0	0	0	0	0	0	0	0	0	0	0	0	0	0	0	0	0	0	0	0	0	0	0	0	0	0	0	0	0	0	0	0	0	0	0	0	0	0	0	0	0	0	0	0	0	0	0	0	0	0	0	0	0	0	0	0	0	0	0	0	0	0	0	0	0	0	0	0	0	0	0	0	0	0	0	0	0	0	0	0	0	0	0	0
GRE22	0	0	0	0	0	0	0	0	0	0	0	0	0	0	0	0	0	0	0	0	0	0	0	0	0	0	0	0	0	0	0	0	0	0	0	0	0	0	0	0	0	0	0	0	0	0	0	0	0	0	0	0	0	0	0	0	0	0	0	0	0	0	0	0	0	0	0	0	0	0	0	0	0	0	0	0	0	0	0	0	0	0	0	0	0	0	0	0	0	0	0	0	0	0	0
GRE220	0	0	0	0	0	0	0	0	0	0	0	0	0	0	0	0	0	0	0	0	0	0	0	0	0	0	0	0	0	0	0	0	0	0	0	0	0	0	0	0	0	0	0	0	0	0	0	0	0	0	0	0	0	0	0	0	0	0	0	0	0	0	0	0	0	0	0	0	0	0	0	0	0	0	0	0	0	0	0	0	0	0	0	0	0	0	0	0	0	0	0	0	0	0	0
GRE222	0	0	0	0	0	0	0	0	0	0	0	0	0	0	0	0	0	0	0	0	0	0	0	0	0	0	0	0	0	0	0	0	0	0	0	0	0	0	0	0	0	0	0	0	0	0	0	0	0	0	0	0	0	0	0	0	0	0	0	0	0	0	0	0	0	0	0	0	0	0	0	0	0	0	0	0	0	0	0	0	0	0	0	0	0	0	0	0	0	0	0	0	0	0	0
GRE223	0	0	0	0	0	0	0	0	0	0	0	0	0	0	0	0	0	0	0	0	0	0	0	0	0	0	0	0	0	0	0	0	0	0	0	0	0	0	0	0	0	0	0	0	0	0	0	0	0	0	0	0	0	0	0	0	0	0	0	0	0	0	0	0	0	0	0	0	0	0	0	0	0	0	0	0	0	0	0	0	0	0	0	0	0	0	0	0	0	0	0	0	0	0	0
GRE226	0	0	0	0	0	0	0	0	0	0	0	0	0	0	0	0	0	0	0	0	0	0	0	0	0	0	0	0	0	0	0	0	0	0	0	0	0	0	0	0	0	0	0	0	0	0	0	0	0	0	0	0	0	0	0	0	0	0	0	0	0	0	0	0	0	0	0	0	0	0	0	0	0	0	0	0	0	0	0	0	0	0	0	0	0	0	0	0	0	0	0	0	0	0	0
GRE229	0	0	0	0	0	0	0	0	0	0	0	0	0	0	0	0	0	0	0	0	0	0	0	0	0	0	0	0	0	0	0	0	0	0	0	0	0	0	0	0	0	0	0	0	0	0	0	0	0	0	0	0	0	0	0	0	0	0	0	0	0	0	0	0	0	0	0	0	0	0	0	0	0	0	0	0	0	0	0	0	0	0	0	0	0	0	0	0	0	0	0	0	0	0	0
GRE23	0	0	0	0	0	0	0	0	0	0	0	0	0	0	0	0	0	0	0	0	0	0	0	0	0	0	0	0	0	0	0	0	0	0	0	0	0	0	0	0	0	0	0	0	0	0	0	0	0	0	0	0	0	0	0	0	0	0	0	0	0	0	0	0	0	0	0	0	0	0	0	0	0	0	0	0	0	0	0	0	0	0	0	0	0	0	0	0	0	0	0	0	0	0	0
GRE230	0	0	0	0	0	0	0	0	0	0	0	0	0	0	0	0	0	0	0	0	0	0	0	0	0	0	0	0	0	0	0	0	0	0	0	0	0	0	0	0	0	0	0	0	0	0	0	0	0	0	0	0	0	0	0	0	0	0	0	0	0	0	0	0	0	0	0	0	0	0	0	0	0	0	0	0	0	0	0	0	0	0	0	0	0	0	0	0	0	0	0	0	0	0	0
GRE231	0	0	0	0	0	0	0	0	0	0	0	0	0	0	0	0	0	0	0	0	0	0	0	0	0	0	0	0	0	0	0	0	0	0	0	0	0	0	0	0	0	0	0	0	0	0	0	0	0	0	0	0	0	0	0	0	0	0	0	0	0	0	0	0	0	0	0	0	0	0	0	0	0	0	0	0	0	0	0	0	0	0	0	0	0	0	0	0	0	0	0	0	0	0	0
GRE232	0	0	0	0	0	0	0	0	0	0	0	0	0	0	0	0	0	0	0	0	0	0	0	0	0	0	0	0	0	0	0	0	0	0	0	0	0	0	0	0	0	0	0	0	0	0	0	0	0	0	0	0	0	0	0	0	0	0	0	0	0	0	0	0	0	0	0	0	0	0	0	0	0	0	0	0	0	0	0	0	0	0	0	0	0	0	0	0	0	0	0	0	0	0	0
GRE234	0	0	0	0	0	0	0	0	0	0	0	0	0	0	0	0	0	0	0	0	0	0	0	0	0	0	0	0	0	0	0	0	0	0	0	0	0	0	0	0	0	0	0	0	0	0	0	0	0	0	0	0	0	0	0	0	0	0	0	0	0	0	0	0	0	0	0	0	0	0	0	0	0	0	0	0	0	0	0	0	0	0	0	0	0	0	0	0	0	0	0	0	0	0	0
GRE235	0	0	0	0	0	0	0	0	0	0	0	0	0	0	0	0	0	0	0	0	0	0	0	0	0	0	0	0	0	0	0	0	0	0	0	0	0	0	0	0	0	0	0	0	0	0	0	0	0	0	0	0	0	0	0	0	0	0	0	0	0	0	0	0	0	0	0	0	0	0	0	0	0	0	0	0	0	0	0	0	0	0	0	0	0	0	0	0	0	0	0	0	0	0	0
GRE236	0	0	0	0	0	0	0	0	0	0	0	0	0	0	0	0	0	0	0	0	0	0	0	0	0	0	0	0	0	0	0	0	0	0	0	0	0	0	0	0	0	0	0	0	0	0	0	0	0	0	0	0	0	0	0	0	0	0	0	0	0	0	0	0	0	0	0	0	0	0	0	0	0	0	0	0	0	0	0	0	0	0	0	0	0	0	0	0	0	0	0	0	0	0	0
GRE238	0	0	0	0	0	0	0	0	0	0	0	0	0	0	0	0	0	0	0	0	0	0	0	0	0	0	0	0	0	0	0	0	0	0	0	0	0	0	0	0	0	0	0	0	0	0	0	0	0	0	0	0	0	0	0	0	0	0	0	0	0	0	0	0	0	0	0	0	0	0	0	0	0	0	0	0	0	0	0	0	0	0	0	0	0	0	0	0	0	0	0	0	0	0	0
GRE239	0	0	0	0	0	0	0	0	0	0	0	0	0	0	0	0	0	0	0	0	0	0	0	0	0	0	0	0	0	0	0	0	0	0	0	0	0	0	0	0	0	0	0	0	0	0	0	0	0	0	0	0	0	0	0	0	0	0	0	0	0	0	0	0	0	0	0	0	0	0	0	0	0	0	0	0	0	0	0	0	0	0	0	0	0	0	0	0	0	0	0	0	0	0	0
GRE240	0	0	0	0	0	0	0	0	0	0	0	0	0	0	0	0	0	0	0	0	0	0	0	0	0	0	0	0	0	0	0	0	0	0	0	0	0	0	0	0	0	0	0	0	0	0	0	0	0	0	0	0	0	0	0	0	0	0	0	0	0	0	0	0	0	0	0	0	0	0	0	0	0	0	0	0	0	0	0	0	0	0	0	0	0	0	0	0	0	0	0	0	0	0	0
GRE242	0	0	0	0	0	0	0	0	0	0	0	0	0	0	0	0	0	0	0	0	0	0	0	0	0	0	0	0	0	0	0	0	0	0	0	0	0	0	0	0	0	0	0	0	0	0	0	0	0	0	0	0	0	0	0	0	0	0	0	0	0	0	0	0	0	0	0	0	0	0	0	0	0	0	0	0	0	0	0	0	0	0	0	0	0	0	0	0	0	0	0	0	0	0	0
GRE243	0	0	0	0	0	0	0	0	0	0	0	0	0	0	0	0	0	0	0	0	0	0	0	0	0	0	0	0	0	0	0	0	0	0	0	0	0	0	0	0	0	0	0	0	0	0	0	0	0	0	0	0	0	0	0	0	0	0	0	0	0	0	0	0	0	0	0	0	0	0	0	0	0	0	0	0	0	0	0	0	0	0	0	0	0	0	0	0	0	0	0	0	0	0	0
GRE246	0	0	0	0	0	0	0	0	0	0	0	0	0	0	0	0	0	0	0	0	0	0	0	0	0	0	0	0	0	0	0	0	0	0	0	0	0	0	0	0	0	0	0	0	0	0	0	0	0	0	0	0	0	0	0	0	0	0	0	0	0	0	0	0	0	0	0	0	0	0	0	0	0	0	0	0	0	0	0	0	0	0	0	0	0	0	0	0	0	0	0	0	0	0	0
GRE249	0	0	0	0	0	0	0	0	0	0	0	0	0	0	0	0	0	0	0	0	0	0	0	0	0	0	0	0	0	0	0	0	0	0	0	0	0	0	0	0	0	0	0	0	0	0	0	0	0	0	0	0	0	0	0	0	0	0	0	0	0	0	0	0	0	0	0	0	0	0	0	0	0	0	0	0	0	0	0	0	0	0	0	0	0	0	0	0	0	0	0	0	0	0	0
GRE25	0	0	0	0	0	0	0	0	0	0	0	0	0	0	0	0	0	0	0	0	0	0	0	0	0	0	0	0	0	0	0	0	0	0	0	0	0	0	0	0	0	0	0	0	0	0	0	0	0	0	0	0	0	0	0	0	0	0	0	0	0	0	0	0	0	0	0	0	0	0	0	0	0	0	0	0	0	0	0	0	0	0	0	0	0	0	0	0	0	0	0	0	0	0	0
GRE250	0	0	0	0	0	0	0	0	0	0	0	0	0	0	0	0	0	0	0	0	0	0	0	0	0	0	0	0	0	0	0	0	0	0	0	0	0	0	0	0	0	0	0	0	0	0	0	0	0	0	0	0	0	0	0	0	0	0	0	0	0	0	0	0	0	0	0	0	0	0	0	0	0	0	0	0	0	0	0	0	0	0	0	0	0	0	0	0	0	0	0	0	0	0	0
GRE251	0	0	0	0	0	0	0	0	0	0	0	0	0	0	0	0	0	0	0	0	0	0	0	0	0	0	0	0	0	0	0	0	0	0	0	0	0	0	0	0	0	0	0	0	0	0	0	0	0	0	0	0	0	0	0	0	0	0	0	0	0	0	0	0	0	0	0	0	0	0	0	0	0	0	0	0	0	0	0	0	0	0	0	0	0	0	0	0	0	0	0	0	0	0	0
GRE255	0	0	0	0	0	0	0	0	0	0	0	0	0	0	0	0	0	0	0	0	0	0	0	0	0	0	0	0	0	0	0	0	0	0	0	0	0	0	0	0	0	0	0	0	0	0	0	0	0	0	0	0	0	0	0	0	0	0	0	0	0	0	0	0	0	0	0	0	0	0	0	0	0	0	0	0	0	0	0	0	0	0	0	0	0	0	0	0	0	0	0	0	0	0	0
GRE256	0	0	0	0	0	0	0	0	0	0	0	0	0	0	0	0	0	0	0	0	0	0	0	0	0	0	0	0	0	0	0	0	0	0	0	0	0	0	0	0	0	0	0	0	0	0	0	0	0	0	0	0	0	0	0	0	0	0	0	0	0	0	0	0	0	0	0	0	0	0	0	0	0	0	0	0	0	0	0	0	0	0	0	0	0	0	0	0	0	0	0	0	0	0	0
GRE259	0	0	0	0	0	0	0	0	0	0	0	0	0	0	0	0	0	0	0	0	0	0	0	0	0	0	0	0	0	0	0	0	0	0	0	0	0	0	0	0	0	0	0	0	0	0	0	0	0	0	0	0	0	0	0	0	0	0	0	0	0	0	0	0	0	0	0	0	0	0	0	0	0	0	0	0	0	0	0	0	0	0	0	0	0	0	0	0	0	0	0	0	0	0	0
GRE26	0	0	0	0	0	0	0	0	0	0	0	0	0	0	0	0	0	0	0	0	0	0	0	0	0	0	0	0	0	0	0	0	0	0	0	0	0	0	0	0	0	0	0	0	0	0	0	0	0	0	0	0	0	0	0	0	0	0	0	0	0	0	0	0	0	0	0	0	0	0	0	0	0	0	0	0	0	0	0	0	0	0	0	0	0	0	0	0	0	0	0	0	0	0	0
GRE260	0	0	0	0	0	0	0	0	0	0	0	0	0	0	0	0	0	0	0	0	0	0	0	0	0	0	0	0	0	0	0	0	0	0	0	0	0	0	0	0	0	0	0	0	0	0	0	0	0	0	0	0	0	0	0	0	0	0	0	0	0	0	0	0	0	0	0	0	0	0	0	0	0	0	0	0	0	0	0	0	0	0	0	0	0	0	0	0	0	0	0	0	0	0	0
GRE261	0	0	0	0	0	0	0	0	0	0	0	0	0	0	0	0	0	0	0	0	0	0	0	0	0	0	0	0	0	0	0	0	0	0	0	0	0	0	0	0	0	0	0	0	0	0	0	0	0	0	0	0	0	0	0	0	0	0	0	0	0	0	0	0	0	0	0	0	0	0	0	0	0	0	0	0	0	0	0	0	0	0	0	0	0	0	0	0	0	0	0	0	0	0	0
GRE266	0	0	0	0	0	0	0	0	0	0	0	0	0	0	0	0	0	0	0	0	0	0	0	0	0	0	0	0	0	0	0	0	0	0	0	0	0	0	0	0	0	0	0	0	0	0	0	0	0	0	0	0	0	0	0	0	0	0	0	0	0	0	0	0	0	0	0	0	0	0	0	0	0	0	0	0	0	0	0	0	0	0	0	0	0	0	0	0	0	0	0	0	0	0	0
GRE267	0	0	0	0	0	0	0	0	0	0	0	0	0	0	0	0	0	0	0	0	0	0	0	0	0	0	0	0	0	0	0	0	0	0	0	0	0	0	0	0	0	0	0	0	0	0	0	0	0	0	0	0	0	0	0	0	0	0	0	0	0	0	0	0	0	0	0	0	0	0	0	0	0	0	0	0	0	0	0	0	0	0	0	0	0	0	0	0	0	0	0	0	0	0	0
GRE268	0	0	0	0	0	0	0	0	0	0	0	0	0	0	0	0	0	0	0	0	0	0	0	0	0	0	0	0	0	0	0	0	0	0	0	0	0	0	0	0	0	0	0	0	0	0	0	0	0	0	0	0	0	0	0	0	0	0	0	0	0	0	0	0	0	0	0	0	0	0	0	0	0	0	0	0	0	0	0	0	0	0	0	0	0	0	0	0	0	0	0	0	0	0	0
GRE269	0	0	0	0	0	0	0	0	0	0	0	0	0	0	0	0	0	0	0	0	0	0	0	0	0	0	0	0	0	0	0	0	0	0	0	0	0	0	0	0	0	0	0	0	0	0	0	0	0	0	0	0	0	0	0	0	0	0	0	0	0	0	0	0	0	0	0	0	0	0	0	0	0	0	0	0	0	0	0	0	0	0	0	0	0	0	0	0	0	0	0	0	0	0	0
GRE27	0	0	0	0	0	0	0	0	0	0	0	0	0	0	0	0	0	0	0	0	0	0	0	0	0	0	0	0	0	0	0	0	0	0	0	0	0	0	0	0	0	0	0	0	0	0	0	0	0	0	0	0	0	0	0	0	0	0	0	0	0	0	0	0	0	0	0	0	0	0	0	0	0	0	0	0	0	0	0	0	0	0	0	0	0	0	0	0	0	0	0	0	0	0	0
GRE272	0	0	0	0	0	0	0	0	0	0	0	0	0	0	0	0	0	0	0	0	0	0	0	0	0	0	0	0	0	0	0	0	0	0	0	0	0	0	0	0	0	0	0	0	0	0	0	0	0	0	0	0	0	0	0	0	0	0	0	0	0	0	0	0	0	0	0	0	0	0	0	0	0	0	0	0	0	0	0	0	0	0	0	0	0	0	0	0	0	0	0	0	0	0	0
GRE273	0	0	0	0	0	0	0	0	0	0	0	0	0	0	0	0	0	0	0	0	0	0	0	0	0	0	0	0	0	0	0	0	0	0	0	0	0	0	0	0	0	0	0	0	0	0	0	0	0	0	0	0	0	0	0	0	0	0	0	0	0	0	0	0	0	0	0	0	0	0	0	0	0	0	0	0	0	0	0	0	0	0	0	0	0	0	0	0	0	0	0	0	0	0	0
GRE274	0	0	0	0	0	0	0	0	0	0	0	0	0	0	0	0	0	0	0	0	0	0	0	0	0	0	0	0	0	0	0	0	0	0	0	0	0	0	0	0	0	0	0	0	0	0	0	0	0	0	0	0	0	0	0	0	0	0	0	0	0	0	0	0	0	0	0	0	0	0	0	0	0	0	0	0	0	0	0	0	0	0	0	0	0	0	0	0	0	0	0	0	0	0	0
GRE279	0	0	0	0	0	0	0	0	0	0	0	0	0	0	0	0	0	0	0	0	0	0	0	0	0	0	0	0	0	0	0	0	0	0	0	0	0	0	0	0	0	0	0	0	0	0	0	0	0	0	0	0	0	0	0	0	0	0	0	0	0	0	0	0	0	0	0	0	0	0	0	0	0	0	0	0	0	0	0	0	0	0	0	0	0	0	0	0	0	0	0	0	0	0	0
GRE28	0	0	0	0	0	0	0	0	0	0	0	0	0	0	0	0	0	0	0	0	0	0	0	0	0	0	0	0	0	0	0	0	0	0	0	0	0	0	0	0	0	0	0	0	0	0	0	0	0	0	0	0	0	0	0	0	0	0	0	0	0	0	0	0	0	0	0	0	0	0	0	0	0	0	0	0	0	0	0	0	0	0	0	0	0	0	0	0	0	0	0	0	0	0	0
GRE281	0	0	0	0	0	0	0	0	0	0	0	0	0	0	0	0	0	0	0	0	0	0	0	0	0	0	0	0	0	0	0	0	0	0	0	0	0	0	0	0	0	0	0	0	0	0	0	0	0	0	0	0	0	0	0	0	0	0	0	0	0	0	0	0	0	0	0	0	0	0	0	0	0	0	0	0	0	0	0	0	0	0	0	0	0	0	0	0	0	0	0	0	0	0	0
GRE284	0	0	0	0	0	0	0	0	0	0	0	0	0	0	0	0	0	0	0	0	0	0	0	0	0	0	0	0	0	0	0	0	0	0	0	0	0	0	0	0	0	0	0	0	0	0	0	0	0	0	0	0	0	0	0	0	0	0	0	0	0	0	0	0	0	0	0	0	0	0	0	0	0	0	0	0	0	0	0	0	0	0	0	0	0	0	0	0	0	0	0	0	0	0	0
GRE286	0	0	0	0	0	0	0	0	0	0	0	0	0	0	0	0	0	0	0	0	0	0	0	0	0	0	0	0	0	0	0	0	0	0	0	0	0	0	0	0	0	0	0	0	0	0	0	0	0	0	0	0	0	0	0	0	0	0	0	0	0	0	0	0	0	0	0	0	0	0	0	0	0	0	0	0	0	0	0	0	0	0	0	0	0	0	0	0	0	0	0	0	0	0	0
GRE287	0	0	0	0	0	0	0	0	0	0	0	0	0	0	0	0	0	0	0	0	0	0	0	0	0	0	0	0	0	0	0	0	0	0	0	0	0	0	0	0	0	0	0	0	0	0	0	0	0	0	0	0	0	0	0	0	0	0	0	0	0	0	0	0	0	0	0	0	0	0	0	0	0	0	0	0	0	0	0	0	0	0	0	0	0	0	0	0	0	0	0	0	0	0	0
GRE288	0	0	0	0	0	0	0	0	0	0	0	0	0	0	0	0	0	0	0	0	0	0	0	0	0	0	0	0	0	0	0	0	0	0	0	0	0	0	0	0	0	0	0	0	0	0	0	0	0	0	0	0	0	0	0	0	0	0	0	0	0	0	0	0	0	0	0	0	0	0	0	0	0	0	0	0	0	0	0	0	0	0	0	0	0	0	0	0	0	0	0	0	0	0	0
GRE29	0	0	0	0	0	0	0	0	0	0	0	0	0	0	0	0	0	0	0	0	0	0	0	0	0	0	0	0	0	0	0	0	0	0	0	0	0	0	0	0	0	0	0	0	0	0	0	0	0	0	0	0	0	0	0	0	0	0	0	0	0	0	0	0	0	0	0	0	0	0	0	0	0	0	0	0	0	0	0	0	0	0	0	0	0	0	0	0	0	0	0	0	0	0	0
GRE290	0	0	0	0	0	0	0	0	0	0	0	0	0	0	0	0	0	0	0	0	0	0	0	0	0	0	0	0	0	0	0	0	0	0	0	0	0	0	0	0	0	0	0	0	0	0	0	0	0	0	0	0	0	0	0	0	0	0	0	0	0	0	0	0	0	0	0	0	0	0	0	0	0	0	0	0	0	0	0	0	0	0	0	0	0	0	0	0	0	0	0	0	0	0	0
GRE291	0	0	0	0	0	0	0	0	0	0	0	0	0	0	0	0	0	0	0	0	0	0	0	0	0	0	0	0	0	0	0	0	0	0	0	0	0	0	0	0	0	0	0	0	0	0	0	0	0	0	0	0	0	0	0	0	0	0	0	0	0	0	0	0	0	0	0	0	0	0	0	0	0	0	0	0	0	0	0	0	0	0	0	0	0	0	0	0	0	0	0	0	0	0	0
GRE292	0	0	0	0	0	0	0	0	0	0	0	0	0	0	0	0	0	0	0	0	0	0	0	0	0	0	0	0	0	0	0	0	0	0	0	0	0	0	0	0	0	0	0	0	0	0	0	0	0	0	0	0	0	0	0	0	0	0	0	0	0	0	0	0	0	0	0	0	0	0	0	0	0	0	0	0	0	0	0	0	0	0	0	0	0	0	0	0	0	0	0	0	0	0	0
GRE293	0	0	0	0	0	0	0	0	0	0	0	0	0	0	0	0	0	0	0	0	0	0	0	0	0	0	0	0	0	0	0	0	0	0	0	0	0	0	0	0	0	0	0	0	0	0	0	0	0	0	0	0	0	0	0	0	0	0	0	0	0	0	0	0	0	0	0	0	0	0	0	0	0	0	0	0	0	0	0	0	0	0	0	0	0	0	0	0	0	0	0	0	0	0	0
GRE294	0	0	0	0	0	0	0	0	0	0	0	0	0	0	0	0	0	0	0	0	0	0	0	0	0	0	0	0	0	0	0	0	0	0	0	0	0	0	0	0	0	0	0	0	0	0	0	0	0	0	0	0	0	0	0	0	0	0	0	0	0	0	0	0	0	0	0	0	0	0	0	0	0	0	0	0	0	0	0	0	0	0	0	0	0	0	0	0	0	0	0	0	0	0	0
GRE295	0	0	0	0	0	0	0	0	0	0	0	0	0	0	0	0	0	0	0	0	0	0	0	0	0	0	0	0	0	0	0	0	0	0	0	0	0	0	0	0	0	0	0	0	0	0	0	0	0	0	0	0	0	0	0	0	0	0	0	0	0	0	0	0	0	0	0	0	0	0	0	0	0	0	0	0	0	0	0	0	0	0	0	0	0	0	0	0	0	0	0	0	0	0	0
GRE296	0	0	0	0	0	0	0	0	0	0	0	0	0	0	0	0	0	0	0	0	0	0	0	0	0	0	0	0	0	0	0	0	0	0	0	0	0	0	0	0	0	0	0	0	0	0	0	0	0	0	0	0	0	0	0	0	0	0	0	0	0	0	0	0	0	0	0	0	0	0	0	0	0	0	0	0	0	0	0	0	0	0	0	0	0	0	0	0	0	0	0	0	0	0	0
GRE297	0	0	0	0	0	0	0	0	0	0	0	0	0	0	0	0	0	0	0	0	0	0	0	0	0	0	0	0	0	0	0	0	0	0	0	0	0	0	0	0	0	0	0	0	0	0	0	0	0	0	0	0	0	0	0	0	0	0	0	0	0	0	0	0	0	0	0	0	0	0	0	0	0	0	0	0	0	0	0	0	0	0	0	0	0	0	0	0	0	0	0	0	0	0	0
GRE298	0	0	0	0	0	0	0	0	0	0	0	0	0	0	0	0	0	0	0	0	0	0	0	0	0	0	0	0	0	0	0	0	0	0	0	0	0	0	0	0	0	0	0	0	0	0	0	0	0	0	0	0	0	0	0	0	0	0	0	0	0	0	0	0	0	0	0	0	0	0	0	0	0	0	0	0	0	0	0	0	0	0	0	0	0	0	0	0	0	0	0	0	0	0	0
GRE3	0	0	0	0	0	0	0	0	0	0	0	0	0	0	0	0	0	0	0	0	0	0	0	0	0	0	0	0	0	0	0	0	0	0	0	0	0	0	0	0	0	0	0	0	0	0	0	0	0	0	0	0	0	0	0	0	0	0	0	0	0	0	0	0	0	0	0	0	0	0	0	0	0	0	0	0	0	0	0	0	0	0	0	0	0	0	0	0	0	0	0	0	0	0	0
GRE30	0	0	0	0	0	0	0	0	0	0	0	0	0	0	0	0	0	0	0	0	0	0	0	0	0	0	0	0	0	0	0	0	0	0	0	0	0	0	0	0	0	0	0	0	0	0	0	0	0	0	0	0	0	0	0	0	0	0	0	0	0	0	0	0	0	0	0	0	0	0	0	0	0	0	0	0	0	0	0	0	0	0	0	0	0	0	0	0	0	0	0	0	0	0	0
GRE301	0	0	0	0	0	0	0	0	0	0	0	0	0	0	0	0	0	0	0	0	0	0	0	0	0	0	0	0	0	0	0	0	0	0	0	0	0	0	0	0	0	0	0	0	0	0	0	0	0	0	0	0	0	0	0	0	0	0	0	0	0	0	0	0	0	0	0	0	0	0	0	0	0	0	0	0	0	0	0	0	0	0	0	0	0	0	0	0	0	0	0	0	0	0	0
GRE302	0	0	0	0	0	0	0	0	0	0	0	0	0	0	0	0	0	0	0	0	0	0	0	0	0	0	0	0	0	0	0	0	0	0	0	0	0	0	0	0	0	0	0	0	0	0	0	0	0	0	0	0	0	0	0	0	0	0	0	0	0	0	0	0	0	0	0	0	0	0	0	0	0	0	0	0	0	0	0	0	0	0	0	0	0	0	0	0	0	0	0	0	0	0	0
GRE303	0	0	0	0	0	0	0	0	0	0	0	0	0	0	0	0	0	0	0	0	0	0	0	0	0	0	0	0	0	0	0	0	0	0	0	0	0	0	0	0	0	0	0	0	0	0	0	0	0	0	0	0	0	0	0	0	0	0	0	0	0	0	0	0	0	0	0	0	0	0	0	0	0	0	0	0	0	0	0	0	0	0	0	0	0	0	0	0	0	0	0	0	0	0	0
GRE304	0	0	0	0	0	0	0	0	0	0	0	0	0	0	0	0	0	0	0	0	0	0	0	0	0	0	0	0	0	0	0	0	0	0	0	0	0	0	0	0	0	0	0	0	0	0	0	0	0	0	0	0	0	0	0	0	0	0	0	0	0	0	0	0	0	0	0	0	0	0	0	0	0	0	0	0	0	0	0	0	0	0	0	0	0	0	0	0	0	0	0	0	0	0	0
GRE307	0	0	0	0	0	0	0	0	0	0	0	0	0	0	0	0	0	0	0	0	0	0	0	0	0	0	0	0	0	0	0	0	0	0	0	0	0	0	0	0	0	0	0	0	0	0	0	0	0	0	0	0	0	0	0	0	0	0	0	0	0	0	0	0	0	0	0	0	0	0	0	0	0	0	0	0	0	0	0	0	0	0	0	0	0	0	0	0	0	0	0	0	0	0	0
GRE309	0	0	0	0	0	0	0	0	0	0	0	0	0	0	0	0	0	0	0	0	0	0	0	0	0	0	0	0	0	0	0	0	0	0	0	0	0	0	0	0	0	0	0	0	0	0	0	0	0	0	0	0	0	0	0	0	0	0	0	0	0	0	0	0	0	0	0	0	0	0	0	0	0	0	0	0	0	0	0	0	0	0	0	0	0	0	0	0	0	0	0	0	0	0	0
GRE31	0	0	0	0	0	0	0	0	0	0	0	0	0	0	0	0	0	0	0	0	0	0	0	0	0	0	0	0	0	0	0	0	0	0	0	0	0	0	0	0	0	0	0	0	0	0	0	0	0	0	0	0	0	0	0	0	0	0	0	0	0	0	0	0	0	0	0	0	0	0	0	0	0	0	0	0	0	0	0	0	0	0	0	0	0	0	0	0	0	0	0	0	0	0	0
GRE310	0	0	0	0	0	0	0	0	0	0	0	0	0	0	0	0	0	0	0	0	0	0	0	0	0	0	0	0	0	0	0	0	0	0	0	0	0	0	0	0	0	0	0	0	0	0	0	0	0	0	0	0	0	0	0	0	0	0	0	0	0	0	0	0	0	0	0	0	0	0	0	0	0	0	0	0	0	0	0	0	0	0	0	0	0	0	0	0	0	0	0	0	0	0	0
GRE312	0	0	0	0	0	0	0	0	0	0	0	0	0	0	0	0	0	0	0	0	0	0	0	0	0	0	0	0	0	0	0	0	0	0	0	0	0	0	0	0	0	0	0	0	0	0	0	0	0	0	0	0	0	0	0	0	0	0	0	0	0	0	0	0	0	0	0	0	0	0	0	0	0	0	0	0	0	0	0	0	0	0	0	0	0	0	0	0	0	0	0	0	0	0	0
GRE313	0	0	0	0	0	0	0	0	0	0	0	0	0	0	0	0	0	0	0	0	0	0	0	0	0	0	0	0	0	0	0	0	0	0	0	0	0	0	0	0	0	0	0	0	0	0	0	0	0	0	0	0	0	0	0	0	0	0	0	0	0	0	0	0	0	0	0	0	0	0	0	0	0	0	0	0	0	0	0	0	0	0	0	0	0	0	0	0	0	0	0	0	0	0	0
GRE316	0	0	0	0	0	0	0	0	0	0	0	0	0	0	0	0	0	0	0	0	0	0	0	0	0	0	0	0	0	0	0	0	0	0	0	0	0	0	0	0	0	0	0	0	0	0	0	0	0	0	0	0	0	0	0	0	0	0	0	0	0	0	0	0	0	0	0	0	0	0	0	0	0	0	0	0	0	0	0	0	0	0	0	0	0	0	0	0	0	0	0	0	0	0	0
GRE317	0	0	0	0	0	0	0	0	0	0	0	0	0	0	0	0	0	0	0	0	0	0	0	0	0	0	0	0	0	0	0	0	0	0	0	0	0	0	0	0	0	0	0	0	0	0	0	0	0	0	0	0	0	0	0	0	0	0	0	0	0	0	0	0	0	0	0	0	0	0	0	0	0	0	0	0	0	0	0	0	0	0	0	0	0	0	0	0	0	0	0	0	0	0	0
GRE319	0	0	0	0	0	0	0	0	0	0	0	0	0	0	0	0	0	0	0	0	0	0	0	0	0	0	0	0	0	0	0	0	0	0	0	0	0	0	0	0	0	0	0	0	0	0	0	0	0	0	0	0	0	0	0	0	0	0	0	0	0	0	0	0	0	0	0	0	0	0	0	0	0	0	0	0	0	0	0	0	0	0	0	0	0	0	0	0	0	0	0	0	0	0	0
GRE32	0	0	0	0	0	0	0	0	0	0	0	0	0	0	0	0	0	0	0	0	0	0	0	0	0	0	0	0	0	0	0	0	0	0	0	0	0	0	0	0	0	0	0	0	0	0	0	0	0	0	0	0	0	0	0	0	0	0	0	0	0	0	0	0	0	0	0	0	0	0	0	0	0	0	0	0	0	0	0	0	0	0	0	0	0	0	0	0	0	0	0	0	0	0	0
GRE320	0	0	0	0	0	0	0	0	0	0	0	0	0	0	0	0	0	0	0	0	0	0	0	0	0	0	0	0	0	0	0	0	0	0	0	0	0	0	0	0	0	0	0	0	0	0	0	0	0	0	0	0	0	0	0	0	0	0	0	0	0	0	0	0	0	0	0	0	0	0	0	0	0	0	0	0	0	0	0	0	0	0	0	0	0	0	0	0	0	0	0	0	0	0	0
GRE321	0	0	0	0	0	0	0	0	0	0	0	0	0	0	0	0	0	0	0	0	0	0	0	0	0	0	0	0	0	0	0	0	0	0	0	0	0	0	0	0	0	0	0	0	0	0	0	0	0	0	0	0	0	0	0	0	0	0	0	0	0	0	0	0	0	0	0	0	0	0	0	0	0	0	0	0	0	0	0	0	0	0	0	0	0	0	0	0	0	0	0	0	0	0	0
GRE322	0	0	0	0	0	0	0	0	0	0	0	0	0	0	0	0	0	0	0	0	0	0	0	0	0	0	0	0	0	0	0	0	0	0	0	0	0	0	0	0	0	0	0	0	0	0	0	0	0	0	0	0	0	0	0	0	0	0	0	0	0	0	0	0	0	0	0	0	0	0	0	0	0	0	0	0	0	0	0	0	0	0	0	0	0	0	0	0	0	0	0	0	0	0	0
GRE323	0	0	0	0	0	0	0	0	0	0	0	0	0	0	0	0	0	0	0	0	0	0	0	0	0	0	0	0	0	0	0	0	0	0	0	0	0	0	0	0	0	0	0	0	0	0	0	0	0	0	0	0	0	0	0	0	0	0	0	0	0	0	0	0	0	0	0	0	0	0	0	0	0	0	0	0	0	0	0	0	0	0	0	0	0	0	0	0	0	0	0	0	0	0	0
GRE324	0	0	0	0	0	0	0	0	0	0	0	0	0	0	0	0	0	0	0	0	0	0	0	0	0	0	0	0	0	0	0	0	0	0	0	0	0	0	0	0	0	0	0	0	0	0	0	0	0	0	0	0	0	0	0	0	0	0	0	0	0	0	0	0	0	0	0	0	0	0	0	0	0	0	0	0	0	0	0	0	0	0	0	0	0	0	0	0	0	0	0	0	0	0	0
GRE325	0	0	0	0	0	0	0	0	0	0	0	0	0	0	0	0	0	0	0	0	0	0	0	0	0	0	0	0	0	0	0	0	0	0	0	0	0	0	0	0	0	0	0	0	0	0	0	0	0	0	0	0	0	0	0	0	0	0	0	0	0	0	0	0	0	0	0	0	0	0	0	0	0	0	0	0	0	0	0	0	0	0	0	0	0	0	0	0	0	0	0	0	0	0	0
GRE33	0	0	0	0	0	0	0	0	0	0	0	0	0	0	0	0	0	0	0	0	0	0	0	0	0	0	0	0	0	0	0	0	0	0	0	0	0	0	0	0	0	0	0	0	0	0	0	0	0	0	0	0	0	0	0	0	0	0	0	0	0	0	0	0	0	0	0	0	0	0	0	0	0	0	0	0	0	0	0	0	0	0	0	0	0	0	0	0	0	0	0	0	0	0	0
GRE34	0	0	0	0	0	0	0	0	0	0	0	0	0	0	0	0	0	0	0	0	0	0	0	0	0	0	0	0	0	0	0	0	0	0	0	0	0	0	0	0	0	0	0	0	0	0	0	0	0	0	0	0	0	0	0	0	0	0	0	0	0	0	0	0	0	0	0	0	0	0	0	0	0	0	0	0	0	0	0	0	0	0	0	0	0	0	0	0	0	0	0	0	0	0	0
GRE37	0	0	0	0	0	0	0	0	0	0	0	0	0	0	0	0	0	0	0	0	0	0	0	0	0	0	0	0	0	0	0	0	0	0	0	0	0	0	0	0	0	0	0	0	0	0	0	0	0	0	0	0	0	0	0	0	0	0	0	0	0	0	0	0	0	0	0	0	0	0	0	0	0	0	0	0	0	0	0	0	0	0	0	0	0	0	0	0	0	0	0	0	0	0	0
GRE39	0	0	0	0	0	0	0	0	0	0	0	0	0	0	0	0	0	0	0	0	0	0	0	0	0	0	0	0	0	0	0	0	0	0	0	0	0	0	0	0	0	0	0	0	0	0	0	0	0	0	0	0	0	0	0	0	0	0	0	0	0	0	0	0	0	0	0	0	0	0	0	0	0	0	0	0	0	0	0	0	0	0	0	0	0	0	0	0	0	0	0	0	0	0	0
GRE41	0	0	0	0	0	0	0	0	0	0	0	0	0	0	0	0	0	0	0	0	0	0	0	0	0	0	0	0	0	0	0	0	0	0	0	0	0	0	0	0	0	0	0	0	0	0	0	0	0	0	0	0	0	0	0	0	0	0	0	0	0	0	0	0	0	0	0	0	0	0	0	0	0	0	0	0	0	0	0	0	0	0	0	0	0	0	0	0	0	0	0	0	0	0	0
GRE43	0	0	0	0	0	0	0	0	0	0	0	0	0	0	0	0	0	0	0	0	0	0	0	0	0	0	0	0	0	0	0	0	0	0	0	0	0	0	0	0	0	0	0	0	0	0	0	0	0	0	0	0	0	0	0	0	0	0	0	0	0	0	0	0	0	0	0	0	0	0	0	0	0	0	0	0	0	0	0	0	0	0	0	0	0	0	0	0	0	0	0	0	0	0	0
GRE44	0	0	0	0	0	0	0	0	0	0	0	0	0	0	0	0	0	0	0	0	0	0	0	0	0	0	0	0	0	0	0	0	0	0	0	0	0	0	0	0	0	0	0	0	0	0	0	0	0	0	0	0	0	0	0	0	0	0	0	0	0	0	0	0	0	0	0	0	0	0	0	0	0	0	0	0	0	0	0	0	0	0	0	0	0	0	0	0	0	0	0	0	0	0	0
GRE46	0	0	0	0	0	0	0	0	0	0	0	0	0	0	0	0	0	0	0	0	0	0	0	0	0	0	0	0	0	0	0	0	0	0	0	0	0	0	0	0	0	0	0	0	0	0	0	0	0	0	0	0	0	0	0	0	0	0	0	0	0	0	0	0	0	0	0	0	0	0	0	0	0	0	0	0	0	0	0	0	0	0	0	0	0	0	0	0	0	0	0	0	0	0	0
GRE47	0	0	0	0	0	0	0	0	0	0	0	0	0	0	0	0	0	0	0	0	0	0	0	0	0	0	0	0	0	0	0	0	0	0	0	0	0	0	0	0	0	0	0	0	0	0	0	0	0	0	0	0	0	0	0	0	0	0	0	0	0	0	0	0	0	0	0	0	0	0	0	0	0	0	0	0	0	0	0	0	0	0	0	0	0	0	0	0	0	0	0	0	0	0	0
GRE48	0	0	0	0	0	0	0	0	0	0	0	0	0	0	0	0	0	0	0	0	0	0	0	0	0	0	0	0	0	0	0	0	0	0	0	0	0	0	0	0	0	0	0	0	0	0	0	0	0	0	0	0	0	0	0	0	0	0	0	0	0	0	0	0	0	0	0	0	0	0	0	0	0	0	0	0	0	0	0	0	0	0	0	0	0	0	0	0	0	0	0	0	0	0	0
GRE49	0	0	0	0	0	0	0	0	0	0	0	0	0	0	0	0	0	0	0	0	0	0	0	0	0	0	0	0	0	0	0	0	0	0	0	0	0	0	0	0	0	0	0	0	0	0	0	0	0	0	0	0	0	0	0	0	0	0	0	0	0	0	0	0	0	0	0	0	0	0	0	0	0	0	0	0	0	0	0	0	0	0	0	0	0	0	0	0	0	0	0	0	0	0	0
GRE5	0	0	0	0	0	0	0	0	0	0	0	0	0	0	0	0	0	0	0	0	0	0	0	0	0	0	0	0	0	0	0	0	0	0	0	0	0	0	0	0	0	0	0	0	0	0	0	0	0	0	0	0	0	0	0	0	0	0	0	0	0	0	0	0	0	0	0	0	0	0	0	0	0	0	0	0	0	0	0	0	0	0	0	0	0	0	0	0	0	0	0	0	0	0	0
GRE52	0	0	0	0	0	0	0	0	0	0	0	0	0	0	0	0	0	0	0	0	0	0	0	0	0	0	0	0	0	0	0	0	0	0	0	0	0	0	0	0	0	0	0	0	0	0	0	0	0	0	0	0	0	0	0	0	0	0	0	0	0	0	0	0	0	0	0	0	0	0	0	0	0	0	0	0	0	0	0	0	0	0	0	0	0	0	0	0	0	0	0	0	0	0	0
GRE53	0	0	0	0	0	0	0	0	0	0	0	0	0	0	0	0	0	0	0	0	0	0	0	0	0	0	0	0	0	0	0	0	0	0	0	0	0	0	0	0	0	0	0	0	0	0	0	0	0	0	0	0	0	0	0	0	0	0	0	0	0	0	0	0	0	0	0	0	0	0	0	0	0	0	0	0	0	0	0	0	0	0	0	0	0	0	0	0	0	0	0	0	0	0	0
GRE54	0	0	0	0	0	0	0	0	0	0	0	0	0	0	0	0	0	0	0	0	0	0	0	0	0	0	0	0	0	0	0	0	0	0	0	0	0	0	0	0	0	0	0	0	0	0	0	0	0	0	0	0	0	0	0	0	0	0	0	0	0	0	0	0	0	0	0	0	0	0	0	0	0	0	0	0	0	0	0	0	0	0	0	0	0	0	0	0	0	0	0	0	0	0	0
GRE55	0	0	0	0	0	0	0	0	0	0	0	0	0	0	0	0	0	0	0	0	0	0	0	0	0	0	0	0	0	0	0	0	0	0	0	0	0	0	0	0	0	0	0	0	0	0	0	0	0	0	0	0	0	0	0	0	0	0	0	0	0	0	0	0	0	0	0	0	0	0	0	0	0	0	0	0	0	0	0	0	0	0	0	0	0	0	0	0	0	0	0	0	0	0	0
GRE56	0	0	0	0	0	0	0	0	0	0	0	0	0	0	0	0	0	0	0	0	0	0	0	0	0	0	0	0	0	0	0	0	0	0	0	0	0	0	0	0	0	0	0	0	0	0	0	0	0	0	0	0	0	0	0	0	0	0	0	0	0	0	0	0	0	0	0	0	0	0	0	0	0	0	0	0	0	0	0	0	0	0	0	0	0	0	0	0	0	0	0	0	0	0	0
GRE57	0	0	0	0	0	0	0	0	0	0	0	0	0	0	0	0	0	0	0	0	0	0	0	0	0	0	0	0	0	0	0	0	0	0	0	0	0	0	0	0	0	0	0	0	0	0	0	0	0	0	0	0	0	0	0	0	0	0	0	0	0	0	0	0	0	0	0	0	0	0	0	0	0	0	0	0	0	0	0	0	0	0	0	0	0	0	0	0	0	0	0	0	0	0	0
GRE6	0	0	0	0	0	0	0	0	0	0	0	0	0	0	0	0	0	0	0	0	0	0	0	0	0	0	0	0	0	0	0	0	0	0	0	0	0	0	0	0	0	0	0	0	0	0	0	0	0	0	0	0	0	0	0	0	0	0	0	0	0	0	0	0	0	0	0	0	0	0	0	0	0	0	0	0	0	0	0	0	0	0	0	0	0	0	0	0	0	0	0	0	0	0	0
GRE60	0	0	0	0	0	0	0	0	0	0	0	0	0	0	0	0	0	0	0	0	0	0	0	0	0	0	0	0	0	0	0	0	0	0	0	0	0	0	0	0	0	0	0	0	0	0	0	0	0	0	0	0	0	0	0	0	0	0	0	0	0	0	0	0	0	0	0	0	0	0	0	0	0	0	0	0	0	0	0	0	0	0	0	0	0	0	0	0	0	0	0	0	0	0	0
GRE62	0	0	0	0	0	0	0	0	0	0	0	0	0	0	0	0	0	0	0	0	0	0	0	0	0	0	0	0	0	0	0	0	0	0	0	0	0	0	0	0	0	0	0	0	0	0	0	0	0	0	0	0	0	0	0	0	0	0	0	0	0	0	0	0	0	0	0	0	0	0	0	0	0	0	0	0	0	0	0	0	0	0	0	0	0	0	0	0	0	0	0	0	0	0	0
GRE63	0	0	0	0	0	0	0	0	0	0	0	0	0	0	0	0	0	0	0	0	0	0	0	0	0	0	0	0	0	0	0	0	0	0	0	0	0	0	0	0	0	0	0	0	0	0	0	0	0	0	0	0	0	0	0	0	0	0	0	0	0	0	0	0	0	0	0	0	0	0	0	0	0	0	0	0	0	0	0	0	0	0	0	0	0	0	0	0	0	0	0	0	0	0	0
GRE66	0	0	0	0	0	0	0	0	0	0	0	0	0	0	0	0	0	0	0	0	0	0	0	0	0	0	0	0	0	0	0	0	0	0	0	0	0	0	0	0	0	0	0	0	0	0	0	0	0	0	0	0	0	0	0	0	0	0	0	0	0	0	0	0	0	0	0	0	0	0	0	0	0	0	0	0	0	0	0	0	0	0	0	0	0	0	0	0	0	0	0	0	0	0	0
GRE67	0	0	0	0	0	0	0	0	0	0	0	0	0	0	0	0	0	0	0	0	0	0	0	0	0	0	0	0	0	0	0	0	0	0	0	0	0	0	0	0	0	0	0	0	0	0	0	0	0	0	0	0	0	0	0	0	0	0	0	0	0	0	0	0	0	0	0	0	0	0	0	0	0	0	0	0	0	0	0	0	0	0	0	0	0	0	0	0	0	0	0	0	0	0	0
GRE69	0	0	0	0	0	0	0	0	0	0	0	0	0	0	0	0	0	0	0	0	0	0	0	0	0	0	0	0	0	0	0	0	0	0	0	0	0	0	0	0	0	0	0	0	0	0	0	0	0	0	0	0	0	0	0	0	0	0	0	0	0	0	0	0	0	0	0	0	0	0	0	0	0	0	0	0	0	0	0	0	0	0	0	0	0	0	0	0	0	0	0	0	0	0	0
GRE7	0	0	0	0	0	0	0	0	0	0	0	0	0	0	0	0	0	0	0	0	0	0	0	0	0	0	0	0	0	0	0	0	0	0	0	0	0	0	0	0	0	0	0	0	0	0	0	0	0	0	0	0	0	0	0	0	0	0	0	0	0	0	0	0	0	0	0	0	0	0	0	0	0	0	0	0	0	0	0	0	0	0	0	0	0	0	0	0	0	0	0	0	0	0	0
GRE71	0	0	0	0	0	0	0	0	0	0	0	0	0	0	0	0	0	0	0	0	0	0	0	0	0	0	0	0	0	0	0	0	0	0	0	0	0	0	0	0	0	0	0	0	0	0	0	0	0	0	0	0	0	0	0	0	0	0	0	0	0	0	0	0	0	0	0	0	0	0	0	0	0	0	0	0	0	0	0	0	0	0	0	0	0	0	0	0	0	0	0	0	0	0	0
GRE72	0	0	0	0	0	0	0	0	0	0	0	0	0	0	0	0	0	0	0	0	0	0	0	0	0	0	0	0	0	0	0	0	0	0	0	0	0	0	0	0	0	0	0	0	0	0	0	0	0	0	0	0	0	0	0	0	0	0	0	0	0	0	0	0	0	0	0	0	0	0	0	0	0	0	0	0	0	0	0	0	0	0	0	0	0	0	0	0	0	0	0	0	0	0	0
GRE74	0	0	0	0	0	0	0	0	0	0	0	0	0	0	0	0	0	0	0	0	0	0	0	0	0	0	0	0	0	0	0	0	0	0	0	0	0	0	0	0	0	0	0	0	0	0	0	0	0	0	0	0	0	0	0	0	0	0	0	0	0	0	0	0	0	0	0	0	0	0	0	0	0	0	0	0	0	0	0	0	0	0	0	0	0	0	0	0	0	0	0	0	0	0	0
GRE75	0	0	0	0	0	0	0	0	0	0	0	0	0	0	0	0	0	0	0	0	0	0	0	0	0	0	0	0	0	0	0	0	0	0	0	0	0	0	0	0	0	0	0	0	0	0	0	0	0	0	0	0	0	0	0	0	0	0	0	0	0	0	0	0	0	0	0	0	0	0	0	0	0	0	0	0	0	0	0	0	0	0	0	0	0	0	0	0	0	0	0	0	0	0	0
GRE76	0	0	0	0	0	0	0	0	0	0	0	0	0	0	0	0	0	0	0	0	0	0	0	0	0	0	0	0	0	0	0	0	0	0	0	0	0	0	0	0	0	0	0	0	0	0	0	0	0	0	0	0	0	0	0	0	0	0	0	0	0	0	0	0	0	0	0	0	0	0	0	0	0	0	0	0	0	0	0	0	0	0	0	0	0	0	0	0	0	0	0	0	0	0	0
GRE77	0	0	0	0	0	0	0	0	0	0	0	0	0	0	0	0	0	0	0	0	0	0	0	0	0	0	0	0	0	0	0	0	0	0	0	0	0	0	0	0	0	0	0	0	0	0	0	0	0	0	0	0	0	0	0	0	0	0	0	0	0	0	0	0	0	0	0	0	0	0	0	0	0	0	0	0	0	0	0	0	0	0	0	0	0	0	0	0	0	0	0	0	0	0	0
GRE8	0	0	0	0	0	0	0	0	0	0	0	0	0	0	0	0	0	0	0	0	0	0	0	0	0	0	0	0	0	0	0	0	0	0	0	0	0	0	0	0	0	0	0	0	0	0	0	0	0	0	0	0	0	0	0	0	0	0	0	0	0	0	0	0	0	0	0	0	0	0	0	0	0	0	0	0	0	0	0	0	0	0	0	0	0	0	0	0	0	0	0	0	0	0	0
GRE80	0	0	0	0	0	0	0	0	0	0	0	0	0	0	0	0	0	0	0	0	0	0	0	0	0	0	0	0	0	0	0	0	0	0	0	0	0	0	0	0	0	0	0	0	0	0	0	0	0	0	0	0	0	0	0	0	0	0	0	0	0	0	0	0	0	0	0	0	0	0	0	0	0	0	0	0	0	0	0	0	0	0	0	0	0	0	0	0	0	0	0	0	0	0	0
GRE81	0	0	0	0	0	0	0	0	0	0	0	0	0	0	0	0	0	0	0	0	0	0	0	0	0	0	0	0	0	0	0	0	0	0	0	0	0	0	0	0	0	0	0	0	0	0	0	0	0	0	0	0	0	0	0	0	0	0	0	0	0	0	0	0	0	0	0	0	0	0	0	0	0	0	0	0	0	0	0	0	0	0	0	0	0	0	0	0	0	0	0	0	0	0	0
GRE83	0	0	0	0	0	0	0	0	0	0	0	0	0	0	0	0	0	0	0	0	0	0	0	0	0	0	0	0	0	0	0	0	0	0	0	0	0	0	0	0	0	0	0	0	0	0	0	0	0	0	0	0	0	0	0	0	0	0	0	0	0	0	0	0	0	0	0	0	0	0	0	0	0	0	0	0	0	0	0	0	0	0	0	0	0	0	0	0	0	0	0	0	0	0	0
GRE84	0	0	0	0	0	0	0	0	0	0	0	0	0	0	0	0	0	0	0	0	0	0	0	0	0	0	0	0	0	0	0	0	0	0	0	0	0	0	0	0	0	0	0	0	0	0	0	0	0	0	0	0	0	0	0	0	0	0	0	0	0	0	0	0	0	0	0	0	0	0	0	0	0	0	0	0	0	0	0	0	0	0	0	0	0	0	0	0	0	0	0	0	0	0	0
GRE86	0	0	0	0	0	0	0	0	0	0	0	0	0	0	0	0	0	0	0	0	0	0	0	0	0	0	0	0	0	0	0	0	0	0	0	0	0	0	0	0	0	0	0	0	0	0	0	0	0	0	0	0	0	0	0	0	0	0	0	0	0	0	0	0	0	0	0	0	0	0	0	0	0	0	0	0	0	0	0	0	0	0	0	0	0	0	0	0	0	0	0	0	0	0	0
GRE91	0	0	0	0	0	0	0	0	0	0	0	0	0	0	0	0	0	0	0	0	0	0	0	0	0	0	0	0	0	0	0	0	0	0	0	0	0	0	0	0	0	0	0	0	0	0	0	0	0	0	0	0	0	0	0	0	0	0	0	0	0	0	0	0	0	0	0	0	0	0	0	0	0	0	0	0	0	0	0	0	0	0	0	0	0	0	0	0	0	0	0	0	0	0	0
GRE95	0	0	0	0	0	0	0	0	0	0	0	0	0	0	0	0	0	0	0	0	0	0	0	0	0	0	0	0	0	0	0	0	0	0	0	0	0	0	0	0	0	0	0	0	0	0	0	0	0	0	0	0	0	0	0	0	0	0	0	0	0	0	0	0	0	0	0	0	0	0	0	0	0	0	0	0	0	0	0	0	0	0	0	0	0	0	0	0	0	0	0	0	0	0	0
GRE96	0	0	0	0	0	0	0	0	0	0	0	0	0	0	0	0	0	0	0	0	0	0	0	0	0	0	0	0	0	0	0	0	0	0	0	0	0	0	0	0	0	0	0	0	0	0	0	0	0	0	0	0	0	0	0	0	0	0	0	0	0	0	0	0	0	0	0	0	0	0	0	0	0	0	0	0	0	0	0	0	0	0	0	0	0	0	0	0	0	0	0	0	0	0	0
