bins	GRE.bulkMG.AN108_Mean	GRE.bulkMG.AN111_Mean	GRE.bulkMG.HF170_Mean	GRE.bulkMG.HF172_Mean	GRE.bulkMG.LF176_Mean	GRE.bulkMG.LF178_Mean	GRE.bulkMG.OX080_Mean	GRE.bulkMG.OX082_Mean	GRE.bulkMG.T0000_Mean	GRE.bulkMG.T000H_Mean	GRE.SIPMG.052b4f22_Mean	GRE.SIPMG.052b4f23_Mean	GRE.SIPMG.052b4f24_Mean	GRE.SIPMG.052b4f25_Mean	GRE.SIPMG.052b4f26_Mean	GRE.SIPMG.053b4f23_Mean	GRE.SIPMG.053b4f24_Mean	GRE.SIPMG.053b4f25_Mean	GRE.SIPMG.053b4f26_Mean	GRE.SIPMG.053b4f27_Mean	GRE.SIPMG.065b5f19_Mean	GRE.SIPMG.065b5f20_Mean	GRE.SIPMG.065b5f21_Mean	GRE.SIPMG.065b5f22_Mean	GRE.SIPMG.065b5f23_Mean	GRE.SIPMG.066b5f18_Mean	GRE.SIPMG.066b5f19_Mean	GRE.SIPMG.066b5f20_Mean	GRE.SIPMG.066b5f21_Mean	GRE.SIPMG.066b5f22_Mean	GRE.SIPMG.082b2f19_Mean	GRE.SIPMG.082b2f20_Mean	GRE.SIPMG.082b2f21_Mean	GRE.SIPMG.082b2f22_Mean	GRE.SIPMG.082b2f23_Mean	GRE.SIPMG.082b2f24_Mean	GRE.SIPMG.084b2f17_Mean	GRE.SIPMG.084b2f18_Mean	GRE.SIPMG.084b2f19_Mean	GRE.SIPMG.084b2f20_Mean	GRE.SIPMG.084b2f21_Mean	GRE.SIPMG.084b2f22_Mean	GRE.SIPMG.088b5f20_Mean	GRE.SIPMG.088b5f21_Mean	GRE.SIPMG.088b5f22_Mean	GRE.SIPMG.088b5f23_Mean	GRE.SIPMG.088b5f24_Mean	GRE.SIPMG.089b5f20_Mean	GRE.SIPMG.089b5f21_Mean	GRE.SIPMG.089b5f22_Mean	GRE.SIPMG.089b5f23_Mean	GRE.SIPMG.089b5f24_Mean	GRE.SIPMG.089b5f25_Mean	GRE.SIPMG.108b1f22_Mean	GRE.SIPMG.108b1f23_Mean	GRE.SIPMG.108b1f24_Mean	GRE.SIPMG.108b1f25_Mean	GRE.SIPMG.109b1f22_Mean	GRE.SIPMG.109b1f23_Mean	GRE.SIPMG.109b1f24_Mean	GRE.SIPMG.109b1f25_Mean	GRE.SIPMG.117b4f26_Mean	GRE.SIPMG.117b4f27_Mean	GRE.SIPMG.117b4f28_Mean	GRE.SIPMG.117b4f29_Mean	GRE.SIPMG.166b4f23_Mean	GRE.SIPMG.166b4f25_Mean	GRE.SIPMG.166b4f26_Mean	GRE.SIPMG.168b4f23_Mean	GRE.SIPMG.168b4f24_Mean	GRE.SIPMG.168b4f25_Mean	GRE.SIPMG.168b4f26_Mean	GRE.SIPMG.169b2f19_Mean	GRE.SIPMG.169b2f20_Mean	GRE.SIPMG.169b2f21_Mean	GRE.SIPMG.169b2f22_Mean	GRE.SIPMG.169b2f23_Mean	GRE.SIPMG.171b2f17_Mean	GRE.SIPMG.171b2f18_Mean	GRE.SIPMG.171b2f19_Mean	GRE.SIPMG.171b2f20_Mean	GRE.SIPMG.174b1f20_Mean	GRE.SIPMG.174b1f21_Mean	GRE.SIPMG.174b1f22_Mean	GRE.SIPMG.174b1f23_Mean	GRE.SIPMG.176b2f18_Mean	GRE.SIPMG.176b2f19_Mean	GRE.SIPMG.176b2f20_Mean	GRE.SIPMG.176b2f21_Mean	GRE.SIPMG.176b2f22_Mean	GRE.SIPMG.178b2f15_Mean	GRE.SIPMG.178b2f16_Mean	GRE.SIPMG.178b2f17_Mean	GRE.SIPMG.178b2f18_Mean	GRE.SIPMG.178b2f19_Mean
3300047160_1000	0	0	0	0.018127833814456526	0.03320985498162574	0.05251079860845003	0.041129127764584876	0.02986126373196756	0	0	0.07446064499472575	0.06721834034609833	0.05315601782230983	0	0	0	0	0	0	0	0	0	0	0	0	0.052798016298192044	0.05853492923817597	0.05428133018275439	0.04219626884889995	0	0.06330091154877303	0.06605317240553552	0.06531327147137697	0.06865073992671247	0.0660289945596058	0.05897985178588023	0	0	0	0	0	0	0	0	0	0	0	0	0	0	0	0	0	0	0	0	0	0	0	0	0	0	0	0	0	0	0	0	0	0	0	0	0.029744162251182878	0	0	0	0	0	0.047223569027041196	0.04907102178842409	0.049560514041223684	0.04348810910263799	0.044332094410272145	0.04890202771203821	0	0.06417221158470189	0.06450737712625065	0.06424276880757704	0.05877280356276004	0.054757427001472694	0.08978710730952598	0.09338256412672344	0.09912487460022894	0.0986910025782158	0.09911928284849296
3300047160_1008	0.03641062862136833	0.028655492673403744	0.042038942789208424	0.04179098476956638	0.05272159633020665	0.041915223137142105	0.03930548822691998	0.0392191286959181	0.043630041634276966	0.042503878980994114	0.07063234271034513	0.08134883796413253	0.07489951602895877	0.06449361931647803	0.04125849907465096	0.05141030234045107	0	0	0	0	0.07090446019749473	0.07134178061060042	0.07424769727071792	0.06553111356144145	0.05957829569659251	0.071665589356297	0.09260625534924816	0.1068128602937074	0.1107942819199625	0.10431339518586827	0.0758854582489712	0.07944009416581839	0.0875639063038471	0.08678874650887404	0.079891728637041	0.07327416228481871	0.07032339341147863	0.07178196955534903	0.07287526378183377	0.07170364875967365	0	0.060908452099076214	0.04891853064407927	0.06014508653421186	0.06804537448755181	0.06829989780245194	0.12557587801370207	0.05730050741865979	0.06287023767396854	0.06762190737079464	0.06791575361847757	0.0609134975828269	0.05176150398130317	0.07757172172829695	0.08613533519291017	0.08637148946677109	0.08492948750006844	0.08408843232168867	0.08225586630419215	0.08041786747751922	0.07714270342709	0.10581276298616603	0.09224301950703964	0.06760246457637632	0	0.08128213683753484	0.06347234467705319	0.05444622051774545	0.06978510423456377	0.06487888840358645	0	0	0.07968101195156614	0.07666086021669113	0.07150829117025322	0.07629066529320869	0.07198194328161185	0.06927822701784193	0.07161892298533028	0.07338669529450556	0.08140547027551927	0.06801236970482577	0.06887873206168847	0.07361690266414612	0	0.09894415708346078	0.09436787440466285	0.09163173845395137	0.09003287244210538	0.07911270522280071	0.06834456058350365	0.0702424531135611	0.07786102579395679	0.07759645720641016	0.07733859684982183
3300047160_101	0.033264418057089344	0.035200060801343844	0.04262934302949008	0.027964315610214823	0.01966314627166741	0.03552053554046422	0.030362752694658986	0.0471418159099891	0.03685636929879016	0.03544911409645449	0.03491683492992167	0.05344730164311279	0.06207507543471806	0.07057429014461451	0.05778921598983232	0.07839273125381908	0.08049711929849744	0.07748733776438813	0.07131904423654722	0.05799795014865673	0.06570647648201151	0.07276727366755173	0.08107345306734041	0.08844266656404128	0.08908125220185148	0	0	0	0.04853369438968334	0.06598177331763583	0.0703926449148449	0.0733482630172305	0.07305884844936263	0.0799264713457222	0.08402067725063836	0.08863986311904108	0.05069686433698254	0.051672437529060714	0.050026067947523865	0.05142284638878853	0.049346582319009215	0.050336189769614306	0.039246568814286405	0.048551076437684616	0.05947514515464927	0.06286926252417029	0.09915896470308093	0.031567485930441404	0.03898747034455536	0.04522783141676772	0.04937125275627172	0.046818721200351625	0.043791509922468844	0.0530480503418477	0.04867721165371256	0.05374525814358017	0.05780444815098294	0.06596297628793871	0.06769793279125888	0.06774237929061362	0.07321109545129467	0.06360305275953755	0.07380466307805542	0.06947548964141309	0.05377222471606062	0.04929492203062201	0.052277687532588206	0.04627207997041909	0.06351159869909924	0.06373417256877893	0.06622033499372393	0.05909711909920447	0.048075123337122216	0.050447419707336225	0.049705764398822315	0.052169403817913754	0.05190191192042697	0.04558020397243517	0.04854483376855003	0.04867765450747968	0.05093577498270245	0.06981224074018096	0.07003796646830787	0.07583720499763502	0.07990677890860348	0.03103439516177421	0.031434825519176327	0.033408467894829826	0.03346432183357527	0.032785467829875285	0.04720604858229664	0.050726932144301067	0.05273152450009863	0.05383780007993535	0.05319713360013125
3300047160_1011	0.046250056281408845	0.08476213758575676	0.073618766782692	0.062124109705673614	0.07987296809100548	0.07184840213152871	0.07077005399280331	0.06930195357123997	0.067456677747778	0.061676497164090176	0.14629157849680427	0.18429373124421985	0.18031627472756448	0.13765665944579103	0.08730299234744433	0.1339271899062637	0.1170451417148386	0.09937383684084872	0	0.05940365198770067	0.21967256094651808	0.23218658587100716	0.23202907392724315	0.22911922385461161	0.1970402914190066	0.10660647049920005	0.1876736245507037	0.28966981388737123	0.3498331432415288	0.33733855127780815	0.1785178519191994	0.19582132652699447	0.214129621761933	0.21851675400242723	0.18917839606138082	0.1547229649236903	0.11830369339324719	0.12061412827229712	0.1201545471561405	0.11642521848230525	0	0.10671717796331745	0.10568715415497595	0.1419367883658794	0.15184952253762446	0.15610432404350857	0.20586431821858978	0.08632377989191009	0.10022280548036748	0.10246541239669477	0.10287939199000394	0.08579791401791394	0	0.12681491317588853	0.1376289921246737	0.14194672315803636	0.14279250981383368	0.24014481672582924	0.22663812600021596	0.2180200111790034	0.19746394640343304	0.2097948326889434	0.18433153756337511	0.12998756131594588	0	0.11818267754821726	0.09941290167346328	0.08414996346061628	0.15057113665509378	0.13631797483729954	0.1299319481659753	0.10123418263391695	0.15330552278803272	0.1474248226524388	0.14527050406389347	0.14564306831714408	0.14924536771024738	0.1081527784652237	0.11714023771393133	0.12772435924486925	0.14616135496677884	0.12426555442190265	0.12783753705334475	0.14381099170743564	0.14109724122043082	0.19890429597590334	0.19353636670869678	0.18231626864190384	0.17224650009211762	0.14758099056131835	0.1283104591597331	0.1421414024440224	0.15693759640144606	0.15980983276049826	0.16361268412777374
3300047160_1016	0.0362413051541009	0.02948209178936406	0.03793252942688357	0.03871081189172408	0.033060129737940105	0.04883582974527438	0.05059652485407196	0.055249174785669486	0.05051691877036756	0.045619204155814136	0.07671473942002534	0.0999428007013814	0.09423171511454219	0.07247980356000061	0.04606341773235523	0.08750069533627715	0.07635623699957765	0.06502735965524327	0	0.03659553888889436	0.0840030516161296	0.08572247827723876	0.09255510984160578	0.09392893096753618	0.08502059385570981	0.04304954878153185	0.0736917342671909	0.11121667303356612	0.12781945866182856	0.12914322587086663	0.11261786714340843	0.11425009126370515	0.12127806476499148	0.12283717205510279	0.12307915386955623	0.10500894765511433	0.08144899029364051	0.08541346852626151	0.0828860110572892	0.08086551264679157	0.07620454778179213	0.07828179155884142	0.037952838221995154	0.052368884518606634	0.05835712071547461	0.05710577591799371	0	0.04690190493032909	0.05272495999054726	0.05822728297104728	0.05685612204642828	0.0497432176948782	0	0.07124643235274497	0.07825383607870284	0.07742401309977782	0.07880326689303431	0.08750530703817991	0.08562396866352084	0.09115608486531124	0.08580100389237376	0.10447089881324616	0.0940744464053385	0.07134797258920567	0	0.07249299646323441	0.06236216913493668	0.051464241785719865	0.07759675827630907	0.07620221024170817	0.06653917871417035	0.05435834607290374	0.07520817072227062	0.07319899443621553	0.0735507797752067	0.07463927058191305	0.07310603432190284	0.06582208456313544	0.06763698953532955	0.07272811295893257	0.07528072753970565	0.07094586126165825	0.07008366943021872	0.08065666123004261	0.07996754164537875	0.06147175713658021	0.05901892772015786	0.059809761879582764	0.06020236191182368	0.05463660292913319	0.07295720348649605	0.08083760752004489	0.08051843631013857	0.0866351889896841	0.08800239524610792
3300047160_102	0.0505098449025351	0.050630742099469654	0	0.04885739513455994	0.040742979380741395	0.049073797138874505	0.0716572231972562	0.06638775052301372	0.061013429636864555	0.05226303589690593	0.16324984879417642	0.15397330696983125	0.10847859352763113	0.06209933759562696	0	0	0	0	0	0	0.21795138272574063	0.20062626782296591	0.1859499555449056	0.1508083089430178	0.11293414703498704	0.12791903096881588	0.15009124930813914	0.16253265794870264	0.11145687399215021	0.0746286683637418	0.21239427418523732	0.2227999298618484	0.23219906530682335	0.20837855095103128	0.15269231446137288	0.10582961756836998	0.1269545354919176	0.1221154319938966	0.11449162972446639	0.1124603124393393	0	0.08397181608148842	0.14251006819238501	0.14803459929962048	0.1430837868224609	0.09802734126836199	0	0.12463588596561417	0.12055477146473467	0.10129007339889093	0.08038488221918412	0	0	0.16136562391411893	0.21296588986848766	0.1850793458336729	0.1643524208299764	0.15383508562861828	0.12406083116548988	0.12225281194400968	0.08815199210912365	0.0845297030595725	0	0	0	0	0	0	0.0855523406574363	0.07521039086614023	0	0	0.0948361018013664	0.10296787720141524	0.09545936706027774	0.08382853558642717	0.07925884385376843	0.1342800402458496	0.14053927110015474	0.15597378350848443	0.16573250519822744	0.1831298396624915	0.17609629469687588	0.21618377015996562	0.1943974316458181	0.11337799724561555	0.10536727170908501	0.0913354610975694	0.07324673444916907	0	0.0889365952407995	0.10470592286875355	0.10878246696853044	0.11929907693927354	0.11482078862483192
3300047160_1021	0.1155785299800801	0.11518323470394731	0.16025985106806054	0.27573243241003054	0.18130304300398323	0.47856887374341883	0.7646222429571309	0.6355673588696356	0.13179035999941183	0.17955183667414157	0	0	0	0	0	0	0	0	0	0.160521741405931	0	0	0	0	0	0	0	0	0	0	0	0	0	0	0	0	0	0	0	0	0	0	0	0	0	0	0	0	0	0	0	0	0	0	0	0	0	0	0	0	0	0	0	0	0	0.20344337656840847	0.21712356854357023	0.24903619365148852	0	0	0	0	0	0	0	0	0	0	0	0	0	0	0	0	0	0	0	0	0	0	0	0	0	0	0
3300047160_103	0.06949226205154303	0.047300512191477025	0.06602247057804962	0.06687245715976292	0.0636605304966972	0.07901540599267262	0.09402631880458348	0.0727307713599788	0.08356639080334731	0.07978632083543528	0.07438870462076953	0.08143603714820487	0.07318509504418837	0.061989606962906035	0.04839340740189578	0.05384234884915077	0.05021370963398305	0.04386814019408966	0	0.02969545445824171	0.10946298313168122	0.11247601489959042	0.11831367386999868	0.11829224777479773	0.1154628897423644	0.08347336244280561	0.0921851585046543	0.10531990481433667	0.10296762546438193	0.09927139357755231	0.09850227658456734	0.11006084820282301	0.10235546036609182	0.10608171812636698	0.09608894106818675	0.08881526081168341	0.071323936735917845	0.0739853264800287	0.06818493211270055	0.06852720311219407	0.06517514314708003	0.059734226470070345	0.05900953111476765	0.07297446759848437	0.08476664202476278	0.08627140644745691	0.10186927763804739	0.08407068155212663	0.09478996892369551	0.10468917190825137	0.10383157828485826	0.09888943593410433	0.09289332219147488	0.11930829472173976	0.1376768130349437	0.12802703936628465	0.13011329545029032	0.10789215548091952	0.10008962686416426	0.10537568854055404	0.10165727109432089	0.10741118730358354	0.09367024229075115	0.07724817575243294	0.05435325663391584	0.07145069349454229	0.057275609698446896	0.04713359263823212	0.06498400758295216	0.06040149784542544	0.056048501422976994	0.047853473055077055	0.08081216514055671	0.081897615543923	0.07761901997490586	0.0756843556646891	0.07372311655934412	0.08686173052040727	0.08335592793659478	0.0900213245810922	0.09098405396168124	0.09253517293563165	0.09564042597096775	0.10353217944884284	0.09899320178295551	0.07451295869026839	0.07000367859940532	0.06893164200137927	0.06209978778815495	0.060002231609999054	0.0841547042169763	0.08686239539524322	0.09368667838282159	0.09386720472009027	0.0938934856869269
3300047160_1033	0.04418232087456587	0.05722099331912032	0.05051704008901017	0.03664197588719838	0.02339931814856617	0.04782801663690324	0.04593274940143102	0.06880326861802549	0.05222857313179481	0.051151113352793966	0.04682048763967581	0.05359837644345557	0.059247872971867746	0.07493784971468741	0.0816889560891765	0.08940712709554488	0.09503662791627335	0.1059678608885651	0.10347737134316089	0.09430680042216522	0.10471275468562902	0.11225929319888749	0.12190620307996344	0.13272394409573945	0.14159824410719668	0.03219526586295309	0.04289381171767718	0.048373647335009526	0.04818871786689033	0.057420955822231584	0.07377726156746049	0.07390030194409128	0.07226018282526117	0.07856338509533847	0.08043084468689697	0.09166535652345616	0.06412970017454114	0.062355020548493914	0.06487481820330106	0.06452821423942139	0.06634687795797034	0.06817988473952294	0.03908807349252465	0.047915672794063856	0.057333925947260105	0.064363460417972	0.0988655119422559	0.030440707797940253	0.03553193332195735	0.04370690864155768	0.04848511858235662	0.052246959586864546	0.053416725022008296	0.04719946855891427	0.04865095830936374	0.047384425674552255	0.051165595985107025	0.06120961419981301	0.06055937925952806	0.062229657964945465	0.06961887439740524	0.04986989036462504	0.06262996765711076	0.07498564064431901	0.0718822691034713	0.05620938473664968	0.061850528857302474	0.06281643428051986	0.06266826435800138	0.06579243205451495	0.06873335204539091	0.06732624305293027	0.054726331799991416	0.051839306300202885	0.05512647513668885	0.056600878349981155	0.05652984061713911	0	0.04799821953007187	0.048215414774293246	0.04941699197537534	0.0841665728106478	0.08581330487841186	0.08906786311103174	0.09450923049699707	0	0	0	0	0	0.054271116517357366	0.05241529080916782	0.053880509727941936	0.054947451300779555	0.0527042822785696
3300047160_1039	0.07726616932151263	0	0	0.05261639073714401	0.08039083670301199	0.05504895173439006	0	0	0.04959497561014168	0	0.09240940515482587	0.10681788828428766	0	0	0	0	0	0	0	0	0	0	0	0	0	0.09918528992939223	0	0	0	0	0	0	0.11808912792588705	0.11079168502270127	0.10488076390983056	0	0	0	0	0	0	0	0.12532721597082314	0.11718781531330662	0.10819419064479266	0	0	0.0990383211456959	0.0967078118166985	0.09706185239818735	0	0	0	0.2690748298681386	0.3184271165586907	0.3020488510758452	0.27760371882085483	0.20962796636307696	0.17802763842651373	0.1740067308974791	0.1365824697112396	0.09931989132141615	0	0	0	0	0	0	0	0	0	0	0.13784377591072494	0.13432597839933058	0.13482614813281682	0.13648678668428105	0.12134948990805848	0	0.13335907590303786	0.15450954814818205	0.17571817623699798	0	0	0.08709610324480178	0	0.23606061304752513	0.21906909073765823	0.20998947748928987	0.19239571445625617	0.14314260219913566	0.10932744471154379	0.1071339671437519	0.13257522514835274	0	0.13798483548810928
3300047160_104	0.5553920083216177	0.2938951282349818	0.05801237892375335	0.14279852100241902	0	0.10476562332051148	0	0	0	0	0.07114513857095761	0	0	0	0	0	0	0	0	0	0	0	0	0	0	0	0	0	0	0	0	0	0	0	0	0	0	0	0	0	0	0	1.2451756885956848	0.7553754412881485	0.4370833824230604	0.2848203278936423	0.16258861607821024	1.869436946458573	1.1767376302543195	0.675961189452794	0.40987177988896795	0.2579502937655793	0.17801395869168038	0.40927469420631646	0.3441986308159059	0.363931678816978	0.35823537081978674	0.15323077433625765	0.16303043993803454	0.1432674495796231	0.1555056661199619	0.05347894777445459	0	0	0	0.08317630808035407	0	0	0	0	0	0	0.15557125442495817	0.152592773693641	0.1473438635234775	0.14721433652345922	0.1551019670725633	0.3078569920697326	0.27366637337957955	0.2658268736880037	0.24589863594012026	0	0	0	0	0	0	0	0	0	0.10374152065926961	0.09677735036174635	0.09812053304395622	0.09324439227540393	0.08586817368190724
3300047160_1044	0.11765278228969354	0.10545190748865191	0.1454205218998383	0.15089937347853652	0.19412248431225929	0.1288372671490204	0.1417499730566522	0.12811706479374046	0.16640081838050952	0.13998219206976195	0.5452701585871589	0.5944404091445563	0.4347383037240721	0.24131098625133923	0.1247745082134381	0.2174719487320269	0.1751993681664574	0.13305165958171034	0	0	0.27997801959651747	0.27139382255369904	0.2658863855151182	0.22224801512288256	0.182539599226048	0.24567278533324458	0.4422293475543034	0.6197784136238977	0.5632154546900641	0.42014605213097606	0.45759284734287137	0.48342987507393187	0.5229755903062122	0.4951763902548984	0.3815204305482169	0.2802363598441621	0.28661472185436837	0.29807328453558907	0.2802241869742753	0.27692541434532103	0.21870392872709873	0.23187736618275784	0.23672840323954145	0.2942707539352321	0.3207685107744871	0.24787558562984327	0.36829983282078677	0.2790945239909995	0.30430360193509404	0.2998881135704944	0.24530904935117365	0.19355622949265583	0.1482934728979445	0.423717099049954	0.5093498456475888	0.5018810066172719	0.45267571728158773	0.48440759723341453	0.4009414031679171	0.40244307920530287	0.2883981855745947	0.5928842301037048	0.41691864095183273	0.2420975870747285	0.12916140621192823	0.22498649205188273	0.15646174831271908	0.12040423886341763	0.25017095601967165	0.23242670582081706	0.18662884123147805	0.1430316847432878	0.2973773808596706	0.3184519352023975	0.3271901544001256	0.29296274101863173	0.27097871610812696	0.30707541750369693	0.38189264759282354	0.43016439338650764	0.45109975404030195	0.29754520426162756	0.2896564769286183	0.3555532038249833	0.3593834144437501	0.6481540098018181	0.5689059835056487	0.5087357800341061	0.42762121027730565	0.33055617789570746	0.26843344178227085	0.30674771632115677	0.3319476975979861	0.37723587152040233	0.37022929379724473
3300047160_1046	0.2701359500243699	0.2633714108832147	0.29910412453222573	0.3278019740528283	0.3362973625804828	0.4151217521243578	0.43322112191853884	0.3569000798785432	0.2742337425388527	0.2796480873660126	0.350838794818283	0.25410832718796456	0.2097819920100973	0.19642285972427653	0.2262606785507832	0.23356757886121338	0.2192167806066693	0.2244596822672021	0.2408585588775598	0.23422274612908386	0.41131084388642436	0.3741935962328668	0.3528330602235057	0.3791206528674028	0.38314629932500466	0.4960250910856807	0.4074683478184242	0.3355603996983284	0.2743712464192546	0.24193564559348282	0.2501446928240504	0.24494937327998495	0.22524351830895856	0.21758091376232339	0.23391704144926842	0.25615327646132074	0.20550697360828357	0.2165119975903003	0.21221569078427216	0.22135106780874375	0.2505819427196849	0.2281237262768556	0.23253985815198533	0.24762152361672815	0.23629064608253236	0.22386745552231127	0	0.21011857216885108	0.22146676488658057	0.2304628867452739	0.23003908019002822	0.256140308354082	0.2707023072959499	0.1821339709029963	0.15836468653576152	0.17136686415044747	0.16276778167956762	0.15493151831207846	0.1624333969703668	0.1655209897335715	0.17995485649477297	0.22562158447683134	0.19250550708139674	0.19831362363025187	0.2534283310084272	0.3371583479506586	0.3021761416113173	0.31885093333314324	0.23786358809485503	0.22822447693490247	0.24988924073339672	0.24008595393273124	0.2895874677773993	0.2996152431085526	0.3046802726501388	0.31275390654594665	0.3114954376179109	0.32616697436432657	0.2885147539615975	0.2677888079770345	0.2637683828898974	0.3126768142547931	0.3398531147029113	0.28450165007792344	0.31310464960487727	0.23822191525226408	0.23935100270085125	0.23901727193392147	0.24539357827941902	0.27560249902731604	0.36297241766708815	0.3554916517052334	0.31816848459191494	0.329715027638213	0.3101749064781673
3300047160_105	0.12138215794884484	0.0887946799684108	0.14367891264395802	0.1127261555925247	0.1280960728335154	0.1570191474026287	0.13845997893449297	0.1473353245629279	0.10889097544137773	0.11319942620503416	0.18482546922986307	0.16663476461210225	0.1479537110736971	0.12912100529403905	0.12930769706861162	0.15973285941680967	0.14739098688197513	0.14157575733384622	0.1364764088312533	0.11948669487080114	0.1308608252522504	0.11326443112657808	0.1100111239155319	0.1034881709348415	0.10513324497560855	0.21360118299415307	0.200506716457486	0.17593885852262892	0.1474933611896023	0.14362229406143384	0.11895484490085828	0.10891538506843446	0.10661060533935052	0.10241554840622463	0.1053270152986758	0.11281212244587523	0.09329314036447951	0	0.08969129102043746	0.0933608441518076	0	0.08905088909320014	0.14509367058248915	0.13906784645950582	0.1295970547040492	0.12347949199761031	0	0.0960983140095461	0.09654414635438731	0.08566730760106636	0.08716320742011809	0.09427439894966956	0.09731285394676356	0.0868943234860991	0.07984311189648882	0.0800131881843774	0	0	0	0	0	0.12220576403273915	0.1084338117589554	0.10137460806787946	0.10158821314265779	0.1550705484183124	0.1402652386567864	0.1261472005239995	0.1474234359634284	0.1483265147495294	0.13323369115328473	0.13238761461560103	0.09274999160233038	0.09031505572088536	0.08910946532873563	0.08685528083383083	0.09259100831179151	0.12637055899592017	0.12153735925914966	0.10983630586973744	0.1174541083278114	0.10945533864342395	0.10655701460908344	0.10489308062350425	0	0.0921238968326096	0.0975159762009661	0.09272712137865932	0.08546485475890886	0.09421211122782218	0.14274609956381032	0.13662825784004723	0.13508702563856673	0.14167235850122048	0.12565800667366436
3300047160_1053	0.06670472031425712	0.03360446343627125	0.07656081477870431	0.09631751380279463	0.09632876310183928	0.08587782193933736	0.10121953115340564	0.07378983341987935	0.08327307437803046	0.07667074125638698	0.18250302179606215	0.21442814071044738	0.19081005690205544	0.13400266766832383	0.0875728999712972	0.09624426923816971	0.08397724996705064	0.07061778466511334	0.054493203745749015	0.0430925953524155	0.0923727701520368	0.09374568959043104	0.09523279511167512	0.08954186389491421	0.08141703070584852	0.07566170686868276	0.12488550446248742	0.1832012929398301	0.19478371484845072	0.1714974558681436	0.16575104690769477	0.1760709362800843	0.17974394833379834	0.17895105050102125	0.16430245272640537	0.1392522329376699	0.12050472541049256	0.12089629332369893	0.11620147625579309	0.11405534155744645	0.10785920191552932	0.1050899966231823	0.0629862837750255	0.07756983017491173	0.08820134986317754	0.08451647396788058	0.10927935923494446	0.09320723042360818	0.10541831038188984	0.11216979972597033	0.10504903120867051	0.09171552793244243	0.07487524416726747	0.15211892547574588	0.1639369206763435	0.16425491854940352	0.16172869534426393	0.09851608215015167	0.09254794166086755	0.09191432856927376	0.08104618981957151	0.2342115556121298	0.18775507807851302	0.13561835529496952	0.09051137074655095	0.115377218708433	0.09429215620312069	0.07755554882182436	0.14499256049661938	0.13523024878534057	0.12082148864589438	0.09955684389786226	0.15683941455541686	0.16267455986428153	0.16148419999798042	0.15747071053290906	0.15106578531827547	0.14705831115803303	0.15243090616425806	0.1656352051629234	0.17935085391530642	0.10907161898676745	0.10997643955289556	0.11999395233342651	0.11864876546083108	0.19703742142590858	0.19250198632152118	0.1884678924805981	0.17040302329719936	0.1490072048570962	0.13963068408360996	0.15025219051032382	0.15579995541733413	0.16863725255766843	0.17191796869419473
3300047160_1055	0.03901276474058933	0.07678676946879669	0.05455038094312919	0.044837647934926464	0	0.07387169700182693	0.08957610643800694	0.15098899144367836	0.06892886673582309	0.07154990449598368	0.2794703079147861	0.31918927628540195	0.2905638561875428	0.227027143301797	0.14471535745727812	0.14357653452564895	0.12972705520647504	0.10701234448361192	0.08806777019120726	0.07245406612865736	0.5054407682014794	0.5273058478894579	0.5384341772831186	0.4959430817113945	0.44908827469866475	0.09875385734156031	0.12318976650502445	0.1351024650676339	0.14267172438182826	0.12062012748326788	0.34695170695451916	0.3560955705746021	0.3629448533696159	0.3737600349669677	0.31123571267403083	0.2662357501041213	0.12625724808221034	0.12600197814421843	0.1222519962666204	0.11727748706752086	0.10465605604904345	0.09849118834818683	0.11903722903677862	0.14777864556554204	0.1508960578633084	0.1481115845301991	0.2036102981519457	0.0706984589150053	0.0756901007692702	0.07858932517274629	0.0768816742153801	0.06725954209711833	0	0.08343829678720235	0.08114775943049476	0.08879567912392325	0.09283672530743314	0.12479569945075342	0.13295583532798042	0.12614883377611907	0.11610906892386705	0.12899696002513192	0.09981445671032722	0.07255648121349148	0	0.08792636723907518	0.06846699089546056	0.056833307226247645	0.06454287287756948	0	0	0	0.11201419383461192	0.11038703598573676	0.10734181947135686	0.10750958699046219	0.10445681623941225	0.16315450480499868	0.16901972697232295	0.17110240136467933	0.18764444912623043	0.2666569190409293	0.2586971776861317	0.24717327800023253	0.2734458155499649	0	0	0	0	0	0.12689215736179782	0.13236189541790458	0.14632087968736376	0.14431958751577315	0.14043129453691905
3300047160_1059	0.0306602312255638	0.03926859194341723	0.03314478084356174	0.032889837674988424	0.036247907817389693	0.031146559374195255	0.02416082101308648	0.02499544176581689	0.05130081293730741	0.051718933199720124	0.053059550619210354	0.069487571216044125	0.07819408315676799	0.06459432129990195	0.04187268636055175	0.056701345197609096	0.05010299664248895	0.04517298229073281	0	0.026763467970273163	0.05137089144421386	0.055221260374451214	0.059392740980703	0.06029366232908766	0.05396484378462691	0.043883780786601365	0.050023167702656225	0.06051616287730089	0.07706625081501421	0.09204257410380581	0.04450816847155209	0.045368972730620176	0.04788214771720367	0.051368323593524716	0.05119448504237173	0.048486988021640046	0.041759905774016955	0.04075715829077181	0.042996354489140395	0.044311372448175894	0	0.04125081207051375	0.03645783181216631	0.04610815418121358	0.05510924046837348	0.05764009026003772	0.09650893177064505	0.032246958335454795	0.03742418195944508	0.04416316699124027	0.044706019372192464	0.04215808263183387	0	0.05798606657088695	0.05447213585521465	0.058461248978227624	0.0626960500225435	0.09858877257922974	0.10228134543472167	0.10554481063049716	0.11417649406124497	0.07829842718250817	0.07860396208117366	0.05732910479979424	0.03764562893426784	0.04763096407206654	0.04250970913095149	0.03687348952984429	0.043304137679024676	0.04428974351953587	0	0	0.04802998948529615	0.0469370385981498	0.050626190432086236	0.05266095164127338	0.04913403891722003	0.046100443453892775	0.04824256160405021	0.05138568888386946	0.05414643758762318	0.04455252367165898	0.045380299957343176	0.050867794614646425	0.054856851485904565	0.06307136177184215	0.06220007890531833	0.06543619944236682	0.07004474187115889	0.06387869595017813	0.04251292629046003	0.04664773031243283	0.04988284874903174	0.04840286291663984	0.05198534937433818
3300047160_106	0.09253900181703005	0.11632408820778181	0.1106672144031847	0.09726691698866297	0.0721465102004138	0.12610234930456046	0.15986425900261972	0.1526712251748945	0.0863728712355392	0.09380800381166855	0.07254259969236862	0.0719308335802907	0.06487199536895959	0.06001571205397152	0.05975346597174321	0.09736071029957553	0.1020261099433598	0.10229724653751508	0.11623930447522185	0.14444265685827584	0.13882619833047852	0.13851116057662918	0.1378165670351896	0.1475595744213034	0.15317665742662356	0.04890131953474105	0.05187657274899904	0	0.06043150231794063	0.05875994344413589	0.07268235977670667	0.0673881387271613	0.05992382555151129	0.05419534239548239	0.05625986996371754	0.06035405595316321	0.08438641971179743	0.08016729888794111	0.07925482054255271	0.08231614710962526	0.0965828269688443	0.08653427385794796	0.060243948072808036	0.06627292320291168	0.07309055211544913	0.08117187172577689	0	0.04970500928630674	0.05747196867105699	0.05877929741534901	0.06333721172846417	0.07220330171530646	0.08271284312800094	0	0	0	0	0	0	0	0	0.060148392769114524	0.05523768106456876	0.052259917380529125	0.062415115321345624	0.11028512187888254	0.1105575063962247	0.12239890240108194	0.1095841755379499	0.10738252801256164	0.11044718284648554	0.13061810814614358	0.07319567855815011	0.06989186858003832	0.06752248170491404	0.0719506782426989	0.07026541895865629	0	0.05807191636893753	0.05336385806826706	0	0.10351652724004475	0.10520860118122734	0.07787922465289289	0.09324616549301529	0	0	0	0	0	0.10097021111670086	0.08704647642119467	0.08333024191285933	0	0.06807332009583567
3300047160_1066	0.43724351374199055	0.4116574431711213	0.427917711765908	0.4370613191324709	0.44956499685919105	0.37850947844795513	0.30629105080600305	0.28595762478662323	0.40628897121291646	0.37496664104972943	1.03899504792376	1.0305345510283226	0.9203855263086353	0.6721196864070137	0.4204922554788593	0.647188475680537	0.5391944356298539	0.4404808035647324	0.3406626083181215	0.25945877287733354	0.6905467188519193	0.6783533056630688	0.6650266650066494	0.6270764104750229	0.5296409274139452	1.2850071763847282	1.2662689560887261	1.1766776773914003	1.078571162559768	0.9886310443079362	0.6476189155712438	0.6859309318700316	0.7449270502475164	0.7691478707630374	0.7349710208125343	0.6272916781761592	0.549137159351017	0.5538381123097804	0.5301121463651716	0.5397165517179248	0.5188250418530886	0.48377680453851074	0.6047474898654729	0.7767206592916835	0.8927430587089489	0.8820299060307059	1.200348883903774	0.6708605435546208	0.7928250613621466	0.8629883962689618	0.8063083791886049	0.7032566399094501	0.5852703879726078	1.0745887187306284	1.1569663812332494	1.170305653549802	1.1885231110550187	1.1890523146956782	1.1714454019854577	1.1922650665761187	1.1143473243365536	1.1194066917967913	0.952854221939212	0.6650891180174731	0.42095322276823005	0.6335455682011203	0.48949140180248674	0.38847089425452025	0.6794597050825927	0.6280402279543671	0.5432628766560244	0.43252116150296466	0.7881060584521151	0.8033630394704868	0.8228877803298726	0.8084828100228635	0.8110502458715678	0.8059918413283393	0.8446330431288044	0.9001298640385914	0.9824725188460228	0.5961906913285462	0.5770583077074761	0.6576939387274615	0.6543765495819764	1.0204021871196542	1.0030727867142704	0.9834650124183251	0.9361628076239782	0.8381530017756297	0.6266773647140753	0.6814117362348994	0.7190974665985226	0.7967414706632229	0.8030603178416125
3300047160_1071	0.16164832675189925	0.10246449201884147	0	0	0	0	0	0	0	0	0.03965241187272871	0	0	0	0	0	0	0	0	0	0	0	0	0	0	0	0.04018979921652714	0	0	0	0.08136069977923487	0.08749855530768913	0.08633154713933804	0.07530308947948658	0.05064882609566142	0	0	0	0	0	0	0	0.2662408214096425	0.22581920355403645	0.1648222650671045	0.1098158812795186	0.11999231759904233	0.3431102335357373	0.2820185944745131	0.21238301669235515	0.15449382951459595	0.10728977292670208	0.07244779258275166	0.766073898548421	0.8070547508779885	0.7533689756997192	0.6253276765229308	0.6286121309689225	0.4954514079067416	0.3956984841376641	0.2704881400386205	0.05162128866510536	0	0	0	0	0	0	0	0	0	0	0.04573984500934233	0.04375795801722122	0.0414034879684056	0	0	0	0	0	0.043962669393188325	0	0	0.038825799434272855	0	0.039859317381942275	0	0	0	0	0	0	0	0	0
3300047160_1073	0.16885657644241422	0.14341111901878767	0.12094516639138371	0.18617724612906855	0.22642123684178733	0.1377785480491128	0.23497130110217945	0.15128672210952335	0.2163816423610398	0.20881766860468784	0.16363821375932	0.19952944758291355	0.22155187312412863	0.2164897824495571	0.18833211240528933	0.13891950693975555	0.1418570135396156	0.13615481637244659	0.1300208164674782	0.11326027835715585	0.15191527328535886	0.15738998059083498	0.16151599861468421	0.16203879209753294	0.15508535897938588	0.09819594762780423	0.14605715291706628	0.18762770836801737	0.23326422756981316	0.25733787452171597	0.2130401726614311	0.21826991878124252	0.22600816426444117	0.22411023502479474	0.23209429508796955	0.23110441004635449	0.2029689235969879	0.19801728154522472	0.19614923752604382	0.19089719101719	0.1983690784696824	0.18693496450820457	0.10526138783922231	0.13309765170488752	0.15640143911435608	0.16970311698382004	0.2111208028343785	0.17572908789755165	0.20481856577529872	0.22548877816635582	0.24190308754808185	0.24406263256816946	0.2471278194189778	0.22960905290021172	0.23681402461652257	0.24356381511372946	0.24401314307712138	0.19333734403723007	0.18922469607301265	0.19405953728175307	0.19931042448465797	0.22231118259568475	0.24181489491367994	0.23721440953962397	0.20775837082926313	0.23234409583160284	0.2411598509183487	0.21643305620361203	0.18834034717145764	0.19079085759341355	0.1983540878674922	0.18092033194357893	0.2347264804292483	0.2277142615944134	0.23696001778152434	0.2352680938412822	0.23793368135477402	0.22693224368332365	0.22447459012064458	0.22355020015968055	0.22150873588482473	0.15490167632022717	0.15041061773889433	0.15998138496916275	0.16866531111336133	0.31457687887892877	0.31732576347707614	0.3208837732183122	0.31515256451024176	0.31528935451794876	0.18634470907139816	0.18352887624537023	0.1846377348438794	0.19683950081610485	0.19314457670142213
3300047160_1076	0.4011983416260518	0.4748972734400088	0.39868181709889233	0.4490644604220056	0.3838168684823079	0.46687671653847673	0.6975133153645948	0.6301749506018193	0.37250448761662447	0.43051210494017494	0.0881357509055119	0.08465570946797275	0.09354672308066855	0.10677712676870653	0.12417490594459943	0.15246799691786764	0.18780351618969088	0.17863442862179207	0.2390927405741055	0.30916105804043414	0.21836218306295554	0.20833135730745417	0.21574238242019855	0.2268944880557419	0.24801736858465623	0.07321842241746168	0.06758640481603241	0.06673297387516167	0.07523162281497249	0.08060864339632758	0.16089536500045032	0.14948269144823184	0.12027144396129649	0.10115461813322353	0.09874846072022905	0.10435470705228311	0.18076553126754674	0.17738102152190988	0.17160875319656202	0.17005701760919056	0.2024585484641081	0.18188501127979667	0.09298314371330625	0.09812144477715835	0.09926504504380122	0.1210559149962038	0	0.11140588099553539	0.12534986931479436	0.12716900251084642	0.13472975018698058	0.1574592731420137	0.1843506313433759	0.11339639219393963	0.06663957241059923	0.07978522100955136	0.07809709221381397	0.07793516597464303	0.08445813685430159	0.06113162614025101	0	0.0788151939413943	0.08248526523537802	0.08661230727620299	0.11583322094354631	0.2762877628877217	0.31303729204862896	0.37066113236635817	0.2109687783517739	0.21683010603355143	0.22800520919950307	0.2868572240790738	0.17550846729347888	0.16774996023699637	0.15618975954564016	0.15923147676669328	0.14960595597081616	0.16842576966027895	0.14648881432491168	0.13036613654382348	0.11068132602788741	0.19147041280676225	0.20109401871524576	0.11988968631478274	0.17234017418344447	0.09111337947630457	0.09545108294444532	0.08741469127290241	0.08129188582198545	0.07981085998882499	0.22194400523893837	0.19390195687261458	0.1795837118899221	0.15058809472915674	0.12286531566216659
3300047160_1077	0.1964285454005229	0.18436881675762967	0.1927028217739279	0.21152657919671758	0.242036115068256	0.18075340170513954	0.23976869582164828	0.20002807181942497	0.26029267670334927	0.27366737636770533	0.08759456340779377	0.09829340401678321	0.10144129285136248	0.12650410906213044	0.20411095971770624	0.14626236029919776	0.15648579509538885	0.19440091939410825	0.24763114230210084	0.27559857648875047	0.10799945943003994	0.11454069351822697	0.13066148511256426	0.1384502207548122	0.15383982418737174	0.031218236446578496	0.04913896363141476	0.06410430395458803	0.07989587549857134	0.09306862251999325	0.13232741343841906	0.12671647977535472	0.11349230821939577	0.10850782037615425	0.11871254702874774	0.1307725313272878	0.1732325237716654	0.17393590632817002	0.17319082057715793	0.17701426232909123	0.19800151255130213	0.19909501191909285	0.07471025530630912	0.08837168211410415	0.10590919152192088	0.11763936820940703	0.1476961152809108	0.09281295566946385	0.10623873678753377	0.12299312644484678	0.14044619548189122	0.16950593470699418	0.2016526604465902	0.1334379956134154	0.10573078075898801	0.108040129456427	0.11650402878705649	0.12629561061243821	0.1258852815376366	0.118482825174171	0.1343334445324364	0.11927891586615243	0.1306530588438567	0.18674627474616678	0.3034270378414149	0.1935595083839783	0.23825154935828047	0.28788581593223356	0.20279196477393507	0.22103139509356257	0.24815019492513804	0.28833284923572394	0.15434545907022829	0.14678296107211708	0.15442833213239832	0.15768272783083645	0.15829076252521834	0.1501437394018538	0.1394303539809333	0.135489724696355	0.12402758458251513	0.13447056365757268	0.14401895121470698	0.12981733358441866	0.1528848713972999	0.15986622467485956	0.1645960941998305	0.17217207501914114	0.1838662380410728	0.198092122203894	0.1539227819564765	0.15122699072647178	0.1372208410469893	0.1297345336509047	0.11806890791195387
3300047160_1079	0.09200204185962978	0.2885730932455196	0	0	0	0	0	0	0	0	0	0	0	0	0	0	0	0	0	0	0	0	0	0	0	0	0	0	0	0	0	0	0	0	0	0	0	0	0	0	0	0	0.11753720266108075	0.0703866971617382	0	0	0	1.2528822901700458	0.7551527868349978	0.41800621190230225	0.25702442702469025	0.16100120962089906	0.10595141758918188	0	0	0	0	0	0	0	0	0	0	0	0	0	0	0	0	0	0	0	0	0	0	0	0	0	0	0	0	0	0	0	0	0	0	0	0	0	0	0	0	0	0
3300047160_1081	0.11153458929222788	0.13171346343516616	0.09619795767288883	0.08824371176223672	0.08114252860308052	0.09571041604658671	0.09478036168781168	0.09305152775273398	0.11369845930879485	0.12401637408046454	0.04879938841720089	0.04760984515833648	0.04326778744304592	0.03824182290007026	0.03903518072321615	0.0508442685918628	0.055826508037756274	0.05776710374156912	0.07633846884338329	0.094832402026823	0.05417121485477122	0.05192733335368435	0.05347134629082184	0.0589174660737458	0.062180723846650666	0	0	0	0	0	0.033418666146531814	0	0	0	0	0.02649490264426953	0.05043853665825611	0.048069910645776266	0.04824422692567098	0.04853515037188123	0.054726567262386956	0.052022565259035536	0.03137094070942815	0.034505903990592814	0.037458389293039955	0.044182288845913055	0	0.032308584316166976	0.03628787308618482	0.0396898599528552	0.04612489198935827	0.05292245493459867	0.06462213020126606	0.045881989301848516	0.029516148680558216	0.03218157278204036	0	0.04134411353874298	0.043480927043235675	0.03598312881791554	0	0.0380551997051988	0.03670757588976846	0.03732658089598869	0.04927713623591646	0.06334151617579356	0.07305558538087825	0.08314175561826258	0.059596623277657794	0.058881524180596424	0.06449087526391861	0.0746092294701557	0.04985083595830369	0.045375806333208875	0.04532180197017401	0.04592011179245488	0.046571805526717115	0.045923961674027514	0.04145123860918283	0.03900963816919983	0.03398195820677801	0.06312435322328798	0.06471098319740437	0.04880215689760157	0.06021835093710444	0.0290686837489769	0.02982778034697507	0.030188424012169368	0	0	0.05852753245437656	0.05046347458984562	0.0495370278000544	0	0.038971235204802945
3300047160_1082	0.038721174210611914	0	0	0.0635541916087599	0.05147288573354981	0.04176458185778461	0.05743181481353573	0.042219376135560274	0.060066223600572795	0.050012502359174815	0.1302471161721498	0.11920605560718023	0.0797431284709784	0	0	0	0	0	0	0	0	0	0	0	0	0.08115189649287713	0.11070877133750008	0.12959310973762084	0.1000074570135658	0.06936313177117127	0.15977017936244214	0.17452503602810385	0.1794594918676502	0.1598862923777234	0.11135982244414068	0.07767830556464748	0	0	0	0	0	0	0.04846120744303094	0.05935952635782539	0	0	0	0.06341508202318827	0.0658244877296679	0.06225972532362948	0	0	0	0.14903894539871118	0.20384346010732224	0.15809933665514414	0.14367264700533078	0.10106025953690691	0.07842881703390606	0	0	0.08017002747093048	0	0	0	0	0	0	0	0	0	0	0.13513199513653146	0.13369955800167374	0.12365029820302789	0.11888530047618755	0.1121086083722574	0.11418169664554664	0.13217726353766573	0.14678034703969806	0.16634117725018785	0.0662301503089013	0	0.0824292377537628	0	0.1653422587627608	0.13660802314680265	0.12793655099788212	0.10002098366467457	0.07294693018129222	0.07977551199232498	0.10272867599347625	0.1028337408066513	0.11211733095393597	0.11154096676494066
3300047160_1085	0.03584227602884092	0	0	0.03893262038167264	0.0407953251646849	0.04142373283743414	0	0	0.035108734392739566	0.0351548307842359	0.1058508820559721	0	0	0	0	0	0	0	0	0	0.0919232343444606	0.07400291720344328	0	0	0	0.3272269926406537	0.23508147000869903	0.13689523961512773	0.0769526189718458	0	0	0	0	0	0.06669129935369213	0.06127471193569409	0	0	0	0	0	0	0.07242054885161456	0.07029490681694474	0	0	0	0	0	0	0	0	0	0	0.05631997689172258	0	0	0	0.07036594831428666	0	0	0.0683190660134182	0	0	0	0	0	0	0	0	0	0	0.06064009730822704	0.06168682829117657	0.0691423593870925	0.07040159899830825	0	0	0	0	0	0	0	0.05371627507022785	0	0	0	0.061572400179525776	0	0	0	0	0	0	0
3300047160_1089	0.1518072416538147	0.18686669205665202	0.263687018215777	0.17605499915349726	0.1527328853118935	0.1892232036211012	0.17133942079875164	0.21894909133297774	0.17602562918090628	0.19570210721032819	0	0	0	0	0.08381744261141051	0	0	0.13582419098282836	0.18290140361226936	0.28838136532135383	0	0	0	0	0	0	0	0	0	0	0	0	0	0	0	0	0.15363291273097165	0.13647959790254857	0.13683637969542592	0.13770545250753238	0	0.15724522356956883	0	0	0	0	0	0	0	0	0.09124395354177704	0	0.13741182954259112	0	0	0	0	0	0	0	0	0	0	0	0	0	0.1254322559902598	0.15947268741360757	0.15084205487747804	0.17256062724184193	0.1887559151708656	0.24427060701020376	0.09868923222096813	0.09057073635575644	0	0	0	0	0	0	0	0.13901559357000562	0.162802992369874	0.12743329568302886	0	0	0	0	0	0	0.16303012791369612	0.12690553526105497	0.11325014838367091	0	0
3300047160_1090	0.18201708506534722	0.19003044698879182	0.20631119011911264	0.20578136632883326	0.20615335791712178	0.1786230093910945	0.17388250720780837	0.16740838731439878	0.23473235687469737	0.28024370114517017	0	0	0	0	0	0	0.07977756447602169	0.08250176737498269	0.11834045416479042	0.169919048372402	0	0	0	0	0.06809384562474363	0	0	0	0	0	0	0	0	0	0	0	0.08305781400754902	0	0.07656319062247184	0.07817422969152131	0	0.08595207734127104	0	0	0	0	0	0	0	0	0	0	0	0	0	0	0	0	0	0	0	0	0	0	0	0.08271180379670283	0.10573522489809428	0.14244710584311238	0.08506942251102445	0.08517073585244998	0.09716202072729027	0.12644602033098573	0.07866541353922182	0.07046201856355497	0.06956239357996263	0.07030525406985545	0	0	0	0	0	0.0746185399881943	0.07943850356865756	0.05624986652652239	0	0	0	0	0	0	0.09512241993997424	0.08232833370798853	0.07581781733163759	0	0
3300047160_1097	0.12996688444598867	0.08222715968818606	0.08932263475243173	0.12584223271989617	0.12504973659261348	0.10523357451155209	0.14759051022881467	0.11418868811712221	0.14418551467991436	0.13424141837394055	0.3767018315133573	0.38652218482945694	0.2989388847908126	0.16214546884319647	0.08381239383340061	0.1424337004383249	0.11417534989779735	0	0	0	0.2899339979674924	0.2797070938857661	0.2560179655583567	0.22292388183113152	0.16493507373543323	0.20638773430594412	0.3207547628964819	0.4100095762983199	0.36082876963667915	0.25274072824533433	0.42890759676579415	0.4665754480849444	0.48438690006767043	0.45301619499470885	0.33058396824346487	0.23478422956854364	0.20627247351809055	0.22064080219034327	0.21049731696778406	0.19202784865917696	0.16757856467070675	0.16018729503121193	0.19319097452116038	0.2440793432077392	0.24858128022089968	0.2054119363174981	0.26629168573935946	0.24376425391268008	0.27004346034796245	0.2480858315613617	0.21017578650000124	0.15305547860654503	0.11599495983620829	0.5018449642500474	0.59875140893096	0.5605707408560431	0.5126390122323936	0.39186554366228127	0.3255285087851164	0.3132576306551922	0.2350073085274925	0.30311398132872164	0.20517599906251688	0.11623714008354809	0	0.14199958666921136	0.11494184926096951	0.08480366519292042	0.16582040438432863	0.14522956035596257	0.1220407661036234	0	0.28268513872079265	0.28202204117672824	0.28636753437017093	0.2690256803492083	0.24438748894869194	0.343827079728223	0.3945748578853729	0.42529668848438434	0.4781872966567964	0.23480519164612926	0.2329117049196512	0.2761338152261323	0.2579697911337292	0.4371441953166354	0.3931525000029309	0.35045691369881776	0.2894907522356853	0.2163274359541367	0.22987395058005283	0.2712406085523257	0.28608378218685615	0.31781985917822425	0.296358487775433
3300047160_1099	0	0	0.05295826695570979	0.12005572221109415	0.08763897423513188	0	0	0	0	0	0.11052290868291605	0.1065010678184954	0	0	0	0.09642672549958672	0.07827133186506166	0	0	0	0.08856603318009464	0.08482782044316722	0.07791992403913912	0	0	0.09729143098805142	0.1532904729120306	0.1878189277644351	0.14905025296682062	0.09863920972359626	0.06613378152534193	0	0.07084424409238514	0.071440759071859	0	0	0	0	0.07350555318808526	0.0734953016889409	0	0	0	0	0	0	0	0	0	0	0	0	0	0	0	0	0	0.06772486626926869	0	0	0	0.07447770186649141	0	0	0	0	0	0	0.08659670019420923	0	0	0	0	0	0	0	0	0.09177046616286476	0.10137637563366507	0.11423116957018233	0.1330350621906239	0.1248597472927799	0.12341261116971733	0.14903226420658996	0.13252978040981456	0.28125714112752437	0.25240155253436775	0.2258533165596312	0.18914187730766063	0.1451326833787454	0.06738992952267131	0.07571382226172273	0.08123096220154191	0	0.08297683767551414
3300047160_1115	0.053743671744968524	0.061715717766334346	0.05339540502438234	0.05677336591743068	0.052300055537450194	0.052493733169803034	0.05482607266020226	0.06229699695472955	0.07293404688910718	0.07779525544514887	0	0	0	0.054181588232359135	0.08238924360860045	0.05373637423881219	0.06667052971503047	0.07640155539281061	0.0885257288831907	0.09680872227690925	0.051690521342052084	0.05527004601634164	0.06409632957261405	0.06630188163930623	0.07662984152633923	0	0	0	0	0.03951562884299881	0.05116801000370545	0.05142603470790363	0.047964773805554715	0.04737486959108214	0.05308301825730141	0.05860848890847121	0.05460018216266427	0.05592700692767859	0.05506681526838622	0.05594828256118788	0.06315451935884096	0.05942018723672431	0.03211975643572279	0.035940203460551656	0.041674949459690726	0.05009633532873512	0	0.033077461060466586	0.03687814777806494	0.043045649508780356	0.04745104534957945	0.05716908231330109	0.062481534690618665	0.046035043230798246	0.040620942399469506	0.04113516680634598	0	0.054858238578994266	0.05886586495873796	0.05234508250932352	0.060641297942928024	0.041126064714504806	0.053000363256829074	0.07807953248939566	0.10402115494021769	0.06459450686743165	0.0803855508488349	0.09132095031534421	0.060095717818428804	0.06667439990495634	0.07380709837468906	0.07976198659031301	0.053600622543725794	0.05151875557423117	0.05101767321114651	0.05329722500147336	0.05493408262377042	0	0.04809360287716951	0.04684376499780869	0.0424796817302182	0.05812445328541023	0.061832880652219126	0.05691094840759037	0	0.0476991953529214	0.048832592200308216	0.05125555056938234	0.05351128444129083	0.057276896296502906	0.053501455711883666	0.050651879060961996	0.051316911563264206	0	0.045791012087782496
3300047160_1122	0.03674168800411027	0	0.24009570086928828	0.0349118841866014	0.05187866349515974	0	0	0	0	0	0.040565291624377824	0.047274881309816975	0	0	0	0	0	0	0	0	0	0	0	0	0	0	0.03728197442553153	0	0.045974954542624034	0	0	0	0	0	0	0	0	0	0	0	0	0	0	0	0	0	0	0.032174297949155335	0.03716339857850183	0.036029815241447626	0	0	0	0.11298899399178187	0.1296873895495689	0.12356019255060147	0.11557570577043721	0	0	0	0	0	0	0	0	0	0	0	0	0	0	0	0.06505011861754856	0.06752818424056681	0.06546639920493755	0.060809421987620633	0.0573665967091548	0.08393223226609295	0.08661012486453853	0.09437635689534253	0.10110003460047545	0.20663011362357203	0.20051165683092773	0.21617811690331865	0.20667389979851028	0.1246819896129125	0.11480281228929315	0.09955754774191822	0.08585092187284776	0.06963932972046583	0	0.037422749668532804	0.0408943751946455	0	0.04215074500749739
3300047160_1125	0.5559309471685788	0.537928037058445	0.5291054233225232	0.5161268232265126	0.5053183633334565	0.5076063194919057	0.5622857847919652	0.5756431072081768	0.6260433410427149	0.7162142201611197	0.07316172961968659	0.08924847420094521	0.11200508536421333	0.1276081280545078	0.1600118586640232	0.2284316469897468	0.2651759388139859	0.28775598649902817	0.37742781687883853	0.5065843927684628	0.2589539473842441	0.2568903674571096	0.27249210823568343	0.2909771963002105	0.3163339061380837	0	0	0	0.08213131554969576	0.09736292201695898	0.1918163417531395	0.17830569160017767	0.14748876710432926	0.12600079446680965	0.1284294932943913	0.14037379915016288	0.2692100767033786	0.2601379238444138	0.2666151557153332	0.2644932519933862	0.31380021477897724	0.2854464809045977	0.11943799422985071	0.12778949186142297	0.14013901772758922	0.16409195431917734	0	0.12126057779950254	0.13359331022860976	0.1452332237620026	0.1601431085376011	0.178421808952161	0.22574190087161586	0.208758011036772	0.1294684784251609	0.1510205043861267	0.14446168613179888	0.14337547936689252	0.15805176800544551	0.11941646382371425	0.12891656983488325	0.09931735557040103	0.11723505313228917	0.13334051607454767	0.19353916540495894	0.29493680459145116	0.3578380724517644	0.4539747214666084	0.3019507037276451	0.3050016549667264	0.3484972046980247	0.42987318746325487	0.24356701802720843	0.22942153053751088	0.23300633332575504	0.2349312350550479	0.22369213253850992	0.2288833247251245	0.2023814453345361	0.18987482965598584	0.159253010648848	0.280192135384419	0.3039267679517838	0.20546056514119518	0.2569859843116178	0.1652588912458035	0.17461133739664203	0.16445454540356952	0.16048039585268822	0.16109983258483174	0.2961251261538718	0.2696367442280403	0.24534980543162352	0.2199969903738055	0.17726990679417057
3300047160_1132	0.46758347187805355	0.4405636977158741	0.42313265019871943	0.6276025293518369	0.669709156760215	0.45119473902780055	0.5190481180634289	0.3984929195508202	0.5000666244587791	0.5139517794882718	0.2306897767946882	0.2624673804985438	0.317049397076564	0.3688358093168646	0.5384123116358767	0.3180776337111123	0.29869289110212294	0.33848896482472934	0.41089720835044824	0.4476892204496726	0.24726032708056145	0.238079344236586	0.24645089471042278	0.27727943358241713	0.30507299901677176	0	0	0	0.254976323572983	0.33293816968929496	0.3096734232074537	0.28917846996497165	0.27460277095138474	0.2506110368188166	0.3096631781546891	0.32267663162301924	0.36928740410490113	0.37271976318919464	0.3832647465686221	0.4165433201028776	0.47034603683983583	0.4189090179312065	0.21815292467075226	0.26716658161446705	0.27897868715268603	0.3213257557715592	0	0.3161237458452443	0.35942427981395225	0.41118835273444565	0.4592377389788648	0.5561374638690822	0.6078521936903489	0.3137367711175112	0.28391252905902054	0.29357299319318414	0.3136205856978443	0.2738564142300415	0.2927006370273423	0.2778272995693061	0.30621530957537235	0.27652919522975933	0.3459529982883609	0.49778920068760263	0.6965666636853585	0.43185000075332347	0.558190266254086	0.5582696756271284	0.3671550988118246	0.4165870248011237	0.433116562550394	0.47801638865820745	0.45195199328647356	0.43832234443931656	0.4626203555229835	0.44003169151107574	0.45127183038477825	0.5368359046034848	0.4639479336988008	0.428838537172693	0.38029880026909796	0.2834857304588391	0.309089067335068	0.25824511235239955	0	0.5112601330837925	0.523002847965065	0.5402426999327656	0.5324332440413875	0.5912416874486668	0.43896805522745863	0.4213485623361826	0.40763862342584273	0.380197167063219	0.3875662398012858
3300047160_1137	0.46419177153914093	0.51155261794052	0.5680228624854686	0.5336030176369551	0.5174433551197251	0.617213997396779	0.7020807294802776	0.8584755597812032	0.4892594221904703	0.42320166207872567	0.9375658927713479	0.8362249889686245	0.6787863438762513	0.4424690678796992	0.25694413229658053	0.6742357911797354	0.5118569641991563	0.39596821163771945	0.2858348436291532	0.21310887381165833	1.8567107734985437	1.6761095213110884	1.508256318777294	1.351381130971699	1.087972297524147	2.0315885383088825	1.6892078723789568	1.3796863288897265	1.057906510588505	0.8187285508792578	1.8868388901232644	1.9977155255863688	2.174037510359635	2.1460549015686072	1.913750689807604	1.540938911237888	0.7062536306060453	0.7373573514881732	0.7145578326404977	0.6947915237382774	0.6113485676401615	0.6183847886685039	1.1670846450883854	1.166792056281663	1.0595681156364618	0.849279803049232	0.9854891414836472	0.9351838907070185	0.9262182957457004	0.860935311246114	0.7485505276713539	0.6119286920844745	0.46957777849633353	1.0824543494340026	1.4234035012567186	1.2219348153572351	1.1990212412276637	1.400704301185443	1.2297963667836707	1.3129085575045076	1.077036024018792	0.8087963080546147	0.5771138656618864	0.3861303779417131	0.24033746070572584	0.5983144265636482	0.41774680366987293	0.3161380481980872	0.6395010827976356	0.5506381201406886	0.48651434804715243	0.3670961453003779	1.12450557812784	1.1723021019602191	1.1456533338659793	1.115929442840821	1.0747756017707106	1.3204903528026704	1.449704617854398	1.6054599667735845	1.7034546410233915	1.0915169349607392	1.056182549549782	1.3846989454112624	1.2096307023797241	1.124743090499694	1.0618334973494357	1.0188120063718897	0.9102100965170723	0.7610072888277597	0.9114909721152902	1.0145832854863484	1.0674909979637472	1.1932911599342269	1.22388301282397
3300047160_1146	0.37326966002730516	0.24820700283540625	0	0	0	0	0	0	0	0	0	0	0	0	0	0	0	0	0	0	0	0	0	0	0	0	0	0	0	0	0	0	0	0	0	0	0	0	0	0	0	0	0.6297414804530983	0.3975109101895046	0.2330145429546162	0.1529955701010565	0	0.5332883653388075	0.40346062993652476	0.29487558972150235	0.2202988313379573	0.155383766368975	0.11145529200009202	0.4374333542991089	0.38819993208045195	0.4294377737238845	0.4284180029604834	0.40123324136865635	0.4027883693823732	0.32183851648939926	0.3493651703367518	0	0	0	0	0	0	0	0	0	0	0	0	0	0	0	0	0	0	0	0	0	0	0	0	0	0	0	0	0	0	0	0	0	0
3300047160_1155	0	0	0	0	0	0.09593791054539512	0.06546515333933324	0	0	0	0.9724783568636868	0.4747925423939422	0.19601100657401696	0	0	0.2761508009400307	0.2220870009072509	0	0	0	0.2714030002361935	0.24448575805300646	0.1446200668050716	0	0	1.2646780368029626	1.0996864278415948	0.7770884811271387	0.46386564108784983	0.18705090384447082	0	0	0	0	0	0	0	0	0	0	0	0	0	0	0	0	0	0	0	0	0	0	0	0	0	0	0	0	0	0	0	0.2245555606501694	0	0	0	0.1611477653702295	0	0	0	0	0	0	0	0	0	0	0	0	0	0	0	0	0	0	0	0	0	0	0	0	0	0	0	0	0
3300047160_1171	0.5388497209782541	0.6036467912980037	0.5762361377530186	0.6060004672855986	0.6224416759423668	0.5790750019291625	0.5828286631334318	0.6211998167626823	0.7387929643744526	0.6894114107353695	0.7175626126683277	0.8830730825224212	1.1734884033241073	1.3497214045788832	1.275299039945279	0.992626775128902	1.0445021844587108	1.104010789791971	1.0008420334263939	0.8680005175472622	1.062624332660724	1.0971943971469054	1.2189965819576647	1.2469860795934924	1.2710750868917768	0.3396499192334337	0.5444063851948923	0.7393125250179274	0.8887066485741671	1.1965032049520417	0.916259596365521	0.9287075528203663	0.9272822512205778	0.990884425794342	1.040565374261151	1.111593753908769	0.8941812213988666	0.9241192166633793	0.8894892293043941	0.896062490508091	0.9032177534185676	0.8607881004332425	0.5575108718404646	0.7226079736406316	0.8549721450956584	0.9338888485533131	1.2408501647541381	0.5855243630002225	0.709347453815218	0.7913718410849176	0.8673542916356994	0.9420014331490234	0.9677955206142461	0.7900216696581155	0.8294441736529944	0.8181395388308877	0.8083155639438266	0.977989013825954	0.9354815411194194	0.9961032540615802	1.0984282467133364	1.144391437894998	1.3857953773603018	1.5721390955161494	1.4153684147452954	0.9052101574744901	1.0417496000218116	0.9541866889177063	0.8688057675513641	0.9671971258654618	1.0154756935204967	0.8837936273308962	0.9951541311939821	0.9574321382331618	0.9606801163435411	0.9885346397911006	1.047568402248011	0.8781099982831593	0.827043074521108	0.8504832307834321	0.8379510850731723	0.976891381435686	0.9802216608924066	1.051001639641407	1.061825356448874	0.9728371467297076	0.9590979035653693	1.013143819663427	1.004911415467228	1.0720452351476961	0.858115290759206	0.8540390719288683	0.8695994018385966	0.9225283966605236	0.9227448589796303
3300047160_1176	0.12566387079292327	0.15144844948718944	0.14882432713990132	0.13567322911083063	0.14711011228072376	0.16218846392880773	0.14153445906518625	0.1621161096826801	0.13158907678554713	0.14283455461759834	0	0	0	0	0	0.10237511099479052	0.11162667090404364	0.12029412937782258	0.14902536734009808	0.2376378053377736	0.12288758771200256	0.11944585022582713	0.1367090167065417	0.12513454009568506	0.14836688946819537	0	0	0	0	0	0	0	0	0	0	0	0.10299766988530633	0	0.10023760739614337	0.09951016427221751	0	0.10668117614453802	0	0	0	0	0	0	0	0	0	0	0	0	0	0	0	0	0	0	0	0	0	0	0	0.10350804523050847	0.11729541566707165	0.1381611313702047	0.09612420259535831	0.1046844767219922	0	0.12848763954720727	0.08900646271795858	0.08621797403803137	0	0	0	0	0	0	0	0.11701321657640099	0.12057523071696255	0.08111821883087326	0	0	0	0	0	0	0.11402965763696679	0.10229024145603054	0.09778025368473806	0	0
3300047160_1185	0.10823584125750556	0.08447130470526103	0.08432852333417812	0.09084106178170837	0.07887985381343204	0.08695590524330693	0.07628659058437631	0.08791974440378776	0.10314075001101798	0.09330379030849072	0.21962851145183954	0.2015095269604449	0.17247005957932193	0.13709742643528	0.09958115736556253	0.14288661546481113	0	0	0	0	0.1649783033779543	0.1584089504532604	0.153714161669146	0.16593181753466235	0.1522660841877702	0.23601620484583896	0.2593054461013111	0.24459317371908323	0.19921478696689507	0.1697501872167355	0.15322896885983178	0.1721961292121976	0.17257339136091182	0.18463408814319793	0.194848623577168	0.17628339401716617	0.1369954408055014	0	0.13789645447514726	0.14739898393140377	0	0.12992619578264397	0.17351457281169366	0.19792410457968954	0.19469141890837724	0.18138369993533485	0	0.15869071885035077	0.1713048020131819	0.1695585249518794	0.14939718808497432	0.1370071185941386	0	0.18899274281926126	0.21150176727958736	0.21288946991196134	0.21130159883846902	0.17718964035576842	0.19872860840705153	0.20387891332620395	0.18895786397783457	0.23065745770916632	0.19509858542491781	0.16056012391274266	0	0.12161376887595662	0	0	0.13716572315996794	0	0	0	0.20503398229735603	0.1963204115449588	0.21434488626594586	0.20563462229849172	0.20229185260644836	0	0.16508467650714229	0.14489119508946327	0.16310098342749807	0.13177448372136955	0.13180496861968505	0.15053795126956174	0	0.1391926202424374	0.146760077893134	0.14920736691185815	0.1341391711399467	0.14197183077219644	0.11786658217713203	0.12971357799812483	0.1341317006155374	0	0.14336679967403626
3300047160_1190	0.0503521561551473	0	0.08971611780353803	0.056453427184823574	0.05772115877108118	0.08258110097895412	0.05058387606469915	0.10765897178748461	0.05148782953210661	0.04516817008401087	0.275739197335464	0.2229894900662685	0.14477906113523947	0	0	0.0985707974178851	0	0	0	0	0	0	0	0	0	0.13770894743523815	0.1568760142354726	0.15370145866746535	0.10492727193124703	0	0.36589416598983643	0.3810364866745138	0.38659865966415985	0.3326547748432788	0.25685330849134747	0.1861537677116813	0.1143250971676041	0	0.10835695276285136	0.1021278540185358	0	0.08081220691669001	0.1307675394791146	0.14243233239836461	0.13701868189507063	0.10600569699086865	0	0.11124010723243365	0.10310567738275825	0.09996833062759733	0	0	0	0.1890021996731848	0.23822277486136723	0.2056652034487497	0.19775899914256523	0.16066895974268638	0.13661846144773773	0.11603533884893083	0	0.10042328047365963	0	0	0	0	0	0	0.11592411031404995	0	0	0	0.13045913080731522	0.12853013997389226	0.1258684134862222	0.1181936621165605	0.11001589440145453	0.25540219779343704	0.26930005524682815	0.2975184379577017	0.316436907257216	0.16159773917282222	0.14845414514674493	0.19039129102763142	0	0.14897750255776623	0.12358298842576824	0.1124332304999859	0	0	0.16003124969071247	0.1801517199615338	0.19668950481095604	0.20267865326069517	0.19899130865141373
3300047160_1191	0	0	0	0	0	0	0.07316567633981325	0.0688752119457273	0	0	0	0	0	0	0	0	0	0	0	0	0	0	0	0	0	2.4508001737721408	1.2100562248660618	0.5596152065724195	0.22525915572431363	0	0	0	0	0	0	0	0	0	0	0	0	0	0	0	0	0	0	0	0	0	0	0	0	0	0	0	0	0	0	0	0	0	0	0	0	0	0	0	0	0	0	0	0	0	0	0	0	0	0	0	0	0	0	0	0	0	0	0	0	0	0	0	0	0	0
3300047160_1208	0.05815382240339317	0.05950017138959205	0.0745965549974184	0.05348649293836458	0	0.08108853961834181	0.06945381123856335	0.13449515570905807	0.09712741306026737	0.08827406848969448	0.12939674500652673	0.14552299112251613	0.14700489659174631	0.11692272883535643	0.08536717431648101	0.1783039786219837	0.1685106353630643	0.14767814490517003	0.11940741371675437	0.09531250815061498	0.24099177584526701	0.22369230205071278	0.2401800634335037	0.2383608973004787	0.21451894068893182	0.09823044614052523	0.11850365411396986	0.13508001814190146	0.13273892157827685	0.1299779741332632	0.25253608137014105	0.2421644248757303	0.2544015297919162	0.2604646558038844	0.2623475454807476	0.24748367137943109	0.11530855180264994	0.11923951335124801	0.11573351343325408	0.1162212192470941	0	0.10834733497839902	0.08952699732998858	0.11326044826799962	0.12573338119743452	0.1257436732369099	0	0	0	0	0	0	0	0.10287540421379646	0.11149547197711218	0.10317369365371322	0	0.10676427542898634	0.09616845404166333	0.11207625606986131	0	0.12490959464664575	0.11562674800653676	0.09643259442638313	0	0	0	0	0.09345696479654599	0	0	0	0.09848679362970854	0.09536175857151953	0.10763898768353035	0.09926414995150591	0	0	0.14911878889276456	0.1421177716327723	0.1471582918263223	0.16493597897564344	0.1758187031814315	0.2019940187439816	0.19190191043364144	0	0	0	0	0	0.11098099732049874	0.11894435260441553	0.11954385178005934	0	0.137814648693553
3300047160_1219	0.37186462803443787	0.3151551932043126	0.3140375933335719	0.3197428358797503	0.3048511209652937	0.3788507292524356	0.4811587206923639	0.3926378924806442	0.4390120327934586	0.4151740107011191	0.45614417868503143	0.5024942026748858	0.5316170967790084	0.48164367645125994	0.38553201343617954	0.36402190624459485	0.3357015699861272	0.31392662681713107	0.2773616071808489	0.23156134878961235	0.506588915939361	0.5084128327032718	0.5200300968955863	0.5350498073183865	0.5161747251067528	0.350047367872613	0.41344106113092155	0.49750174125544594	0.5399338551945211	0.57686584647596	0.5645239338611799	0.5624411195927881	0.5977743743353297	0.6083931816156666	0.6342378316774252	0.6118989902721871	0.36882263402246496	0.37837834444153434	0.36277289592042533	0.3689471442059359	0.3862063008661021	0.3492525907167617	0.26271906867032163	0.3148907729292657	0.3632123588337196	0.3935059168911019	0.4460262616604408	0.39705522224265405	0.4629219154046324	0.50782058056686	0.5248070823934929	0.5144183372983367	0.5057189889602582	0.524927596381787	0.5620289727705814	0.555772812476262	0.5614501008472305	0.5597563773373435	0.5507465474274859	0.5990064030957225	0.602676267449338	0.4837791264626335	0.4796916645702172	0.4155035252041488	0.32662277534587236	0.4682530170720533	0.4230326412846845	0.36752272242402256	0.44361269381752383	0.42526361422417536	0.435748269840351	0.3762519437491761	0.5207565899187415	0.517439407821461	0.5393846933921236	0.5375288546443441	0.534053250289004	0.5488709357005167	0.5468336946970483	0.5430683327896665	0.5702426073736622	0.404520330089699	0.4064987450862213	0.45141587458184035	0.45071413628289353	0.42087349659791173	0.4281911492109083	0.43358656857370237	0.4243532928593528	0.4222348173047272	0.4634726720524032	0.4742832728352159	0.48687793516189076	0.5220759980231272	0.5194999903057804
3300047160_125	0.44645562102072334	0.32625497025389816	0.3761607015291635	0.4652102215204639	0.4284417034672792	0.44716508225012247	0.5169035490108288	0.4878958722838462	0.46389303083930866	0.5278027431009465	0.06609305410753666	0.08221644379413881	0.11068447205541943	0.12486851139133569	0.1751698152390419	0.18302060470932374	0.2167108927335743	0.23726594341850726	0.3140739942046848	0.4230929124207976	0.2415261401245268	0.24181999438469742	0.2547211220338776	0.27353553662377544	0.3049873243640286	0	0	0	0.08608401235573458	0.10664965463595395	0.21095516595939245	0.2012560936501318	0.16704612869729865	0.14986398744505364	0.15899796067767447	0.1659704872193416	0.2684222656694924	0.2690626931746442	0.26145916583232226	0.2660642120302542	0.32064794831804316	0.2877264447395706	0.1170995650470599	0.12226331263478908	0.13798748932575544	0.15889805559091078	0	0.13621345218532963	0.14347764070307392	0.15807029645907786	0.18255879995379268	0.206594836839126	0.2541461548807335	0.20211154664954373	0.13322709854301518	0.1525062541665306	0.15098904132945667	0.10634640107814575	0.11674939270640577	0.09241244765426256	0.1017264828625351	0.09880601340508711	0.1169763756920174	0.1399451090089275	0.22468726605470887	0.22953696343812158	0.29465290465320704	0.35123531324004026	0.22474837143482088	0.25216103341182594	0.2754286136300308	0.34993324809680887	0.27142374863616064	0.26270414856087176	0.25146744827324796	0.26547834482730287	0.25247256276206453	0.26433420593670454	0.22932726480428262	0.20337251470472817	0.18058198391680885	0.24053337074187334	0.2532265739833903	0.17653804982449997	0.2222149826549297	0.1769503977391962	0.1851475306254452	0.18188280581115018	0.18614773302939527	0.1924160618781326	0.3117818429416561	0.29038000166612843	0.2657449982699548	0.24657889906148114	0.204375824842255
3300047160_1260	0.1180341409976184	0.16971451338527532	0.20617126825979293	0.18268707047706814	0.15270606079081267	0.19698464737711632	0.15552130905897082	0.21011407789711767	0.1992275477259226	0.18458329166632828	0.6348401130931887	0.7226244313415051	0.5671535746877227	0.35598624589440175	0.19777848931316963	0.33074236122535344	0.2766256791604933	0.2225471088989182	0.16382984214350652	0.12130503466423523	0.21933108652880304	0.2162255292885099	0.22291744476065994	0.19950012971270498	0.1568125934520705	0.23251071386685934	0.3763034398883912	0.5037364011895193	0.48923017627047466	0.3913626313363905	0.66639901831326	0.6940642082453835	0.7355346160030745	0.7185920569347111	0.5817563482410666	0.4371742913920426	0.5296630445215633	0.5165705882592482	0.5146280161843251	0.504030810812506	0.44873227892678225	0.4127838077531553	0.2808893817177744	0.34791671511667815	0.37185012186984173	0.32281426470230323	0.43477868768925576	0.3542517734815799	0.39471414794831877	0.39937866036735936	0.34503272004530333	0.26698696583172593	0.2155058699532658	0.37162458934256626	0.4017581975386239	0.4150497709969992	0.3988194874117076	0.5804368464167093	0.5288056949587341	0.5084119407120108	0.40691033685319405	0.4175326966611727	0.30199009923460984	0.186979760945304	0.11274558329901097	0.21569011515106296	0.16675913676765566	0.13412086186897831	0.29486456788214194	0.26757406318110644	0.2314822462919949	0.18283492971224144	0.28097123806357815	0.2753818480094816	0.284766233658703	0.27418046171466587	0.2484919232550286	0.4415966149177637	0.4976406334871206	0.5471693203433341	0.6058289742588866	0.4126411831184642	0.40841845157165296	0.4489508225244459	0.45306576101469775	0.4175156471924692	0.39745619515851127	0.35646865810025147	0.3151941982373449	0.25770054170386125	0.38791988096702223	0.4293348521930817	0.467919501062477	0.4978615493681775	0.5004183745946277
3300047160_127	0.038175934817569084	0	0	0	0	0	0	0	0	0	0.09262981724444057	0	0	0	0	0	0	0	0	0	0	0	0	0	0	0.1282402362262317	0.09007377359526487	0	0	0	0	0	0	0	0	0	0	0	0	0	0	0	0.3200377253187387	0.24833451320054456	0.17404475240103792	0.10550969160496297	0	0.25133614288914136	0.1882971816378764	0.12256777928533295	0.07835851790654183	0.04590398497019235	0	0	0	0	0	0	0	0	0	0	0	0	0	0	0	0	0	0	0	0	0	0	0	0	0	0	0	0	0	0	0	0	0	0	0	0	0	0	0	0	0	0	0
3300047160_1272	0.15027543902387208	0.29072034231101995	0	0	0	0	0	0	0	0	0	0	0	0	0	0	0	0	0	0	0	0	0	0	0	0	0	0	0	0	0	0	0	0	0	0	0	0	0	0	0	0	0.537314845641579	0.34370778369387284	0.19910894940503343	0.14580952989113144	0	0.17623245604305357	0.12115311525833591	0.08494748097078786	0	0	0	0.13164100371144438	0.10159173865230813	0.11454553981296424	0.11657013758634978	0.13494319133428703	0.1551418854205073	0.11077439905847097	0	0	0	0	0	0	0	0	0	0	0	0	0	0	0	0	0	0	0	0	0	0	0	0	0	0	0	0	0	0	0	0	0	0	0
3300047160_1283	0.2948730220557	0.3263146366696702	0.5326386566636322	0.36548024826637204	0.43124686294457165	0.4845546297990059	0.28768115434326386	0.3670806854775974	0.2221521285592109	0.22470924883862334	0.5372103069463058	0.540718395933258	0.5917378256752159	0.6352324306167261	0.6080809260475686	0.6116838737665073	0.6128275953493594	0.5748305050262614	0.5454943164365688	0.46247721745318604	0.5608647650037861	0.5809242509628314	0.5721580117284774	0.6050985563436986	0.5949973337393678	0.3908984579816548	0.4799673217404076	0.507570673199452	0.5234796349462125	0.5700018246042923	0.4739304148021397	0.4770653995931336	0.4848688867419913	0.515535901230819	0.5450460865157228	0.566725438121414	0.3818564538879613	0.3898588136969091	0.37836921752132074	0.39177794119808457	0.4004297567622121	0.3845883361537125	0.28184733538074	0.34166158687105724	0.4172172905367958	0.4513314581375071	0.6716465612859425	0.3141438785249806	0.3655125030833467	0.40706376205143197	0.4368155832287578	0.464044040884215	0.4571410746229246	0.38973798309176994	0.3883145991353148	0.39233327695039144	0.394297057025353	0.426236788187465	0.42348341243148185	0.4494780704975434	0.49905098833531264	0.5546869538019056	0.6003837110824283	0.6190845507130551	0.551813088344466	0.44361425695516477	0.42634194180423585	0.41336385707417095	0.6378135079460777	0.6194796836540408	0.6107799557810595	0.5932122177700471	0.47841424448140474	0.4798542070089587	0.4983709928212612	0.4952057415576692	0.5162313384165057	0.5080283572710241	0.49387148863410657	0.5060441476158809	0.49607820523033314	0.4768197905111409	0.45244563352148504	0.4885531110141877	0.4973689861525148	0.5621597028274119	0.5948507418675645	0.6120825254833289	0.608637377017972	0.6344843564611451	0.6152708034053479	0.6033997872110672	0.6136119429902961	0.6741454360161915	0.66021651087005
3300047160_1320	0	0	0	0	0	0	1.2971739791829455	1.3793584450663536	0	0	0	0	0	0	0	0	0	0	0	0	0.7248310505827754	0.6970155193333166	0.717800541035897	0.5100572119088574	0.5635510355062018	1.310566038796469	1.460216286942803	1.4890320995487074	1.4188545601102374	1.1558798842217326	0	0	0	0	0	0	0	0	0	0	0	0	0	0	0	0	0	0	0	0	0	0	0	0	0	0	0	0	0	0	0	0	0	0	0	0	0	0	0	0	0	0	0	0	0	0	0	0	0	0	0	0	0	0	0	0	0	0	0	0	0	0	0	0	0
3300047160_133	0.1362056023720395	0.15085989118807125	0.31591036795697264	0.21354901606091287	0.2198467883426666	0.2616887209430997	0.19667257433235757	0.2759518869873763	0.1815993722269366	0.18848447725560502	0.2847027655752803	0.2924778801499896	0.27173938747517945	0.2612240454450091	0.2908239710460565	0.30896665656858974	0.30423996682735227	0.3192374984679746	0.31282670054039197	0.33266769227659665	0.2538603443442445	0.2452062266553372	0.26014511360217735	0.2719905065264609	0.28818440361859354	0.10879860090189498	0.14209405667555963	0.17369159423697442	0.16678763301519992	0.18348578799146106	0.21818987179376692	0.19590516506839792	0.18619225478197532	0.17717651317601626	0.20726194887195357	0.2203699490478398	0.21034347106175358	0.22123695643287544	0.19425304280092612	0.21719718093166307	0.25505823287714074	0.20510164650831003	0.12583327535760902	0.14146454145134824	0.16562535677055967	0.17299736078312028	0	0.10857322114376132	0.1256483254273155	0.1337154673248274	0.14745716051615823	0.16288798095112184	0.1724669624538344	0	0	0	0	0	0.1206280125561443	0	0	0.2909455552369561	0.2852560297428977	0.2943326193704859	0.328168870965834	0.21586433464959	0.24379157017375366	0.23323028070299767	0.31735685206789865	0.3385419407232948	0.34142165877958697	0.3472073112830139	0.22863950095125588	0.20968816138564766	0.22317810742850738	0.21868875377381988	0.2246149691378859	0.21777320163174999	0.19632109488298158	0.18231737803020312	0.17346141202676973	0.24292378852624466	0.2447883970375988	0.2141335023825715	0.24015335504865304	0.17112862140808152	0.17497563272840488	0.16559887159570597	0.17606367666666672	0.17599394497265228	0.24180412789773587	0.23572952011013956	0.2213886347048649	0.2241965315468779	0.21717927866817
3300047160_137	0.02338875838693294	0.03632656925989867	0.028754158491404624	0.034778139531713555	0.053050561367076324	0.044499850348594404	0.0645100267659706	0.039275501319202086	0.037761077366411794	0.03722464202300472	0.10863062397461756	0.0701022759205847	0	0	0	0	0	0	0	0	0.08104236867473297	0.06932580334381734	0.06192335221085266	0.05357134972682094	0.04641388565530807	0.22201910000957933	0.20098946025888897	0.1433277293389739	0.08073381157358772	0.05069388114509481	0	0	0	0.039906132236674836	0.04366440646056527	0.044586882821689246	0	0	0	0	0	0	0.03500463061714709	0.0360739117409951	0	0	0	0.03418722648179234	0.03777722369033124	0.038381448889901054	0.03928748947285602	0	0	0	0	0	0	0	0	0	0	0.05533131710348295	0	0	0	0.06444850580170143	0.04898502006253287	0.04342690261359398	0.04656917114799527	0	0	0	0.04066321485680318	0.038697740157912004	0	0	0	0	0	0.047869006007300784	0.046743492997395955	0	0	0.036759152752368	0	0.05596382845301528	0.0537198215577929	0.054447676199137374	0.05700906812751776	0.061210183913152943	0.04667018792230221	0.0475530103186109	0.05027053496212718	0	0.04813799185484631
3300047160_144	0.14767211302384994	0.14230981212211524	0.15888913811781907	0.210837176662678	0.21738395418683412	0.20810077181828346	0.2683142455235881	0.2441643651972776	0.16866700873290466	0.18857397710245496	0.08126147926545957	0.062126098830642476	0	0.05574958521021757	0.059185886879426206	0.08423945849771786	0.08785403108203876	0.08429173351563564	0.09650357198809384	0.115133632474288	0.09896233539288646	0.09592307430773012	0.08973965938346805	0.08752051850423923	0.0905502067103541	0.14141468801212953	0.10448183597835477	0.07738741285830597	0.06690179586183365	0.05652546926432927	0	0	0	0	0	0	0.06374350055921511	0	0	0	0	0.06133294899445692	0	0	0	0	0	0	0	0	0	0	0	0	0	0	0	0	0	0	0	0.05657067297765699	0	0	0	0.12584708767958122	0.12341469367039151	0.14185968313060052	0.09007420764038625	0.08933158041855108	0.09310104169852038	0.11034911529581054	0.0547532288021107	0.050107898500516064	0	0	0	0	0	0	0	0.06280766742863246	0.06255267712332604	0.04026438323265568	0	0	0	0	0	0	0.07641239051666072	0.06513643601771041	0.06022535605259302	0	0
3300047160_148	0.11868830441849096	0.0869672296059611	0.2537869643518317	0.0916611933711493	0.08175329716396364	0.19209874611489028	0.10610069417136396	0.38483719288391605	0.1859489646326811	0.1737160699080485	0.6400965341791444	0.5196871999521618	0.37391642853273627	0.24556169550357135	0.14183719843349568	0.4214191558239775	0.3195126050984235	0.22377145978884275	0	0.1370684318232831	0.4251279367715564	0.3858360514579674	0.34268776391196576	0.26898980932802014	0.21906317201558426	0.39305606164598056	0.3912227727242248	0.3542413341820214	0.251446119214228	0.18417102546568723	0.8647192185163329	0.9587091184227903	0.9732191659141172	0.9661162514099098	0.8148312689364714	0.6630878789667869	0.27654162789003095	0.26775498831284217	0.26206254866455697	0.2596299102626159	0.25149859972064226	0.21917968843504296	0.25022195186707635	0.28423107900587063	0.2568982115831902	0.24155073911699626	0	0.2539469969099518	0.2729079064900363	0.28528853581190655	0.25145096330911776	0.2114688485159143	0.17125391705401197	0.26916162865561843	0.3139966548404541	0.3166501177701703	0.28896058191637675	0.22399661007712537	0.2160549134036332	0.18957261812171985	0	0.2120492779988132	0.15256982372294609	0	0	0.15536474488041746	0	0	0.31381134234986596	0.2546909864986413	0.21976580861696607	0	0.22462893822614605	0.2238932393111318	0.21540215804204432	0.20872867632117145	0.19932219337748233	0.4697858692593911	0.5239038877762328	0.5451300436693286	0.5916980475086453	0.35391994159579643	0.35688777841491465	0.37366023670526477	0.3459347079229881	0.14844233732695736	0.15542907404412812	0.13719719660491347	0	0	0.3355335430592887	0.32710571494360646	0.36048358422871124	0.4041592902780458	0.3943121519207594
3300047160_152	0.6773268376742763	0.23713020157283796	0.19811820377507017	0.2565377217581431	0.11802819967005267	0.07188471962224703	0	0	0	0	0.09357841808312653	0.06539820569617391	0	0	0	0	0	0	0	0	0	0	0	0	0	0.048424586675859076	0	0	0	0	0	0	0	0	0	0	0	0	0	0	0	0	0.45159597674432606	0.2928611100296274	0.17763832667196428	0.11015815614185274	0	0.35640446913827795	0.28106387685509443	0.21333407773660656	0.17496299610514146	0.15455473146584095	0.13243645551016456	0.7259320440444881	0.7374062074221476	0.7205393210649523	0.7416309141923142	0.2833735679121123	0.28834586816119895	0.2769675131938429	0.28683661050319825	0	0	0	0	0.06561785319973396	0	0	0.08634432978518825	0.06268126052543666	0	0	0.515377789250261	0.5231541889082718	0.5307648634271136	0.5276726658836923	0.5406585051316131	0.300320599211225	0.29309805104726816	0.281013463791366	0.2824107281255134	0.11584108552340196	0.11020620085121682	0.11452517698465764	0.11610349298489613	0.12302752144212051	0.12189644977647694	0.12669025736254982	0.1216516314728619	0.12956589530754378	0.08045319513700248	0.07730956832305413	0.0778927149179235	0.080705886774789	0.07970603410040483
3300047160_164	0.06693799823136287	0.07656947415562326	0.06608866354995947	0.06287742286298807	0.06449820215157549	0.0690346994085244	0.0630804334836157	0.06790608363104494	0.0738429441213445	0.07219713431595436	0.16267334794170252	0.2018916702107405	0.20049466031755284	0.14676024194085543	0.08950576887534262	0.15223459120416322	0.13206288770438895	0.1123460815237618	0	0.06172822771909439	0.19991220356592668	0.21017396286791493	0.21437431846250488	0.21988482725059763	0.19430927624926395	0.08012578377001807	0.12953606145713717	0.19076180165816076	0.22163146262767766	0.21958706928013713	0.15630651135431742	0.1647336214002314	0.17845101990011894	0.19000508358833118	0.18016964065324292	0.14365521939820994	0.12254211843458437	0.12420564542570936	0.12210106958984597	0.12199245969033369	0	0.11256662898829603	0.11950102570195498	0.15841547843170065	0.18079151363884846	0.17321349155600554	0.27941660956553044	0.10978651362406627	0.12456326546666815	0.14157218337248265	0.12311175630697069	0.11213354756140267	0.09425311433444034	0.16687347737447825	0.19267395360521172	0.1937015066548148	0.19058232402370573	0.22354985728646862	0.2079048654475548	0.21676162660564757	0.1962912145189165	0.25871483975082016	0.2094299351137199	0.14468631141088387	0	0.10926657678339957	0.09315223538420543	0.07450754477317313	0.11413369059202981	0.10925941534184638	0	0	0.14426922376408202	0.14332382000919403	0.15035502820644414	0.1453877650427311	0.1474558051291606	0.12899974245599027	0.14071503505629868	0.15182194173993796	0.16865763185698177	0.14928943721586896	0.14233380549602126	0.1795982086767821	0.162992350394036	0.15915430674996142	0.14787427838139341	0.15025893065513818	0.13585932453194255	0.1231027950468097	0.10939326206595458	0.12373566704350501	0.1273909106642196	0.14442493319049152	0.14952561707839276
3300047160_168	0.02216283199372313	0.023215833104576804	0.030879959004414502	0.02432953149026011	0.029879954143107287	0.04228904033932417	0.055413754796931676	0.053695480936137345	0.03530164874958811	0.03444405415635106	0.04594098588355208	0.05056613687495853	0.051474445768740204	0.04609458480007624	0.03737811870125044	0.04811017607546679	0.04442508826484457	0.03991541613539636	0.03379247807033073	0.028499611474318596	0.10256073310566029	0.09790598151833275	0.10103043108129883	0.10015139479746835	0.09700129709701306	0.04358115180038513	0.052580536315994034	0.062011471736233115	0.05980546146758006	0.0600852887045825	0.07069523454938237	0.07229239767235611	0.07228354630165697	0.07277337310339613	0.07274752564031925	0.07535484244890812	0.05328143163930866	0.054581779467018296	0.052025920403734924	0.05194484757304135	0.050439753730075365	0.0493824650316428	0.01935398044464675	0.023044813260371232	0.02771088571094454	0.030141219048562883	0	0.020983458521927578	0.025285537869406353	0.026745351686821225	0.029005658310384784	0.030340772009518305	0	0.02931449673629834	0.032973583828917206	0.03150217559458374	0.033119460958961934	0.04202034235310939	0.04196046544726342	0.04431621632829387	0.04670834033541026	0.03851650735549054	0.03582089741068922	0.03179414660706013	0	0.038808556244945454	0.036336601397789166	0.029962418510818975	0.0392835600941918	0.03997011390817418	0	0	0.03518268954816923	0.036073414121209596	0.03601800099854539	0.033663243583891084	0.03371804792541455	0	0.03775589312628535	0.03955587498000518	0.03836292241502503	0.07791721995512296	0.07749861936208742	0.08240153188820896	0.0819092765473075	0.03561858587950603	0.03396061542321495	0.03441481555643156	0.033018701648468256	0.032392695796714936	0.05134909295715349	0.05309640233891775	0.05364820279498442	0.05742309935763314	0.05835175383407374
3300047160_185	0.5096556785213607	0.3647722569813648	0.0860663325414019	0.1159345317382782	0.10166343630744637	0.08998102981248372	0.10682992919571108	0.09702899837983416	0.10171538640829536	0.1139635519066461	0.0451316189903444	0	0	0	0	0	0	0	0	0.058656007308916965	0	0	0	0	0	0.06475735990141337	0	0	0	0	0	0	0	0	0	0	0	0	0	0	0	0	0.9563686891171647	0.7208544426697204	0.4959498278039672	0.38055678197993176	0.18609673486299783	0.5956051153676821	0.5051214413794946	0.3783782838014329	0.31957047040162745	0.2709220270042305	0.24336276471026747	0.20113715125114393	0.12878191013253373	0.14415957484995953	0.14669329265439615	0.0843335633633384	0.09522664582601768	0.0714243547001536	0.07695718440544433	0	0	0	0	0.07571217092731823	0.06557863218096707	0.07515947191369207	0.06755788312040825	0.060810775196865424	0	0.07463560765532534	0.06955324796111849	0.06721628884444403	0.065868026198221	0.0672291099361688	0.06523161535656505	0	0	0	0	0	0	0	0	0	0	0	0	0	0.054682698881050235	0.048987541512173785	0	0	0
3300047160_190	0.6656918442687244	1.4235117808882214	1.105311166645716	0.6302651748014673	0.6443017521755049	0.6347441761570359	0.4388879618539209	0.48271231303718737	0.9780446984119321	1.4448561667105122	0	0	0	0	0	0	0	0	0	0	0	0	0	0	0	0	0	0	0	0	0	0	0	0	0	0	0	0	0	0	0	0	0	0	0	0	0	0	0	0	0	0	0	0	0	0	0	0	0	0	0	0	0	0	0	0	0	0	0	0	0	0	0	0	0	0	0	0	0	0	0	0	0	0	0	0	0	0	0	0	0	0	0	0	0
3300047160_197	0.07945883722509293	0.08177631864088827	0.09873495609127353	0.12130308820420257	0.18711033196065266	0.13143745112632643	0.1482848364760757	0.10229302087171849	0.15656836563032991	0.15828486543331982	0.05201762628700678	0.06666945115854998	0.08805992140613228	0.10821341273208827	0.12787621804606597	0.07968402323821015	0.08828000399707975	0.0970185382890825	0.10417894633860453	0.0984567911667902	0.08787207591063047	0.09321570954555171	0.10053445989092766	0.10219460652240989	0.11321999342629105	0	0.04149750052288278	0.06331478316741414	0.08475135033917484	0.11068835499850226	0.09226731779372749	0.09098915211125028	0.09013556280212202	0.08798863831901518	0.09105765322830742	0.09839931416514727	0.10006415468704533	0.09895108136903667	0.09692424203375466	0.10136519287542947	0.10383307347903085	0.09731202633528288	0.051441086922582945	0.059895885852376894	0.06996327018791043	0.082862474309398	0.1014133269270351	0.0706791595523949	0.07899348882856552	0.0913191091469244	0.10274988733863864	0.11304737083318575	0.12171349458959461	0.06896875446493425	0.06076792896315139	0.06420516380924632	0.07045043282536706	0.07091919194274261	0.07592756143719129	0.07780399579798755	0.0860997073178449	0.11385100376980557	0.13974753111463367	0.17195381865001205	0.19410821804853443	0.12003325208820553	0.14450194550281653	0.14416624737260175	0.09306671047793767	0.10303276516729137	0.1145114228303033	0.11600736691558834	0.11069825204477396	0.1069493821711008	0.11001491641492653	0.10561916111257341	0.11008124760920979	0.11160632729420919	0.10723122170726913	0.10305426889523847	0.09687633101495918	0.09798427492754569	0.10073267705001943	0.09204179425632472	0.10114565672547486	0.17839398117151184	0.17738584615240488	0.18141829746980181	0.1818074424263358	0.18747750781515832	0.1320517229829605	0.12811308144986847	0.12820327445141294	0.12899360069063223	0.12392550442909112
3300047160_198	0	0	0.04561138226687069	0	0.07226464545168035	0.060264722722581154	0.045831789152581535	0.046266490566053906	0	0	0.19829409499740533	0.09266818657311139	0	0	0	0	0	0	0	0	0.1074079166471972	0.0933984771352913	0.06230071701536689	0	0	0.43934448207222154	0.34220917510438414	0.23460481398531816	0.13093704633959646	0.05736739819482147	0	0	0	0	0	0	0	0	0	0	0	0	0	0	0	0	0	0	0	0	0	0	0	0	0	0	0	0	0	0	0	0	0	0	0	0	0	0	0	0	0	0	0	0	0	0	0	0	0	0	0	0	0	0	0	0	0	0	0	0	0	0	0	0	0
3300047160_203	0	0.059330100853253534	0	0.0470156266570424	0	0.04693165976982061	0	0.06924313299021959	0.0903414896701758	0.08060477130936225	0.17589736558701752	0.19808185593440886	0.1569097512901672	0.11085315142360833	0	0.0879050410325357	0	0	0	0	0	0	0	0	0	0	0.07450156786760959	0.10397733271200127	0.091652801350491	0.07985339148230813	0.23091714617556833	0.23798117100196528	0.2591127367354935	0.2680703464452599	0.217864427026706	0.159012672658475	0.1989551962973963	0.1994281615024046	0.1974551320244613	0.18497552341167128	0.17339812491944032	0.15084170789497747	0.055902920628861236	0.06328257122330781	0	0	0	0.08444123099367856	0.08773584626106283	0.08705377090965928	0.07604769887337814	0	0	0	0.07628451722325878	0.0664347179850565	0	0.105591552851985	0.09474207374629734	0.09338325227565421	0	0.07451572767500421	0	0	0	0	0	0	0	0	0	0	0	0	0	0	0	0	0.09826784182765387	0.10508103395552991	0.11974176407197827	0.12251177267229557	0.11946546696866424	0.13159920649887547	0	0	0	0	0	0	0.10376862336374167	0.10676178746054027	0.11769791667338324	0.12399813498704446	0.13012556586178683
3300047160_205	0.08237311293430664	0.05243892376410788	0.09888943424709988	0.0938883648257372	0.09050679710258283	0.09634658411403224	0.054922204694576586	0.06180692993534027	0	0	0	0	0	0	0	0	0	0	0	0	0	0	0	0	0	0.06848788555966905	0	0	0	0	0.07597551326191854	0.07837780910626221	0.07463365851147419	0.0731288073987412	0.06967023756189954	0.06836239172997256	0	0	0.06417862330683222	0	0	0.06035131888631801	0.15127931080644094	0.10540750094871715	0.06724913315574779	0	0	0.05645489433531101	0	0	0	0	0	0.10455399708841683	0.09979294403341196	0.10149870800449128	0.10587551851497921	0	0	0	0	0	0	0	0	0	0	0	0	0	0	0	0.12742257944224147	0.12967233556132163	0.11906267396481339	0.12231738816053718	0.11026596782914624	0.16463058412872475	0.1482146551920923	0.15166914752318264	0.15327356414631108	0.09963235428079024	0.09545865847685242	0.09401596354441193	0	0.09725823194306134	0.09871997402839448	0.09734856911302055	0.09542049411378473	0.09554122044053037	0.1115753167479562	0.11422641414353998	0.1158429043431479	0.11499259257904328	0.1111984147587542
3300047160_209	0.11619529901167457	0.15489902319959226	0.16259629308827897	0.14939521973055706	0.09174301045616017	0.21735486177685842	0.2082835812710459	0.26455067037184926	0.1046264995852448	0.10349363795143282	0.15493095973423784	0.14934773520092176	0.1623130261835461	0.17290079782636034	0.20579168343507417	0.21678714264151355	0.21014579120592455	0.22986871682638063	0.2231633346681132	0.22170563755678957	0.4124095504868086	0.4120323727587214	0.4372509290450002	0.46646822174706853	0.5145344537651216	0.1635221488599263	0.1717370443543596	0.17146593239877908	0.17128186102711496	0.17292550547966232	0.21484236601869616	0.203176723095971	0.19112614125559152	0.18505525295405864	0.20342603300402257	0.21769372452328603	0.2194353624905047	0.22506248098534304	0.21615038700096745	0.21908475886245601	0.25182219163964953	0.23345663404788597	0.0973695474386259	0.11541662861464493	0.13200848438626858	0.1456832006525525	0.15603220774937937	0.09430312125712931	0.11197210407987053	0.1261648490892124	0.13932062420393238	0.15679229905928496	0.17792775195499363	0.09067289772363589	0.0849848174529885	0.08080344412084162	0.08845912361476035	0.12738116910318867	0.13134051847219289	0.12924714898412704	0.14735630890061296	0.1636637469354308	0.16791717209023696	0.19435519371050777	0.21773447065604096	0.19953795261893043	0.21154419350322387	0.22450941553237325	0.1960060787105282	0.2038455892227069	0.21046651241592285	0.2213582066689431	0.19347740022692517	0.19038820942615237	0.19511587487806187	0.19318302826103048	0.2021042281436453	0.17748499554510763	0.1723046718934664	0.15922483947014263	0.15264830472582636	0.2604184196803377	0.2578117503431247	0.25659214158212823	0.27899355578780605	0.07163160326630512	0.07346952649902713	0.07879533769467406	0.07727851613141205	0.08661054552948784	0.20861449372021182	0.19553808561554423	0.19572623560923275	0.19704554291075535	0.18562592721590895
3300047160_211	0.15700911820105365	0.13499606610597925	0.12353607367878593	0.16177994279623537	0.17198862565164727	0.13816125982132338	0.2073876897101362	0.13182862851064892	0.21689369057722915	0.18767230764702694	0.5746683042014971	0.5226746273545817	0.3445461082802209	0.17620309698339742	0.08367668497274787	0.1907337712836717	0.1420021777736829	0.1043703088316452	0	0	0.2685193722625971	0.26156682053786107	0.23856334114710334	0.19676746421912894	0.14451644906543498	0.38304234994975656	0.5924735723418088	0.7189491141678219	0.5850120617378868	0.36982205687739594	0.5702356440778998	0.5984283065802447	0.6403916806100955	0.5571758112316858	0.40610547394382857	0.2563835609884653	0.2814766634507672	0.2827901989989361	0.26330197358386376	0.25874639471081146	0.20111365158327835	0.19943638574562295	0.3087239410224209	0.355368758130553	0.3446798458876586	0.27020006866182833	0.31423974731323706	0.3867436878316154	0.4067089492846494	0.35922041381071773	0.2753535402104545	0.19992765882178368	0.1515948723123868	0.7241151097097662	0.8538512945521162	0.8033792255194707	0.690629783208387	0.7843097055758445	0.6336580729518262	0.5830011853570803	0.3957535045900111	0.3974430536698409	0.24500755277916259	0.12868066377406528	0	0.2323216125378697	0.15179489732315102	0.11084543313344469	0.2166863235116231	0.18876024269803518	0.156632778246191	0.11145519115562239	0.3874083574078025	0.38993037942729764	0.3706473535439773	0.357521444195309	0.3136821575256946	0.45976656755377315	0.5506246375976294	0.6178422841821968	0.6721767322203338	0.2891571527166467	0.277276369602393	0.3494989975281347	0.31751701854344366	0.648275657926138	0.564375427029101	0.4797793913263085	0.37082595594349216	0.2704749118569892	0.3172455123904758	0.37071077457830015	0.4012729906960515	0.42146882395726093	0.4242724081466978
3300047160_212	0.3670860499964802	0.40193201839404435	0.4265690690678787	0.34701941151833243	0.26619600597556764	0.4321232052967791	0.4803168179658834	0.6295860882870059	0.3340121189520186	0.3684730286838434	0.2535295339505186	0.25707043510584204	0.24729490621309314	0.22193338396119866	0.22266775958076618	0.3855358885902316	0.4062277774194635	0.3956646018127421	0.45645262138373266	0.5311147077332455	0.4352722145506803	0.4187261880077832	0.42906002528928416	0.44005157067376033	0.4878719958382977	0.13324863148944363	0.1311837614612414	0.15425907980848744	0.1781513092069991	0.16972360609559678	0.2593567686298571	0.23670021659904414	0.20753967741176257	0.17969167230616384	0.1887311967725644	0.19115807533167636	0.263887639164828	0.2581873716101706	0.25349091794576617	0.2523892672118468	0.29610438797968436	0.25631333372203413	0.25696795127671745	0.27259995180782537	0.2832064725865153	0.31876025978555844	0.22459820012699117	0.1925226247476891	0.21436507643234917	0.2156194523237084	0.2187189914022543	0.23947590210494077	0.2630821044308803	0.15130290079841963	0.1028729334613929	0.1134021775717333	0.10793557878180217	0.11014688699182457	0.11837836874604507	0.10144965791125428	0.10814670213530592	0.25470824555063043	0.23600500506012015	0.20938417991376856	0.22982691103133612	0.3326173464624704	0.3414355542683714	0.3768493721961432	0.308732330945149	0.3118993700263864	0.32118787858109066	0.36251227969800276	0.24518733789468342	0.23192395614333236	0.22819864365675147	0.23229619425007678	0.2328747417368136	0.24187756940548905	0.21187380960089483	0.18511888658513165	0.1735371565827493	0.3495013424005201	0.3608488094044959	0.25624198558851574	0.32040536027418925	0.1060017084995844	0.10926247969038308	0.10311602743348966	0.10089998869701941	0.0987368197357737	0.2882168147795055	0.2541893394629741	0.23861813345197022	0.21695890050772212	0.19424621758953278
3300047160_214	0.07422235551098949	0.07764761758716178	0.06930073036634364	0.11409762862842088	0.13982705650018099	0.07139854988967777	0.098000402199135	0.0682514912276262	0.13425687433408529	0.14533785226763393	0	0	0	0	0.03593343988016886	0	0	0	0	0.07230416584593564	0	0	0	0	0	0	0	0	0	0	0	0	0	0	0	0	0.055726801952846704	0	0.05328627479123525	0.05486990465904681	0	0.06158318400558479	0	0	0	0	0	0	0	0.037592965060299625	0.03936385457441016	0.04927274419399213	0.0617806948743477	0	0	0	0	0.04301428410714905	0	0	0	0	0	0.043755968265290525	0.0705994087277372	0.07230188409124459	0.08881622521118687	0.1160890377140143	0.04897983963755761	0.0513805384658729	0	0.07624409828173788	0.04272443574865551	0.04066474223616281	0	0	0	0	0	0	0	0	0	0.03113569229129567	0	0.05852431137898387	0.060728261175068916	0.06009846779107619	0.06105595605938621	0.061366048389104415	0.051043638029048204	0.048831355770797086	0.04372023646029476	0	0
3300047160_215	0.10423344081108132	0.09972958852272804	0.10406374447451147	0.10230607711398591	0.1013621665451584	0.10204799139492636	0.09453316761869371	0.10523721710274504	0.13660711447733132	0.1275106181993635	0.0875791911136841	0.1258079148413766	0.15138400727177242	0.16914164125407732	0.14455147541196622	0.15070360549770664	0.15536574754654264	0.15773245932363497	0.14619895141224512	0.1294204698901487	0.13016211563871685	0.1386743544666837	0.1497939823296047	0.15431175294417268	0.1616515284537586	0.050433264245118535	0.06795266212584013	0.0981992032311056	0.1254502203257929	0.1654246998442728	0.13383683821734102	0.13997766770638026	0.14500523369849466	0.1500366757748733	0.14751811253695563	0.16253754325429184	0.13564795123812934	0.13219444003337108	0.13879664075631762	0.1365176666851813	0.1352935114916024	0.13723927429539845	0.0817397291279133	0.10828479726016238	0.127374224219154	0.1340998209257968	0.23535333942667694	0.07332121521611024	0.08746557584445837	0.10007257096187998	0.10828125438656717	0.10705172564710366	0.09980629836343448	0.13730751011720568	0.12508744940130148	0.13557551928620318	0.14256736815782797	0.1460481647782273	0.14317984221060162	0.14818863424921477	0.15738733436242752	0.14917195912251718	0.17087280204427704	0.1683574088170109	0.1405242866818237	0.12497563496074021	0.12888388481364815	0.11831206383873484	0.13230117147564047	0.13378460000804068	0.1461454430297924	0.13429986454051443	0.12997726283363736	0.13096452391097527	0.12513218097052534	0.1313957788979852	0.12988585004825515	0.12195780577699032	0.12190351368636138	0.12606444909238218	0.1325998753256496	0.142663497414378	0.14455419769277247	0.15424516160656251	0.16465258691323134	0.12958965758328575	0.12853548622752164	0.13225130709473149	0.14701291293015747	0.13691147122991731	0.1116533103367794	0.12344543460143953	0.12296107226223496	0.12432630778596797	0.12367369905478034
3300047160_219	0.37355660479957675	0.4409291320828178	0.5774305442739628	0.5353658488305486	0.5185044179518529	0.6023054833327113	0.5875611932370048	0.6609926456711989	0.4948496562555571	0.5094338348167446	1.3374660223015045	0.979998634129783	0.6987178169141205	0.6264560156298172	0.6746561871321723	0.6543554275146127	0.6123563038974306	0.5631116125734663	0.5788427599750605	0.55710613319773	0.4771701324123981	0.4559024507464656	0.4398378424529459	0.41345692587813865	0.399311476792009	0.6853410453774118	0.8521345397740218	0.8311408950915025	0.6222991127916709	0.48473824322099424	0.5476803379166432	0.5580805645673328	0.5213826400685209	0.5200161297626064	0.5503311873352134	0.5974101639587105	0.7834867541095482	0.8052000926634659	0.7744085730641685	0.7801364478647362	0.9026810870102748	0.8249468368079382	0.25906753971608426	0.31773082553434295	0.34777488775993515	0.3830008899420465	0.4287319976365878	0.3837780534713071	0.4312836185816532	0.4828469294583955	0.5403579179795334	0.5890611700510454	0.6604721564002847	0.32816344416563586	0.2905607696027235	0.3003297704066907	0.29785631803640356	0.31634026810467636	0.3356349721126245	0.337457588081074	0.3684183882118548	0.5110050142055292	0.4384163591162959	0.4532604573998964	0.4898998064704496	0.528986520844326	0.4888348663518135	0.49610857194669794	0.7176973377279927	0.7144740390692527	0.6644551382661319	0.6856571892508819	0.4208250959194977	0.40295111456085925	0.4236161028119083	0.41677608232136687	0.42798732745275636	0.5012118921846266	0.47723194321665585	0.44972387092995053	0.441078331502483	0.6557888446048783	0.6575852268325397	0.6243136951585762	0.6789332377779426	0.4333084078938676	0.44291622641535017	0.44475133198437444	0.4663642982833404	0.49520200040747436	0.5794673659275856	0.5806636922864172	0.5765260367178848	0.5748263499736247	0.5582031949322868
3300047160_221	0.10184861934636558	0.13017946715246842	0.16272604262183898	0.45541985569882365	0.28996046984093016	0.12748404228056495	0.070303583628866545	0.0763642566154931	0	0	0	0	0	0	0	0	0	0	0	0.11529392202444487	0	0	0	0	0	0	0	0	0	0	0	0	0	0	0	0	0	0	0	0	0	0	0.34876362453489845	0.3430960891854908	0.3371527481315581	0.3193780512582905	0.29450060520458815	0.17239296612116958	0.16980118471069497	0.14578556187593947	0.1454235451510195	0.1467180655820628	0.16019041210297524	0	0	0	0	0	0	0	0	0	0	0	0	0	0	0	0.16117190687095861	0.18083065243429064	0.16920779429092503	0.20328761153370706	0	0	0	0	0	0	0	0	0	0	0	0	0	0.13090513829552616	0.13482126610288236	0.1317173619220343	0.13003675467126535	0.1360008802982449	0	0	0	0	0
3300047160_228	0.288243683157251	0.27497972148942307	0.17161594267179625	0.2132156619508951	0.2520364640789948	0.1914213825103143	0.3823324363334894	0.2204315517802805	0.304151777842495	0.3069688386216724	0.13343644365101812	0.1847791011699223	0.2358583839145788	0.2833709427869129	0.27452370330021447	0.17824300493944584	0.19739855556346445	0.21315052932840148	0.20931673255864106	0.18530340173678372	0.17025062765423538	0.18356208300127902	0.20133300674702784	0.21073159623296567	0.2308694577903345	0	0	0	0.18228000143013112	0.22189517393205435	0.26842956245671257	0.2724532010728714	0.2614470854933633	0.27929416618646247	0.29259532120458964	0.30986528013892617	0.18210478769447833	0.18888895441062414	0.18303542612764495	0.1929029410884023	0	0.18482957460177665	0.15467360704084376	0.1757112565173848	0.21270601635563166	0.2223777053775159	0.3627758960735246	0.33468740241386813	0.3949844499835653	0.4573375489298036	0.4811145909321616	0.5146452600614683	0.5252412748131119	0.3478863442628339	0.336983912599788	0.33137610120738137	0.35959005507123315	0.37966174406372344	0.37993119182702473	0.41328400352767636	0.407268419433509	0.18513938202051383	0.24865545209993573	0.27090893832828905	0.2556466921370246	0.23580167999569895	0.26453444508512836	0.25408564781025367	0.21846078239554645	0.2346288223684339	0.24471020298823784	0.23713081793466187	0.3171902255728236	0.2994107556163216	0.3081018715563063	0.319107421852187	0.32361179290950837	0.31464427952534246	0.3042789402602593	0.294176624744581	0.29947441472269276	0.18779001653968191	0.18895323236830974	0.19609009927150814	0	0.30936352951236373	0.28693215796679816	0.3205745584705108	0.3206463293681294	0.3363982467968344	0.24908490264995767	0.23864038350485733	0.2397184224648181	0.2409609582854255	0.23263428197967417
3300047160_234	0.11086224153056598	0.15863907924403167	0.10271426751054702	0.12128472568730227	0.08843981785992894	0.15166673297249836	0.14445923095553465	0.1862152671627441	0.1603980049406668	0.1862118109665309	0.05175566059696242	0	0	0	0.04431710971545547	0.05914514569572289	0.0675210665005346	0.06355637682021269	0.0770366481420607	0.09772649592607896	0.11393843483363542	0.11255927959255296	0.11258924922494679	0.11972661341545235	0.12620526904383045	0	0	0	0	0	0.05115035569006267	0	0	0	0	0.03601063239031685	0.06098523027873623	0.0628416054152334	0.05866248670046588	0.058333408595053315	0	0.06216861240855921	0	0	0	0	0	0	0	0	0	0	0	0	0	0	0	0	0	0	0	0.0411524512372144	0	0.0445200172477083	0.058714812705384554	0.08275990696758878	0.08539499274837742	0.10089946607546678	0.07567829021397111	0.07757566821410042	0.07759281292855152	0.09421422487925936	0.04897831964064119	0.046976854986076004	0	0	0	0	0	0	0	0.08438077342917338	0.09049767679147278	0.05826318299296519	0	0	0	0	0	0	0.07723080626107559	0.07013077168680616	0.06506730670635076	0	0.0481692462290493
3300047160_238	0.6012889814236336	0	0.22097263994080582	0.21503875243250223	0	0	0	0	0	0	0	0	0	0	0	0	0	0	0	0	0	0	0	0	0	0	0	0	0	0	0	0	0	0	0	0	0	0	0	0	0	0	2.408474926556859	1.4242294650540392	0.8336067080745443	0.4915315521933722	0	0.24868170199458775	0	0	0	0	0	0	0	0	0	0	0	0	0	0	0	0	0	0	0	0	0	0	0	0	0	0	0	0	0	0	0	0	0	0	0	0	0	0	0	0	0	0	0	0	0	0	0
3300047160_250	0.15395009718142447	0.163249761822166	0.17086161078987971	0.1888130519771467	0.1700999903976902	0.16387802885640596	0.14813050554705307	0.15978211768663278	0.20340871927051954	0.19297622122664712	0.26571040907133703	0.4056512798963849	0.41744448316329397	0.36534342520460783	0.27611633887810255	0.32785176919789294	0.32676188697310976	0.289240519246648	0.22347542006424184	0.199811515434461	0.30076887081925596	0.3118742915203715	0.3296580863441376	0.32760595418474625	0.2990912628548221	0.1460269969863755	0.23184090189519155	0.3266987531511893	0.3808888944532589	0.40683068781540277	0.3356160951506288	0.3351854488830327	0.3463929981109158	0.3875385449266444	0.3769517898140119	0.35137335608529596	0.28478484387131076	0.2923985363198401	0.2630018777118935	0.277671494868849	0.2669673630797644	0.2497505285234008	0.2031303338258747	0.2440294671708317	0.2771717207538164	0.30108571619761276	0.48876193734899104	0.2247142987773332	0.27270972971479646	0.28786963731410176	0.2960193416660766	0.26476571003347726	0.23386414422971566	0.3333169406614945	0.374814867544263	0.3549695670066287	0.3528083309197448	0.3694598917632361	0.38229874034826633	0.384052453624514	0.37084777336819225	0.41555839802931827	0.3775172322695153	0.3196638258671776	0.22855986489127944	0.27229323779280956	0.2637390200620883	0.2090474002138631	0.28787331866065385	0.2820618188057261	0.2865745575122218	0.22799665621537935	0.2938250735344744	0.3081568022522379	0.303939867741188	0.3094933951702862	0.306138971480113	0.2887569538431741	0.3130836865983857	0.32476643516583686	0.35565167806929215	0.32748098272163606	0.32296903329800053	0.3527078466945964	0.34503818036518474	0.3604193823859021	0.3568342444174273	0.34873963589579926	0.34049455721879984	0.3151960603930112	0.24724300739301375	0.2722845423251827	0.2841729214172779	0.30222717407497607	0.3108096557200783
3300047160_259	0.22674427140242448	0.0829131508947077	0.20315801541495537	0.25654654891332535	0.17412910753323996	0.19123044813192566	0.27117192984682087	0.32734626806855494	0.37795606711964974	0.4286801893835457	0	0	0	0	0	0	0	0	0	0.11337515545607407	0	0	0	0	0	0	0	0	0	0	0.15660051627125252	0	0	0	0	0	0	0	0	0	0	0.13308634115839615	0	0	0	0	0	0	0	0	0	0	0.15610313803978917	0	0	0	0	0	0	0	0	0	0	0	0	0	0	0.1812299573350012	0	0	0	0	0.3213990120854339	0.28238481645443114	0.256829272513556	0.26543659898662453	0.2827476109361053	0	0	0	0	0	0	0	0	0	0	0	0	0	0	0	0	0	0
3300047160_262	0.21485890778192482	0.26786121507749344	0.5166092193682401	0.36829491865362546	0.32856870683859146	0.46712793583913664	0.38080015949236	0.5443869434811939	0.39930819978078724	0.3862983227066588	1.3816580118920367	0.9476615324780127	0.715747596270907	0.6242030249783375	0.5903712344863499	0.6606777939451994	0.566384719059499	0.5275479034759251	0.4705749291880413	0.3925512971153426	0.5424825004080785	0.5279416226998978	0.5108295045781456	0.500613849121902	0.4672310055698935	0.8409280228531019	0.9134634522674234	0.8342671144945843	0.616762576878129	0.4887512689678161	0.5766114568002072	0.5724918590739877	0.5700550242376314	0.5690934652967699	0.6111277221274174	0.698164044772975	0.5678508385838764	0.5714885906955208	0.5877251877741309	0.5868830566297135	0.6461893963177656	0.6082432355157238	0.24495275870454106	0.2841345786212032	0.3159516249661242	0.3324685010019773	0.41009020162543486	0.2831554571126731	0.34361555542405914	0.3787156403467628	0.4039328255498598	0.4361064404135049	0.47269751728315257	0.23745925560689235	0.23574451399155655	0.21418516878279614	0.24458149798207562	0.27550426411876666	0.2887445453260866	0.30227319475520886	0.3200348087920629	0.6179387929688822	0.5174079171391568	0.5109090631456086	0.43354720662391494	0.46492090057902297	0.4135006439985495	0.3666861714592287	0.7640016537032861	0.7623558079175214	0.7034611175387009	0.6427738490673931	0.40644964033573405	0.42911394855547763	0.43534939453400884	0.42904786383374754	0.45374672003344174	0.4800446170807171	0.46301500956703784	0.4671433884282747	0.45479953838413467	0.6289131634780817	0.6130214669624071	0.648354228438806	0.6399949592940835	0.35366800316870717	0.3695265337209845	0.3835736008993861	0.3846815231918449	0.4181267924680857	0.5186763158184243	0.5143984354968674	0.5133226687416297	0.5304187417109737	0.5247301273969541
3300047160_266	0.14193264224242672	0.090131039589181	0	0	0	0	0	0	0	0	0	0	0	0	0	0	0	0	0	0	0	0	0	0	0	0	0	0	0	0	0	0	0	0	0	0	0	0	0	0	0	0	0.3215088763134849	0.23899402458185276	0.15273575199024064	0.09182027813476908	0	0.3688781786580114	0.3280904325005842	0.2728309136772072	0.22897491483962806	0.18295385285253965	0.1471579502663238	0.09685326841850557	0.08853914070711857	0.08663514968171218	0.09213210878134127	0.14379703010057976	0.15210132333850446	0.15642217590761137	0.16897393779410516	0	0	0	0	0	0	0	0	0	0	0	0	0	0	0	0	0	0	0	0	0	0	0	0	0	0	0	0	0	0	0	0	0	0
3300047160_267	0.10967497849893065	0.07363745190625912	0.12452674147794718	0.13899339784295126	0.20076931773241619	0.1350372244818102	0.13457569969185207	0.12371054740783491	0.14873369077231852	0.14057853406661763	0.222194185205682	0.2547805439139504	0.22870912757807538	0.17660199505055774	0.11345229082313059	0.1628575568387702	0.14860187120232998	0.12293481656266347	0.09716058014830486	0.07855200998016991	0.2762177752879336	0.278430077687783	0.27564133985149575	0.25249240464085015	0.22337004712505917	0.21861353332861566	0.2820412618156394	0.32362694766286226	0.32699576344743014	0.2877988189342019	0.24937497088928753	0.2659883553365218	0.27599774200030985	0.2787958447373447	0.25289625305586516	0.2202008347093449	0.2299134440262023	0.23064083549954942	0.22998081031000028	0.22155546601317186	0.20831271691422112	0.1977367071575713	0.13477748703418183	0.16442332165129112	0.18579594770549607	0.1834949710206846	0.24599298271434045	0.16267100241618987	0.18847186701322793	0.1943199048314317	0.19144224922749561	0.1709064528573735	0.14338086592963112	0.25223639365877487	0.2759656988695681	0.2728318963645823	0.27256077298519193	0.2388142489029714	0.23227736194765466	0.23203760541323504	0.2081285165027627	0.3047086607874394	0.2527642658565777	0.18209698490618112	0.12101393312079745	0.247165343495822	0.1858149428372395	0.15469739820482015	0.2079390580954743	0.18882215547393735	0.17023427486692294	0.1475983889919988	0.1882517094724004	0.19380292682567796	0.18379224155480417	0.18608408014063751	0.1786238293336682	0.23908939593751244	0.24844193724529962	0.26694971788076394	0.27798103932113927	0.20225743044043437	0.20000697431324094	0.21436346402139503	0.20739886978596347	0.33549221978501037	0.3248417829579265	0.3132302480533938	0.2880229558092855	0.25709026564673604	0.1994922524503505	0.21625569258175628	0.23509403863646713	0.236990225281943	0.24177966090107272
3300047160_27	0.3862049386335348	0.38476058517998196	0.44601525315313567	0.4447693982855271	0.46061199777108713	0.36981986912181813	0.364608933499364	0.3744659341443098	0.5205376797283221	0.5053589343062764	0.2531153823048597	0.3569535739948696	0.47983281881011874	0.6374926699099255	0.7083894714823677	0.47247933155396005	0.5232790604242451	0.5729349445267031	0.5750375492667025	0.5224190578168589	0.31910329462844494	0.34429558408816624	0.37686404665610046	0.4134599564462179	0.44137570605135457	0.07439655931233619	0.1494798044478323	0.2223433170436139	0.3108885237537373	0.42724884830426674	0.4040744895929771	0.41056366468386907	0.41024712659358037	0.4227324997265738	0.4457247098484689	0.5033103378729179	0.5243020830092494	0.5227225405354032	0.5182493644570985	0.5353731085013194	0.5473295841026576	0.5526650430485746	0.2641322457027071	0.32314615064308616	0.39039982143032304	0.43216562197212804	0.6910733667539775	0.28478097533326796	0.32428701177188995	0.39065643795812166	0.4267608504884722	0.4617902935318577	0.46231493829254744	0.42309629148239764	0.41988051192646864	0.42838136386852793	0.43991853604400927	0.46462966921334586	0.46566196879965427	0.4958962418406274	0.5180102232816455	0.42765092266062943	0.5560192437098883	0.6495623270983991	0.6392489919852712	0.46363692648277505	0.5592648780718681	0.5568527654052003	0.514743229977977	0.5533011111400723	0.5970541156145956	0.5744271653805828	0.44427453169319586	0.4332310707297991	0.4518786314006557	0.4524865096812202	0.47008487311991554	0.41389543392225175	0.43044913670079976	0.4217099193124475	0.4276993931917778	0.4734419119937454	0.4666917734057096	0.5088608563642399	0.505796062188377	0.5286247707283083	0.543335604855884	0.5685411947164307	0.5792740331459736	0.626893270617218	0.4044602781553167	0.41729456572804835	0.4135894834454654	0.41423308972171363	0.4171843771747173
3300047160_274	0.04937393993175375	0	0.10784552730836149	0.09199956370151768	0.09687076686390717	0.1090791278867934	0.11158053436463326	0.08205850542460721	0.11197279486827649	0.11596276219681736	0.21959220347815234	0.161552762581499	0	0	0	0	0	0	0	0	0	0	0	0	0	0.3671509943215183	0.31401436028089125	0.24392149840245128	0.16302755605582506	0.12700756745667408	0	0	0	0	0	0	0	0	0	0	0	0	0	0	0	0	0	0	0	0	0	0	0	0	0	0	0	0	0	0	0	0.14164618634287196	0	0	0	0	0	0	0	0	0	0	0	0	0	0	0	0	0	0	0	0	0	0	0	0	0	0	0	0	0	0	0	0	0
3300047160_283	0.064537595823855	0.043657879120123096	0.06828448550212336	0.06483354995007659	0.06844345799895171	0.09181875840334192	0.10242472944068162	0.0796547660642777	0.06563032558001047	0.07290360265840949	0.10656068741758962	0.07932682526072367	0	0	0	0.07342073884390007	0	0	0	0.06363854157161371	0.08316981200633715	0.07442162055001639	0	0	0	0.19964644582140426	0.15242238467830593	0.12427856574578407	0.09599933089858309	0.06793277773874522	0	0	0	0	0	0	0	0	0	0	0	0	0	0	0	0	0	0	0	0	0	0	0	0	0	0	0	0	0	0	0	0.06888069987918187	0	0	0	0.0918720311631183	0	0.06728497379400337	0.07167701985129915	0	0	0	0.05796471806910396	0.05957942922024223	0	0	0	0	0	0	0	0	0	0	0	0	0	0	0	0	0.07645365065342936	0.06844500368654065	0.06836468244217825	0	0
3300047160_298	0.14883817899338886	0.12799260294946346	0.21618514530460115	0.23581090788886241	0.234159309195374	0.2211706958825796	0.21708944497798743	0.17472132115935463	0.26521816662631725	0.23793239672671623	0.5423370476316542	0.5010903996469154	0.42418119174997254	0.2731121993596979	0.155870663864737	0.2630828026171139	0.20272590683465563	0.16377781874545855	0.11757398576656196	0.08344907884540592	0.4332768277231996	0.38279000644593797	0.3530988576656467	0.3297258833170953	0.27335407424513547	0.714664246278374	0.6345709130448641	0.5476635399171083	0.4518029723054523	0.37261796057737745	0.3946217931077912	0.42190693629318093	0.4705046238330189	0.49250438576224675	0.4572435800394855	0.38363501044396436	0.26568354741633227	0.27734711559021985	0.2722274094258334	0.26987259724576224	0.24731510214299263	0.24414372717077412	0.29756756762708314	0.3271108174294836	0.3299734012212838	0.30149135391641235	0.329283296681925	0.3253726680542889	0.36641205241123576	0.3652588268740901	0.3312131587502766	0.27038240540456704	0.22989197384485965	0.3789298309085788	0.45788196606732945	0.4181974855277702	0.425768341413705	0.5539461964225921	0.5063140306192997	0.5554998248214963	0.4861831785407301	0.47524157615184726	0.34810374522904675	0.24010440303216962	0.1378326225714676	0.30579187031277916	0.22603478099404642	0.17450678163319225	0.31803413230691857	0.28607681681320285	0.2416621349405931	0.19009052822988579	0.39471771200233857	0.40825142055804353	0.4153925097524419	0.4117342951943421	0.402961257573834	0.46448099477918153	0.5150593547805009	0.5794454770541935	0.6076550592204512	0.41046911416593584	0.39915939743238543	0.5156706801761974	0.45188907257562094	0.5513310369517469	0.5492616830239482	0.5321904868657725	0.4840966642620125	0.4345715507010378	0.35996426862621017	0.4076145282288645	0.4182246776800404	0.46203435349929345	0.4910181069487269
3300047160_300	0.13510911973516596	0.10025505373280502	0.13239575221150218	0.1996645345395341	0.20620293786845337	0.16271677069113083	0.16084758961254234	0.12777536606131742	0.20150999747014028	0.20023369277961106	0.24096673145146422	0.20916038813310497	0.20554106220174814	0.200025066785153	0.19036595772803033	0.1279158175203104	0.11555116839074636	0.11488441738552754	0.10787061542826583	0.08570893031107003	0.18212886364817746	0.17691613415930996	0.17407024695041184	0.18151095630754194	0.16660875035619951	0.2341608826218595	0.23672411951940214	0.20994151658469246	0.178881516964498	0.17585404524038342	0.15714144783452222	0.15126735975703312	0.1577300111858867	0.16229004438632674	0.17684662914232546	0.17962149669758287	0.14059120636038838	0.14444401789219505	0.13943150151020245	0.14443695091632724	0.1450812583091518	0.14031354933353396	0.09428192029832312	0.11374852584526472	0.1287298776912541	0.1415637802673933	0.16733191239337258	0.13686400969303247	0.1562759643967992	0.1790524473493313	0.1899714774322398	0.2011607290976946	0.203018767741299	0.16073958887346412	0.15916292204291707	0.16139836853367426	0.17153731134384492	0.14949269336443688	0.15426043468001013	0.16247976856438462	0.17459702742554842	0.2110120899158356	0.20793344841514816	0.20420870620437961	0.18296263117898015	0.19703208889941004	0.18081804241107838	0.15625776323395152	0.17758862683202686	0.1756402476767154	0.17457978482235378	0.15805858581527507	0.21381076951175268	0.21808457091821248	0.22219343046228665	0.22296434536564247	0.23361574520656164	0.25244045916647967	0.23853856242734398	0.24059022967968532	0.24149571904454772	0.15236377988065253	0.1539009059028098	0.16566721938381118	0.16881253290680273	0.2514416130291569	0.26164576992719396	0.2626277642922701	0.2710264846074042	0.27989053164914185	0.18981671959554416	0.18331315980824128	0.1808451594417339	0.19235106396096166	0.19504341148901955
3300047160_301	0	0	0	0	0	0	0	0	0	0	0.490612783535031	0.4462259685873021	0.2796549370995346	0.14988926661975696	0	0.1925100860377121	0	0	0	0	0	0.13556062185083367	0	0	0	0.33308839199217316	0.37859288018205356	0.399062425127375	0.3694696045555062	0.24373722339829088	0	0	0	0	0	0.12099124710923237	0	0	0	0	0	0	0.2240408417171751	0.1861004253674497	0	0	0	0	0	0	0	0	0	0	0	0	0	0	0	0	0	0.2993132701903162	0.171427780538965	0	0	0	0	0	0	0	0	0	0	0	0	0	0	0	0	0	0	0	0	0.10761775703783198	0	0	0	0	0	0	0	0	0	0	0
3300047160_303	0.5694571762360199	0.11822823217614757	0.1753014465682303	0.14774871496214126	0.13802933696378253	0.1528189178775737	0.10978033508939095	0.12504484630205612	0	0	0.1227380333261525	0	0	0	0	0	0	0	0	0	0.12436982922331936	0.08031035345000248	0	0	0	0.4416647581514783	0.20212091719122482	0.10824856871021833	0	0	0	0	0	0	0	0	0	0	0	0	0	0	1.2843523400815322	0.7628167072282601	0.4112949348354623	0.27319029469798584	0	0.9434037893994723	0.5570119596766125	0.29866972728468005	0.20066345906696692	0.12250010295722967	0	0.09662851778666698	0	0.0687933221362308	0	0	0	0	0	0.0747663908607749	0	0	0	0.10518047262632955	0	0	0	0	0	0	0	0	0	0	0	0	0	0	0	0	0	0	0	0	0	0	0	0	0	0	0	0	0
3300047160_304	0	0	0	0	0.030016045837078967	0.033087717781396415	0.032097878455807756	0.029178137571581757	0	0	0.3085621787833522	0.12539370394643654	0	0	0	0	0	0	0	0	0	0	0	0	0	0.6736595769593015	0.3876668614021765	0.18155270632923914	0.07909783458540748	0	0	0	0	0	0	0	0	0	0	0	0	0	0	0	0	0	0	0	0	0	0	0	0	0	0	0	0	0	0	0	0	0	0	0	0	0	0	0	0	0	0	0	0	0	0	0	0	0	0	0	0	0	0	0	0	0	0	0	0	0	0	0	0	0	0
3300047160_305	0.05075991407597177	0.03711045499570595	0.063399796542074	0.05092120666267389	0.0479139108932272	0.07049717622586366	0.07568182222457626	0.08092413240772732	0.043693191887992	0.04132307234999234	0.09421912638323553	0.11501304028355253	0.12952244948379932	0.12367973417468055	0.10954013038624087	0.11212844924327776	0.1089655515121862	0.10592691333698503	0.09549992776223205	0.07960937037345543	0.08664509855392165	0.08991016897364487	0.09434908009868688	0.09981938255579424	0.09938016274704542	0.038416944227508694	0.05968004131206246	0.08277147574847919	0.09766360089343894	0.11160513274885403	0.11519525118038097	0.11356021365155922	0.11323034690941779	0.11212019850854417	0.12265479901699983	0.12650715577937585	0.0752683982251976	0.0778717001382474	0.07418589896733589	0.07745062732701663	0.07984116133677273	0.07623345453528484	0.04264561574044836	0.052288093167487094	0.062119445597604864	0.06816222049998426	0.08279244022487695	0.03894171849909424	0.044646560113734836	0.049630478637345966	0.05414733077233964	0.05660810878408248	0.054725728316152175	0.07299728825950196	0.07502321043432793	0.074426926533665	0.07314438472795975	0.06138962378349723	0.06062780949646449	0.06147745546512548	0.06457298234371664	0.08866432614510723	0.09457216071341971	0.0895728591309503	0.07513574999165405	0.07392411090063346	0.07337527135987923	0.06761447996858357	0.08052126735093192	0.0822041475286666	0.07913831086094653	0.0730005085266927	0.07218271478402924	0.07401385681306974	0.07696930274948478	0.07462806284034597	0.07892432220499386	0.08994850838188945	0.08799683987145417	0.08767864988131205	0.09234927272033618	0.10854826773897773	0.10712090549165632	0.11546585054139374	0.11582886117187724	0.06545672935202344	0.0685912890397938	0.06947570000940587	0.06834064484313529	0.07131277464992031	0.09586207621281793	0.09348717944607983	0.0971587023658151	0.1048520585626324	0.1028816881473026
3300047160_311	0.025318897435682476	0	0.040860922458422336	0.03139077618034872	0	0.04357481391092049	0.04078711716798321	0.07001984090501596	0.06757395754105439	0.05578430698036661	0.12644523239934355	0.12015234712882036	0.09195280857993661	0	0	0.08752147580191101	0	0	0	0	0.13964953876364025	0.13085613141116517	0.11897353595944676	0.10708027555227057	0.08286954390183283	0.08048872238671956	0.10872626037631523	0.11873091049140122	0.10050821962808378	0.06613830177703901	0.22488405082777704	0.23648952510291918	0.24297911769353453	0.226099231760712	0.18001481727313742	0.1322095217333649	0.0771858685779996	0.07828058504408668	0.06920694834216694	0.07125030321903066	0	0.05565544404103901	0.05957755087683669	0.07500956311080711	0.07961270693782901	0.06862309961668867	0	0.043842663230236785	0	0	0	0	0	0.08868200735293177	0.1098019937943963	0.09847030357841621	0.08943134044611459	0.1108306707930741	0.09811412334249316	0.08661347783877343	0	0.07979805047606481	0	0	0	0	0	0	0	0	0	0	0.06932504334702856	0.07433844997137525	0.07058045638704673	0.06839434842464653	0	0.10785771242165344	0.11843411021193893	0.12728716589651537	0.14318344002898198	0.1124801404672679	0.11460322120994401	0.1429075710244314	0.12397955708428528	0.060597371767780975	0.05864273716519188	0	0	0	0.08331645320867029	0.08956625149808108	0.09703908264216532	0.10456151901424093	0.10678723686907891
3300047160_316	0.10203901991864743	0.09928142361907642	0.10198958795412903	0.11181812224784404	0.11253224886616697	0.1180187924048256	0.11137785882222329	0.11344753776146974	0.09692412476744448	0.09812530467615659	0.1431148982634954	0.1152150171617292	0.09889748014154881	0.0903886702045582	0.10435178503523648	0.10525307543032575	0.09813939914544402	0.09469294436354302	0.09430855148859378	0.09115950070390039	0.15476870707887921	0.15088896366901872	0.15746806702986532	0.1587464624058789	0.1656922362406868	0.10075628769704975	0.11633683058239111	0.11734907254043542	0.10521715721270797	0.09385300158712835	0.09203846714183656	0.0905606231060601	0.08813234467518832	0.08624688045345469	0.08681909147489228	0.09741624563119297	0.1127852161115832	0.11014315600544762	0.11202051242520847	0.11464260698720583	0.12201102010086348	0.11810562115628992	0.12440066443316536	0.1331179180129942	0.13303515085006565	0.1283824065551499	0.13878853013848602	0.10490841098523555	0.11696551889533215	0.1171679030299969	0.11866583408978633	0.12378308639959981	0.12472568603760865	0.08196785982250052	0.06934581411314576	0.07469724563770555	0.0774776688776345	0.08438060638955171	0.08961053463449814	0.09148785320941367	0.09679165609628183	0.10768570287794609	0.09869318947889404	0.10126038386785575	0.11583038773890078	0.128325483149121	0.11838435779503827	0.11845425642969509	0.11056258243229862	0.11129429274728603	0.11116122663839051	0.11240742568765505	0.09625606351685664	0.09558287295829984	0.09443293096215936	0.09893963969490716	0.09579228284501082	0.09266667898891719	0.09307900449354958	0.0880533497587988	0.08410669562958081	0.11168171484607942	0.11093082453335334	0.10106734930758905	0.11222362124525284	0.08517912150801986	0.09305736423370771	0.0918288187500695	0.09617173996560044	0.09871966753383739	0.11163506285326108	0.10993783223750514	0.10524234506152198	0.10781548713573753	0.10334087768396658
3300047160_317	0.5180170373836022	0.7334480513401724	0	0	0	0	0	0	0	0	0	0	0	0	0	0	0	0	0	0	0	0	0	0	0	0	0	0	0	0	0	0	0	0	0	0	0	0	0	0	0	0	0.8741900091400006	0.5410012695208728	0.3158570800068434	0.198461524540153	0	0.503631711663088	0.3081949730336498	0.1733315579874106	0.10932881933064431	0.07555536595600591	0	0.3138486031497629	0.25801280404347393	0.26973332782013804	0.2910539312361076	0.4899548156784496	0.5318444689313169	0.4758374428708072	0.5300080866087344	0	0	0	0	0	0	0	0	0	0	0	0	0	0	0	0	0	0	0	0	0	0	0	0	0	0	0	0	0	0	0	0	0	0
3300047160_324	0.9831154147617436	0.6239945019390702	0.8598778645381305	0.8054031468597284	0.8540618533156475	0.7933277412183122	0.8476915806271662	0.765222542101072	0.6972057530918895	0.8335116407169295	0.6337460866474105	0.5137152774919296	0.473544654666809	0.4203379877042437	0.36281977393839754	0.46688877254138583	0.5185244873823276	0.46655229554309985	0.5468416529752366	0.6306753196399736	0.4519520614884427	0.3970750600798986	0.3758726857609647	0.3536789273335511	0.36513070649378987	0.8441485766324317	0.5466735447548159	0.41614402195928496	0.3511356832018145	0.2947429629292527	0.17965504380789368	0.16701345460676834	0.13401261170991305	0.11373466051517529	0.10927767517315727	0.113377742641353	0.3265009395315822	0.31265849292725345	0.3096896532288946	0.30222629037934845	0.3587304067817299	0.32459027422712167	0.6005196758528261	0.5568022168463125	0.49614827703683667	0.531389736057748	0.2911726539768173	0.4747146074771624	0.484956143811203	0.4754503046174115	0.4933785071222262	0.5185803221290888	0.5454451603941617	0.27366545701218636	0.14581769822691035	0.18161983224467063	0.17332466200704902	0.1341285157913829	0.14893557299286428	0.10265311470950464	0.10893825245535495	0.37917944610885096	0.33020573624108535	0.2646953178452764	0.271078968707753	0.6882097819282151	0.6207863449843506	0.6863732951849008	0.5693868960739278	0.5132888770252698	0.5216902055574077	0.5769813570506497	0.2622093149205903	0.2510637934821893	0.2321130752843488	0.23779307869441052	0.22400111422777227	0.22659982486944535	0.19454878990714766	0.17287520235208903	0.14827548412710154	0.26990136455560165	0.29106446930925944	0.17743444065603473	0.23689700765220809	0.18261850821308287	0.19252966492893145	0.16874186947924721	0.16651835316739105	0.15455079010991468	0.3544102815926871	0.29804598790032216	0.2978734646371853	0.23243614518910077	0.18854005955111683
3300047160_328	0.26918123027918833	0.14716451850902476	0.13243607422323248	0.1631963596270009	0.1489222490265772	0.15731907523169586	0.2176915904785485	0.16491786491776023	0.25907793747956054	0.25709917675825883	0.21261034003788268	0.22776690083917417	0.24346571665519642	0.2268090525839606	0.17441190183493577	0.14893133729452115	0.14677847204203176	0.1359617195185753	0.11201736660537417	0.08815663817731259	0.16836038059805217	0.17339740882507412	0.17583475566170856	0.16966230588870357	0.16993927808947304	0.1883682772940391	0.20211737800606955	0.2284689225735867	0.24723030978997598	0.2722349351328808	0.2760068415995091	0.286039552071809	0.30489615148344273	0.3118436850016041	0.3030574387603168	0.29326462614510296	0.1763205498843226	0.1771277924346274	0.17399666837009312	0.17944254629751497	0.17642734770006685	0.1558384947143205	0.19908751412073736	0.2161586498738769	0.22933182891940626	0.23146933435015885	0.3031154627725716	0.24972152223621466	0.29329180765188884	0.323103284419022	0.3223619068740933	0.3026356564657313	0.2742103981430357	0.5143100498684533	0.5140509103233639	0.5495091444408359	0.52895035143018	0.376981183047729	0.3814248806363876	0.3838423728169492	0.3918175091240838	0.2324691749396888	0.22861488698329357	0.1940283227876627	0.14640177872175253	0.2106324837142928	0.17560422148377397	0.15315413302407546	0.2220938240424712	0.21070672001062674	0.19930065616641318	0.18134440763351445	0.2762522597755308	0.2794502651353216	0.27035498017621407	0.2742917339431371	0.27614064136473737	0.2926257284876317	0.2912020968545771	0.29401232044332065	0.30454494914249397	0.1855417153998469	0.183835020295565	0.1948558502043226	0.2047630967124514	0.25280825151165326	0.25040680045367386	0.24470171517390074	0.25632733025918997	0.242994641530094	0.21958648110270365	0.24394483083005541	0.2500761721557703	0.25796421340074616	0.25541751727132433
3300047160_331	0.3232271849418354	0.4015956258486476	0.46182862381758005	0.47792895620281783	0.4532519792057756	0.5200484653255746	0.5519328599915215	0.5418622888237166	0.4138956910093969	0.4162455100528148	0.9798937895324522	0.691992743935472	0.5671823819203383	0.5246053388966725	0.5269145567914926	0.6438315632472573	0.556250895675084	0.5126404342602352	0.4720863355852107	0.43267843342123913	1.0591122841742253	0.9780591507567468	0.9393438186267	0.9335367091510597	0.8893271839385831	1.4121616722781982	1.374146055445351	1.081456707457122	0.7328439714136649	0.5881260884028665	0.5543526046617574	0.5287100354269175	0.529736538444875	0.5340021289846022	0.5706210794026464	0.6241288658698246	0.5471251381398723	0.5629441844636411	0.5461197212789028	0.5557493461216703	0.632527878598899	0.5821194868093679	0.35396966863816576	0.4185000646831692	0.45909329615219147	0.4774805212281631	0.5339036462041287	0.3045103897748576	0.3499203078582263	0.3830020474947745	0.4102097074400867	0.44514300474104385	0.47021522780855785	0.31799398284552644	0.30630465238725135	0.30379588641128846	0.31913554768181884	0.3989811556084381	0.41072692427907165	0.42951595803978987	0.4643770646700765	0.605041926262079	0.535059086205797	0.5422033712866572	0.5279249011344262	0.6766919869228745	0.581686898110772	0.5400825840334711	0.5576620031501573	0.5381925878525415	0.5259833983229183	0.4846375101863567	0.5064181491634149	0.5023834533796387	0.5267386336433294	0.5214672199094136	0.5324674603201924	0.5360718482800375	0.5065848051165305	0.4907448926312131	0.4926565921240536	0.6139852387947229	0.6036510154014058	0.6081047053116617	0.6464358980428948	0.45645671098214524	0.4766891406449979	0.4779237126668234	0.4851902631856496	0.5133051151971689	0.5290012942407681	0.541847437385668	0.5167917838415882	0.5592483783592963	0.5443628981885372
3300047160_334	0	0	0	0	0	0	0	0.02697397310158803	0	0	0	0	0	0	0	0	0	0	0	0	0.1222328876948399	0.1249358395905968	0.13504204307538517	0.14366679723018244	0.15574000803879215	0	0	0	0	0	0	0	0	0	0	0.030891937118161232	0	0	0	0	0	0	0	0	0	0	0	0	0	0	0	0	0	0	0	0	0	0	0	0	0	0	0	0	0	0	0	0	0	0	0	0	0	0	0	0	0	0	0	0	0	0	0	0	0	0	0	0	0	0	0	0	0	0	0
3300047160_335	0.11655364353499584	0.11634902578504039	0.11215810619077816	0.11850246226754384	0.1197439063915583	0.10873192493692284	0.10086365992419873	0.10190714237471757	0.13498701550385414	0.11955989584488752	0.2138638311458902	0.2559900016723514	0.29789009943886136	0.2641284105044664	0.18375326742906067	0.21692766824707319	0.20912838108140724	0.19145961699155747	0.1514017466678889	0.11827680530499171	0.22510399957841068	0.23158067792434645	0.23803351498284708	0.23692405699156605	0.22147937069595028	0.1689337643187188	0.19797357523317172	0.22780737340315485	0.2631760750710832	0.29232129711284965	0.20585070647919204	0.2126251202857262	0.22590896958101336	0.2317380094629169	0.2399899373845282	0.2354739305682645	0.1711331873153245	0.17137670473986277	0.1697657312766614	0.16486243433052916	0.15591757008853413	0.1563866843580559	0.1540545330873987	0.2003125039348643	0.22531297854351734	0.24206947042412952	0.3558421690927578	0.14935763255142945	0.18130735305460013	0.20601838092233907	0.21284249689040996	0.20119320795783457	0.17350890317670897	0.24501204032921503	0.2749758663656966	0.2615989559568814	0.2601633803639303	0.28043242696274723	0.2869160862116949	0.29899314606556293	0.29596840300686933	0.28918061004626394	0.3055755657331181	0.25700548874079343	0.1834074961625464	0.1759038362807376	0.17998732144632143	0.14541681504870357	0.17870190373165237	0.1813751299809458	0.17645971918598455	0.14106103688408148	0.21909996231714743	0.22535811093462305	0.22276247012386757	0.22813034183198866	0.2252686917229853	0.22177374887041107	0.2126984491993604	0.22258190274277154	0.23667365060551304	0.2000109849072086	0.18977594761806948	0.2277074423520512	0.2188255090059453	0.25375408716957154	0.24085352677084074	0.2537134310948665	0.24522837230980765	0.23437353272275624	0.16805221669747686	0.1804944269545711	0.19245706209476604	0.20660445505592756	0.20856464461627444
3300047160_342	0.07994171725342353	0.10184577286930195	0.24289854690443613	0.09333561423245908	0.09144761476905108	0.1212662732566673	0.07231249524591142	0.09990802687167581	0.07427809487978686	0.07113145734291497	0.13147301862208172	0.20055336542108074	0.24753692614308187	0.23702064656060964	0.19482874856815757	0.2156909087758215	0.2176702633598199	0.21718484121818268	0.18525240071873028	0.15696218188640187	0.13040539517325558	0.13248507416810024	0.1371274631933521	0.14450166397615294	0.14443090740441925	0	0.07706233751910761	0.12263101929656059	0.15801557407420216	0.195349998833798	0.17797945547517766	0.1775862284355614	0.1984458077431686	0.206180020377826	0.19504455588763395	0.19398464049764158	0.18908939263524477	0.19343264597025994	0.17997413283564043	0.1843958022656096	0.17617528062046078	0.17866798485757202	0.09693948954988693	0.1226307637181156	0.14594142265054574	0.15038880840178626	0.2312891628222577	0.14573618041861353	0.1827238050177437	0.20582577397205895	0.20749533655195895	0.2009392090725177	0.18329382911876962	0.15644382764921025	0.1642550071004782	0.15671941518873514	0.16269147656560307	0.17729419543004502	0.16786511526365436	0.16726648265506266	0.17214959184682815	0.1945973249302866	0.19956835226469463	0.19293523025531456	0.13764556515564358	0.1211443243789044	0.1261309858437098	0.11344803519233988	0.3609307735007486	0.36749520104307565	0.36645714459749607	0.3283419191008601	0.1987242243113962	0.1978860197786641	0.20258476658741525	0.20592552160335711	0.2082154038244667	0.14907179570673115	0.14716561302053527	0.1480000308211172	0.15342619595630264	0.23135058055545704	0.23401060013859046	0.25721119962162126	0.2543831495913766	0.16854639130117624	0.17052861208817713	0.17124742121019657	0.1584149904612116	0.16259260592557384	0.17902697526665814	0.19029674651523304	0.20082767850967334	0.2116493164720249	0.21405616633883112
3300047160_343	0	0	0.10106685226645032	0	0	0	0	0	0	0	0.5930868646614816	0.3827358121824025	0.1849383343385882	0.10826602689238835	0	0.10891871486126735	0	0	0	0	0.13019833348203036	0.12915902946278585	0.09974168282566247	0	0	0.39202095519446123	0.32871909204739713	0.2743506614117744	0.1939356484886308	0.10074552721352643	0	0	0	0	0	0	0	0	0	0	0	0	0	0	0	0	0	0	0	0	0	0	0	0	0	0	0	0	0	0	0	0.29981900185223026	0.1909661443491279	0	0	0.17407186219416537	0	0	0.1966514032542074	0.11710459347860881	0	0	0	0	0	0	0	0	0	0	0	0	0	0	0	0	0	0	0	0	0	0	0	0	0
3300047160_348	0.3899347629218636	0.3318437350949311	0.3656316152318228	0.35458760834963565	0.35123155500865977	0.34286621094559383	0.33160532242865826	0.34499164699115425	0.39406915092257255	0.43524546098360745	0.1746412155219789	0.17232126612989918	0.15691113925412836	0.14280723647614188	0.14448040687735386	0.22607217064999569	0.2465635262447149	0.24729273301058413	0.2881141504914212	0.35761786417619834	0.23731392111304775	0.2307767062682728	0.24054301042490972	0.24631551396495466	0.2699602962692728	0.11726564728014419	0.12664236134744372	0.14302449808054415	0.15223740624923165	0.13270516382019884	0.12780945321439713	0.11952638145105247	0.10178869202247062	0.0892640086250541	0.09491205715785206	0.09827058565686583	0.18231724700557195	0.18369054462735915	0.18447228351563136	0.1825898557950182	0.21798173428512702	0.19810778196134582	0.10549920217579774	0.11485402095660359	0.12362585816601221	0.14236567220148613	0	0.11389305796179182	0.12681258734717193	0.12846394504502248	0.14481215008958345	0.16923744280223585	0.20709057204426948	0.1623965405816077	0.10490458014161036	0.1139090260851175	0.11488633167431725	0.10008395202329252	0.10712021543087798	0.09238429400490783	0.099372402761377	0.1968761528991701	0.177725916749145	0.16567608457377075	0.21356703226101337	0.2933337006424909	0.32186707888621885	0.3755248198301563	0.2642569265010321	0.2627146879995156	0.287508828173403	0.3243034234263386	0.19922722671103704	0.1824137550585998	0.19222582454816714	0.18837651886223686	0.18939310043965804	0.1759593411640655	0.16616832897312261	0.13992949273894695	0.13069253881070939	0.19476630309311677	0.20360378980841132	0.1509835899409654	0.1859468843185986	0.12658288630974307	0.13742149143768817	0.12982682490847783	0.12807935673363025	0.1299970070490091	0.20985929725578276	0.18812449359847339	0.17700580371277339	0.16222091791429902	0.1465256670255797
3300047160_352	0.13175887208817555	0.12372104679046461	0.1707593234191643	0.1502575624588115	0.14772357499004005	0.1688727926482091	0.12531809455755002	0.14447875882373828	0.14873620042264887	0.1518869243083987	0.14774160923435686	0.18110263010677696	0.20175834986250696	0.2367982469581885	0.26365578923311384	0.20559604861794517	0.22047516664368896	0.22144549095617516	0.2297831771845818	0.22483546250495795	0.1655757002244549	0.1749763403938911	0.18296720790559293	0.19568585934445012	0.20699063309147953	0.061474512610314114	0.09931032437590451	0.1350300091728028	0.16283102760817847	0.18852527724075036	0.17358832996056708	0.17557434292621282	0.1764551618877624	0.17266570534503276	0.19159993840349845	0.19537583339377748	0.19243717105659927	0.19056837708474447	0.19245912421319933	0.19208664513191956	0.19656639576454468	0.19716900261539289	0.12151107933467505	0.14554363258211245	0.17258805180941986	0.189893791805285	0.27435720562834265	0.12064383746660619	0.13898113518718147	0.15341511223016935	0.1676252236745298	0.182926723044831	0.1926253133112101	0.15813179897084792	0.14152374044193225	0.1574510448359307	0.15738132508078953	0.1858172782590519	0.20038179604828454	0.18399771107459587	0.2029213045891144	0.19954351184428432	0.22665113353963245	0.25448917606443366	0.2600652802910276	0.19032514663015324	0.20352958144639796	0.19950335318796816	0.19069532441566447	0.19296427307529182	0.19598811270439262	0.20358079633232065	0.20045754111177685	0.1915046839142658	0.19527310046453925	0.19505659643752837	0.1983005035375802	0.19338737715910323	0.19359678765070765	0.18359964720345714	0.18515250464618585	0.2006067068184274	0.20105786339933868	0.19493971067747257	0.2031102352065486	0.1763656363026894	0.18689873211740943	0.1819722741396591	0.19102290220709223	0.19983500688379835	0.21492780066431333	0.21099627710943775	0.22465708235209778	0.21555208911126367	0.20378598748498508
3300047160_357	0.2761917353643936	0.1277586627198145	0.18578251623739114	0.20676448307724274	0.2094867709845702	0.19874582669521276	0.21822900102990106	0.19854177954665495	0.2799759961376645	0.2562296357903509	0.3891056773376828	0.49327303863645466	0.47047173716495433	0.3606475991228289	0.24237300038917356	0.2588509819890186	0.2269036276966267	0.1964692216543888	0.16025604653571926	0.12696086964016412	0.2031403971942707	0.20863424565844318	0.21225363471125863	0.20768171001967467	0.18535840437911444	0.14605471689974192	0.25566423848472103	0.3719015922992836	0.4395391457550573	0.42300359076909433	0.37291483771135847	0.39194572783438975	0.40048355483710923	0.4092652554229973	0.38852583857602185	0.3479880567295419	0.2820103376389235	0.29303381804645956	0.2815922045205939	0.2819671002506244	0.2591383322098746	0.2522705704203639	0.24477649755936456	0.30166092785902443	0.3394207990775141	0.32837653019656815	0.4125843323220983	0.26257021390730756	0.29767780163435714	0.301843397765751	0.2920775641705831	0.2623961950012845	0.22334258901613815	0.5288939158420796	0.5753618195591073	0.5727023657253419	0.5793055907086927	0.3364785654714903	0.3251870080871338	0.3320439458177763	0.3043413663624353	0.470025720261994	0.4029006904311565	0.313278216327856	0.21188565617017602	0.31226183794572504	0.26862067956979446	0.22438706340374254	0.32253661561881725	0.31234212899921837	0.28845228601033235	0.23989482225782477	0.31866380640965836	0.3201007263973006	0.3191837008323014	0.3142023336565273	0.31262270869986686	0.31022601008961964	0.3290405308622995	0.3481571075000264	0.3669793239326211	0.2649522314718876	0.26124508366624866	0.28557226100689315	0.29329762171707957	0.3769633619848307	0.36829462859618795	0.35981965841936525	0.3412630991736223	0.31179584842582814	0.291855750937901	0.3111234476327946	0.33050057431793217	0.3506313011504482	0.35182043727539425
3300047160_363	0.07509895330489325	0.09977267497226336	0.09356427282549783	0.08805025412539244	0.0781820469877126	0.08095658046620116	0.054318399172006385	0.06634592874292068	0.10873219034563794	0.10877802863109803	0.06819751908593179	0.08625402826692832	0.11147031794371083	0.15238390084695877	0.17114052577484412	0.1357650268187101	0.14595531575020454	0.1655050571503399	0.16445056340886063	0.14550190096804175	0.08805640977561761	0.0965108625082269	0.10983589043886233	0.11836643428440365	0.1256591501844197	0.02391084437999909	0.04077396408919444	0.05414149562077167	0.07204986007733497	0.09844991941742418	0.07731526694868664	0.07876998050180849	0.07664765226867659	0.08040989970785012	0.08413966304427149	0.09186080683204828	0.09587089130808668	0.09588328227479286	0.09643794090628761	0.10042128868666847	0.10119665800028489	0.10052469088153064	0.06444670955591787	0.07849417693436542	0.0939887151311846	0.10634259459825512	0.1729495542004395	0.055187224034999836	0.06368405955187063	0.07544228104155463	0.08272755976086085	0.08793895594743971	0.08867304880574288	0.08679720821754008	0.07731132795756271	0.0844500167344525	0.09152056820561454	0.12845053368028395	0.13257307795787418	0.13529671323163692	0.15196408353642227	0.1041842557012786	0.13603764738735646	0.15731037550912058	0.15052860358585277	0.10617853072711132	0.11976045896637895	0.1186323697482043	0.10068345152690508	0.10894625548894755	0.11867425841547183	0.11243132966195803	0.09771893794033057	0.0961794273098819	0.10115798466244404	0.10261276873687947	0.1041947241633576	0.09926184716579846	0.09514773915073974	0.09641781888079383	0.09755957373828249	0.11564286047184406	0.11484127523219516	0.11430385106214488	0.1252519164963857	0.0866176355523714	0.09054119270344882	0.09233580563073751	0.10405144055173933	0.11053981642106255	0.08852039362520583	0.0917638528131781	0.0923203355772631	0.08969099040093097	0.08864372587080412
3300047160_367	0.1510977979791123	0.1536115628906372	0.1564384699564175	0.18198641798521725	0.21263853259582288	0.14577922138778168	0.13466327868125882	0.11653374811878373	0.1974877017840752	0.19781623547316762	0.06677234256994498	0.08193972259852764	0.08805030422609665	0.10978837341651584	0.14771094096550613	0.1055961610750358	0.11849756320507976	0.13865547097755562	0.15419256864354933	0.17897469989887352	0.0970304852763064	0.09622047343904577	0.10396614645362416	0.10946639621875048	0.12435080240032793	0	0	0	0.06704108158078544	0.08209030733763217	0.08237219948330861	0.07632785470641892	0.07094490329983408	0.06823994890835769	0.07008725036522312	0.07844825694227264	0.12058579377632174	0.1277965768267938	0.12558206699830635	0.12337544952731656	0.14202861903837005	0.1346248080038586	0.06465909867596933	0.07440681647166528	0.08670420389104494	0.09502060309304118	0	0.0736507756278201	0.0864805648933442	0.09571145860423641	0.10849995945257697	0.13414766732106898	0.15187917240097817	0.10297950729692514	0.0870323504903041	0.08767748719670586	0.08925899420014416	0.0967722553165741	0.09463261222413956	0.09527504239655193	0.10255656246018958	0.09603456540430881	0.10812343852973703	0.15759863140870065	0.2334228385117427	0.1454365755658408	0.172189665430151	0.19806237058952342	0.15278928110479653	0.15461285998457766	0.1812781724718325	0.19600475000881146	0.13420334289071117	0.12416337573236232	0.13485981584700746	0.12982016273130417	0.13798898074433524	0.12019569577509678	0.11355373001804461	0.1047766413674015	0.10247877895025377	0.11120939330314904	0.11267252533166548	0.10707750871120138	0.11180630248189499	0.14372982217860605	0.14473179833265334	0.14955831034151884	0.15647180795582266	0.1631684889621209	0.1291526246106958	0.1256775862358615	0.11584438645358024	0.10816881700854511	0.1050938928943763
3300047160_369	0.3872254659676551	0.37220399912165825	0.4660983719908568	0.4658098255147491	0.4523926583295413	0.4458120117186073	0.46915226262076976	0.5366064770281902	0.4712834992973206	0.48656159340455096	0.33601425838354737	0.3388226870851248	0.339740073558698	0.3709005824352103	0.46162607596318206	0.4777247648696974	0.5323702235692707	0.5640430174211968	0.6450381669030951	0.6898869174195499	0.35535773513259356	0.35881697401680207	0.373101393317579	0.3852562256589459	0.4156437391099585	0.2113125135938238	0.24172907749651357	0.2712276241938763	0.28763278156673744	0.3014923790207707	0.40091149086226807	0.39275692276558316	0.345949275685995	0.33870375633895683	0.35086498595577637	0.38559644131654436	0.4214040505409531	0.4216825019054344	0.4121100471114593	0.42109395604985916	0.4723658415831031	0.4326834052574019	0.18040015276992827	0.21071029756490586	0.23373010502293476	0.2687194601068969	0.2967262961063025	0.19809400493505486	0.2206792633800997	0.2464607723495595	0.27597272264648337	0.3213936715962828	0.380117517768751	0.2777071299428724	0.239730268050578	0.2464493062954878	0.2498409252463638	0.22762168732937127	0.23345781792333525	0.22706680831829631	0.2476567054142546	0.3435249557200074	0.36493737890992306	0.4436079439361012	0.5741974884193723	0.45848483942771073	0.5095977575735038	0.5347206022932092	0.5043227900968087	0.5268921456219324	0.5623091112804781	0.5952583561201127	0.39370290627177934	0.3791871469583777	0.3802781457234437	0.3851916635667036	0.39673883055669995	0.37627441942452183	0.35684197287329195	0.32792084517686826	0.311171861663397	0.45590615705524107	0.45057639823225853	0.4075791581917238	0.45143258383326024	0.330367956486197	0.3324042344300703	0.3369896182224074	0.3408998494090512	0.3684364924162969	0.41738877163544136	0.39625700786935225	0.3891057203998112	0.3860238534072892	0.35129084689594176
3300047160_379	0.10853554841409535	0.11317645092390478	0.10314365255217914	0.08811346758040614	0.05786963246266262	0.1259058037757515	0.12228073021860575	0.16691555832517202	0.09761784625488719	0.10466938354992189	0	0	0	0	0.041847202681839786	0.07401207513916636	0.08478952229512017	0.08975840009530713	0.1159531808573041	0.13683482300890706	0.10116583655670941	0.09925928134138992	0.10264808213506596	0.10640823760894244	0.11932271070664495	0	0	0	0	0	0.06650429048026568	0.06426217424103686	0.055566978947694155	0.04880322739822275	0.05011544113715978	0.05377389539733032	0.08174403560052584	0.08030599314051169	0.07924514826478	0.08147507505803674	0.0942173938517472	0.08394339744696783	0.037959697974197036	0.041445419258876515	0.04473172635407332	0.05438406626243368	0	0.028719614126860263	0.035517520963778984	0.03421416212418497	0.039646015605141	0.0454700591598635	0.05464854433501725	0.04487767331429915	0.031552620856243926	0.03413022275245153	0	0.037849409900754284	0.04032566493113731	0	0	0	0	0	0.04697548970988787	0.06828453409042028	0.08106748844333485	0.0951396434504948	0.06417988909196663	0.0678020130839177	0.075719116980766707	0.09102856262297082	0.05453470052966371	0.05194026548290591	0.05250123372865996	0.053000525927619814	0.052099337514496566	0.0575125984715867	0.05062559039577378	0.04924964399473173	0.0413192009154039	0.08807659341918343	0.09142743838829719	0.06586985451398839	0.08338086328790831	0	0	0	0	0	0.08198376835541028	0.07362243963147595	0.07005049565794899	0.06372674303991537	0.05730562161119205
3300047160_386	0.0737473168050513	0.041989728217929304	0.09806358138932561	0.09648301554267637	0.12003203182924287	0.12015061230673386	0.13207737755046217	0.11144984752785136	0.09548355426041936	0.09201491098735319	0.1809600783733587	0.12949213718065603	0.10345860504654251	0.09136123705380536	0.07454877868130948	0.09801371520211856	0.08662257342861403	0	0	0	0.18487240977968059	0.14693597735637973	0.12338958475431026	0.10441770676328607	0.09168711546986824	0.716723504888923	0.4543621360630185	0.26056257462019683	0.15421577841849657	0.12553260284810078	0.18877206364433186	0.19679608028252588	0.19932493670522428	0.21892410960041314	0.21259603308621627	0.20974360076017778	0.13431410447115347	0.13263743171153564	0.13343533478396838	0.1349793896100896	0.1384554007313924	0.1215763361280461	0.10980948713567294	0.10360302251775443	0.09943678116728981	0.09833101083476933	0	0.12128668261177938	0.12793249656881686	0.13347163332971043	0.13594962002364977	0.1279323238470237	0.12305106193499418	0.12346385364835409	0.13532752389845412	0.13104344867405582	0.13213079757802615	0.1199233640682541	0.11584951985009254	0.1198557019391566	0.11870196546209764	0.11678143163314017	0.1007398900746291	0.08952644665761124	0	0.11604573273886155	0.08985013767376929	0.07110545756938225	0.11580729706652101	0.1012599439461651	0	0	0.1663706890652887	0.1675433101140242	0.16892104225640397	0.16166743568138836	0.17458335748288623	0.16877267837935778	0.16181336674873814	0.16772174722074068	0.16997835171160944	0.15150097094028117	0.14255027866199216	0.15831298234493874	0.15696933376992686	0.21614314898198458	0.2198642182806896	0.21298480249864188	0.21463711452797707	0.20402344726395027	0.17585443170607165	0.18987990890847178	0.1824143177163565	0.2084264889353101	0.2112313511123105
3300047160_391	0.22658627915833557	0.25009414861693813	0.2678200191522101	0.2595234332117069	0.25657508162149767	0.2614475228028745	0.2825358032670766	0.2889200930731795	0.33865438290782696	0.33168975304533005	0.6453293634586206	0.6933333113105884	0.6496637439747351	0.5304943444032242	0.3896085547596281	0.516400434469127	0.4498781675945864	0.39804195735544	0.31725802459450736	0.25727594142372634	0.8724820119396088	0.887040596121226	0.9047313143226359	0.9060411767372474	0.8393031359619536	0.3341713853302212	0.41761214112374745	0.48084174140776564	0.4932367387363411	0.4537486359540972	0.49036396796858167	0.5070331947357842	0.5354454150390865	0.546643361095274	0.544813142417176	0.5043447176267662	0.39259628824782633	0.3975330811419065	0.3882130122605274	0.37890284092315923	0.3882166771821231	0.35395938341493316	0.6611540034545598	0.7230070670236903	0.699192307443093	0.6071156176985902	0.7361297696167827	0.5465531882056357	0.5745383132113985	0.545659560708879	0.4735033111209125	0.4053063189424953	0.3549627142607532	0.41292435441449593	0.41569464716313553	0.4339707096662631	0.44620688353240945	0.6239166583362116	0.6382591672232435	0.6523617852043375	0.6316069100886345	0.7075753267605611	0.5949297760265349	0.45401847987726834	0.33052332741465	0.46984994144365866	0.39611199851917545	0.33219172712294626	0.4043044555598239	0.3978754960295699	0.36494985300592225	0.30642611096250916	0.4721278330691818	0.4735584344231562	0.48866741966574123	0.4868907475675142	0.4765726040058425	0.46627637188411797	0.48274002338140737	0.4834246504143839	0.5001420420410265	0.6970450808390553	0.6940153560279221	0.7191867117798512	0.732640815476791	0.45779710716735406	0.45403331802414354	0.4300454971150219	0.41408252132242473	0.3872860549731178	0.37894740150140177	0.38663056113269584	0.41010974398646893	0.4416050408786346	0.45111995753852285
3300047160_398	0.08376291368521892	0.08413954429830105	0.08254446447504006	0.06931644547855365	0.04598226822657763	0.08413444992775107	0.06432835472596644	0.10715981942373153	0.08380254031849466	0.07271908510544597	0.24671145322441793	0.2869955952689751	0.24611339802428925	0.17679591397853922	0.0956903072150638	0.24523982072006753	0.20900999394596695	0.16878599520658547	0.12259586498581782	0.09078307418852648	0.32669954151804387	0.34039392050744205	0.33424808627256536	0.30630547350515924	0.2577239132662146	0.1628078947886636	0.23093800673595338	0.2779270337122481	0.30968882327044217	0.2440400794675284	0.29419072017723674	0.31889920338447275	0.3498910453857516	0.349002357739613	0.30046965370160106	0.24304033974884925	0.20672993282440977	0.21871331682526843	0.21968792494274034	0.21734592097456037	0.1792521099937485	0.17923221574650638	0.18491266097895043	0.23568151826928452	0.26531612646507935	0.24714943141976084	0.3361407742078036	0.12425803720086195	0.1427037886362664	0.1456657488164017	0.13556923736688078	0.11003955255211352	0.08781274448429915	0.2708160450311609	0.30007151075631827	0.302745244958618	0.2890626344005177	0.35747031345074226	0.33423662347668137	0.3191432324953431	0.26918224247113404	0.2644183611458629	0.20400163357219583	0.13638107170264943	0	0.14569167698662555	0.1136232036678149	0.09025390466337616	0.14366309724567258	0.13289154135309877	0.1136968862624984	0	0.18386599391499514	0.1888223712887148	0.185395214295084	0.18127342970020627	0.18021524881703382	0.1884783007342313	0.21722559141094297	0.23333975233775084	0.25359791584831703	0.27608305766118463	0.2699319931381345	0.317119216484628	0.3039699141595245	0.12942251072519415	0.1191820836357663	0.11358221484199815	0.10775497261606617	0.08427416331831668	0.17350109662200164	0.17869479676850175	0.20037395229571842	0.22003252667547576	0.2169812954354348
3300047160_400	0.28244985891455293	0.31183328963018503	0.4444247366907771	0.5000832972802066	0.34008269924871243	0.3646441249680424	0.4744066243791642	0.42477778046562265	0.512602319492357	0.4773472930471241	1.0405317135633103	1.095719566827045	0.8579407172652119	0.5411088928688997	0.30630614241020465	0.5727219717168609	0.4671318790604031	0.36679528965457575	0.28799294466192676	0.21598474021287786	0.35341998925491847	0.30688977849686333	0.2956729884739577	0.26297464171995566	0.20815638288690946	0.6441328212458688	0.9262712892651259	1.2105804215040645	1.124380556891796	0.8825773588432948	1.1013463086290027	1.1919429535570423	1.258607878932136	1.1951520686026174	0.9614309747530111	0.7519272275202851	0.8460730264305552	0.8588596164627695	0.7840881518454237	0.7827142482532465	0.6711338305686593	0.6398074639667863	0.5803301546646948	0.684318498203551	0.7353542304559587	0.6419768683893056	0.8053241519322294	0.8504925514300651	0.9330860498863068	0.878603006384553	0.7832558980441346	0.655818597034986	0.5202753596512809	0.8155911643106788	0.8899961996600935	0.9002088398880121	0.9184200515547716	1.1871521649212484	1.0986295383405917	1.0125752852470804	0.8240714822742378	1.0410437228815492	0.7570992343952699	0.4810832016167419	0.2988141760076151	0.6556998366328436	0.48737690526726807	0.3525865902629495	0.4903562176817626	0.4398673381081877	0.37814238127818023	0.28675972851242526	0.5606211069591929	0.5235629044646395	0.5507528969593444	0.5213230158373428	0.4464630769804215	0.8315164740879912	0.8828766635807392	0.9737215603392613	1.0615489890376828	0.5686257483487217	0.5407988266157239	0.5851430167351261	0.590868569288706	0.814093798235441	0.7352575448170059	0.6789467869428174	0.5825797970857293	0.4902164475192147	0.7080295355078661	0.8088182934156217	0.839530757741853	0.8876383583180334	0.8714800642914028
3300047160_401	0.022152914947521876	0.022311566522945137	0.030103556018473383	0.026656552839795948	0.022162817340042443	0.04840609209261474	0.04780831778167813	0.0753938011909497	0.024665550273445663	0.021629573371075607	0.11794384935658035	0.12379061972264166	0.096045272902273	0.05865784604319451	0.032058966108419094	0.08914950845986391	0.06914159237713713	0.050989097087218556	0	0.027674596754180082	0.22206063688410238	0.2234516248514888	0.20971589386254821	0.18485376161859454	0.15005019173403333	0.08734231241724653	0.13901549381851142	0.17912463571097104	0.15577067993237634	0.11298131735574238	0.21468704278893186	0.23475603442408136	0.2352207788516528	0.2228570317175822	0.17911014835834593	0.13812286143862618	0.14910168341274646	0.14472388948734363	0.13562414834686004	0.13483129015197148	0.11459129055973602	0.11413644163544193	0.04380363175214306	0.05364364604374788	0.05460082477168738	0.0497168753483657	0	0	0	0	0	0	0	0.06165470234476266	0.06625818618918512	0.06285290125418719	0.06001762321486812	0.08433669201297828	0.07455429128393207	0.07360296044691295	0.05640090104352699	0.11473053038901651	0.08014757265156279	0.05207765827676515	0	0.059640847144815816	0.04425537852295442	0.03483965110506125	0.0720030555621807	0.06576623008312678	0.05719170802104697	0	0.0738318959888239	0.07641576534906389	0.07225736396339563	0.06883568983534272	0.06537873654588527	0.06789789999944092	0.07766489791535884	0.08823614606472714	0.09802401151221478	0.14605518888147453	0.1476087114651956	0.16395257285870618	0.16221561398786932	0.053331900677882335	0.051060638235182025	0.045225406625354854	0.03968416970194372	0	0.08530148558869845	0.09831655137298437	0.10505496086225415	0.10586663880946812	0.11101501246888236
3300047160_402	0	0	0.14821391012272983	0.09103675885181087	0	0	0.08152730987228654	0	0	0	0.2891830425913951	0	0	0	0	0	0	0	0	0	0	0	0	0	0	1.054793763861362	0.4787947480482608	0.17308714235578632	0	0	0	0	0	0	0	0	0	0	0	0	0	0	0	0	0	0	0	0	0	0	0	0	0	0	0	0	0	0	0	0	0	0	0	0	0	0.2026322905148223	0	0	0	0	0	0	0	0	0	0	0	0	0	0	0	0	0	0	0	0	0	0	0	0	0	0	0	0	0
3300047160_405	0.2190429470340761	0.24387392734651292	0.2486524162050636	0.25224083048459783	0.28529496886022854	0.23851487607285116	0.2773714818988358	0.21436717609023123	0.3051564747906248	0.30487831287968875	0.176893813136351	0.22988415302697623	0.3118617267175172	0.35622240921814385	0.36939212083862843	0.24131678944865667	0.25993666835449897	0.2689402614609991	0.26283630017735554	0.24070298701736503	0.19285471340169585	0.20141673592535725	0.21870847996129486	0.23801993655286585	0.23374372588099288	0.07066246778458352	0.11965085065884248	0.1796575266873678	0.23852401946707946	0.3093024041166706	0.25378543478251986	0.25086924603508604	0.25019875389664786	0.2596516306979441	0.27901857519136003	0.2950856081150206	0.21001098374551225	0.21356648549442167	0.20797181357698197	0.21209833538986023	0.22376124858359345	0.21537455643601805	0.15995607266509806	0.1990014338878778	0.24011816732666227	0.26580004176657324	0.3332744508255867	0.2246536849522609	0.2811728575139262	0.30923805681814903	0.3357923858136261	0.34852871430362564	0.36221590985825897	0.24562123954618617	0.24916559279861625	0.24603050408890365	0.26591001815427606	0.2919064391316026	0.3040140335812664	0.3043855297055546	0.3398225757479839	0.2523207261436556	0.29708069849750984	0.34469535916290645	0.33831760657048704	0.27211594714423315	0.30119941567026914	0.29143904485933175	0.29107653192481675	0.31721040636755343	0.32775960625698625	0.3126925957866064	0.3118464119587754	0.3121422457661193	0.33297096353920314	0.32541710604384116	0.33824566722325805	0.3184328326048783	0.3137846854630518	0.3005853032177651	0.3050393816526953	0.22285609470380063	0.22825646336219868	0.22350300504967124	0.24059938415106158	0.34599964047126164	0.3471762975004713	0.34846722122119905	0.3600082530873696	0.37526418220615537	0.27873248118746957	0.27909845683909545	0.2842744437943778	0.29757584479646726	0.2905202005834181
3300047160_408	0.09507222617436326	0.06177989781557361	0.07289991961115419	0.06959171906431712	0.0633296713423169	0.06830095162841393	0.08315485943992039	0.06664593624515595	0.0822311249753634	0.08307903858387597	0.06563869828061569	0.09094133563913312	0.10603354036019545	0.11307280491704291	0.09212736506875262	0.09259635561984221	0.09442685841253802	0.0882616531593022	0.08069227574201314	0.07040744162019115	0.05935755745013253	0.0619895452235617	0.06681479139161423	0.07008915470507562	0.06966770102057515	0.030404171417864827	0.05050066600695867	0.07595755627068879	0.09961556132976604	0.12131194225001747	0.09397244417394555	0.10315841526921678	0.10217448294875503	0.10578321345510455	0.10229268666906259	0.10212588559204627	0.09698288720673263	0.09993780407995481	0.09547116139066673	0.09360386720183096	0.09812305897792416	0.09308571842504812	0.06397273991446058	0.07737580544991089	0.09157876683479994	0.0969597652553225	0.13016546711762902	0.06903293384715095	0.08170107477041666	0.0917668139299209	0.09406663315193324	0.09123719252977326	0.08431385536575384	0.16131459393846162	0.16270389363518542	0.1636928663374382	0.16487832521042012	0.13654678120209635	0.13637515556177274	0.13741854472772144	0.1415724448817125	0.11468371146484142	0.1251446336465227	0.11637487141438049	0.09501277685368188	0.09463986564329971	0.09433532568134163	0.08505613669666715	0.09920596297594418	0.10456825374809693	0.10028258648746302	0.0911094293120678	0.07755094456290829	0.07846796659896423	0.08039579222517199	0.08072526443246682	0.07994687832606626	0.09318438551457954	0.09028101829716083	0.09647865996219657	0.09910770144395699	0.07728368369781903	0.0772330311015007	0.08172997001835595	0.08065384779596388	0.08319851179388642	0.08448551952620283	0.0809188634923255	0.08094771815900463	0.08087580509496171	0.08519597483859713	0.08912614804116406	0.09420701151526253	0.0953763855149082	0.09462620173540659
3300047160_425	0	0	0	0.02542720641143635	0.026500254500853627	0.040855956833117574	0.030687240953940067	0.03370911317478822	0	0	0.11315760210476719	0.08951396380852285	0.056221852968003506	0	0	0	0	0	0	0	0	0	0	0	0	0.09228480452682344	0.10653197064115019	0.09956102614685622	0.06757149830604461	0	0.14774151193220753	0.15744474869237804	0.15781624627730792	0.13531009352149462	0.10057378017798617	0.07115606043555814	0	0	0	0	0	0	0	0	0	0	0	0	0	0	0	0	0	0.05333515649116234	0.0602085856484472	0.052690985184163444	0	0	0	0	0	0.04586753042468066	0	0	0	0	0	0	0	0	0	0	0.05802246925072218	0.05997652076638199	0.055885639619538165	0.04979552161786384	0	0.09427090636361829	0.11019460866536507	0.12779430903256367	0.13729908832832988	0.0867708395451475	0.08385120912774452	0.10230311698833144	0.09310611326657203	0.09422159178626383	0.08205988643420938	0.07353747106463589	0.05901409494770105	0.046124454881521955	0.09862836985370166	0.1102932922106328	0.121094150191851	0.12817418394526311	0.12420253368540303
3300047160_427	0.02186497578800407	0.027498224172119126	0.030751698323823008	0.02734770134505722	0.02658415334978644	0.0475281374550973	0.04974432270656743	0.06259128019792723	0.023423180536060347	0.023403887780179607	0.05918081124666617	0.0456743179542998	0	0	0	0	0	0	0	0	0.12240948759983669	0.11316181019588097	0.11192982615625141	0.11092881640872422	0.10332090980816643	0.11547858034258929	0.09906357843065175	0.08677817336948362	0.06875020065637373	0.05608562294579268	0.08838998608317204	0.08205628501483705	0.07931356087813997	0.08319727102203572	0.08761539124530546	0.09302639644061751	0.06853087897406716	0.07608727937190964	0.07553468283319592	0.07266725578013637	0.07581279390350101	0.07074477977758122	0	0.030006001834182627	0	0	0	0	0	0	0	0	0	0	0	0	0	0	0	0	0	0.04378551115677679	0	0	0	0	0	0	0	0	0	0	0.03962313907709271	0.03803355237559416	0	0	0	0	0	0	0	0.06581886786977803	0.0647460809462007	0.06806226285352293	0	0	0	0	0	0	0.05644141303131518	0.054998882669714685	0.058741867847610235	0	0.06408570807353325
3300047160_434	0.05825596160347212	0.07388461220174745	0.07956743370702381	0.06582666401070496	0.049629940489502054	0.07049864554109328	0.05589092279013299	0.08843230049460585	0.06098038112689041	0.0625171443072837	0.05723745744397647	0.07916047131089471	0.09556621700388596	0.12016862629749062	0.13246862790161543	0.19225052067875825	0.21329725796017732	0.21805189073022094	0.2164740923875378	0.21707205545441294	0.11718471827676126	0.1282151597983832	0.13711437434904092	0.1381620945438697	0.14950459679754166	0	0.0457111597678524	0.06318950244818129	0.07873991435013829	0.09914547094433666	0.1191880266507063	0.12249710313775798	0.11848044012367494	0.12503597693096824	0.12676485771884802	0.13027809842369661	0.11661400858233086	0.12067754303305762	0.11678929949703826	0.1177981328045424	0.12532527803472895	0.11361193272874817	0.0674483251079041	0.08152418456613163	0.09382344621094767	0.1083507890232285	0.14207981053484772	0.06272486318699444	0.06770362473783469	0.075790591490016	0.08180881248914422	0.09199847580048487	0.09249556926061195	0.08090180132401525	0.07820748391134177	0.07976238096512013	0.08025143544761712	0.08687085819845856	0.08821950158522464	0.07983574529804126	0.0920443449558073	0.09466187757889913	0.10793693876747171	0.1192218159065245	0.126924707208494	0.09345161315365487	0.0973794321481504	0.09598875431592192	0.10005759797410738	0.09937072532614974	0.10689234830196742	0.10342215462753088	0.10292410620978013	0.096260939333776	0.09485349211114424	0.09789398582933674	0.10046163244506964	0.10331972217754574	0.10343736417080594	0.10080805689086694	0.10332789933912429	0.13421707307455435	0.1316869084763115	0.13121610183869709	0.1367303951790665	0.06287253177813819	0.06714993198677408	0.07012501098740857	0.06997347996467468	0.07339402090841261	0.09795275351036921	0.0999251358991691	0.10279061656449806	0.10039985379584951	0.09541085764419362
3300047160_441	0	0	0	0	0	0	0	0	0	0	0.6375463938943451	0.7273564848803419	0.9143716010361905	1.0403001145243436	1.0923221960999572	0	0	0	0	0	0	0	0	0	0	0	0	0	0	0	0	0	0	0	0	0	0	0	0	0	0	0	0	0	0	0	0	0	0	0	0	0	0	0	0	0	0	0	0	0	0	0	0	0	0	0	0	0	0	0	0	0	0	0	0	0	0	0	0	0	0	0	0	0	0	0	0	0	0	0	0	0	0	0	0
3300047160_442	0.7896065319666055	0.6559728940635725	0.8114476001112376	0.8316524016611473	0.9093356722013236	0.8494648830331648	1.1278373361409677	0.8758503687768574	0.8289400708716277	0.907915838134923	0.6256515321031969	0.6292717696485958	0.5376146413063952	0.44375859092799075	0.402659935677634	0.508370716695732	0.5355978090112232	0.522843058299744	0.6024745902933727	0.7186870467409886	0.5146611204920687	0.48109456074593965	0.4788478096908479	0.4843791803382285	0.5271439706807617	0.34962906986936615	0.3335959700199909	0.3579529386100697	0.4075946035173272	0.3565577680801019	0.31888555990228895	0.2902684034654034	0.24659706295493997	0.21252129098832875	0.22289806086162428	0.2369106167365925	0.5118745717994352	0.5038354872976807	0.49182580959455846	0.4888846077498644	0.5865338796194386	0.5299007442455178	0.25009055891574855	0.2674224150636538	0.2845670384939792	0.3143379777927305	0.22887375479852234	0.2667015765198591	0.30238023927905305	0.313166755172203	0.3362895224876052	0.37281891323809385	0.432288282963011	0.2978271008275713	0.1944048563139069	0.21826556625759455	0.21273012276805614	0.17360890735265716	0.19141423422639248	0.16053104719699307	0.17553085508853872	0.4655561087311582	0.40384955053931765	0.34573472195246174	0.4146468600882543	0.7241858633215909	0.7157287714986347	0.7787856445215359	0.6669119859162596	0.6401963234790685	0.6595394015795899	0.7570782472683825	0.4273016873684642	0.40485002591260194	0.40315901060167136	0.41991912018855376	0.41442242335501783	0.39710003776867425	0.3550075335327017	0.3094160046629936	0.27108599627951363	0.41816713065239536	0.4477273562746184	0.3053765526232204	0.3946474544595312	0.32614743491524006	0.33480352300472527	0.3109389464758356	0.3135526003178106	0.30565589796647413	0.5219875428751981	0.46287546099003424	0.43249526508919417	0.40486933971171135	0.34524098608884046
3300047160_451	0.11230927350907949	0.1211623275825612	0.12949562290630715	0.12708246949408064	0.11940905086648548	0.14913243435687237	0.20093978230905657	0.1879819646569894	0.14466383240314162	0.1554775808899408	0	0	0	0	0.0652224165048951	0.0762860543138237	0.09399467346130443	0.101411440426095	0.13516041706915274	0.17919545865039155	0.12121664655205054	0.12829836988263885	0.13352157317644686	0.13908403033781983	0.15777764532598312	0	0	0	0	0	0.09296409920651524	0.08230757466479446	0.07041056121901912	0.06690184342353525	0.06739297975498408	0.06769780798864075	0.10436166734271231	0.10143055128586213	0.10046111468546984	0.09828483903601942	0.11629287410271252	0.1035353407927184	0.03892679379395362	0.04307125351561442	0	0.0559711572275735	0	0.04452992765691977	0	0.05250662653553917	0.05890039168496793	0.0755775330265888	0.08804385999340221	0	0	0	0	0	0	0	0	0	0	0	0.08033338564416503	0.0853199318868817	0.10364395500334606	0.12709634723668037	0.0838995764574026	0.09157647955791348	0.10717748303981182	0.1301831576696399	0.0917895190571826	0.08643357815826534	0.0864312793667647	0.08785281183621631	0.09377088035004812	0.08941659061709563	0.0758136960137269	0.06922416072592355	0.06484668745695607	0.11821652460038772	0.12834455253465094	0.09070778749539689	0.11840171957803057	0.058437487799863706	0.05861935553150389	0.056586121238608234	0	0.05797272736926183	0.11402206104418923	0.10549876045308176	0.10099822492358206	0.09374842442825763	0.08295207614144717
3300047160_452	0.5115340713206858	0.4329275724406979	0.6287793671656425	0.7587861830440379	1.1155182791022586	0.6384945463226324	0.5539799226975615	0.4965114351228385	0.44036967276192013	0.4918611036477243	0	0	0.11150658742205505	0.14376286668289776	0.20387249683700898	0.18070738893853538	0.2146964432687559	0.24207255135537056	0.3342707318229734	0.433256397206666	0.2176852867117084	0.22386914801871943	0.23695173768469996	0.24919918088645235	0.26927834275115775	0	0	0	0	0	0.17545002213254204	0.1635029114315183	0.14186846990938015	0.12220536081798854	0.1250259540115982	0.1322073592091996	0.26891348009231975	0.273870434764838	0.2720309079514143	0.26354310790357316	0.30402419355774746	0.28826590980189587	0.15080848773368494	0.1594746796943919	0.17002621497105902	0.20179470164420815	0	0.15486695981604484	0.16895335142850862	0.18195383059569986	0.20046744305077907	0.24853222847769887	0.2930305401335697	0.20578524274112864	0.1294916015295927	0.13869832563282744	0.14050311379469158	0.13526577120995678	0.1435416312308105	0.1252310441831624	0.13023155225220007	0.06905824873044869	0.08633035542719117	0.11639582907190318	0.19316936160381606	0.20561258471104688	0.24424665678392152	0.32486435427623483	0.2014332290794635	0.24374190607471766	0.2887594184676943	0.3342798061864126	0.29548888368376963	0.2743617739082524	0.27081563528966257	0.27788270766086964	0.2852179398227049	0.35238689247425864	0.31769277374578014	0.2805600015382515	0.2500780076403549	0.26159120177770295	0.2924398610225189	0.19843641790331187	0.26025060121940174	0.39242324448629307	0.40735774444756406	0.3942255522717937	0.3830772119470631	0.39207966663331423	0.36613443054513584	0.33858984369627937	0.31558380430132965	0.28248283485370507	0.23831237680256873
3300047160_457	0.0622949091264405	0.0560761514017375	0.10274411962429579	0.08072326124727214	0.07978232814190594	0.1416798172792034	0.1245881421890982	0.17558269798221218	0.05674619184338278	0.055320436422749614	0.13961653765919513	0.11280014586379325	0.09132286939708827	0.08859703022604684	0.08686589643760359	0.15520316840937953	0.14118896641123965	0.13090699673569842	0.12350573323764925	0.10823537842083619	0.20139745135707485	0.17436935249351607	0.17199636988388345	0.1577728358460422	0.15411132521851922	0.23834655005553962	0.18767892155020977	0.15295924034197464	0.1193721737500217	0.10526533653167702	0.14468883995663817	0.13213859495374974	0.12958940519337508	0.12223113330064501	0.12937121343318903	0.13837565195128923	0.09758035769651897	0.10179441721666076	0.09841200427950292	0.09709283627663493	0	0.09861692460622544	0.06235177014895206	0.06167567667551273	0	0	0	0	0	0	0	0	0	0	0	0	0	0	0	0	0	0.08085667078857058	0.07884961534397202	0	0	0.08289122136744646	0	0	0.08944172762092853	0	0	0	0.08368530478346649	0.0778546560976236	0.08399350331152543	0.0805980184368267	0	0	0.09286267744753114	0.08959122808423557	0	0.1511906017436347	0.14009164275352673	0.12922434637046562	0.15711083312888693	0	0	0	0	0	0.13279356912096904	0.12509968485188994	0.12563982742054874	0.12711602732254454	0.11794645089862582
3300047160_468	0.1451329048397115	0.10636629852805851	0.09336024722961715	0.13939678227624072	0.1337398287840461	0.09908259065326139	0.10473167610116298	0.10306524752527277	0.15424978364343359	0.14964741340498863	0.1990284122244322	0.2191437141273294	0.2366928712037232	0.20046395186225674	0.1560065944055198	0.13068983734142947	0.1242153815013921	0.11581646942952796	0	0.07550317945716496	0	0.08652733206886355	0.08337306788173221	0.08165518651537973	0	0.132737777976133	0.16037247210008432	0.1875420485494143	0.21979924031177003	0.22788592738184635	0.19375726253454856	0.19642211548559235	0.21519728710435918	0.21812890059831172	0.22161528360651375	0.20649312502301226	0	0	0.09131241449157351	0.08937238970366214	0	0.08937349397315017	0.13733306133081044	0.16555189741514298	0.19178924981489703	0.1944110025203618	0.26729565384894627	0.188687381563689	0.21107201620956104	0.23299413386382115	0.23675754754216	0.2197958613179459	0.19878488063916477	0.2889015195028757	0.30210971903012124	0.3031902170168548	0.2875068101632661	0.3110768506414663	0.2949103686232194	0.31651670638708745	0.31112986160828315	0.27495480925125765	0.25887630848390464	0.211002823452072	0.1542791463912282	0.15482539205615814	0.13809838284040404	0.12207735927047347	0.14654853211574748	0.13398332657418305	0.1431884047218131	0.11433146786296072	0.2496803798454819	0.24760092591681906	0.2748030437978105	0.2737822988573456	0.27419492879071566	0.2605954357728305	0.26682027639455747	0.27318161927653967	0.2972835012265954	0.10511459041312879	0.10581282954125443	0.11062844480065533	0	0.2429743687119873	0.24989774765497813	0.25250783135752697	0.23678313367909132	0.23381255256889596	0.15068483761347823	0.16024274275418868	0.15201438245708918	0.17747396879287164	0.17658937850380116
3300047160_475	0.07538623654875591	0.12481822513825387	0.14745356446133237	0.10661238830628592	0.073277312855074	0.14783567610650258	0.14493067972423604	0.23425198454013738	0.12579496442250057	0.12436530507121944	0.1511673459813222	0.1794613036753436	0.2096615680867954	0.247568873592443	0.26841578417897305	0.18876174392950135	0.19229797647388774	0.2023187955736252	0.19603125785627035	0.1823108132336422	0.5097144133602338	0.5326953544748295	0.5492595757498858	0.5888472154873415	0.6270095184140356	0	0	0	0.10929815099144485	0.11280780546261715	0.2328834019614247	0.2283090646468796	0.22665252388261786	0.21843638136846652	0.24194747980705988	0.24233200075487674	0.14932344155298374	0.15686643677233575	0.14331551460994182	0.1454656749389571	0.15849719345051483	0.14379380510729545	0.1132339799619082	0.1338138232516217	0.1537546177482054	0.16268656854312133	0.2141618966823551	0.08444497650609077	0.09016228461385534	0.10445170351472545	0.10565125972380326	0.12290581706231689	0.12158202445020506	0	0	0	0	0.08956659207225204	0.09077944119267153	0	0	0.1684617520642539	0.17621285232134634	0.18777928253357662	0.19501939945607696	0.14069500436013166	0.15323620156049506	0.14377190589348354	0.1407006679236805	0.14192292181536656	0.14681048814832656	0.1520317785947935	0.1259229896614382	0.12356215079010653	0.13411049413628615	0.12419522455123476	0.12990831935426114	0.17918036940310983	0.15397839981386463	0.15220230837553583	0.14994001196308251	0.2536104718427016	0.2592548733280921	0.22347523461438645	0.24871466906662842	0	0	0.08278331455029339	0	0	0.16739097211011233	0.15337732351645747	0.1530095116428091	0.15188161263052052	0.15584314403171645
3300047160_48	0.06165993305211734	0.06446595528244312	0.061930027969953394	0.08224004327310827	0.10609161442032651	0.07025803958195209	0.07984105906594273	0.05263720017712072	0.11225699397680534	0.11294295166564298	0.07141764615617018	0.06659129498143665	0.07062734043215516	0.08314082173150868	0.09664953645563434	0.05599051745212869	0.05583263749791687	0.060407067216307515	0.0616859347044299	0.05744222359966708	0	0.037325177199088524	0.03658285698651033	0.036623178053038025	0.03991205481389709	0.05103828439045544	0.055754987801185776	0.05766806383215709	0.06179437160869253	0.07278553073276263	0.05216031107119388	0.05236747651546164	0.05218985872132757	0.05362326762911304	0.05627190701873362	0.06258645050980914	0.0676013651135485	0.06652400518851216	0.0659498497239802	0.06687064645802905	0.0712145211820787	0.07051002493541722	0.03139650858601501	0.04022225660401021	0.046399596068760283	0.049836655167122455	0	0.05116156828283363	0.057159904707378056	0.06801856020247035	0.07530792188116957	0.08452653227614525	0.09030244063006147	0.06402996467187105	0.05881468233845731	0.06066116273572618	0.06246458047378013	0.07340213442275313	0.07513260431664381	0.07464243686096858	0.08443018711762679	0.07951954133936841	0.0908567638716519	0.10470129135235848	0.11391288436786819	0.09455861021444631	0.10219721739090495	0.1038294751398822	0.08729628050005347	0.08665248408019866	0.09423984895739633	0.0923673419843349	0.0836983449480123	0.08081856977089875	0.08641974305364823	0.08363183168012897	0.0895761055300488	0.08033681730738972	0.08057607466250186	0.0781398407291154	0.07676404610507784	0.04973788041240063	0.04958935293978991	0.048558255321723406	0	0.11154689558875144	0.11099922391034873	0.11545371932512598	0.12138141931566478	0.1295533634401532	0.07455249193475658	0.0761705311653219	0.07497099075668831	0.07324149872315078	0.07549118508618965
3300047160_482	0.11281185171857358	0.07582123796569168	0.10212996629798302	0.13081205091250916	0.12539162429456768	0.11117877782810198	0.10338063498487766	0.09337250748166202	0.14046989547243127	0.12971028556029954	0.2655241718311291	0.30097023443519066	0.2929103175844319	0.22036306330027103	0.14525013129857667	0.16407048685196385	0.14214101791597064	0.12157425244502112	0.09914999335860321	0.07747103198943747	0.19272130660448156	0.19771688807787144	0.20285849968639202	0.18404318662851182	0.16954532279447931	0.15270495364080727	0.21378430502229473	0.26610753809081006	0.29060550716260464	0.26862867335402313	0.20674029322754706	0.21286469586800014	0.2318443254112092	0.24215878762841944	0.23072247955902575	0.19997126159138062	0.1409986940780619	0.15729975605101776	0.14218708773760394	0.1425161916354434	0.13958014565632787	0.13289810012901956	0.13820538111766886	0.17420228460830622	0.1905869374946674	0.19848646163754713	0.2911598576692556	0.15633455420353157	0.18749834033454188	0.2029645518786377	0.19445518485422703	0.1757006832171066	0.14596024052957768	0.25151115640796057	0.29014598654196255	0.2741750911714932	0.28837009259341856	0.2266776291319025	0.21886793251445932	0.22319093753822972	0.21068670181415478	0.3358262107977523	0.29546503978424993	0.22210739550562564	0.15019590356846038	0.16259858743217817	0.1454208369640284	0.10866242883148994	0.15687493932060556	0.1472444729062116	0.12526676890664157	0.10935937527051948	0.2529122127628994	0.26315585279675674	0.25821889614890126	0.25671860726494466	0.26768630954854156	0.24384448685606003	0.2542441369442557	0.26854260023932125	0.28816914745367694	0.168167405756423	0.16541617610019724	0.19747118432951355	0.18014170511933483	0.27669648276407977	0.2628813884051315	0.26847109142998543	0.25274712140778954	0.22325193014133718	0.18248789775745625	0.20010844357232294	0.2113708003960799	0.22736650122789653	0.22773242928648116
3300047160_496	0.0365432732374721	0.039887529746032525	0.04409128459381687	0.05477055362783117	0.06876321970707432	0.040823428667035935	0.044556137360335	0.033748915501336005	0.06850381156131344	0.06527695983836725	0.044605582023235654	0.05972426758354293	0.07220832770502356	0.06909849744260581	0.061399901855408966	0.04994628722005642	0.04959908365180356	0.04999306410262414	0.04627418399703134	0.04021753386506068	0.05175677378119139	0.05320393830962765	0.0556038584121368	0.0585543273696896	0.06013266439694833	0.02256181271032533	0.03819641023196524	0.058559033173976476	0.07472385806319694	0.08390400598121762	0.04867748802530513	0.0493278848483157	0.049313023173408944	0.050699608717963085	0.05355405118323884	0.05101732726999688	0.05103269314025091	0.05088684046157729	0.05034610032290262	0.0514365283180842	0.05443750881657397	0.0506483543605278	0.03687478172550105	0.04482878837615702	0.052029228708618216	0.05515504124845767	0.0736985817057459	0.04439833434696819	0.05000047604752625	0.05503266551308829	0.05640467733577308	0.05547238576019758	0.053858103955802566	0.05230969163343503	0.057665628616843954	0.053493556663598646	0.05522666039562954	0.05953837990245093	0.05670398935032396	0.05930287524559013	0.058355850373432744	0.08269220394228212	0.08406129467110625	0.08141526207866062	0.06901483058224499	0.07458119168553756	0.07211141472684694	0.06533322230403454	0.05562676635362094	0.055332887905016975	0.05726661125350711	0.05275317844613879	0.06536914993600355	0.06491711716727555	0.06423429100797622	0.06348769753365835	0.06696734717294402	0.05277045536063629	0.05482614233714777	0.055610098523303925	0.055923497138079474	0.04693751207625923	0.04653446701255913	0.051079141975206244	0.05085160387971915	0.0966176394543616	0.09585014517409574	0.09574739989899293	0.0936000425698382	0.09026784166004673	0.05191937655701886	0.05444906511149827	0.054549738347223035	0.05809962414458187	0.05655529012330957
3300047160_50	0.22681895246621786	0.2888173091907382	0.5396620881438304	0.25113804695391917	0.2520434059321689	0.3305256472866739	0.22810718617497897	0.3250620637344058	0.2757835129369865	0.26243567469999907	0.1831997105223129	0.24361245545903532	0.31715339532853154	0.381723532389648	0.41129406407385627	0.30707501529873715	0.3246444170081948	0.3498280359157718	0.33393950891141266	0.3281869235822578	0.1392559460590283	0.14526760132392713	0.1580525367824819	0.16616085687987917	0.17049303339249214	0	0.0905340268031238	0.1271234926775293	0.16072427286913551	0.20329589633664388	0.34407355647769466	0.3409559691900383	0.34160692862615505	0.3498442073311831	0.36294196787030436	0.374611469798752	0.46067135438062934	0.4704306968330455	0.46276147745888385	0.46312120352147806	0.4817680891394833	0.47570561793387	0.15736231913266716	0.18536260022492035	0.22222397892259532	0.24450632370950973	0.2938737620502206	0.26996605457853945	0.3124402520559446	0.3669923563507539	0.39577884017843984	0.4148634571809769	0.433590273674245	0.23560659027851905	0.22236903153634202	0.22979965320087015	0.24329414074506373	0.20547573209275463	0.22851418170192123	0.23659652119276806	0.24163302102986947	0.19173717504133514	0.22872932119392758	0.26168424795742246	0.26443629065398655	0.20827539946445972	0.2357218832674716	0.22007503812005538	0.5217249068306438	0.570787044522272	0.5941224862803616	0.5847270999595496	0.2708314755606484	0.27283384880344524	0.2832410223767575	0.27458272883502516	0.2870171360052667	0.3022007132605272	0.2969070334298469	0.2940332238685742	0.27472530193191297	0.4158067070314263	0.39590376551016293	0.39621216343540394	0.4252057196995789	0.26804499388584685	0.27046494484804673	0.27754762098377544	0.2806427621850739	0.290637867589288	0.37450693259597956	0.36509370650643386	0.37009417248832843	0.3729168619125364	0.3713456635588571
3300047160_500	0.2638125791387225	0.24472456755484118	0.33517606775194037	0.28707124697445935	0.22877374203472337	0.26657361468011825	0.20003572932172928	0.2555772371749852	0.24069732914561975	0.2232461435341919	0.7731476954200271	0.8493161768390531	0.7351490519477624	0.5173158783372055	0.3132177220585083	0.6961353563570266	0.5745899698298416	0.4642171823772631	0.34728848207231955	0.24809281072697772	0.5697212033025736	0.5519430359057528	0.5450402768447907	0.513708029042795	0.4184860572663357	0.5403147627189598	0.6981528517282868	0.7857319923173662	0.7568542736441576	0.6732303904762243	0.6333786019941758	0.654556034702552	0.7308073317709842	0.7453287896607885	0.7119467942828606	0.5652657706109208	0.4227621387695258	0.4371561982046395	0.4162074162518345	0.416878488542508	0.4172188633286693	0.38464144310112997	0.46326625117221976	0.5926949191077988	0.687722134892188	0.6523663692904739	0.8310066065232282	0.4311942579978418	0.5030275729982464	0.5581889254220138	0.4776994408234309	0.4139112682868182	0.3430017627962518	0.6779586058417136	0.7756341601566749	0.7548579968424596	0.7688970864364257	0.8396302201206653	0.7927938821238947	0.8161908194667602	0.7055556655632577	0.8355635065473423	0.655765453715649	0.4457477393891725	0.2560982821441971	0.39587867249536246	0.3147141472441366	0.2386886505994413	0.45167470210008726	0.4053431644416794	0.3567645872359584	0.2719326108154292	0.5308231871778255	0.5409847318997207	0.5567373550828904	0.535069017129216	0.5403436653932382	0.5795737648619557	0.6195411159444748	0.6553331281171292	0.7195188464363755	0.6073283826665266	0.6034875748065157	0.7454376616755124	0.6889109420333938	0.5652020399909901	0.5427399293178796	0.5268091503140504	0.48793937134872145	0.4186212326181944	0.4473004518077311	0.4997976185894734	0.531905708226074	0.5939710373858373	0.601251159013954
3300047160_501	0.4843289229626044	0.38410417736322916	0.42319413427160263	0.448293615940777	0.555607419793565	0.4570339176722844	0.48786195424820017	0.3611849655956306	0.5560199164017677	0.5633600634570184	0.7511967449315174	0.6502305760105209	0.5616438472356422	0.5192340731058758	0.5291759379463221	0.45771397532227526	0.41940280699532617	0.3963889010269638	0.36855557832750835	0.3310352168427402	0.28630110150551175	0.26224308027338616	0.2511182855937732	0.24293699612335642	0.23722765694031084	0.596859137736791	0.661627088555908	0.6556939677719292	0.5913546485475805	0.5518166381576549	0.34566942366904485	0.3332043980370483	0.3197870628961829	0.3109897262778139	0.3399369128207887	0.3708518359616289	0.22979044159988354	0.24060076056556864	0.2393796006451778	0.2311335511230493	0.2542894026118821	0.24782289371991678	0.32041792999424756	0.3679810537075234	0.4053720599649077	0.4115496896969239	0.4615468158313745	0.39248091445351185	0.4490156105940048	0.49282528833294104	0.5260934576651592	0.5793197691058298	0.6338950813564389	0.4539753677040661	0.42039921781544115	0.43129116852863764	0.4554986545649799	0.35457081275274743	0.361758452463828	0.375763126872412	0.41177693871710636	0.5492627919092657	0.4915926872124318	0.49140947162371	0.4975000886381387	0.5955714475084302	0.5234271648289054	0.5044766052647306	0.5663341975644526	0.5541422770032137	0.5436774793564844	0.5216802122051725	0.6336533192599431	0.6186430026136973	0.6442138022994529	0.6455994006826812	0.6762215798249647	0.6057216550253864	0.5562447310703564	0.5503492158055031	0.5434946310316976	0.2698977465089037	0.27105168800228435	0.26551232401945996	0.2914279358509641	0.4992180083122023	0.5293361221277701	0.5393992694398714	0.5645638113465717	0.6025876095087492	0.4766551062070387	0.48353289238902014	0.47460753983184373	0.4779352906612493	0.46554874591633705
3300047160_502	0.23558895509931801	0.3021901236541882	0.7455445165385367	0.3731580121225126	0.27476967213333126	0.3732409597745178	0.20291635564250216	0.40150174054701326	0.20756650751986078	0.17964260796499745	1.251892860314301	1.215375333554082	0.9982075828177216	0.6027585776469048	0.32692493174809434	0.889835930541446	0.7031138183104659	0.5709290021400885	0.3959233125722087	0.30369749979948785	0.5263869671174548	0.5328911924657159	0.5022014162179834	0.4596806484180567	0.37714136417513505	0.5452874996671588	0.7683797339496093	0.9171000789956915	0.8433364879861708	0.6742729766814923	1.0027499696312547	1.046415356927706	1.1534848169806888	1.1669206096919185	1.064316350286768	0.8578354146325536	0.8586619270090854	0.9092880270828094	0.8574754996439122	0.8897129943446287	0.7973877971319916	0.7717001678331042	0.4547452932003422	0.5563442355907684	0.5830598187199347	0.5217041572846133	0.6839358585637565	0.6704455970973711	0.7690189120256119	0.7626877973911594	0.676630355191874	0.5314544093613052	0.4465157561901976	0.6325818461113961	0.777892259799588	0.7123813049106418	0.7164241621245013	0.8668911260850419	0.8099637536335434	0.84337395325034	0.7009770666458852	1.0022456846474086	0.7383361083462777	0.4719530787933906	0.2852426982096753	0.43444073857215776	0.3514819129837736	0.2681602811476688	1.039720540876842	0.9488885906106229	0.801700289987962	0.6076756760460045	0.6738436198138689	0.684824076143002	0.7240835257767477	0.6982568765943147	0.6680399230797545	0.6625725329405552	0.7360237779397223	0.7852889695278009	0.8592589201678509	1.0539759463302256	1.0501250081643339	1.3323910359218043	1.2276039782159636	0.6902580852796878	0.6471351354827228	0.6067083017675775	0.555429339955386	0.47224439398923124	0.6506884235180531	0.7235042233973749	0.7507022698397207	0.8299980516690958	0.8676713991595774
3300047160_506	0.07672258519641936	0.05572367631714918	0.06173637142853319	0.07817280459401503	0.07429494579842454	0.07209500902480412	0.06209206514039868	0.06939792604532137	0.11901981687935242	0.11166170457572527	0.12896908504252164	0.15277008522740387	0.14285617331245842	0.10474297428076149	0.06569311438129781	0.10460223469703261	0.0911322500714958	0.07581119717156967	0.05896260678733679	0.045289131502745814	0.11234159067066889	0.12229676230189998	0.12737365501273196	0.12347635373803434	0.11207809525140013	0.08447589355298525	0.10325082259995597	0.12659982185201482	0.1552612046214058	0.16400855153767663	0.13866978381209186	0.14800120963123195	0.15303897921877563	0.16334612042689878	0.15318863522151974	0.13565702700369384	0.10910169048740583	0.11175326048690644	0.112004784741084	0.11384961888814776	0.10700547928278303	0.10518324491467751	0.07785859742818574	0.10151209751344617	0.11545157167864734	0.11420835275570776	0.16289883041796427	0.08274556982745887	0.09389443146603513	0.10692236989627384	0.10166640764582972	0.08742992899620065	0.07135973514367729	0.15604995824252088	0.14384286983908026	0.1625959911073196	0.17807611336173712	0.19203632675055063	0.19625180997417127	0.19855794086285952	0.18656025047391273	0.18112170628162416	0.15308888558420197	0.10464481526738288	0.06720207357248953	0.10843685486636237	0.08604567516119721	0.0722276900449391	0.11301154810770137	0.10611111229469126	0.09390106314840685	0.07665731356907377	0.11959073255023565	0.12114382694121309	0.12407043786285743	0.12530843947638445	0.12178787559138132	0.11947261597290502	0.12664913207710427	0.13457258476038042	0.14514143999827117	0.11307352296549286	0.11469240923197019	0.11933150620519878	0.1299732086033093	0.15080404462274002	0.14555607895573253	0.1434909965702477	0.14111923717506536	0.12062715611356034	0.09741781869097761	0.1128480938679239	0.11846359738422703	0.12351769579931123	0.13065651283323032
3300047160_509	0.06498576544373134	0.0578657093107996	0.04277946319268154	0.057793804584881765	0.06316133641228701	0.04777006815026667	0.04563963362111513	0.035399437091680364	0.06596938084544424	0.0661690693973824	0.08861079047662439	0.07118397755844759	0.062389237898825424	0.06326207692046272	0.06021551447272092	0.04638143868027452	0	0	0	0.0333484462126759	0	0.03512770091979885	0	0	0	0.179491326864109	0.16608527617655247	0.12575934236732259	0.08405907593058326	0.0714719045974873	0.039522445469993686	0.04468976843012075	0.04326228245977936	0.04526924509638751	0.0483708369280951	0.04998151742769124	0	0	0	0	0	0.03758237950933302	0.044995632343428404	0.052657433469021304	0.057829211316953254	0.05973028915043959	0	0.05952614834775656	0.06966696344186428	0.07849133800691581	0.08465009051818266	0.08894604485065698	0.089549142414975	0.08041447876320183	0.0821551791169154	0.07719100867291703	0.07981666335467891	0.09411999368817511	0.09356161562311265	0.091913033711104	0.09698777310878448	0.07081248650139496	0.07058276501107862	0.07408476804878128	0.06712929642404102	0.06166668340630253	0.05581962008154087	0.04949187148833063	0.05211157059386469	0.05001788884946148	0	0	0.07023182284483188	0.07280227910014132	0.07318738157360917	0.07430534312906231	0.07569568978478747	0.06987864491404044	0.0685728004499727	0.0689127395281391	0.06840122542449766	0	0	0.03645147498956804	0	0.07758502045382404	0.07901520811506023	0.0796737151331681	0.08097677231926803	0.085975629669788	0.054855427450521924	0.05480829167575151	0.058528256364569965	0.06064173552714906	0.05758908966588805
3300047160_518	0.06485231263785003	0.07515250381037036	0.05360182399016487	0.05279507182480945	0.05691498928257835	0.04670826805208014	0.03493338783044544	0.037461747595494393	0.05547437876439734	0.05673222422788529	0.06612851967252109	0.06850636804460417	0.08037003452217567	0.09541100812211513	0.0931535085743162	0.08937666199171711	0.08930539487978285	0.09744478147161609	0.0926590621835354	0.0796026232077749	0.04970667673479738	0.05641220961973775	0.058716207067759575	0.06387479449588951	0.06643184204644016	0.04027006073233505	0.049077349622663545	0.05426577465898587	0.06303571435448456	0.0818949196903314	0.048751381808993376	0.04890756476071147	0.049930730396328275	0.052638870508765506	0.05670013460310765	0.05998979820934757	0.06204810984145455	0.06066453393776944	0.061598908580698816	0.06355840281231075	0.0649790131240803	0.06466620079225917	0.0634480565150842	0.07563114845107023	0.08766693881700648	0.09412812743045319	0.14559969325624747	0.06903438373922337	0.0812594198314457	0.09279975026989457	0.09687838516981859	0.09865206358195414	0.0937815749205158	0.09591027028522496	0.08602954928570218	0.09556235007881009	0.09781569522469113	0.11017073201627879	0.11697470134538888	0.11569992941621841	0.1269687270461646	0.07834122092241377	0.0926487992571167	0.09840264201565652	0.08915452283797434	0.07758531008324944	0.08254224223398815	0.07962258540518638	0.06893149620432547	0.07138687267069312	0.07334485568552951	0.06808360194867616	0.06173961746837954	0.059665330087419755	0.06257126995001988	0.06574976720573952	0.06772549878772594	0.059234356958295584	0.05796664989335539	0.05633155565386474	0.06002037482821253	0.05940195275472771	0.06068275904469538	0.06369731060235398	0.06739026054897239	0.07261182041961398	0.07537424591270972	0.07795486727234466	0.08644374891880693	0.09138689654208582	0.05663693660418182	0.058815022478789857	0.058317445652345784	0.0588336000768025	0.059940146450323355
3300047160_520	0.09290932154026373	0.12631035480872063	0.10991242203169811	0.08594192770904037	0.04191096571669267	0.10873890014337713	0.07605068819948745	0.14071695688127345	0.07036861110639614	0.07783677937779078	0	0	0	0	0	0.07701483654060189	0.09184745919039522	0.1063837525899372	0.1398786993780374	0.19059400048908795	0.09257119776293941	0.09296722384944556	0.09919506227565515	0.10659947499716364	0.12136568409536869	0	0	0	0	0	0.0592032606241425	0.05834302363407262	0	0	0	0.046048932780121406	0.07250151868378676	0.07042426866215994	0.07423324289123799	0.0692900711935558	0	0.07767647464344733	0.04010006618397214	0.044264985817895154	0.04607425985760301	0.056670390222701594	0	0	0	0	0	0	0	0	0	0	0	0	0	0	0	0	0	0	0	0.05367205014395602	0.06647269082441447	0.08535067051637284	0	0	0	0.07423376324832187	0.061170604539964674	0.05527749172011142	0.05976770296705093	0.05945694550574243	0.058687986601674486	0	0.058334401138776755	0	0	0.09866814170638072	0.10498289192390028	0.0732288546671288	0.09005563431488436	0	0	0	0	0	0.0710175120479216	0.06667097268156824	0.05965007458898845	0	0.0495904290380436
3300047160_524	0.5973504670401564	0.3367570906938776	0.9813584981555776	0.9920733235655177	0.5495395290793672	1.1686245644910502	1.7153694082577406	1.3178432306789245	0	0	0.9963255423688913	0.6742202429818045	0.619204783963567	0.5077949093731492	0.5150581171061536	0.8545866346372378	0.7882487922961297	0.7700556400447097	0.8104673609875892	0.9106073129454942	0.35063940563610624	0.2858259712353552	0	0.27407733173896454	0	0.7138694925599647	0.6000607126017737	0.4844086813031596	0.40203744956530724	0.3144946488328935	0.4814439996854291	0.40139681871092636	0.375250464554522	0.3370992133934547	0.3586858179262439	0.33257408292403584	0.33772205095132485	0.34018498450468754	0.330153378609762	0.31709846932979135	0	0.33773433325151103	0.3819736494742896	0.33716141477625866	0.2678333171545467	0.27151277013104885	0	0.2916278811980177	0.2630335129481906	0	0	0	0	0	0	0	0	0	0	0	0	0.5428267763317434	0.46940017465966705	0.3768741344798774	0.5002239476691985	0.7533508001490093	0.614273713230733	0.664337442390209	0.557274458057008	0.5529643252991282	0.5186361822360507	0.5975762183475495	0.40329250221014984	0.401458210390224	0.4175359659548222	0.3954860204398347	0.34026566779048095	0.48264804338887396	0.4173260172075141	0.3784425516512513	0.3005090369259676	0.5693196364771984	0.5843348192445811	0.4244040043389581	0.5201225458102444	0	0	0	0	0	0.6480215817198192	0.5432265506525668	0.5578481140320293	0.551009336312745	0.45051054740927315
3300047160_525	0.04805352316262755	0.03384749860687342	0.06543873856861847	0.07786646520304734	0.1137042112079824	0.09373577583195869	0.06845408346400246	0.050004903054309616	0.04140074586901098	0.04245808250225022	0.08113324006439836	0.06687270037734201	0.060780501404490865	0.06096775395129101	0.06504559008328227	0.04222363056505502	0.04138687237410288	0.04142755045949522	0.04244948084872526	0.04173916645060617	0.05927485944153013	0.054956449545380155	0.05437536872976045	0.052612904705893714	0.05322285192147305	0.06232786135476179	0.06959837969686057	0.06509168134674338	0.0596912867969639	0.055838693100358015	0.038465586905933886	0.03736751216538698	0.03587449322533355	0.03504376309764447	0.03577847206777087	0.039287709469354934	0.06421503138953999	0.06425907787692786	0.06402728159241457	0.06455617468297471	0.07001524526764918	0.06468574638674365	0.045276357215868326	0.049605167153180765	0.051757110777163114	0.05257017319604675	0	0.038045202301237514	0.041663139647111304	0.0451464543158818	0.04873203768154658	0.05464322938418589	0.060655813053537386	0.034787957812979484	0.03127695522295123	0.032763454716374735	0.03535701757648202	0.030335763574909577	0.03287999024944668	0.03218913851627376	0.035822279996351236	0.062313916887333405	0.05638595347984882	0.05646597226416585	0.06290666637868918	0.06934462783263491	0.0621102047250941	0.05919345424281685	0.05957110965096248	0.0589972174265287	0.059132407904250284	0.05624432287731898	0.03722446980206258	0.03713173903499177	0.03812001950424307	0.03791234118352704	0.040237760675507724	0.05418586044868094	0.05034451701748967	0.048182575644407095	0.04619664566689718	0.041353747452536775	0.041320251392545755	0.03618366471786246	0	0.0792629871895478	0.08087783600538083	0.07969909223977897	0.08148597778422177	0.08465413720706388	0.0829405888523166	0.08025759179031315	0.07729767345761972	0.08071572119247893	0.07642119220874875
3300047160_526	0.2691380916216144	0.3519575882885069	0.2890533701556668	0.392511461251837	0.42025839493451234	0.3714202849657797	0.5984641318611847	0.4534702391471416	0.3839552273427823	0.3985871553591148	0.16224730217984137	0.21515022834197045	0.27217099767247843	0.32681547337748373	0.39673102840951363	0.24270757266467746	0.2737340623733921	0.29686312999455144	0.32505190639555953	0.3391528468960739	0.36512849453549384	0.36634528639528013	0.39311780515518663	0.4102154654993388	0.4406409131082244	0.07332718612267322	0.12124563078540823	0.175410685723934	0.23828930401251408	0.2928833710537866	0.34965574031319957	0.3399386987856084	0.3147951404021503	0.3029370896768246	0.3043781336689998	0.33923351800388996	0.34018421984136715	0.3477807757822832	0.33797665426372264	0.3325094342929246	0.37498786470542295	0.3393421275492128	0.1143052834073115	0.12831477820555354	0.14820825986616398	0.16931053038124935	0.19714598397629263	0.18706249050060628	0.21433374443339628	0.24003713125054044	0.26822698494503544	0.30614581112579625	0.3521094449910431	0.1963998930454272	0.163583807003114	0.17415220091722317	0.18027603762129857	0.1842418386017137	0.1962092759510319	0.18509958404881105	0.20541690269666749	0.21333456340614454	0.26810341414720573	0.3268345048341111	0.4104435860907617	0.34098382478364475	0.39925980516582193	0.42351324162814763	0.3449132994289996	0.36867168275384027	0.4105527129002055	0.43557349035563997	0.3280482830845712	0.3183469043932361	0.33146260136407873	0.3327175256967638	0.33091503241982373	0.32217168667907364	0.30838626057411744	0.2919487485060042	0.26435552656433403	0.28744950771562194	0.28951470160883447	0.25258452495602096	0.29589767390194893	0.3070579644641583	0.3116010294077434	0.311833059330667	0.31559049544036355	0.3442970690370481	0.34422221455080865	0.32704545109565114	0.3180657665870504	0.3200040932673258	0.30402520316018167
3300047160_527	0.03177776785829124	0.040050411702144496	0.04404541345152717	0.06571524111175416	0.0574846338419229	0.06985295408803976	0.07940410923836373	0.06160488619238925	0.051274042459261336	0.050599027190686464	0.08993729687534695	0.07582086438118704	0	0.06635680340361137	0.06207251934675528	0	0	0	0	0	0.18913860997249535	0.17983195331927992	0.1732126819674125	0.1769615286162484	0.17413336917933922	0.18173705157050052	0.14548434958108084	0.09515165231488791	0	0.0653007406652789	0.07384930931031197	0	0.08001432074203839	0.07893731501723741	0.08211133511155616	0.09399877166058063	0	0	0	0	0	0.07366392063094596	0	0.050518209944546505	0	0	0	0	0	0.059710265353621034	0.05991038946644881	0	0	0	0	0	0	0	0	0	0	0.06472085280625746	0	0	0	0.06883589151170676	0	0	0	0	0	0	0.06340438004662763	0.06327560654385538	0.07007222290951338	0.06729914999157187	0.07060662130490963	0	0	0.07374263840692423	0.07634362049768555	0.09267598081668511	0.09054134160429242	0.10597160973221484	0	0.07407264984239244	0.07468162856005676	0.07504291231083159	0.0798320999865147	0.07861735811876722	0.0831251020819748	0.08729115669496308	0.07996157692742245	0	0.09043023922970246
3300047160_530	0.050342025051610055	0.06730283025438906	0	0	0	0.06844554224639803	0.06020871718919131	0.09929304257359683	0.05457242802643611	0	0.2974641890625947	0.2802742921552147	0.17327942893999507	0	0	0.17847769756496923	0.13655602876591816	0	0	0	0.7250076677870835	0.6817618603055869	0.6173589386745817	0.5120551138228333	0.36365170275586506	0.20418927898321698	0.29808298937477445	0.3311517604267156	0.2372079908275251	0.14338483720146597	0.4393505803455028	0.46741942646558704	0.4757938953694384	0.42219865678378865	0.28586424226533225	0.17850728595731216	0.20677261729345614	0.20231556725666336	0.18590698506596504	0.17453355516199684	0	0.13700742967577614	0.2259243024041731	0.26340292095393336	0.2481158600933224	0.19612819815540108	0.2572219182022948	0.08596089971357726	0.08646083742250718	0.08063406809074963	0	0	0	0.2562435188037287	0.3108895014500023	0.264874362290383	0.24242581471103866	0.35883943647453515	0.26216373991878855	0.24473421058456682	0.17165475831037375	0.1985302788060402	0.12120946457992142	0	0	0	0	0	0	0	0	0	0.17944153991361297	0.18649537532571875	0.18226206091025576	0.16470494012453396	0.15371198941954717	0.19566470593666885	0.22644511569205414	0.269234490668821	0.29209104803106173	0.2986974241975906	0.2854579847584342	0.38049366548649705	0.31515094713779523	0	0	0	0	0	0.17717889889025062	0.18914396011354898	0.21133615763677363	0.23144280114125204	0.21609388421710332
3300047160_533	0.18162978725771722	0.06881829765248733	0.153753933550617	0.14774792577489723	0.021639603742535957	0.15872402905820665	0.046907015535322415	0.051335458452928286	0	0	0.12785335453183322	0.08030009329571755	0	0	0	0	0	0	0	0	0	0	0	0	0	0.11919689968531129	0.09158105748455211	0.06721734792265444	0	0	0.08638696732437996	0.0958928422968089	0.0909724090466507	0.09707188408288575	0.08594655686849623	0.07371008706290542	0.09740652031654638	0.09984619886747668	0.09128223705352433	0.08935470844482014	0.08426904279995366	0.07917976701684984	0.7189452747246029	0.553662100124949	0.39537186657034257	0.277534654661959	0.2537872637259968	0.2339554804874165	0.17688538285440927	0.11440678782614795	0.08221556587904486	0.05836002243940466	0	0.3324879419633118	0.3542803261752166	0.35796131954438243	0.3539086477091274	0.10129440992904838	0.09747745567384888	0.08157612777711402	0.07831760858317928	0.07085669675782547	0	0	0	0.27407586997883493	0.14419843741696173	0.10750040263537383	0.19142026536435602	0.14214741321293162	0.10784371289478212	0.08107005328456011	0.09726250281103442	0.10206804754082019	0.09260225716263279	0.09362522586132338	0.08844204526603049	0.3476189026655168	0.34789169566433215	0.37657181131298234	0.3722909457327788	0	0	0.03972305090762089	0	0	0	0	0	0	0.2185779466009759	0.23302452836291296	0.2433510188961862	0.2509691354214621	0.24386604510321877
3300047160_534	0.06293107631992377	0.05429068907595057	0.07508707307646964	0.0908750052419287	0.11270852242827478	0.07870367503159192	0.0870761322470004	0.06711521922072461	0.0675784611717433	0.07652515493789845	0.08119206422234096	0.08779668438154839	0.08711260868091451	0.07868958165856879	0.07317037596624743	0.0664231968164857	0.07252260275010251	0.06277090555951885	0.06542475458815969	0.06833973202390697	0.04791667477697337	0.04741560348409578	0.04687889497662915	0.046423140376758265	0.04781478389239889	0.06145177515417493	0.05783699826606805	0.06317358785139407	0.0751016708962527	0.07080180693516624	0	0	0	0	0	0	0.04419047096527686	0.043212564158770166	0.04370054832973529	0.04378387758413248	0	0.04709475364661423	0	0.021417942534616426	0	0.028147869659442725	0	0.025581753719398758	0.029381360572392098	0.030424463538868986	0.03429738797405549	0.03827707374877893	0.0460721143767703	0	0	0	0	0	0	0	0	0.05683753816618963	0.05683723052031616	0.04961594343272654	0.053777228485864866	0.09675318425902979	0.09033919247155364	0.09550667465191791	0.0923454550446792	0.08765589228258759	0.08242406581074929	0.09576348244049533	0.03748181037990335	0.03651642482023656	0.03515849396766702	0.03615320006554079	0.036066637880855006	0	0.03770480380911078	0.03318331842694664	0	0.03433194147791687	0.03567647139546315	0.025172498844911892	0	0.044726187209182935	0.046276229235931395	0.04465082787696981	0.04345544006597989	0.04336050344265932	0.054797985731913995	0.04762909035236447	0.046400852977503765	0	0.03521653644142954
3300047160_538	0.10016134520849267	0.08540689523497275	0.12842598044977546	0.09944324524924861	0.08031123163217858	0.1382568692885191	0.12409162088793714	0.17789474600769645	0.10516733937692732	0.10772541813841813	0.08860995448017261	0.09027452143637124	0.09351829082962676	0.10516533017321111	0.12565810661350432	0.14256519288476657	0.15343117912512352	0.15613911975093778	0.16824270493040555	0.1720470478159146	0.188529410161633	0.1921147454476911	0.19668216675628147	0.2032475957913472	0.22047263381110588	0.08416889666796648	0.085897961939603	0.0907828739031717	0.08954537877829918	0.1007510918329701	0.13779102909930646	0.13782342754939161	0.12533623403368735	0.12153323517591595	0.12998710114767364	0.1404070072122434	0.15976349095929832	0.1583995492147916	0.15624129991245583	0.15337533917200658	0.17742079491961557	0.16103609320061754	0.056245386773488705	0.06478974761513681	0.0766429333283628	0.08574391437656417	0	0.04697489276223284	0.05196357140078014	0.05669872285058705	0.06294087527997358	0.07250826689460377	0.0841209094229662	0.07389970843358606	0.06999069299515383	0.07163916078271086	0.07120406321556873	0.06558094213259075	0.06669932312563108	0.06430423849005673	0.06891707767708986	0.10032897905052499	0.10349481668565225	0.12331548145624967	0.14649643348048563	0.12386641241457011	0.1366407017995191	0.1380106448065946	0.16394481149478274	0.1710849364816583	0.18065837873682303	0.1877132397407582	0.11843906609380461	0.11059195852749161	0.11526638956319164	0.11759435560942133	0.11962078136528906	0.10629557457705037	0.1023731598266621	0.09587547474472284	0.09225518280057161	0.16323764591127055	0.1665692053963717	0.15103924112249031	0.16744060280413972	0.06485991644510508	0.06434306029014224	0.0682975922017776	0.0667084960456238	0.07010582746859513	0.13986644608929588	0.13191499742232396	0.128730476808153	0.12863630226404774	0.1213722164223337
3300047160_540	0.07421593047059265	0.07929978049019326	0.12967565966820158	0.0684279584161295	0.04598513508952789	0.10483568550544624	0.07323296238431236	0.13687214048272892	0.05752462618641707	0.05920446235274859	0.15557057120666684	0.13726487218803526	0.12040913442108406	0.10861418558460653	0.10488741934713021	0.17033960688988883	0.15042871574560995	0.14663140150824597	0.1325789621365134	0.12281783896167979	0.10356295189904545	0.10741216383507103	0.10511818418907463	0.10389182161126634	0.09923984291915985	0.09821744021621594	0.12529371931557484	0.13060501611907122	0.11031849541645587	0.0962813443187061	0.14521466552698384	0.14531433369828853	0.14434920482111013	0.14974227545088226	0.15874650373403532	0.1620589671981884	0.11764000669468204	0.12133864283758825	0.11696554402968551	0.11647783743470995	0.12498342409293604	0.11955272903407899	0.07223212700760251	0.08665479034214231	0.0952435105713525	0.10196816443134155	0.13021719567317938	0.07673181028110256	0.08844452153595284	0.10145812293005525	0.1066481962793177	0.11412864249752774	0.11587965550815511	0.08089375736309604	0.08191357143109951	0.08085043538718575	0.0829313800128476	0.07517629086089875	0.07883839280286602	0.07627064989891198	0.08208202416636352	0.08340472338092501	0.07523095314370759	0.07019170905636851	0.06262868003753912	0.10173916432079796	0.0970416176910399	0.08937309547031895	0.16641383196377754	0.15760145328825997	0.15350952423629005	0.14387436787321062	0.09072045418679267	0.08773684673269382	0.09045119794917594	0.09311199953389923	0.09334763494701971	0.10763465591613491	0.1070308334064545	0.10410699858104501	0.10417561274298634	0.13859111457467177	0.1449289367593468	0.1414363658875783	0.1480234505429985	0.044989633857755874	0.04751501603115278	0.050110878178185596	0.047842354581276045	0.048254714238834116	0.11354650747072881	0.11495214533010843	0.1194829681912941	0.11880798491544817	0.1158387720740163
3300047160_545	0.10019886880867442	0.029756451616153375	0.05552035611704707	0.05298553560920272	0.07599015256047954	0.044128707655960143	0	0	0	0	0.04369500235034046	0	0	0	0	0	0	0	0	0	0	0	0	0	0	0.10364855949592633	0.048273436959289644	0	0	0	0	0	0	0	0	0	0	0	0	0	0	0	0.23500156100704425	0.13516575177928297	0.07033584446315094	0.04877473598188783	0	0.07916110452476718	0.04902636900636767	0	0	0	0	0	0	0	0	0	0	0	0	0	0	0	0	0	0	0	0	0	0	0	0	0	0	0	0	0	0	0	0	0	0	0	0	0	0	0	0	0	0	0	0	0	0
3300047160_546	0.1748193863874011	0.10732412083541351	0.12939044353930843	0.15483180409349925	0.15777549801604068	0.203417186153008	0.23184843196819246	0.2076978720848123	0.1968302651140634	0.185876273851114	0.28242636026157775	0.3107903086007223	0.2727700092240127	0.21496719817826032	0.14366851209376005	0.18297484877979725	0.16146051548404203	0.13166611763245306	0.10383741125526032	0.08333933233193708	0.3028869021765372	0.2882832719671306	0.2756001628413396	0.2510114014403598	0.21853622322116723	0.4607751025013269	0.46061610696814737	0.4862858050182627	0.4605224890545533	0.4101105109788789	0.4741884005488374	0.5053067912105486	0.5320883486293954	0.5617566598682903	0.5288316961202434	0.45119190793745334	0.29426536281527743	0.30298230384391217	0.29031601972339055	0.2842553484945516	0.2797472914005843	0.25462911208574174	0.18127477019891375	0.21882304998837443	0.23651236927934252	0.2229058581354213	0.3101584554635145	0.30670143279817724	0.34870585313717084	0.3675176371786004	0.35638533052104093	0.3117424898527737	0.27304143866879116	0.4166485765814528	0.4563695912851441	0.4585477191226215	0.4395265884787362	0.4613384389707137	0.44311725379072037	0.4500600661824058	0.4077659846354199	0.2917813160764485	0.24066227869611917	0.18069019911295045	0.118838453592907	0.21923092215858334	0.17473292490393943	0.14338911507841284	0.2075136520710536	0.19047777680222816	0.16508996493701483	0.13680457239379679	0.298650129497529	0.29483136606356136	0.32130301116144305	0.30579047489834066	0.30109892088523355	0.34930871653497875	0.3772611582585658	0.3949101587960737	0.4328532813941791	0.28733083453980696	0.2783235647192141	0.3208978414719016	0.30692678716000643	0.3490043060526136	0.3418603242023972	0.3394152483268893	0.3213337726985586	0.292368555882847	0.34208584879278214	0.36226998693056434	0.39832977417374815	0.41388172412594276	0.42732943530801515
3300047160_547	0.034607246649902605	0.031713742186417176	0.052382169385434316	0.04738039026320729	0.14831398092418352	0.054883073316063	0.04342361183033945	0.04099991831750815	0.03699884576868528	0.03519189572602183	0.13537828672840493	0.18405060736811973	0.1862559679124509	0.15280471988824007	0.1065370268787711	0.08816661948471505	0.08148849375035724	0.0764094595334911	0.06423645593726213	0.04932120594307208	0.08101788378407496	0.07985845696163012	0.08129623710863264	0.07943516445575222	0.07187045989334646	0	0.055125781979094506	0.08389211977733946	0.10400393418023299	0.10686681158758259	0.08687013752221535	0.09498842019925788	0.10015502456709931	0.10413284208182463	0.09431783825021962	0.08628666242699352	0.0688211318554949	0.06984604027177478	0.06882905218059897	0.06762161805536197	0	0.0617026980574218	0.07276145632106241	0.09343654703932529	0.10861843731582105	0.10666173136090054	0.14897533283999959	0.08358218688911442	0.09819542782827134	0.10696528118896062	0.10455757194861673	0.09588135765875684	0.0801057479826623	0.07808162513542742	0.0819592825053024	0.08203544929364658	0.08585016883041353	0.09825433802535719	0.09738115066245628	0.09604050292746942	0.09399858213717624	0.09274812452643916	0.09265074143329224	0.06863964586889465	0	0.053142626421619925	0	0.042043392593231685	0.0862203301811223	0.08022673708037227	0.07730116315394055	0.06394046011603415	0.06735395761635346	0.07032846042852724	0.07118358749772975	0.06928925951156764	0.07080548196471512	0.12155942036798947	0.1260088799406523	0.1319072188303123	0.14260176254495013	0.06968617102403743	0.0698658324924346	0.0751627170308432	0.07661569476807109	0.3137660318943252	0.31249833642272296	0.30068860509733797	0.29330475446017107	0.2623770225931704	0.09256772382218728	0.09952387144047847	0.10842951229018447	0.11526835446712203	0.1148225760367558
3300047160_55	0.36169186021548694	0.28091827738525105	0.24347906614527207	0.3140407112369343	0.25388467324183916	0.27364601943559824	0.2975887767173615	0.285718357921053	0.38047619901023394	0.3486861044765599	0.7155178424654297	0.9078463249451548	0.8428315501303949	0.562737971865522	0.318464458929148	0.5507132511772365	0.47480018847653116	0.41071500534514555	0.28894569218347677	0.2117796850733791	0.6216574487969062	0.636249555409756	0.6538941183362722	0.6256307043680466	0.5277069015271061	0.39691479613451497	0.5915014800812342	0.8682454045038547	0.9954748412188037	0.9056391920333352	0.7951577312834555	0.8453363053237193	0.9188361788728691	0.9496349263899896	0.8536537392368518	0.6866872875824986	0.5057186959791732	0.5313236229891903	0.5036404335656419	0.5037598471453107	0.45833926086866883	0.440255596534413	0.5525155320112327	0.6894049089776362	0.7692073030256193	0.7393265718295844	1.0396443698494147	0.631565417649074	0.7256060461421204	0.7737895904643639	0.6886302115694478	0.5793479879984111	0.46453144160171106	1.0698530639011348	1.2039982816312589	1.218526030287898	1.174969306975998	1.258706825675733	1.1396251531433532	1.1633615539818358	1.0510150481694722	0.9517292643400304	0.778625101942081	0.5118154644043023	0.3034580836737798	0.46625118101432056	0.39258532097798887	0.3025092814823399	0.4603833469070519	0.42517970723720316	0.3808252614348859	0.29930954811443705	0.7442941814999757	0.7421201886008681	0.7373331889014451	0.7292970562109762	0.714490640398385	0.7017251541479235	0.7325877390149609	0.8005568111494707	0.896781175506171	0.5973728700259734	0.5672743948358749	0.6991917773219068	0.6635182992067644	0.6961457520458382	0.6591016663973146	0.6452264058063066	0.5932665746984092	0.5104459490142951	0.5041695893551917	0.5753427273759019	0.6085216707544473	0.6821708784831099	0.6966390400847287
3300047160_552	0.09425186446952455	0.10019284199078128	0.12065541461565661	0.1206378256341212	0.1380861378899238	0.15419573731653885	0.15904287514130275	0.1392269558266711	0.12564531787441643	0.12720582086560225	0.2184370905204383	0.1733053705798344	0.13045271928416402	0.13139095695312542	0.1423290512958517	0.11717862193472277	0.11427582083969405	0.1092369752310738	0.11042798530454757	0.10451089824971191	0.23717896711869896	0.23185366810385297	0.21942572527420945	0.2257680298508199	0.24069616856959375	0.23561833803530277	0.2596629793896861	0.23533057847803412	0.19345801571580928	0.1574094647576595	0.11528249138894932	0.11813966475632577	0.10715883783575715	0.10300575681420057	0.11040465842176893	0.12389321329539275	0.13389352503589877	0.13894211063848608	0.14166652035470323	0.1332088037848043	0.14595991386204968	0.150750079428201	0.0637604182617294	0.07670513776999825	0.08226835383125314	0.0945109980285032	0	0.07962033017719344	0.08974937610821228	0.10344036336035706	0.11317631550194385	0.128731705347762	0.14998709988441639	0.0777255120904094	0.0685025328126487	0.07308318396548792	0	0.08908060573850211	0.0851552279762292	0.08635590319283064	0.09211645411920436	0.1318881201264784	0.11269486119082342	0.11705366059459309	0.1305903612504167	0.16487297113494617	0.15202325045831777	0.14880639998026024	0.13199631647331567	0.12173267679546258	0.12572355322971973	0.1332615420761985	0.1455853572435722	0.13537252911408032	0.1421432554308811	0.14000557963906496	0.1377387182783469	0.149107150473808	0.1497664477010019	0.12974221169633735	0.12991875409392345	0.1470768523641867	0.13603972011561033	0.13936403609006556	0.15224537956737563	0.12541440633849177	0.12774129179389931	0.12969187374684316	0.1309541221351525	0.14505335522306942	0.15827325136834616	0.15099033412570428	0.15376544752755814	0.15172293701791376	0.13946255411773195
3300047160_561	0	0	0	0	0	1.7171514153677305	0	0	0	0	0.2366911366025185	0	0	0	0	0	0	0	0	0	0	0	0	0	0	2.2405780957491688	1.448910909910204	0.6721606451947579	0.3098604819893056	0	0	0	0	0	0	0	0	0	0	0	0	0	0	0	0	0	0	0	0	0	0	0	0	0	0	0	0	0	0	0	0	0	0	0	0	0	0	0	0	0	0	0	0	0	0	0	0	0	0	0	0	0	0	0	0	0	0	0	0	0	0	0.1979815742666864	0	0	0
3300047160_564	0.2116466480270671	0.2267247526228142	0.289980001726793	0.25669643625727356	0.27126346907753424	0.22056097840110422	0.2250948388058975	0.21238773197295954	0.28957334363910586	0.32693648348535453	0.05880009699771585	0.07749716316507566	0.08534863451365055	0.09580858187997317	0.11821515428550222	0.12709021653287794	0.14806331272573595	0.15601872867840375	0.21224536569917712	0.284244411737649	0.07995841055163658	0.08349827302654428	0.0853945745955592	0.09441737386415565	0.10011473071177149	0	0	0	0	0.06412045450548615	0.08733766115411262	0.08309048538324702	0.06994392208800487	0.06287250677375011	0.0682303855871117	0.06861958223291872	0.15320497044532697	0.14913982205084578	0.1515161589381558	0.1504566965929295	0.18322326873539554	0.1685755568530596	0.058022926086270465	0.06359706735671256	0.06933662024087775	0.0818895035311072	0	0.058353679210991646	0.06744799266912986	0.07028076106815416	0.08275666984303232	0.09684556790921371	0.11847661810315811	0.09910423727027151	0.06174808417523422	0.06908223806628394	0.07002300660422647	0.08197353266037352	0.08145883475594634	0.06933252039495222	0.07541741181073772	0.06704657963836466	0.07719955642039306	0.08626742879893677	0.13863859024116063	0.15674188179181814	0.20059602155416675	0.2665764901242107	0.17941872462043135	0.18310607792380154	0.2101666323282008	0.2664091378045707	0.11977090057181522	0.11381428453023205	0.12207721118700017	0.1146424023411581	0.12261235885492625	0.12104399304985075	0.10562578293580556	0.09555669048803239	0.08640337127371181	0.11111636444858274	0.11523232272137006	0.08782656610095986	0.11610475998243247	0.11193492440809913	0.1138905607141243	0.11580599617595164	0.12286223691838302	0.12538458419809959	0.14842395156019578	0.1374840788088239	0.12928747225354864	0.10812016140705073	0.08885094271587946
3300047160_567	0.32541127686567717	0.2935963944739492	0.4207170608809956	0.44114830439642555	0.2532429808054225	0.32496585336960104	0.2566728286820473	0.3451787634991688	0.1978966591222662	0.21427569629412818	0.15613833477251857	0.17875446537061396	0.19449423070013777	0.2143948010303332	0.24882704087838653	0.26081666299662576	0.2802641823234941	0.3114391142164018	0.36773441772965765	0.4278825765281139	0	0.1032048494400828	0	0	0.11025308121406564	0	0	0	0	0.10896883992112454	0.1912320170971096	0.1950029570831909	0.16109604269114547	0.15515543593211878	0.1646668741887295	0.16242757101088703	0.27194070455880454	0.2788145828359831	0.2619998654965447	0.25713071192708886	0.30372696033610647	0.2738440213471836	0.14663060310135928	0.16036829940947012	0.16695446542044143	0.17748568077539756	0	0.20752024928953253	0.2534721107327951	0.26941151400329744	0.28250034208520963	0.3005503183764392	0.3436043203023652	0.1820277886969056	0.14635173325384135	0.14592877391240058	0.1546740186205452	0.11494261905167691	0.10657146786372135	0	0	0.15718032368997403	0.16868234712377725	0.1803907027707446	0.24902853531842598	0.22819940841837835	0.2437452429586201	0.25734904965547095	0.34711169199924563	0.36446109039232977	0.3719548830613923	0.4449684297244994	0.17188741129179888	0.16254128221029304	0.17305479403168778	0.17178398651298865	0.1666521490766122	0.19818863695084007	0.1867321042498609	0.17423239637032703	0.16256104413346675	0.24306836337289112	0.25601043776805543	0.1961777442683974	0.24890443334079504	0.13812235774279372	0.13819704961808676	0.14287359701838895	0.15125983894691566	0.144276337369498	0.2779408268599605	0.24842736711177538	0.24425764691568663	0.23560572310736255	0.18804740908261602
3300047160_568	0.21720966192710564	0.1719549586247363	0.18368194903687887	0.22992591963725267	0.2656917598571615	0.1890011281666933	0.24417015295173367	0.14426833906713923	0.1710845508008601	0.19841900841904953	0.06670299235223125	0.07879862054167319	0.07665456530794425	0.07336318164473489	0.07917469975334789	0.058557542052553646	0.069142544129429	0.06949924705820593	0.08829207971744392	0.10714834472609122	0	0.05431257113121915	0.05495094972757456	0.05331789504493087	0.06029158034412886	0	0	0	0.06781574623907409	0.07009930515322761	0.051451856575439534	0	0	0	0	0	0.09539009449778478	0.09762681742427674	0.09794851417495451	0.09585353406985091	0.11149341250308922	0.09835029420507335	0.04573136510004859	0.049113032280077566	0.05539935931166013	0.06366494996374766	0	0.07409774669855455	0.0814356116505523	0.08462264598826715	0.09440233965905606	0.11219611920425959	0.13670770790152142	0.08989280719592445	0.05888137977356271	0.06787195674321363	0.06372021601796748	0.05181467350458479	0.060450762587615794	0	0	0.07073913886126511	0.06983489955066204	0.07298390188270862	0.09611435769289568	0.13159394495747195	0.13605029329586302	0.1575713876918019	0.12533339591535184	0.1285269151274429	0.13508445885522685	0.16054661402397824	0.07465351570414927	0.07418831169338067	0.06744874256447081	0.07112756355399688	0.07112203531703637	0.07843164175831213	0.06562939857091574	0.06298489285090003	0.05612170437512399	0.06780101401744297	0.07414178092177574	0.04897959388646414	0	0.0855341794909494	0.09300118812963958	0.08679974681602991	0.0824298187623201	0.0855665356657048	0.1122721843647074	0.10657153980668933	0.09708154165800718	0.0913992441610445	0.07481303107208727
3300047160_571	0.09893502263196294	0.11195985732331676	0.15925451459521173	0.08104535931710961	0.05816176996342239	0.12549452635611122	0.11563394005491814	0.14766433950030922	0.08271988736062755	0.08338629086282955	0.08867156902350691	0.08320973135280811	0	0	0.07749593800744285	0.1448914267428667	0.14994382887718907	0.15747223022426354	0.18442167967593712	0.21432380654250593	0.14022468889940895	0.14483041963543067	0.1491547785396572	0.15093655304421907	0.16942473215380038	0	0.07111241446847034	0	0.07988743508796053	0.07383924948412893	0.08435149611509066	0	0.07408796689272808	0.06818455583331522	0.07625645846534225	0.08025458268961735	0.10094797871909235	0.1018049489592453	0.10631507397883579	0.10682299935646893	0.12556019082196943	0.11420255326645823	0.08162228240104816	0.09154464935508189	0.09391186881080678	0.10246901218408262	0	0.06212415063088307	0.06794141073018796	0.0724806128283116	0.07876825170561509	0.08222241142065488	0.08749487534844634	0	0	0	0	0	0	0	0	0.07362066404525973	0	0	0	0.10605559633408808	0.10848562019792267	0.11872829304902409	0.15007193331412635	0.14179789611596122	0.15828420610082183	0.1825163210127491	0.08634128815824756	0.08503463983475354	0.084899090330298	0.09019443541827638	0.08878488642126066	0	0	0	0	0.11299288450031975	0.12363962899443195	0.09129134088360662	0	0	0	0	0	0	0.11007723131650773	0.10046610508285293	0.09398158965282839	0	0.08595771286579192
3300047160_578	1.1778846115593362	0.3589233036207345	0	0	0	0	0	0	0	0	0	0	0	0	0	0	0	0	0	0	0	0	0	0	0	0	0	0	0	0	0	0	0	0	0	0	0	0	0	0	0	0	5.4661489590893595	3.204492078365828	1.798541228626344	1.0976965089411213	0	6.6142352936242546	4.115569965437688	2.374150324885744	1.3550951946042094	0.896734820792581	0.5962217264289054	0	0	0	0	0	0	0	0	0	0	0	0	0	0	0	0	0	0	0	0	0	0	0	0	0	0	0	0	0	0	0	0	0	0	0	0	0	0	0	0	0	0
3300047160_581	0.1936441882607963	0.1708381443495349	0.07180386670413288	0.11207916375904295	0.12830253724926038	0.07179431447352717	0.08345671433711771	0.059466885550720654	0.0939993814853798	0.08293538649970764	0.2506821133547311	0.22789938078019725	0.17867751223990594	0.10635797663016218	0.05435065861637044	0.08632616811859964	0	0	0	0	0	0.060800783638362395	0	0	0	0.1486275479769453	0.19976917413096124	0.24690293221653822	0.22623092935429656	0.17359373851923476	0.1791456245380651	0.18745758081315367	0.19522938516943447	0.19554895227716826	0.16570571526319375	0.13205356490339776	0.08703357339033788	0.08958444319495762	0.08422595721454908	0.08510377234554489	0	0.0759371742679876	0.32223716099192734	0.304811566302556	0.2523486395185333	0.18694496617475553	0.1996088051584142	0.5932141424241276	0.5611634440676255	0.4627042907546301	0.3537340102744473	0.25489103531217544	0.19295184982596755	0.5818619635088018	0.6423097996985008	0.6390170727516299	0.6406293787279258	0.7830752614858213	0.723982973496605	0.7017683081159901	0.5891887113674156	0.2563363274476264	0.18293275686137686	0.11500125432820024	0	0.12845409959862678	0.09162347169086704	0.06921410128121419	0.16842727848354103	0.15648704920911907	0.1325021634086618	0.09739348772536506	0.20935840073114115	0.21093820603902597	0.22287237144991986	0.2076618034053735	0.19505803643284958	0.20624267025093784	0.2323761498681473	0.24457950986860608	0.26613848314820376	0.10961352253043327	0.11287416163691327	0.13117374927007344	0.12407810829373118	0.35053784243932073	0.33056092968550377	0.31714387855421133	0.26497488130635194	0.22121562087121754	0.134912278283691	0.14833011692014805	0.16122974600144616	0.17445497627550197	0.17065781951564474
3300047160_590	0.0830741803447213	0.13138562681773852	0.12291468741993954	0.054563195796583135	0.066010457500237	0.06532798769151457	0.049451875272646405	0.0557638896893293	0.05337021290571271	0.057841498381715074	0.07636736379770416	0.08307534700516245	0.09191942270718045	0.11237556657003632	0.1583404698383406	0.03963201402120374	0.046000855541762385	0.04776656582096965	0.059971174699134155	0.0691919929960938	0	0.029597641538145102	0.030393627486292065	0.03165064495557336	0.0347841266886967	0	0	0	0	0	0.03302591428982706	0.03376967830305717	0.02946490576639689	0.02664145967376148	0.02718594093191769	0.02854018246090726	0.05071696747336413	0.05038131425154155	0.04909747684812828	0.04939998321838829	0.05377940018349477	0.050830854334989226	0.022057331028622753	0.02462490085793498	0.02804351437589032	0.031524803168450154	0	0.0363196072157063	0.04269958078437607	0.04502558629614851	0.05220813597734663	0.0593290067944696	0.0683077558335663	0.04976609129819022	0.03975261424841412	0.042843021051778035	0.044293434603043184	0.028444988056752815	0.030741299542537442	0	0	0	0	0.026447367351992563	0.03772386501544315	0.037302960472793543	0.04399989596968488	0.04818682685089901	0.04226372155044906	0.043167455287876924	0.047074211750927505	0.05738185071951234	0.032301181194963516	0.03293337786189473	0.031046598449244064	0.031288343299076725	0.03252779624039191	0.17356648182982803	0.16202923488117654	0.15074635981221637	0.13858460421247135	0.034413357639581435	0.035024688303115725	0.028376319156107898	0	0.03561285341353433	0.03711979281736256	0.03530413385543902	0.03484764117000847	0.03667094409840224	0.05117105875650711	0.048474348116610666	0.04748708525421364	0.0434644666233025	0.04050213403553323
3300047160_597	0.4872978103128523	0.49284133738383523	0.4251717043291907	0.34165690096198176	0.5026398398655998	0.3455132782177607	0.31423807156053785	0.39922542384250553	0.2655250929780821	0.2674661260731989	0.5887517703333185	0.38377810325931355	0.29851486414086703	0.2969119083613237	0.32838448490298455	0.46745478951714153	0.4377068301666805	0.4205651432962593	0.42572219061789796	0.40545890317360034	0.4314870933496421	0.3954073999704991	0.37500450464210855	0.3678773511984478	0.3580679733444966	0.4627067113019062	0.4556238413650219	0.3879051905305173	0.2856821780645493	0.26099415714297686	0.38481538707135277	0.36488205847177585	0.36585802092984304	0.3559271219519992	0.37995585063917325	0.42299262590907655	0.425383526817764	0.42809474683516635	0.42735790577872695	0.4197728876976053	0.4777426164501272	0.4432087461634496	0.6213497180130818	0.5269936297259966	0.43947239135705357	0.38177577153526143	0.4027603224107262	0.970285277459014	0.8241177733147864	0.6805537201614799	0.5841617782707799	0.555395729990652	0.5428566435515484	0.42976355217778	0.4206438782310624	0.42679014592442216	0.4377190737461346	0.4234965229070918	0.44199199158892966	0.44758794464417484	0.48049957368434804	0.2788228879540199	0.258611778459403	0.28578614544235625	0.3109207246222551	0.3250084740199482	0.3064633319822772	0.300532018389163	0.3206141558145509	0.3138371578897089	0.32422946084197485	0.309798381722203	0.3297909186653394	0.3258450481407615	0.33870484555516095	0.33273937803552905	0.3412271714054421	0.4163218354662794	0.3909223719632703	0.3795188026415695	0.3700816697173399	0.43299108418841925	0.4173437186505649	0.4165748474169755	0.43700417905561995	0.4805910570622951	0.4853816663086795	0.5000950347757877	0.5210666592556027	0.5421051163477689	0.3679041777965636	0.3506075076227631	0.34787688419596424	0.35338140311541305	0.3401846753126739
3300047160_598	0.11622481151959019	0.13953258518149153	0.11753038986951699	0.16095550438907036	0.1621494566467767	0.15987582675610965	0.2471488598121623	0.20938736703731028	0.22293770861026957	0.24042936958248196	0	0	0	0	0	0.055990622810697624	0.05761686098725865	0.05487993091793826	0.07352572252677879	0.08761975720999132	0.06819234163743472	0.06529194274746436	0.06185465019180311	0.06600859886365809	0.0685767889296823	0.04675267214143002	0.04180482101066335	0	0	0	0.06059625588081388	0.05638359061311949	0.04621438548720804	0	0.04360006201437481	0.042296767283819973	0.06570461926839509	0.06716647417635106	0.0644425402059434	0.06403308679043974	0.08209305414964031	0.07147935002942177	0.03406226735329957	0.0343157719008598	0	0	0	0.03404442582311447	0	0	0	0	0	0	0	0	0	0	0	0	0	0	0	0	0	0.08217124919683588	0.09206455324594313	0.1093207192798751	0.08123939527510704	0.08456200611505801	0.09577336147568326	0.11316582428088631	0.06366148138784933	0.06432606430030743	0.06094390912997792	0.06214202098489374	0.060842382189435724	0.06460909182372176	0.05636852330894317	0.05223265228384863	0	0.050469115862189204	0.04851628567954789	0.03687671495274067	0	0.04421235601262236	0.046183398197002255	0.04396672726478196	0	0.04452980542616446	0.07139259303203474	0.06797863727794687	0.061196580486323336	0	0.051353848335347806
3300047160_603	0.03455098252880217	0	0.06468002731466041	0.07883024098990377	0.26793096093614677	0.12643018402264808	0.04026270323996832	0.03422810082553127	0	0	0	0	0	0	0	0	0	0	0	0	0	0	0	0	0	0.07333467814825405	0	0	0	0	0	0	0	0	0	0	0	0	0	0	0	0.05742511959338486	0	0	0	0	0	0	0	0	0	0	0	0	0	0	0	0	0	0	0	0	0	0	0	0	0	0	0	0	0	0	0.06346781850217752	0.0674204534511482	0.06850984571518698	0.06597800775711754	0.06649443172147929	0.1337225570556351	0.12811403586629083	0.1307752889158132	0.1300278953576745	0.08220053668574932	0.08098096505702553	0.08527599424536467	0	0.28649442663256497	0.28983217153554736	0.2888253520122198	0.2966156821191408	0.300430877708313	0.13425566201959285	0.14025013283798043	0.13777081297402186	0.14508082229668595	0.14058771606486264
3300047160_607	0.2680522529993065	0.3698532778387169	0.5671941517438851	0.36591811083990367	0.28411226445371324	0.4226942526151446	0.33254474840386294	0.5591585953840018	0.3805287115554555	0.43068823000892414	0	0	0	0.12462162523295964	0.1612953467700561	0.1774588323166502	0.2163442347480028	0.2235981794430322	0.2934761015043272	0.39979158422984473	0	0	0	0	0	0	0	0	0	0	0.234540068660392	0.2198468127147081	0.18296938497653065	0.17068665460688748	0.16821078875473516	0.17853678948145815	0.5294417678386603	0.5158176580780147	0.5098715202354781	0.507053200004626	0.5689577547572761	0.5262031002138542	0.07931700029687284	0.0868385562229299	0.0925584186094596	0.10005712628658736	0	0.17514504937321412	0.1981056365338168	0.2037502483896708	0.22337045174044395	0.26470532800118846	0.3261122704309419	0.1292859631688958	0.07900699322329494	0.09369320509306098	0	0	0	0	0	0	0	0	0.12265739377248948	0.15093823475120163	0.17867182887698577	0.22146376461316766	0.3187112774574687	0.32739350948862644	0.3765575316977844	0.459047077011148	0.16319413712209263	0.15316718302491045	0.1417733749670749	0.15085907980675411	0.14598118649897004	0.2302134327088623	0.19968314835113335	0.19536938745344976	0.16038750832830334	0.29843259710644254	0.2959942373012524	0.2147311517774963	0.2598813123545708	0.11638582761174865	0.11955780800389647	0.11419935379508672	0.12261886208274449	0.11564313898505146	0.3258806959831835	0.27297493485102986	0.25982422074774025	0.23285390374176404	0.20735529832021765
3300047160_614	0.03926726226857733	0.04670809201588826	0.04999249011121694	0.04610846412683468	0.02698727024731776	0.08336965486751724	0.07331445382548839	0.08043559561249726	0.028921936045043138	0.03234396633592382	0.03291805404649247	0	0	0	0.042204942993006686	0.04472863408706268	0.05098713929597617	0.04892971661706829	0.05347687468017341	0.06014659862658272	0.18109508089554321	0.1839637170477025	0.18765234320491755	0.19453094401198132	0.21566979023933264	0	0	0	0	0	0.04911028408234244	0.05053321889723811	0.044329482004562264	0.040821321744255595	0.0419364777206741	0.04467019326215556	0.0672808169012238	0.06478914703689154	0.06339429288102602	0.06664526499967849	0.07197058043410975	0.06462198615795342	0.0271313076946757	0.02983440892147953	0	0.036231156951116644	0	0	0	0	0	0	0	0	0	0	0	0	0	0	0	0.03838078208393806	0.03830524292064002	0.040611665890367486	0.050558050283256786	0.06486260814807188	0.06364346653201627	0.068887822718172	0.06345312856617506	0.06122497086237076	0.06546274697908563	0.06917504421907489	0.04517463073217536	0.04552610545487869	0.0435550732710556	0.043033559144207464	0.04479132886313497	0	0	0	0	0.08694881065687099	0.08610632623977717	0.06377470923918402	0.08111094517147296	0	0	0	0	0	0.07546307073416463	0.06887505076382286	0.06673338515029975	0.0658345504252982	0.05739529654769103
3300047160_617	0.48881538692318643	0.5076036928327635	0.5414893535988439	0.5228484166880306	0.5324090445259455	0.5678560799680482	0.5658095804653689	0.5505876040851804	0.5139336740577186	0.5322810949691021	0.5052675848502243	0.4148454962846684	0.3703043072538058	0.3975319341973109	0.49731899720716255	0.5506886869461286	0.5364700332342942	0.5758641798150688	0.6521064357846228	0.6703219640165908	0.5915142884344748	0.5704016319704971	0.5995439414692963	0.6234852701168275	0.6524083764968038	0.4150129956990667	0.5324057349343527	0.5861970368465605	0.48970287350095587	0.455621941261858	0.40503501666254343	0.3909415928883574	0.36505387870350436	0.3501953841937495	0.38048074952425437	0.40385806026234267	0.5048854188521512	0.5040545053538031	0.4919543766233745	0.5142484344549434	0.5657863354018284	0.5316649289297428	0.24524607938683604	0.29592065510690385	0.33584809651932596	0.38357460916798647	0.41609839693874817	0.254445045829936	0.29277200716648877	0.3410810031387838	0.36169124065343766	0.4328286517785864	0.4904854728728078	0.33413251085542384	0.2853559144694672	0.3034862098583362	0.32990011002166564	0.3287529268585577	0.34683482453563075	0.3297657035232936	0.3806288276558546	0.35861514627955726	0.38403887485315913	0.4678387823139273	0.6024848354643544	0.5301498303106423	0.5844641012871301	0.620652001810956	0.522667738141589	0.5720443482950126	0.6217804933621243	0.6453422572531206	0.49301555989370627	0.4656252613950823	0.486257377479718	0.4764280627677446	0.47802222578777787	0.44993097439681745	0.42553201026970894	0.3940534952469394	0.3623080110977433	0.5002129939856698	0.5162652660209931	0.4348663105716195	0.5297815057019646	0.3983039327540433	0.38018059579091934	0.39025235580062445	0.40089304395551084	0.4312527165038123	0.5160964440787456	0.46598544370894	0.47056940158781946	0.4813029678298813	0.4487781511697027
3300047160_618	0.06487438280170268	0.03617328776575312	0.05834529829006485	0.05719661168646068	0.05670542344098096	0.07429957401751613	0.0803435180017769	0.0705256510800413	0.04788655119569035	0.047114092450749184	0.08229116789807499	0.09151302572573389	0.07315412268425371	0.05183209910917513	0	0	0	0	0	0	0	0.04641026342808836	0	0	0	0.06547575138411289	0.08180909208306085	0.10078345741693254	0.09642422200896285	0.08084525291702938	0.10658649438983307	0.11506080325446616	0.11051955351681815	0.10741451219644929	0.08657949433765158	0.07062032536669507	0.07044357051842287	0.06937183516202182	0.064556972986683	0.06335140641847713	0	0.049643983886369626	0.04362480387334783	0.051617266626411765	0.05690980868628633	0.055017805572322324	0	0.07021388704730423	0.07821266462080383	0.08019973468741196	0.07725888342928253	0.06691829675521115	0.059034575989964824	0.14487676506185743	0.1620753505632739	0.14996127891172564	0.14626632601670614	0.12683676655846618	0.12784009230856172	0.11932484103464559	0.11313731296154028	0.08422811453789102	0.06773767435854357	0.047007857660017624	0	0.06154852177570815	0	0	0.06062860933493973	0.05562396927766527	0	0	0.0564803257971143	0.06104572798225294	0.05130745842329584	0.05035657119901744	0	0.08995449541652022	0.08991010844047623	0.09735838794614605	0.09088678394406459	0.06743632113725682	0.06545179835398297	0.0657068139194637	0	0.06784617161986232	0.06377560264833963	0.05851216227705522	0.05051846332492786	0.0462706735392585	0.07851574592179592	0.08518762521791431	0.09661555636610679	0.08465975857075542	0.07711092504585404
3300047160_624	0.03243171297440867	0.030727472731604262	0.03421430986707729	0.0431166863882905	0.08144659781272157	0.035961496983670516	0.033161263429341045	0.034845215947015916	0.04606421275707383	0.03976061978604612	0.08031193371676948	0.10085566074751272	0.09885377293236956	0.08240985248496628	0.0504465200661692	0.05768940514571364	0	0	0	0	0	0	0	0	0	0	0.05561234259502017	0	0.09489322976333006	0.08678373843639535	0.08007025268779289	0.08679572748134322	0.0937749187951437	0.09726336000094253	0.08893946572082555	0.08297009782100506	0.07212310238840836	0.0687584771793096	0.07118750959735332	0.07494989175284733	0	0.05666189197115699	0.05321574489419302	0.0658864476047312	0.07554191894923913	0.07798822882585742	0	0.0624609784866565	0.07106405116172754	0.08165893091001877	0.07860582186264924	0.06745915405831704	0	0.08181813186577132	0.09696379333092385	0.09208052095156499	0.08725262654033128	0.09232988486382093	0.08948874808068695	0.08783934075143293	0.08070346635231071	0.08570469845384567	0.0814912949234497	0.05892062233554334	0	0.05587629291696469	0	0	0.05686226340281072	0	0	0	0.059794844723215904	0.06449672262327621	0.06128445318773999	0.0643806456790643	0.06050656370024976	0.0794066720547222	0.08628031027977685	0.09336323146978497	0.09573938650738435	0.06496713537051498	0.06586580062526975	0.07248573032812214	0	0.18634949672813617	0.18476322869291728	0.18739576458518906	0.1755546019264557	0.14918671546825324	0.06770793486782233	0.06981898562584031	0.07703411532494615	0.0803590191377042	0.0807523499409355
3300047160_627	0.08217520660906023	0.13179459922111253	0.13436271852195467	0.1258187321961001	0.09358800912209596	0.12120730445976213	0.07481744149355346	0.10620944674086662	0.093696918126479	0.10138487227033798	0.03687124509583291	0.04875151840122246	0.06148908054329282	0.08107877078011844	0.12057512235956833	0.09011857098154986	0.10672265600792233	0.12165244176316037	0.15173529559812016	0.1789960485493264	0.056473843544947236	0.05780380928344458	0.06360050261832195	0.06750059319559933	0.07564812856251844	0	0	0	0.030898594493777246	0.03776589415536734	0.07158669833950806	0.07340112946179314	0.06555347300950412	0.0643719300724271	0.06340096267485747	0.06724416221235298	0.10958083423928064	0.10853490704643416	0.10602686931058748	0.1099545726478135	0.12024606340386987	0.11030805038381458	0.05400570449656401	0.0613081046533791	0.06958426478040053	0.0782052764229909	0.09997062444573548	0.052339599439220306	0.05705213380158489	0.06543195942329165	0.07375946644419089	0.08489578303183003	0.10193679576374792	0.05794443179254999	0.046688692290701335	0.04861119495079329	0.04921977454785546	0.0907762962921482	0.09394444645513006	0.08491365869319184	0.09313001334233555	0.047199276908959385	0.055634691121452765	0.07831043554393091	0.11992716635799212	0.0807698967812087	0.10094472387209814	0.12068240648625839	0.08902548114283186	0.09555658364928342	0.1092907769895379	0.1273275284838997	0.07641947453478631	0.07379296765085828	0.07321841375296827	0.0751415530987694	0.07637118276286846	0.10640231795218838	0.09994392525635813	0.09372690660757799	0.08760597965314489	0.12339437409572197	0.1209819546668526	0.10622937168691833	0.11921940671066433	0.060215291328898836	0.061444485462990917	0.06248986604016952	0.06257926330502862	0.0676389016486531	0.11085937033586225	0.1054936752157138	0.10312960728045184	0.09771048249867474	0.08709762709670685
3300047160_628	0.04398732727917268	0.05606570638752509	0.061064040257739205	0.06189220288553936	0.035256409043245396	0.07173381277952143	0.06239334538360913	0.07860257248876729	0.0393320836906751	0.03932780778909679	0.0749611134086728	0.0712150017571206	0.06552686370350384	0.06637113346088146	0.07143919949899227	0.09569744617024008	0.09695959655747645	0.09227063252252464	0.09211570168790262	0.08694377791989442	0.1333618876824062	0.1324015021562872	0.13581535534740613	0.14185518710838174	0.15539185006233164	0.07251295439820808	0.08062812823558163	0.07984467191483079	0.08072981089193144	0.07381583213957249	0.06521081069032444	0.06532919130370708	0.06086215764506536	0.05760863411751959	0.06350260271329444	0.06937069751854681	0.0717374345877442	0.07053044174783042	0.07048283989157203	0.07101565628408422	0.07884204423655482	0.07651314546550189	0.04952530393045175	0.05857355472572797	0.06343433684755598	0.0673868713854539	0	0.041647915991768	0.048102496905502654	0.053771789894202504	0.058007365462734134	0.06650700853186711	0.06893327181985365	0.03508322545703413	0.03357764300628291	0.03315850271476296	0	0.04349240604917541	0.04531511641178493	0.04638515802877755	0.04778757397270985	0.08333736437044076	0.07375384030257236	0.07674150146031074	0.08267251852567839	0.10005339258109987	0.09495137764196947	0.09351803413458748	0.09823193889118775	0.10099085987618284	0.10496645441613833	0.10518026452498468	0.06524969796302982	0.06578578683864494	0.06477433433816379	0.0673547793236923	0.06898975037562352	0.05902932525094196	0.05422665529845904	0.05123476512325769	0.05068398547119241	0.08222016913683107	0.0846859524052453	0.07810168831851469	0.08387148740407362	0	0	0	0	0	0.07635801447395155	0.07212809524395858	0.07035950735890217	0.0708101257802983	0.06743471552971629
3300047160_642	0.1799881653080809	0.18552991278938188	0.21742247473640255	0.21667810639068855	0.20853604318396818	0.19299888514873095	0.18012246787582975	0.19886481916383827	0.2392294349497281	0.2572799693750217	0	0	0	0.06491155047269433	0.08859310452810833	0.10910754403552687	0.12703855643307607	0.14739565755806536	0.19529396385289632	0.26434377168152795	0.08736161489116018	0.08963045330281778	0.09288182131548513	0.09472998317205315	0.1097204558748196	0	0	0	0	0	0.09599291831924356	0.08915962160183562	0.0739639612307844	0.06858436172031919	0.07250032764420769	0.07802379272908823	0.14824926389975	0.14861258580473868	0.1461032147745366	0.14532818658867658	0.16778659417998062	0.1626745954234936	0.05678538858677465	0.06444649800994447	0.06815837969322387	0.0797411869705678	0	0.06550958865726562	0.07193870828725527	0.07946952934056717	0.09211114977091683	0.10693577817162118	0.13338039094681914	0.08709404961150312	0.06455320053125517	0.06694027697196982	0.06717532577221311	0.07217662597487835	0.074241280585522	0.06576852981531982	0.06953747813903925	0.05242649489065947	0.05997715164889507	0.07751274887023427	0.13677772047587192	0.1230315196611501	0.16549720802777163	0.20957937114389447	0.13304489428997926	0.143817607395101	0.17085591012282206	0.20963182820024828	0.11407504550814106	0.10639425518193979	0.10655326524073436	0.1125097098600171	0.10939386544859465	0.11523239564551303	0.1058259064083475	0.09692043775081473	0.08805510628734362	0.12135615512662035	0.12780696497885202	0.10324676493601505	0.12165177407456702	0.09553144460541578	0.09876518411800125	0.09715079894186528	0.10223584260972039	0.10142194495007979	0.14023987384367936	0.1337902668104195	0.1232255553245616	0.11115462923536165	0.09491308744021903
3300047160_649	0.07846725219129358	0.20187331731780733	0.25404218746015717	0.17617408510626667	0.13934103737274875	0.17682383778125477	0.08892535802371479	0.23214058854257136	0.30282231012420757	0.2823130053982497	0.3422412597919484	0.4045499160595727	0.41849104185047986	0.3630558020396973	0.25052651987388913	0.3670238327556226	0.3293249996502145	0.3077192072997982	0.2462662934181619	0.19714972188581278	0	0	0	0	0	0	0.15419952408631846	0	0.1727771932030889	0.15702864580931294	0.4144443261787912	0.4345816558274722	0.450785190530975	0.4717849315229815	0.47203986975183865	0.4208398992110257	1.7315528405832183	1.7897156197123874	1.6738785703971133	1.69527192412322	1.7660259242235483	1.5829000998355576	0	0	0	0	0	0.22733021681303742	0.2497538862463628	0.2903911735888305	0.2894928036653542	0.27932015077186056	0.267445188100954	0	0.15545470503332415	0.14978497050092146	0	0.19706610840787703	0.194166807275978	0.20622646462061636	0.2285114984204633	0.14922004133155511	0	0	0	0	0	0	0.6384668108852635	0.6146453095339797	0.5971474246864836	0.522428592680139	0.19563770150091536	0.18699954351546838	0.1904217386510358	0.19357342200574573	0.19953715441573514	0	0	0.1879884297326099	0.19971162264491335	1.1081685505321732	1.0592830288033348	1.1724947557167515	1.1482175555878076	0.23651018599581292	0.23727799066012825	0.2446664328011134	0.2209112451424943	0.2184266284109871	0.273460123302481	0.29720394907178455	0.3109180895601348	0.31134111574065665	0.30975054216558306
3300047160_653	0.20848418395404658	0.19623435316259846	0.20919523828745096	0.2140435686307648	0.21434267729836645	0.21892696483061694	0.2923028812045911	0.21942914504289854	0.2403605841250542	0.2221415803888664	0.3927562105811932	0.39353913714276273	0.3340239041014051	0.22877015937119333	0.14201202756877418	0.26703608485093805	0.22061783450240466	0.17334004490949675	0.1272673645064419	0.10048466832368955	0.5156239515045872	0.48673596363076876	0.4754384286105461	0.426779732048737	0.38112197494050293	0.4733927832774865	0.4975003382257728	0.4976827875730164	0.44804391314398234	0.3683927391345541	0.47541108727872067	0.5173846650165398	0.5363690233496454	0.5464775525192399	0.5025662100354346	0.41336886969221276	0.28711502663106586	0.2940885944671471	0.27747949994148985	0.2728474824728867	0.25903065008309284	0.23254580908054828	0.2662395168378362	0.289615752808538	0.29797534909903256	0.277240262356467	0.38822753420319756	0.3319670946453253	0.36190619770440113	0.3785370395725505	0.35236272634673793	0.3040441504355036	0.25905442062696643	0.4732563141014174	0.5148255591671728	0.5251350685749289	0.51336818963756	0.5101846115601126	0.49309700681053226	0.5110026560440033	0.4695341760145065	0.29815029872862303	0.22920361629436664	0.16732500172775305	0.10331573894397711	0.28679603992979796	0.21733460693760082	0.16542603457155758	0.28709874311459554	0.2566390591228541	0.23364916576576852	0.18129463126570167	0.39744996281634076	0.42103318425518604	0.4070334509926386	0.4030564184472882	0.383140157799104	0.4758584237409413	0.4753725522306785	0.5211836023542932	0.5442127178562056	0.42273002422254835	0.4147812738615816	0.4439218449671901	0.4492864661550548	0.4319048603396962	0.41608139684515916	0.38076204078768894	0.35233875743646753	0.3143023632230372	0.3564426516325817	0.37094632878284006	0.4100948567123631	0.425862762367477	0.4458860961039165
3300047160_656	0	0	0	0	0	0	0.19512288384479898	0.23654780956290847	0	0	0	0	0	0	0	0	0	0	0	0	0.420056213880268	0.2569841993792453	0	0	0	2.667174369141665	1.342852268964006	0.6442941820427598	0.3424217646514975	0	0	0	0	0	0	0	0	0	0	0	0	0	0	0	0	0	0	0	0	0	0	0	0	0	0	0	0	0	0	0	0	0	0	0	0	0	0	0	0	0	0	0	0	0	0	0	0	0	0	0	0	0	0	0	0	0	0	0	0	0	0	0	0	0	0
3300047160_663	0.024081334691016795	0	0.03927691923223945	0.04832776885749811	0.06193173869029148	0.08570880098830294	0.0812076798307068	0.08267343241719778	0.033960039319451615	0.03238114256776647	0.0382685620698789	0.04482554477621173	0.049740796952173566	0.04604551190440984	0.03609949879536339	0.03407440585283471	0	0	0	0.023134474395060983	0.0441554101747286	0.039094244034844156	0.035624387161815645	0.03392298662050823	0.03221402464715309	0.042445465906741954	0.04244051136203051	0.05228400025073471	0.058863185024392806	0.06330150097382677	0.09190497003214426	0.09544389504267448	0.09177804945430759	0.09243915028287522	0.08927340076520969	0.08964941360134972	0.06984028656281023	0.0687854884059072	0.0641573736401578	0.0651360053634701	0.06776092923598523	0.06156403891456985	0	0	0	0	0	0.031007161158347656	0.03582766063986318	0.039610557465979024	0.041637779588043954	0.044127649902727654	0.043175627668016095	0	0.02943664024644776	0.02853261281901798	0	0.036116466605475225	0.036016605153030054	0.036710142425644215	0	0.03735698431768843	0.034902212839532834	0.03190157712934868	0	0.051532188641502094	0.05091185538317407	0.04539067611890035	0.046390483621591566	0.04589682968074336	0.045277410196415506	0	0.03674447414537805	0.04032405660923567	0.03740721511732439	0.03683315954966447	0.036029065765634215	0.07650267750883484	0.0724433959834938	0.07427942621408226	0.07447276808680973	0.04359836641886875	0.04236668900123925	0.04257757664427119	0	0.06134313060162478	0.0613793625091285	0.06105072409507089	0.05685455177310042	0.0554649934230157	0.08982013555930984	0.08995990075399203	0.09353717399855024	0.09606884138172121	0.09397624726599345
3300047160_666	0.07518613340503932	0.04218179755332959	0.09395184561392625	0.0925063784191374	0.09818825565722349	0.1345327873502752	0.13239353733230336	0.12990694916132037	0.09095485224593308	0.08583248656545758	0.10068536937931163	0.132451967883008	0.1522005603811359	0.13950595929809365	0.1147900197169765	0.10394783417479762	0.10333158829494091	0.09701027444137064	0.08383648306352813	0.07231053778812783	0.11800250541213736	0.1149651613940565	0.11839246909424303	0.11930336082750118	0.11820180587236051	0.05162821512219816	0.07552199704610656	0.10992182274880108	0.1352650575612478	0.144423127557904	0.16737568965507799	0.17565983031199156	0.16858474075699156	0.16590141214178014	0.16810415647432528	0.16582957418552843	0.1555359723411692	0.15970924012173832	0.15096273845134084	0.150241929702481	0.156562966418225	0.14666484208192065	0.05177356623523145	0.060639493420416496	0.07203639055866479	0.07489129959840951	0.0900763694997578	0.066908049850733	0.07450863844966188	0.08066092565419443	0.08603583432968266	0.08484320499247017	0.08359591467603131	0.09005591969344195	0.09412622780195122	0.09083153214255953	0.09243221581825091	0.07965500414043544	0.08009000420832531	0.08180214788829297	0.08144997556881642	0.14050438878499744	0.14325129970399553	0.1323453993188315	0.10497256704040424	0.15500227431413346	0.15090223494281882	0.13659706677417777	0.14451645449835082	0.15210391558993988	0.14621374025558714	0.13093586231133508	0.10989212349324068	0.11345606069811168	0.10811077540483346	0.10997084074805791	0.10912756514606176	0.11406573309716544	0.1111246679303305	0.11139763474246622	0.11365073994108349	0.11140585471653701	0.10925156733547037	0.11043250567323135	0.112911694092497	0.11890222670802028	0.11609692608950453	0.11756801588605466	0.11552472554557994	0.11455998069774369	0.1600441088391146	0.1631832240643574	0.16413867994470502	0.1691475632367259	0.1685728697434561
3300047160_667	0.0830462958383027	0.0910658316412586	0.11375045771982366	0.11032374407449144	0.12207826128443028	0.09689306965594763	0.11568305081257273	0.09152103313264226	0.15974016210924405	0.15784818883677765	0.1385028020368864	0.16588311912214188	0.17993864951875976	0.1951375480786423	0.19144879016686872	0.14617481583947492	0.14126713340360156	0.1519242253981171	0.1432171876730617	0.12835264096027998	0.09032140718642052	0.09983064213572405	0.09703074813852079	0.10456291674671821	0.1065026960358281	0.07693356637433636	0.11029078639627793	0.14176604611428087	0.18650741618351518	0.213753934617042	0.11986725704948792	0.12184080879102553	0.11858350577919363	0.12379378674087374	0.13272058859642494	0.13278192882205772	0.10621869958889837	0.10621007754442137	0.10763465295490385	0.10478908760429007	0.11590503397377165	0.10650901666310061	0.07249875146425003	0.09298413713421812	0.11044451300528302	0.11787249123646835	0.18444997469260768	0.09198928927214081	0.10784175267256055	0.1192137809525608	0.12742977821604753	0.14147497331706396	0.13935090789093896	0.1064835825108738	0.10151347895787609	0.1086574585949897	0.10185137707625481	0.11754853294614384	0.12249567373485211	0.1180167207904007	0.12929209752947693	0.23665657411929591	0.2683021960726063	0.2811742416967377	0.2629355402268901	0.15422254425427423	0.16343144020149009	0.16961889962946597	0.15189408809347996	0.1530585732669707	0.16051106690473715	0.1536516739207172	0.15518503559022295	0.1534429052512169	0.15591190053038403	0.15254313554507185	0.1595204732041048	0.13044272845317717	0.14164871564452447	0.13561584449185585	0.13822971167504572	0.1303198576861983	0.12524913460269865	0.12531434422319332	0.13339944291973369	0.16188025425131114	0.15793831675684175	0.17102519003633299	0.17501757136323756	0.1780065849941962	0.12012889946986301	0.1275216611524581	0.1293601853699107	0.1286631506467902	0.13075719197060542
3300047160_668	0.1626833272626361	0.15188255621984526	0.19397045919097716	0.18766048436564586	0.16873939953917824	0.1637120180381791	0.1641966731231702	0.16248141438539102	0.18551773756299283	0.2004616946494373	0.03498968114536852	0.04939518853626491	0.06064404199842474	0.08189716865502565	0.12956621399116325	0.10379645126382336	0.12050430989801729	0.14331385348514658	0.1899437524763611	0.23418487647157027	0.07885863925781983	0.08238690091310893	0.08915338573245289	0.09604074358808637	0.11069411412346383	0	0	0	0.03887338809832197	0.046661577814722466	0.09349332599818262	0.09136096201153385	0.08046280063367862	0.07878648426306617	0.08498350646934386	0.08972897055106507	0.13528305361640294	0.13744783203555255	0.13378041577768457	0.1371618484446138	0.15775347831177608	0.1491455358249244	0.05929762129987921	0.06762294814607898	0.07700819893945988	0.08923030028142066	0.10380522915904909	0.07130169523165544	0.0816479696979561	0.09319525203591006	0.10559157584140082	0.12898438006611995	0.15247186786285555	0.10122162481989709	0.07855715631799892	0.07823418368000878	0.0791195009514339	0.08271963524223357	0.08528427690661275	0.07685764274187859	0.08477387826495417	0.06256719959184484	0.07192375557311748	0.09948225984521783	0.1758571446887516	0.11780801369683112	0.15454761125225425	0.19050561868596116	0.1438260347682529	0.1493287638542143	0.1769677274321033	0.2119466049754522	0.12244021859670941	0.11343117501678274	0.11865223114637052	0.12323245895967533	0.12369411942037074	0.12074461487930074	0.11288575771451612	0.10379980689066638	0.09351190666424655	0.12138547301402336	0.12273216214512025	0.10542471419864693	0.1182576610045584	0.09758574239783488	0.10086346323318086	0.10393250958565868	0.11137169997364418	0.11777291528515621	0.13864787179839155	0.1315002618381616	0.12142306238443197	0.10992457916386608	0.10011580162808435
3300047160_669	0.18969052616867246	0.19205706867910713	0.14902246493929944	0.23716642021113948	0.2796559381098538	0.19632313658313377	0.3244200027238401	0.19681082444600648	0.2312073651714694	0.2512289392028587	0.20270124649711044	0.1770729823661743	0.1540943181083474	0.13811506400442644	0.14910358557434922	0.11889880291860362	0.12669934286128445	0.12434954556315644	0.13576083252864665	0.15093796435739437	0.11209152761035987	0.10158586440907597	0.09560038825164272	0.09405149797820246	0.09911109977008023	0.1988112069241043	0.17584443608053427	0.15463305811817227	0.15028768660366756	0.13291442104807813	0.11606631494567549	0.10358296939794338	0.09521351799050164	0.08574318896748155	0.0895969592015805	0.09387385106255458	0.10668600588249076	0.10688406717589498	0.09886091577729357	0.09937709100807071	0.12431203922497981	0.10513335801739868	0.07097858595426515	0.07720478767007405	0.08116952801832698	0.08765710772374874	0	0.1209408412387451	0.13370219908263956	0.1408676268724467	0.16117484819495181	0.17257226509190046	0.20314783582239113	0.10732560631512436	0.07235723347332065	0.08368535231124077	0.0853862484821451	0.07626300251978331	0.07870721279387363	0.06734970686119383	0.07961770168582848	0.13769169666417924	0.13345663772836452	0.12532618777448165	0.16712104203976605	0.2296464889730787	0.2257731961621118	0.24232851572149414	0.16170818271577103	0.15712905571959793	0.16270869605146854	0.17594507867704506	0.14770933324973315	0.13842914928618263	0.13829002598609624	0.1382951148003851	0.14243592941675073	0.16460069025072582	0.15184409463257414	0.13449548601226555	0.12460877671345996	0.09804211302328221	0.10166870133607657	0.0750497537751574	0	0.14738945181698482	0.15350229389550607	0.15289975861268476	0.1548559741612901	0.15627064705188562	0.15776942522021353	0.14386809027770373	0.14667911304114475	0.13294718907746686	0.11422546034093259
3300047160_673	0.09742438031767141	0.09778883575891636	0.12986941762702195	0.1092114870428904	0.062406090630287084	0.12434349608948025	0.0977119830249358	0.21767569499933304	0.08015445875430417	0.08766433676694174	0.07046870876043561	0	0	0	0.063559649398439	0.12602526698600788	0.14213790246370453	0.1372768024379893	0.15567140211898017	0.1896917205856359	0.08972899243604722	0.09441233658844568	0.08998130979202833	0.09021068129275522	0.09801506078771496	0	0	0	0	0	0.0829212508351033	0	0.07138874153432147	0	0	0.06649317723179901	0	0	0	0	0	0.07451141006174727	0	0	0	0	0	0	0	0	0	0	0	0	0	0	0	0	0	0	0	0.06963982172754786	0	0	0	0.0846983155781488	0.09096605670504723	0.09626721850797314	0.08860266334535807	0.08945510100460502	0	0.11387837294710176	0.06051853495335598	0.0633482230396841	0	0	0	0	0	0	0	0.10434784738938802	0.11409594772753592	0.08023438237661551	0	0	0	0	0	0	0.08110603126529313	0.07983389802684467	0.07341622859503678	0	0
3300047160_674	0.10240215955645413	0.10335346936574598	0.09158038207807909	0.0799109364408319	0.06960115055260742	0.0751125379390031	0.06567261418790171	0.07086450652544223	0.059344581923062446	0.06806967742757614	0.08234704518274578	0.08923525799884485	0.08015496159703876	0.08057398329786164	0.08422317294277876	0.09518127761096469	0.11197487971635993	0.10694198317133981	0.11545744610138775	0.13201950923378256	0.06089500776623575	0.06175845833856937	0.06363306511277868	0.06677988147352756	0.07159169491901761	0.049958428195354704	0.0556356304036543	0.06254712619583744	0.07477485806581297	0.07170781348303448	0.05500796707808672	0.054288074213385634	0.04618139152072026	0.04457581167791219	0.04754676147650971	0.05002928903654513	0.06832093684749051	0.06590266275157146	0.06680630989677715	0.0687555876822541	0	0.06817942509010214	0.06369185756017429	0.06795520482298244	0.06749620365454552	0.07838789312028677	0	0.0791740584951549	0.08591688800335176	0.09004370125019374	0.10541009620645793	0.11943722356114225	0.13620666618614213	0.0790355005901471	0.053862140621418274	0.06458709817711689	0.061325101869057055	0.07218948673664818	0.07916152179495	0.06061629681278387	0.06829754615558455	0.0886102115645361	0.08332517910360603	0.07905756171016064	0.09301266718131077	0.09989392986921343	0.0934830234614253	0.09462923742964033	0.10109526904393304	0.08907562704177535	0.09684483079342288	0.10873162983099746	0.07398082969470418	0.0699234070599318	0.06830187142125813	0.06974757943169627	0.06713078722029306	0.06495600567347602	0.059957591718752264	0.05668063057749081	0.05437655376778194	0.07022836450849623	0.07596727290864774	0.05317633637374317	0	0.048789403710966434	0.04914008045229236	0.04941944854649889	0.050337961929546926	0.054127136727226646	0.0801324590159961	0.07652013301649513	0.0714346108446412	0	0.0564063217629675
3300047160_676	0	0	0	0	0	0.0517370616375575	0.08244876664362358	0.08290197869816057	0	0	0.2597627243816323	0.16588787599904184	0	0	0	0	0	0	0	0	0.31015479464142603	0.2378391224625325	0.17341026773444046	0.12924023395153797	0.0858302128043614	0.9585881583668333	0.9838638294187532	0.7966963322644454	0.4077579886824821	0.19741187220135228	0.20858508967753647	0.22409160802878691	0.2535471360056601	0.2461560979717784	0.22155338199909427	0.17601190875810166	0.12949782409864707	0.13930911008483257	0.13274562673850512	0.13930124551283363	0	0.11133550646577456	0	0	0	0	0	0	0	0	0	0	0	0	0	0	0	0	0	0	0	0	0	0	0	0	0	0	0	0	0	0	0	0	0	0	0	0	0	0	0	0.1023616563772322	0.0978559916867462	0.1177451692163924	0	0.07332248452905264	0.07456163054338084	0.07227006969954616	0	0	0.09402542643828318	0.1096902686071194	0.11422058748098907	0.1288773372426008	0.1341869182384213
3300047160_679	0.11772696739452877	0.1205906268123629	0.12465896138567183	0.10822955033274112	0.10042424666093293	0.1265069844119036	0.11227800657133027	0.12421307041133053	0.11156726683212025	0.11797182733792522	0.10804757610008967	0.10683121330807539	0.09444211974008813	0.09042167995595285	0.10485527127068806	0.1706690903964413	0.17579345598052715	0.1663345288374228	0.18450210820866775	0.20205245807197467	0.14701077143157087	0.15064304263952388	0.15504184184060393	0.16017225456701364	0.17040647216392613	0.08296497317202407	0.12177830152359233	0.1495116922953671	0.1533245372031497	0.13097329808292646	0.0846169741774171	0.08419516403053676	0.07512296324422016	0.06984356140329252	0.07388142695689476	0.08138134401933805	0.11595229285731994	0.11681933488344536	0.11870704245815977	0.11878430924643188	0.13271110355882082	0.12271806243343	0.05864179024741548	0.06601154469895804	0.07445030783972965	0.08762792897443883	0.09217515319794259	0.05905556234930076	0.06883922690128755	0.07450318850024351	0.08521147718339775	0.10058871507896844	0.11505949528123208	0.0826490340364035	0.06430420458969817	0.0699771905040089	0.06981811796476814	0.07771892902637147	0.08171541287759991	0.07407865471982128	0.08305048536549937	0.08998685586981085	0.08835370071481406	0.09731837179794618	0.13288260020711695	0.13017328114126472	0.14286805501596775	0.15938305125499808	0.12260140888760522	0.12277913213885097	0.13495705775971129	0.15328778829347872	0.10233079790560368	0.09926009044024685	0.09759899454189926	0.10215286854029365	0.10228671273094575	0.08867793290411867	0.08295201499432658	0.07917857812694133	0.07579429660123968	0.12581677422902648	0.12562507682040785	0.1031372711692608	0.12065012542122461	0.06782007112555917	0.0700886061045663	0.07110135455943821	0.07460189642223394	0.07665305948044311	0.12174299939365983	0.11137447924654642	0.10937645997147422	0.1046368546142504	0.09460873885179846
3300047160_68	0	0	0.11644209317743515	0.048120186694846634	0.03266228054541778	0.07873154184924157	0.07202187273072214	0.11564308390827335	0	0	0.053404978172501553	0	0	0	0	0.07103786280202351	0	0	0	0	0.11507081575957813	0.09088829993527084	0.07586729772966365	0.06479133680625086	0	0.24234390330070604	0.16313095054785187	0.09563307605541921	0	0	0.12158237005051599	0.1176168635603097	0.11422075846378059	0.11449453316972806	0.11407206927935638	0.12283589718333102	0.07549060757691914	0.0782836168209874	0.07285333304165813	0.07798710639812455	0	0.07383501339792722	0.05852541509012209	0.049029721653018415	0	0	0	0	0	0	0	0	0	0	0	0	0	0	0	0	0	0	0	0	0	0	0	0	0	0	0	0	0.07059381824936449	0.07088971629742352	0.06873145336386859	0.07187486917715386	0.07555699419962279	0	0.06996045962968948	0.06685453063217653	0.0661923115757429	0.10445465679820942	0.10561551218472241	0.09838560600587729	0.10409616811586876	0	0	0	0	0	0.08220491714331017	0.08152889812168716	0.08291586098724017	0	0.08242783004200262
3300047160_680	0.0858702760754468	0.075301129094387	0.0891643301256994	0.09408489984667703	0.08396676138847209	0.11065803639071399	0.1193717867495795	0.13341158822760435	0.12031928742269273	0.11314870443276122	0.262876293278974	0.27665262246444083	0.22451949391665785	0.14870039945649144	0.09154978685982196	0.17832010426784228	0.14409805742873685	0.10747269461027599	0.08416664710852388	0.0675567188003585	0.3402775164352006	0.331301732782669	0.3144346704484034	0.28128410888927463	0.2489297004914621	0.27945942297124815	0.311432606265163	0.32337818268966234	0.2878793056271631	0.24551419814409203	0.3177148803789406	0.33343670090195177	0.3463200610075836	0.3673347511981809	0.3459859234557842	0.27569483066852757	0.19960503110319278	0.21557869745361713	0.19985595394737965	0.19404013170287304	0.18608211132495012	0.16895433904445242	0.14496449964288174	0.1613073260210858	0.1715159793069255	0.1580667079085389	0.1807842429197428	0.14700865665116927	0.16076936828660213	0.16384033121662264	0.1526206997458634	0.12610811446459919	0.10286594581201455	0.21818291326584885	0.25982634909793706	0.24677961568959858	0.23107010552162402	0.32084776200058296	0.2987366757615937	0.30147765728357484	0.2585715364786431	0.2808555298161449	0.21653184386092256	0.14482857740959307	0.0944729803477262	0.17095480697657944	0.13425209716789493	0.10121275236441997	0.1782503082000388	0.16281940714167767	0.14009974074271012	0.11226818225284663	0.20905219634859035	0.2182282232086226	0.21004684448298788	0.2142719345107656	0.20506103927474217	0.21516799710098616	0.21716383285354957	0.23689405519683215	0.26527735150255166	0.2504382536078423	0.2478244293875087	0.29260553359878566	0.2652756390363618	0.1847599347597759	0.17430246893383328	0.16747903968510935	0.15564874590828062	0.13875596879362695	0.19120552518836728	0.2110986225083316	0.22772141767438606	0.23783203669776498	0.24629047326527384
3300047160_682	0.1409274623635948	0.2022074465792526	0.3757052836561508	0.19701346310000037	0.13143605937652145	0.27758662755200403	0.16692761148636737	0.3418935561395257	0.17230286080162632	0.1897370531990573	0	0	0	0	0.1267020544090154	0.12931919042164597	0.14715349268238706	0.17015664439568	0.22939442452236275	0.29297476985302673	0	0	0	0	0	0	0	0	0	0	0.1729976718635604	0.15243366943888373	0.1267970888938574	0.11327530704804746	0.11876320803304671	0.12239761202832704	0.2825811996066226	0.26607122200111244	0.2719998031033263	0.26933119844977405	0.3227145913251788	0.2758607989104504	0	0	0	0	0	0.07929305156389266	0.08767336625382889	0.09306472685116252	0.1115270951017319	0.12026199167738248	0.1564352604908671	0	0	0	0	0	0	0	0	0	0	0	0	0	0.11942283457579933	0.1431885310565972	0.24012183374322085	0.2329190775993223	0.24737867834887026	0.3208650430686952	0.0993430168268404	0.10066132211516794	0	0	0	0.14867208284964975	0.1375204908525428	0.1149609904648706	0.11135862527151726	0.15761661544472433	0.14926446034203364	0.10849393271677567	0	0	0	0	0	0	0.20301406288970922	0.1713740169465343	0.17977475353155656	0.16144025203792006	0.14150733654413983
3300047160_683	0.1293243603971493	0.22252674452092916	0	0	0	0	0	0.046836491640478296	0	0	0.1102909307959101	0.1202879051184189	0	0	0	0.08655127179584175	0	0	0	0	0.18691290573798763	0.18400520022305522	0.17253395836428373	0.1459238506581045	0.1145554309100563	0.08915460462563339	0.11457404506951833	0.1290094197690591	0.10027470448196793	0	0.14729405850426783	0.160442438579415	0.17042691457826434	0.1700954775811398	0.13538099816149246	0.09409770918973105	0.0931709296411273	0.09540491789841722	0.0899466824216029	0.09036627988937367	0	0.07560178269989115	0.5051079209444677	0.40768249425400754	0.2833202013681425	0.17318042744696235	0.20393127435130198	0.3595554532989244	0.26291187129232513	0.16717881787946332	0.10868316937197714	0	0	0.4676117854486272	0.5621736185948059	0.5260959181596054	0.5047347387255742	0.7131061384401158	0.6071951717438805	0.5999769928849853	0.4691600999037325	0.11548520470690352	0.07354970276188934	0	0	0	0	0	0	0	0	0	0.0855975063415443	0.08431192423685234	0.09205238000763395	0.0839626441335065	0	0	0.09143199003883978	0.09638138130114196	0.10541746160295501	0.13834742709123526	0.13605904238080932	0.16669472045431477	0.1603543001742222	0	0	0	0	0	0	0.06596351075397781	0.07555124965433198	0	0.08249301303058544
3300047160_685	0.03695835850286982	0.019916195462437326	0.03802824815685007	0.028590845702491274	0.024344853464324055	0.02653550259783782	0.03311237041477486	0.023631699011653573	0.04154894627724664	0.036451352442672606	0.062379819100701624	0.06532865914743648	0.047982276901866884	0	0	0	0	0	0	0	0.04976694697579883	0.04855796118563843	0.04947042963457396	0.041853026478430186	0.03456324587767845	0.04005872131653333	0.061928760957377184	0.08018675879994339	0.07036896602430211	0.054183602901532735	0.07476449831406548	0.0810133594487645	0.08424851172361153	0.07804493214185858	0.0587763879015668	0.04083271691521452	0	0	0.03733922529479895	0.037486630490191755	0	0.02964567793119997	0.04342696785104307	0.053517283442651484	0.05382509113076998	0.04558788517561607	0	0.0899260460075859	0.09480406440412187	0.09274633501204643	0.07619531067922755	0.0582663603162685	0.04616617708936346	0.1362942268912659	0.16239329103656686	0.14804432459296268	0.1331086380117677	0.08508611857579927	0.07017773612221295	0.06409700714951257	0.04837968417136461	0.13218366759591924	0.09106340484576154	0.058401880758349276	0	0.04522090571955065	0	0	0.060946799182395255	0.05365923638079734	0	0	0.06055853761871502	0.05947929811415198	0.05766751596368435	0.05853256768081095	0.05197045247624668	0.05450020864411479	0.06144986658275946	0.07037671752274201	0.07623165940506195	0.03925293001960538	0.03989647820966029	0.04939786687362971	0	0.06788306260205945	0.06074167882487441	0.05711281587894612	0.046966764821357164	0.03831712963264001	0.05124835304236578	0.059135438322265095	0.06225644844349941	0.06553092834089592	0.06558731105755253
3300047160_690	0.029765512569592364	0.027021556328259214	0.07338028694100197	0.06892899786355249	0.07867255372293089	0.08753527964235895	0.07220655842860839	0.07186242640533742	0.029512011645503773	0.031155319352912436	0.1641860542651678	0.09558643202636573	0.051720904312933934	0	0	0.07489436958661161	0.055014277939602785	0.037224103131681	0	0.025282242116525463	0.13381393253957433	0.1078865619413558	0.08562406051469335	0.06763453454137364	0.05532623596720195	0.3229676906698402	0.2983198093361087	0.22984445086975114	0.13417683103506753	0.06526926426599605	0.038225376893010456	0	0.03232214613271876	0	0.03114133885284926	0.033351966422728085	0.04736976192907588	0.04763943792427012	0.04688595137169683	0.04580490686332012	0	0.04957174729716039	0.038800642944809914	0.036945131159909994	0.03142328923714523	0	0	0	0	0	0	0	0	0	0	0	0	0	0	0	0	0.08753245496047427	0.04500870399091846	0	0	0.08590343088462005	0.04916527646750396	0.04094591215287537	0.06546139147902909	0.051510296089083744	0	0	0.045448597136577965	0.04176270059503665	0.044649619295599706	0.043644426754380856	0.04503248520989528	0.055031811663500824	0.04978749665282327	0.04469727418565199	0.041648420507519386	0.04865237268579322	0.04949000057453461	0.04065644184907258	0	0.04079983508626738	0.04268284144330171	0.041117938980530545	0.04131783906616232	0.04405993005467878	0.06613788667478857	0.06160374332743643	0.05763695561214409	0.05604124581748608	0.04879715169402459
3300047160_691	0.07156649991417248	0.05000014141645296	0.09483835928562154	0.06769146034785908	0.08774061828072965	0.1281445186331848	0.12274045022349245	0.07522070038106934	0.03651801888029983	0.04649213406465822	0.06123785196876296	0	0	0	0	0	0	0	0	0	0	0	0	0	0	0.22606008256204393	0.10087556942863611	0	0	0	0	0	0	0	0	0	0	0	0	0	0	0	0	0	0	0	0	0	0	0	0	0	0	0	0	0	0	0	0	0	0	0	0	0	0	0.08884344137405929	0	0.07306127653513991	0	0	0	0	0	0	0	0	0	0	0	0	0	0	0	0	0	0	0	0	0	0	0	0	0	0	0
3300047160_692	0.3970724029779825	0.3592297368424625	0.38010975346092224	0.315787283988883	0.28649739809952784	0.34581001997424915	0.3583534073681149	0.433781738496143	0.5752766634040969	0.54262444656048	0.6996050658361499	0.8281672470533267	0.8446796147768207	0.6665249363646675	0.45024023447950623	0.8567682362106137	0.7560467923316474	0.6630640307409407	0.5074088586711865	0.3940486496409209	1.076218264236347	1.0810297245034701	1.1088931525907908	1.1307717130415273	1.0402360110704427	0.4713084989932742	0.6383890305940986	0.7994641246730012	0.8987747557064764	0.9307169768686653	0.7760275653030411	0.8036644950983151	0.8316790030639	0.865106963496227	0.9051810235702028	0.8243185826064539	0.6386175978022639	0.6381574094841994	0.6308550651244986	0.6285742562172297	0.6422167829576704	0.59403071317586	0.5162719017044234	0.6562278324748291	0.7455426840700351	0.7383734779301636	1.0319270148095694	0.3610682691135727	0.433174480932251	0.47988967527310344	0.46639287731163176	0.4291299410174875	0.3624983965272071	0.7314359061786555	0.8098141811402784	0.7890142800288427	0.8067315474664327	0.718710407061918	0.7111204466817015	0.784360849396549	0.7587938587084102	1.0319398037763703	0.9554028069024433	0.7207899950459646	0.491932231765165	0.6349309124612422	0.5577466924039945	0.4596970571819267	0.5423249436756573	0.5347442241047982	0.4685359296041973	0.3833371710690054	0.6216789012134974	0.6327425512299232	0.6622927597919553	0.6617764572930994	0.6699338651995101	0.6227545812116059	0.6142521358689949	0.6507646937291028	0.6879989337085769	0.8005713281507402	0.8124416711627024	0.9256337748159725	0.8896522575244611	0.5323922951391651	0.5539168233500145	0.5155534330667327	0.5084989017068489	0.45695163763576024	0.47805729306621847	0.5190444587448689	0.5327141821257836	0.5766126356495437	0.6109394885216429
3300047160_693	0.1029265030416166	0.1198108180026309	0.13119430346718056	0.09257583517467542	0.06981540002074506	0.13360838922748877	0.1210902886299398	0.1639623531828293	0.13446755442703529	0.12789992293772487	0.09203106151538176	0.12161279809904506	0.14499624657928423	0.16612453017819723	0.1583839471951003	0.20257071766148677	0.2042836427498721	0.20223248571203636	0.19311731620365016	0.1723373721549598	0.26749105101073134	0.2764509146714167	0.2949603890684175	0.32088644437788477	0.32892382406038534	0	0.07701911894381333	0.11156020531778396	0.13873724112884767	0.15895623044908375	0.18388582121743804	0.19517281778280887	0.19515859645742817	0.1953933927741781	0.20923438949947576	0.21673052286208938	0.1598455730106052	0.16028839744682757	0.15943474438331803	0.15554112274303425	0.16678384507475244	0.16228941808549147	0.09024136235881014	0.11038685335063765	0.13079841572311246	0.14345576308166227	0.18850434355558943	0.07145317334922714	0.0882572566158743	0.09963752167953709	0.10855093290349765	0.11339049495826108	0.11439367598073484	0.1175473511052082	0.11326908337681521	0.10945023553435582	0.12685652083754223	0.1456626198013735	0.14623238119735427	0.15814907263980085	0.1763508808487638	0.12666440996676487	0.14920735941450056	0.15059516857981212	0.13258762046343814	0.13633161467520524	0.14096416171356344	0.1415721108044039	0.16033278506527882	0.17569837997813417	0.18120887254708012	0.16958285618615954	0.1333339200765291	0.13401683936427602	0.14326053170965086	0.1404025625411766	0.14149214066224922	0.11968707008190305	0.11952920601332756	0.11733245267836794	0.12311781485748183	0.17788228723638644	0.18865431602784757	0.18855533017964188	0.19895221360794632	0.08323349178484563	0.07963570471598938	0.07977800069360415	0.08281066754326961	0.08686415639008781	0.14734915236642224	0.14727560432602288	0.14655696378133035	0.15704630716121112	0.15353094072793572
3300047160_699	0	0	0.40900923106509635	0	0.053677300754906614	0.19127155039504146	0	0	0	0	0.5177338481987626	0.2495587708050927	0	0	0	0	0	0	0	0	0	0	0	0	0	0.9980419111095521	0.5613038712479411	0.2928558189847884	0.1330530827545534	0	0	0	0	0	0	0	0	0	0	0	0	0	0	0	0	0	0	0	0	0	0	0	0	0	0	0	0	0	0	0	0	0.12092271104759049	0	0	0	0.23356540107362117	0	0	0.4037173212417832	0.2403287635116986	0	0	0	0	0	0	0	0	0	0	0	0	0	0	0	0	0	0	0	0	0	0	0	0	0
3300047160_701	0.12069207968066001	0.11004237045411673	0.1593330072224676	0.14800982952215386	0.15103128734899776	0.18359564511427323	0.19408625161331836	0.1496367098916151	0.11579006777918456	0.13209370346292584	0.24280508199446887	0.17700876620596076	0.12193845971483928	0.08765187042591317	0.07589787927795326	0.14381526576876003	0.1374029202806284	0.11326390111058965	0.11572536689374938	0.12766353263717142	0.1682878388378123	0.1428703115428044	0.12022619406160487	0.10955759080964152	0.10270833278445589	0.4103662318588051	0.3115385576818109	0.2565178032110495	0.2053129674375058	0.14078114377583953	0.07652469001118387	0.07508387661531363	0	0	0.06033659784795952	0.06173651801494861	0.10187867202019188	0.09322137672387562	0.09863502935726716	0.09677755553239482	0.11404284843880058	0.10364146474704444	0.07976318851612858	0.07905086479742407	0.07587571505281661	0.07552549281075213	0	0.07443042123413503	0.0767417603859763	0.07787478815354897	0.08319984469029945	0.08667717047674092	0.09438937477484295	0	0	0	0	0	0	0	0	0.13848690890543708	0.09933333314374529	0.06710144464539793	0	0.20677006575534554	0.14813553697839724	0.14794858396321872	0.14773124612331925	0.12420337171001818	0.11583679871244568	0.11696376391307983	0.09786132331820213	0.08819054615154535	0.08827326366338063	0.09103298412116165	0.0945614808036044	0.10647967085472473	0.09833496316096764	0.09065871707284448	0.07690756402845632	0.0911496830172751	0.09904647792563794	0.06725129612466155	0	0.0675777070824243	0.06945759900488531	0.06563597210226534	0.0688623644048404	0.0699170812472799	0.14022258237512344	0.12848938500099025	0.12757195937460658	0.11299207704518831	0.09265315130812135
3300047160_709	0.10619590575303502	0.07207077762305776	0.10745401950083543	0.1225223927026088	0.1486652710302765	0.09690489790110224	0.1091183427061245	0.07739502357136076	0.14924044571102932	0.15330830322127229	0.1085130587562779	0.09857508533977388	0.09540119337090151	0.10744854932763037	0.12958534146034015	0.07553963651762077	0.07713024122800888	0.08110398074068385	0.08540163975938081	0.07686068751864097	0.049733471846561336	0.053265131615099416	0.05510969188928851	0.05842127857337027	0.06064528345552149	0.07224732091724936	0.08576565968648289	0.09307052550970553	0.09861584080329883	0.1048271330771137	0.0738679657308197	0.07195711132035695	0.07218701277041585	0.06977152733183509	0.07694468562391642	0.08640749379728994	0.0860926057876572	0.08595560497067845	0.08836604703133535	0.08823123120503351	0.09504587291059151	0.09556009518933009	0.04900842722761054	0.06048469417337189	0.06995141054986814	0.07741790835664619	0.12175667782298646	0.07603875761605268	0.08566191055468222	0.10387130522548041	0.11402041987527488	0.12979568992898238	0.13904742121027164	0.09807423721910925	0.08133205227617644	0.09050572602734258	0.09901472479265488	0.08274889100323288	0.08699517664181317	0.08561202976126232	0.0956944071990097	0.1096996586310214	0.12310511482836445	0.14631735751247701	0.15774679420947946	0.12457799699268732	0.13755459635835182	0.14301442338522286	0.15000362366601397	0.15576451676234082	0.16602125987544733	0.16419512777340511	0.10125845285260285	0.09630123533674305	0.10372802688531202	0.1065189984518452	0.10724911129536213	0.09879234260627308	0.08977876490159728	0.08664221438278008	0.08900431417009311	0.05677735295826996	0.061479916767899816	0.061001617896771124	0.06591323986018664	0.13543623987950967	0.1439958938614104	0.14523253554434887	0.15605468303810574	0.16564417051608857	0.0957004421012016	0.09387556578348655	0.09034017222566204	0.08751066595761717	0.0882594452451283
3300047160_715	0.12313841060601595	0.10485989731642102	0.13052051669133005	0.11848074764808339	0.12011907143797103	0.11502726702946138	0.09900023515763798	0.09520287229578316	0.10333232449122381	0.11572269721320963	0.15091145794803582	0.11934726880985606	0.08956532864182785	0.07563952146662027	0.08103873025313119	0.13421520791694194	0.14395727995268395	0.14272057096578863	0.1570412039095636	0.17686197322257577	0.10451924393238057	0.09984263982034661	0.09605701146121384	0.09551328954061883	0.1001471788896798	0.12357449275398699	0.1220936911775857	0.12418194998436237	0.11293989284907341	0.08994064685796656	0.05286798776010775	0	0	0	0	0.04978968836334037	0.09639278133287112	0.09404761847806928	0.09473713216930232	0.09458358192695393	0.10781154737177338	0.10076469295279844	0.06737655181322721	0.07293356930448693	0.07658984687746735	0.08502151383748376	0	0.056746391965347295	0.062378094997798866	0.0719090816001092	0.0760939302941069	0.08428152140427396	0.09974719164294148	0.07443198810565668	0.05367706161735945	0.055352500276790464	0	0.05653128572992109	0.056168003913012	0	0	0.09189213204596815	0.0756415857222039	0.06728223446779649	0.08842865678270956	0.12237876492542454	0.11280984942252735	0.11954984285515399	0.10703355013129166	0.10285650962090713	0.10656997752894043	0.11244169212504274	0.07587517571867261	0.08141223873131763	0.07766573121355691	0.0766200757698606	0.0799459392273862	0.07710841233752871	0.0726837772743534	0.06624554726721789	0.06013865397373172	0.07905610219393713	0.08100311963313872	0.06508496990294978	0	0.06474153747376185	0.0692493097124566	0.0664259952829558	0.07199670988500916	0.07187173004758052	0.09386428150227974	0.09052338813117647	0.08336405999301526	0.0763109075202225	0.07000720213563494
3300047160_716	0.6909220165822181	0.4902959068407454	0.3494116093343014	0.46512544326302196	0.4968699567291337	0.4737712961807924	0.5029187176247667	0.4459024932210306	0.1709474817683997	0.19599081596206824	0.24287329090659435	0.22473212712537807	0.18237130045741948	0.14447615339049028	0.13094777527093476	0.2858846997996038	0.2868369325516939	0.25131553408059787	0.263706000599177	0.2763300481398274	0.33709193883309935	0.3214709472902599	0.3323660471917294	0.3359751212543197	0.3569277426762684	0.34279388542876366	0.37860335928430167	0.41932133405529654	0.4165730507656237	0.33290438238196557	0.20524710038551083	0.19937694318438928	0.1732440143846549	0.15926199873321692	0.16107717232050867	0.1709488340841225	0.2457289937858028	0.24533862917980928	0.24320772269458563	0.2336743454400276	0.27878251250040514	0.24791673532877181	0.6708493233718293	0.65851280581992655	0.6185447948257291	0.5831867645817405	0.4073800971276434	0.6876675959306421	0.7268200433741336	0.6988182669994617	0.6655893279842698	0.6580663093161815	0.649897895392029	0.34088687569444304	0.248456048441999	0.26502435937967317	0.25291338391146756	0.18819993234752166	0.21080128934861014	0.16458624995474436	0.18759818167154754	0.34250750340833597	0.26719313707761627	0.22027518165640977	0.23284781615130526	0.4008150258542678	0.3221113254549981	0.31900074506792503	0.44848931387917884	0.4053766650424725	0.3967459374440052	0.41538047739294104	0.21292825574100666	0.20070536062308625	0.2002524339876347	0.20527618491203284	0.2046639941388244	0.32635001428175925	0.2927371070859161	0.2628416832184486	0.2412357516082144	0.22995000339547725	0.2339350279765015	0.17492105306888492	0.20857123884300924	0.21660587112391408	0.22878620648044576	0.22309501160138104	0.2175796053890311	0.22707202442043525	0.35186021243518245	0.31212568739017504	0.30087744590028975	0.28474292127511436	0.24634591086543195
3300047160_718	0.18533788355710373	0.16579959887006843	0.14937333908880265	0.1657253164003849	0.21725423332553004	0.19095757911120043	0.29551737040834786	0.15919264986721332	0.16456239913411677	0.23938914199909256	0.06472566400293653	0	0	0	0	0	0	0	0	0.03858820053541139	0	0	0	0	0	0.06618384895053452	0.06387619680000953	0	0	0	0	0	0	0	0	0	0	0	0	0	0	0	0	0	0	0	0	0	0	0	0	0	0	0	0	0	0	0	0	0	0	0.05336377039008441	0	0	0	0.09943057669975863	0.07115497709218381	0.08618265114490414	0.05323810916600133	0	0	0	0	0	0	0	0	0	0	0	0	0	0	0	0	0	0	0	0	0	0	0	0	0	0
3300047160_723	0.18953363623035988	0.19495073460823192	0.2680878703367457	0.2042593866158526	0.2587673044490399	0.22111874538218768	0.3071274910864613	0.29017070914567106	0.16589898906651415	0.16694190910131967	0.2976533388396879	0.3606730152663757	0.3976877670610962	0.3908488701743094	0.3380237418052453	0.35796593288708517	0.3604896930932899	0.35060428863620957	0.3238718657950058	0.283657047760667	0.3832287597754929	0.39617179263614044	0.41624604179736713	0.4261488070631178	0.41652257141837223	0.12400156663664995	0.17143191492564525	0.22821424990577344	0.2882103707280648	0.32816208189865625	0.4144371346752867	0.42377263355668243	0.4264934003697012	0.4490590544349907	0.45185680936261186	0.4476628229144312	0.25503513957212	0.25565712823728326	0.25640982156496295	0.24887000257834707	0.2547342373914996	0.23738711277535535	0.23176475793645668	0.2813039104155711	0.32935121766195447	0.35122297681101505	0.5001142685439394	0.2405660096601352	0.2823893270048553	0.30794999914859095	0.32612999813539373	0.3279153004917782	0.32142153447829874	0.26831386921112743	0.25262045826603163	0.2826284795427168	0.29080713848585665	0.31107279640650615	0.32605048777806905	0.34065616260817916	0.3563813123713543	0.32070238864002265	0.3360978944347148	0.316792976102803	0.2589071877346613	0.2677293374403933	0.26552236979611066	0.23826800874770043	0.28688115424362365	0.2952672019684925	0.2904975858471971	0.26994460063534237	0.2995735730152646	0.2972770635611215	0.3075581982048228	0.30498845424407195	0.30801492002621655	0.37092526434543266	0.36455592433392353	0.3692896855192968	0.38892532247580125	0.4364254827352976	0.4194402974813668	0.4148203390258673	0.4555477445668436	0.37257087950668183	0.3598054779955588	0.3613825441170141	0.3741629351704328	0.3674565250183808	0.28977645751654457	0.2911307994340007	0.29480958968301907	0.32050155648940815	0.32106924253251834
3300047160_725	0.05889520718071592	0.03901175318538441	0.06765870299814591	0.07471978989986727	0.08484559311904763	0.08810774421551375	0.10962684601780485	0.08805205573482777	0.09201498549859938	0.09076066488021267	0.08321625220529871	0.10935460368413033	0.11751633048098398	0.10471920239549462	0.08383641911331731	0.07101441662348104	0.07293340496833407	0.06677313143198842	0.05911338523567275	0.05008312633505463	0.09533654652197178	0.09462356906341167	0.09787917623513501	0.09771921286351928	0.09123477329080469	0.05282905621836906	0.08036999808311554	0.1131573843251892	0.1330318639790542	0.14061246010591016	0.1348101300252909	0.14257230099224352	0.1421277609922964	0.14187821187196398	0.13755237313636476	0.13027556216359373	0.11260384133679284	0.1144600872069553	0.1087642498979149	0.10885339929194969	0.10712975514891857	0.10067460482429177	0.05234053753648822	0.06355756267800293	0.0772699265952323	0.08040865687132157	0.10308175059337765	0.06750048264963039	0.07881286717147747	0.08796394286973884	0.08872506667398225	0.08762966658739357	0.08123683818559035	0.0983860954373365	0.10422521958911278	0.10354246585136087	0.10529130302619867	0.09181976105471303	0.09171342396917988	0.09264426605783131	0.09275983567826554	0.12211453667205786	0.11916548622415477	0.10894558639242033	0.08434467287057443	0.10333179251405733	0.09796321315578814	0.08685829078682257	0.11370969250538779	0.11594475145073783	0.11249991092282244	0.09701804136200838	0.08480533886318273	0.09036621089188396	0.081213845506658	0.08180181143202547	0.08486602348999674	0.11487726931935255	0.10912634315889368	0.11457882916205088	0.11656521386072421	0.0814343187467495	0.08197032716404738	0.08464615221394631	0.0842655895381234	0.11744692577524117	0.1145968399872281	0.11290628055340397	0.10867041323877548	0.1048582147737991	0.11726295839976218	0.12437052788334876	0.1271973356470494	0.13048414024783278	0.13029746816055635
3300047160_726	0.13419545238685848	0.13269394717118363	0.10882423088230098	0.13658994504732852	0.15226824523670474	0.1353450293172314	0.1639691519007617	0.13102042174692352	0.16913045961166573	0.17222279488311018	0.14726700507231233	0.13309956526573385	0.12288144212839647	0.12397090933982313	0.14533389421825468	0.09922005771798395	0.09352866854255529	0.09549382794514161	0.09891987512572464	0.09562099195606649	0.10580173488296224	0.0997741657466558	0.10644910706618538	0.10475893750750076	0.11212658034679454	0.10674169006708671	0.11787466672507117	0.12131890209776362	0.11287820074735919	0.11471169693776474	0.12211302940742824	0.12089620803161513	0.11117988866832244	0.11453939917307743	0.12366993958960651	0.1285693874789071	0.0870566928224817	0.09040954087226906	0.0873261922596588	0.0883726740174686	0.09868822792956694	0.09297684171822675	0.05689763642651046	0.06815315790198205	0.07844527494439216	0.08725112290049306	0.10802645537973893	0.10572097934808554	0.12548851702345518	0.13988085975758677	0.15037138561222652	0.17205669458489223	0.19074735240368074	0.12985381602653528	0.11765465603891603	0.11763217431731675	0.12252967705484172	0.1113153055973205	0.11677290907218549	0.11273560838032971	0.12424918535858304	0.11350944213921975	0.11338743121597748	0.13124430689193725	0.14850015004553666	0.17123846869993561	0.16634969704321875	0.16335213798230236	0.13577561669140936	0.13336341342934555	0.13881533691035644	0.14046870001325543	0.1739168095581286	0.1714984793846972	0.17187308106530524	0.1759668969208822	0.18561682170138663	0.16820371176556206	0.1581801576106848	0.14957473003475108	0.15014168195895541	0.1017149058527936	0.10497561012076397	0.10121074994657506	0.10719844911662628	0.1360995709196436	0.14273638932145646	0.1419667760353952	0.14654651079442252	0.15840450804747244	0.14214288840545364	0.13756281488396824	0.13736420043748457	0.13935656263953247	0.1340617693839906
3300047160_73	0.04823633175568126	0.058872653660390586	0.051610183864336225	0.05540599867125449	0.04840678811079016	0.05280872084866073	0.04276326170148698	0.050556944527546034	0.07222390460316955	0.06826592019172258	0.08531481337097381	0.11667893470103759	0.1223945710754489	0.10560849129608404	0.06665117715371234	0.1135949183662699	0.10637378215657137	0.09351041262056144	0.07448195700553585	0.05696237183944809	0.08804937144927731	0.09448056869055535	0.10121652769402602	0.10002201971007091	0.09292219352269088	0.04645203397642414	0.06907804893561742	0.0942389219257565	0.12710636620214558	0.14751155282667563	0.10024811224088333	0.10541615025885065	0.10761165109030293	0.1147068501376101	0.10612560532723418	0.09436337676583828	0.085297868584331693	0.08613769535603218	0.0860886820364024	0.08761737986589259	0.08111041747352458	0.08304075355667478	0.06351483365893695	0.08381745529006367	0.09786823303552235	0.09895602769193462	0.14796539999510064	0.05107496711569832	0.057929312867371865	0.06454810870947217	0.06495790097854734	0.05621369595682806	0.04752591973624308	0.09261319373159352	0.08780009403238533	0.09624028396434815	0.10440342100738542	0.1395922796491622	0.14061583072465325	0.14640049415412118	0.14245463140215556	0.13651760030136578	0.12843623082181965	0.09521690099476492	0.060559895332275154	0.08674918809849179	0.07810709061462943	0.06722491533929623	0.07661903416838466	0.07518833233466941	0.07393477021964677	0.0590232963287023	0.07663295484246106	0.07953771442907352	0.08109626701967093	0.07961355460905668	0.08134300558498563	0.08082320911148044	0.08634657483079439	0.09165363084125189	0.09876248719907427	0.09730116467661948	0.0961790378379012	0.10257339103070502	0.10948271202648185	0.08912783059438253	0.08593469205632111	0.0864635658490121	0.09170583960251821	0.07929776880782134	0.07059109336407415	0.08007115958274107	0.08128551995589368	0.08507424235538881	0.0892677511555368
3300047160_731	0.2437581882945512	0.23938511811824195	0.26151756721688846	0.23192736273436693	0.1784507709015163	0.2877726604778147	0.3192738142319491	0.37355618202440366	0.2544288582642298	0.27198642953986185	0.19016748922767143	0.18195366216604345	0.16189286039514555	0.1441692280566206	0.1735219996742894	0.27743374386464853	0.29047009779782196	0.28667890463846246	0.33487903861565865	0.3614183367065406	0.34785714132721574	0.3496648733837058	0.35853427567082935	0.3717659797669379	0.3932392774143477	0.1379853580890904	0.1738018843242242	0.19751595575998282	0.19321411764489038	0.17985811405709695	0.20147580519288039	0.1985991326339163	0.1715313561109857	0.16170414813536468	0.16805486866113023	0.17873983404726548	0.22627206661283622	0.2254652114954326	0.22216342822039625	0.2293293691296767	0.2676327682389353	0.23558074785403815	0.11391309593644013	0.12464769062526163	0.1385367259071327	0.15698220100012333	0.16246561956557054	0.0999247522417674	0.11590242430242577	0.12304918677272252	0.13859513236836793	0.15817060828905316	0.18178481366692806	0.1332501560311807	0.09569293282977039	0.10669815453072473	0.10745164721882906	0.10418913345489876	0.11490380831051034	0.10265329713972629	0.11280848819494552	0.163393897703421	0.14695690029257297	0.15161885424837884	0.19792269522651854	0.23983258403787633	0.2527010711235484	0.2694018891953275	0.23653462209886122	0.23681182001512344	0.25383806885920995	0.2848488770497011	0.189212293392136	0.1823026827268128	0.18821143364917933	0.1854233536773547	0.19128025868922943	0.1748888959531339	0.16507609008990867	0.14452697604266385	0.1385002956860488	0.2602587517315742	0.26745098305803555	0.1990899382449197	0.2566516619970749	0.09745190334255732	0.1003487460624631	0.09557262290490028	0.09806158053899032	0.09863643547701334	0.22170700449916886	0.2175944948059367	0.2051559615209374	0.19713749856848278	0.17342485858057702
3300047160_732	0.11968496409653377	0.17137100375651346	0.13669320723259026	0.14516416188979667	0.16346115219265764	0.1593560641794699	0.23598795077712972	0.19810379592708122	0.16900607456141137	0.21340318768984864	0	0	0	0	0	0	0	0	0	0.06900642671532574	0	0	0	0	0.05741596123899047	0	0	0	0	0	0	0	0	0	0	0	0	0	0	0	0	0	0	0	0	0	0	0	0	0	0	0	0	0	0	0	0	0	0	0	0	0	0	0	0	0.05942061308433043	0.06324889841139383	0.08288778375116017	0	0	0	0	0	0	0	0	0	0	0	0	0	0	0.055711304717257076	0	0	0	0	0	0	0	0.051767410953465966	0.04684201964467198	0	0	0
3300047160_735	0.030439766396797952	0.03528679684625957	0	0	0	0.04957240333134025	0.040603976217680846	0.09295407569075495	0.11715280566078612	0.10931362410921787	0.09862406717169434	0.11942684458878311	0.1132559666871631	0.09224724050016075	0.062132410788181006	0.09531436570022957	0.08664400292656284	0.07578798940971368	0	0.04586081757347128	0.3190807785785473	0.32343392027764156	0.33388377980500283	0.3180979264457854	0.2954385585971722	0	0.06361004784988668	0	0.08369708119157174	0.07459360516423716	0.187628473603467	0.20455148152667907	0.20837963370125145	0.20559699852049426	0.18652132152942974	0.16995347378922177	0.08048620776726645	0.08094580397111822	0.07258137606116409	0.07257020677341736	0	0.06557494937052759	0.07623001328396141	0.09279628238689137	0.10207774732390919	0.10239359416859455	0	0	0	0	0	0	0	0.06651635190108506	0.06833768507604931	0.06720263703050484	0	0.08320754580168843	0.08462434016495744	0.08098996762802604	0	0.08092572808398969	0.06843874185074462	0	0	0	0	0	0.06432636161295628	0	0	0	0.06244051671830623	0.06348900088011288	0	0	0	0.13301870575779676	0.1322645108956405	0.13736967211093906	0.14487610122220287	0.16456834783323457	0.15970851136362904	0.16252777249987685	0.16608918936867328	0	0	0	0	0	0.07887612633199105	0.07941808223406602	0.08422125083209595	0	0.09369824697472166
3300047160_739	0.08439540499000457	0.03739374158113763	0	0	0	0	0	0	0	0	0.06423810049157096	0	0	0	0	0	0	0	0	0	0	0	0	0	0	0.052621310861209664	0.036943578632689225	0	0	0	0	0	0	0	0	0	0	0	0	0	0	0	1.533268371807816	1.1983157712751653	0.8451578925829822	0.5395600629596512	0	0.45136573171314553	0.3548402573338711	0.2365428675715212	0.16057047775492114	0.09381485137589178	0.05648219151815795	0	0	0	0	0	0	0	0	0.035093434119220154	0	0	0	0.05720093488912335	0	0	0	0	0	0	0	0	0	0	0	0	0	0	0	0	0	0	0	0	0	0	0	0	0	0	0	0	0
3300047160_740	0.053564705668040176	0.05465942506348905	0.04598265929677866	0.05079460666238543	0.07133265971184655	0.05575248200448865	0.08710013932583445	0.05550510603126851	0.07351099457217737	0.07413770006613594	0.11549862425205518	0.092345040093482	0.07653525677488066	0.06908779393132478	0.06526950021314162	0.061171330999257756	0.05610885999688427	0.04926324195189082	0.04669391756245047	0.04265893733873864	0.06220133371034558	0.05816679861396304	0.05683624161558024	0.05419022005794982	0.05232232815472122	0.10788227401370624	0.11685950929186438	0.1089996073812127	0.09357191488852018	0.08546327028715765	0.059894558304891585	0.06516214591598941	0.05976290610304537	0.06061111782083653	0.06299400983412401	0.06612009071366082	0.048712420696978176	0.05425194258986349	0.04900623134100904	0.04849298056880617	0	0.04992622193994307	0.034304170289336605	0.041068817099241636	0.04387938751292371	0.046274909144104606	0	0.0554494310676888	0.0630263344871965	0.07065781823066201	0.07602075699673265	0.08399642814437776	0.08534036136897238	0.056877414947011304	0.0554391931292997	0.0551673581432164	0.05914688918910759	0.05178111003318126	0.053310863077800974	0.05170195563658489	0.05763826881678227	0.06683945430264163	0.06147889992786312	0.06409077690596762	0.06320348596582466	0.07923679115250438	0.0729388544792311	0.06906674808803076	0.07184370895432506	0.07125012352368834	0.06709997971432795	0.0653056559667302	0.0794622349750012	0.07775477492268011	0.07730320318050175	0.07919429508971829	0.0819354132921476	0.07658042583139794	0.07026732477442815	0.0679297670849272	0.06936583657336601	0.05589907814995623	0.052828978029426904	0.05292859773208993	0	0.07906903774390517	0.08248800412006957	0.08148993487320354	0.08185001861172776	0.0863625817643505	0.06703523534428822	0.06469971684997106	0.06900753046724646	0.0687992703562677	0.06886618783643737
3300047160_742	0.10084305225493957	0.09763033192838977	0.03827517569930048	0.039731449778987224	0.03552920338489203	0.03728241443060452	0.03528485779068043	0.0398885464901269	0.03855827298789054	0.036416013178236534	0	0	0	0	0.04715124820848221	0	0	0	0	0.05064008863944264	0	0	0	0	0	0	0	0	0	0	0	0	0	0	0	0	0	0	0	0	0	0	0.150964248558822	0.13134309810774622	0.10635315989038613	0.0949972053784318	0	0.10325155242045667	0.09416541818601466	0.08636300172055607	0.08186692579622039	0.07577014842602046	0.067471318393476	0.08954988889231606	0.07573457585897281	0.08597561306265844	0.0909977321533416	0.05869359831061149	0.06206677608369016	0	0	0	0	0	0	0	0	0	0	0	0	0	0	0	0	0	0	0	0	0	0	0	0	0	0	0	0	0	0	0	0	0	0	0	0
3300047160_743	0.10627431118973255	0.10390980659726204	0.1125327585120835	0.09117552368934075	0.07651931755888142	0.12110522772095958	0.14363626987824862	0.21394916567683878	0.17181364570729957	0.18027725931778188	0.09460512606810895	0.1239535454784656	0.14906707553782755	0.1510944896686502	0.13744901294480805	0.1581391979164952	0.1725141272652056	0.16151069142626434	0.15948245008233888	0.1460512507763565	0.15317139966920112	0.15400442082700627	0.1600461523525838	0.16253582438054945	0.16426821645772893	0.05491367326353581	0.07711354645145789	0.10692035675492666	0.13366119858752187	0.1490161267309208	0.26315026150917786	0.276050106605647	0.26912259729721033	0.26453747461442806	0.26070366174998455	0.25849554884537296	0.1577257925579164	0.15129046802206395	0.14800544496551424	0.15028893786019432	0.15313295809462513	0.1359358505148647	0.08295182049974645	0.10228903814143725	0.11980865459027909	0.13034083396472185	0.1899214859534168	0.07256940813691522	0.08060190786497928	0.0899241985210732	0.09616103697286449	0.10014054935923171	0.09361633952315807	0.12903184554069158	0.10510361096696867	0.12127522379328912	0.1291610919172363	0.14069643726680955	0.1553964492289884	0.13752239698460283	0.14438195913141216	0.1370860825226777	0.15800840698905436	0.145191939005134	0.14300788430509417	0.10274421452131378	0.10031879652728908	0.09793404533598923	0.14105683853505974	0.1566854308953616	0.1536551018715764	0.15555142983564554	0.13970752485678023	0.13820194072227696	0.13412073256820894	0.1387976948763787	0.12967341397119309	0.16290708949567256	0.15593588735108005	0.15430394377658296	0.15109759470833117	0.20590615592040604	0.20685709615995887	0.16921901810810028	0.2003120126280107	0.09078843225684595	0.08730807743244327	0.0871171349394465	0.08659837026875798	0.0830330570641537	0.14855565785275832	0.14223960930752394	0.15329849360082884	0.1476805579802445	0.1443102962749738
3300047160_747	0.055836461580265215	0.08040175310975636	0.056685794039354594	0.04912036015723117	0.02175216098290985	0.06317621848524571	0.05818121022690547	0.09037510489969523	0.06587634853903768	0.0726799590236688	0	0	0	0.03024345196774298	0.040538767797183566	0.05908360705452353	0.06606520297860297	0.07707684233947801	0.09922853606333974	0.127001761810194	0.0943178234521518	0.09818328590810528	0.10572596094934039	0.114691894393729	0.12904897297610837	0	0	0	0	0	0.042527364770630495	0.04046312850890667	0.0353717720533477	0.033119395957439055	0.033951056285213686	0.036151946612163435	0.048439542923451345	0.04684050068170905	0.046320756433641065	0.04610976696548372	0.05179171678220436	0.05044749048675073	0.02702812369704298	0.030677131727913875	0.034016630450759276	0.03897117110652785	0	0	0	0	0.022121218572540253	0	0.031452587408159524	0.028063682209982087	0.020841386147148484	0	0	0.029484838833563	0.03100237516692827	0	0	0.024041303384795792	0.027303941462126342	0.031549284506146434	0.049327389721529134	0.04612246668456638	0.05648785297260729	0.07028220496172582	0.03668018511100535	0.03769749196557591	0.044339164579229796	0.052204252065703095	0.03990323582320592	0.0371780825345571	0.03753769644483855	0.038589432013304045	0.03700266559244232	0.03861444403992459	0.03740913156110258	0.03349017090859823	0.03128536113309833	0.07175811135485217	0.07624267282670061	0.059698175973690905	0.07098424613322776	0	0	0	0	0	0.04802052466747343	0.044223604703982004	0.0407807119898956	0	0.03264991171568465
3300047160_748	0.20113434354589246	0.37136557694533756	0	0	0	0	0	0	0	0	0	0	0	0	0	0	0	0	0	0	0	0	0	0	0	0	0	0	0	0	0	0	0	0	0	0	0	0	0	0	0	0	0.07094035729178225	0	0	0	0	0.5418835730757756	0.3716627985875422	0.23041601483583524	0.14427664366116072	0.09996332300155017	0	0.171294983804555	0.162316867594196	0.16397256085939363	0.16256484313192018	0.7819281203386289	0.8056752176720892	0.7180228948441285	0.7729397590004832	0	0	0	0	0	0	0	0	0	0	0	0	0	0	0	0	0	0	0	0	0	0	0	0	0	0	0	0	0	0	0	0	0	0
3300047160_750	0.33635308613102677	0.2725001316624495	0.21720880545829593	0.30647298497277264	0.27288365966477124	0.23814823812354163	0.3294479072132555	0.23996666653258447	0.34496372815968357	0.33857919452983026	0.3967667803101895	0.5031384841317401	0.6111747039268917	0.6056261462303059	0.4914974211647851	0.4127486612488672	0.4041322235464113	0.40077499681778633	0.35732395131901895	0.2822299483436891	0.4686071927769064	0.49756102957066184	0.5298995310933556	0.5546248974902462	0.5285490567028021	0.1982298827155709	0.2961491676369492	0.3877702956748212	0.4947985355022913	0.6033493156466021	0.40050652688333976	0.43591952654417854	0.42400824765971923	0.44852830045911196	0.4783881978746213	0.47789548318240516	0.37291216986261916	0.39525491460914486	0.37874571191818923	0.38123948951675485	0.38715969431327923	0.37161660319835293	0.3376050235955492	0.434066837543206	0.4965487599065612	0.5277060433037981	0.79750281523823	0.35906546527666483	0.427086651333578	0.48119067205706506	0.5006032222938084	0.5138244745125549	0.48072440332080507	0.5906205091392998	0.6357019457690977	0.6254811987574945	0.612667019953283	0.5983115598230108	0.6081923647775198	0.6327412511162935	0.659023723833855	0.58349755914453	0.6429856191909615	0.6085040905753462	0.4746763200906566	0.38453590853985947	0.39882260318587837	0.3596958870095446	0.3419248739268869	0.35281686475350704	0.34352772062958165	0.29950709601970343	0.5077997075918466	0.4961363524646062	0.5193577115839925	0.5175117313328103	0.5244374253414208	0.465926248061482	0.4540658411816568	0.45605167409155223	0.47810835474843877	0.48912982778331954	0.46917554570861497	0.5286887953003514	0.5147452066931678	0.4800639372470146	0.4894888441651484	0.5030632043029347	0.5007950157364516	0.4981934118542543	0.36454026749738594	0.3725134365276555	0.3887005452590078	0.42010317537172365	0.421060338189185
3300047160_757	0.06480398786258085	0.05510803213831407	0.08648679462941587	0.09166530709594647	0.11446571724288258	0.08415308817777911	0.07186599795821981	0.050978715735144606	0.1299970136051431	0.12272646468594606	0.13544415964697437	0.15993370356097525	0.16828368693080403	0.1369198216979595	0.08890163516055659	0.07710813085449655	0.07091439528628331	0.06281838813527839	0.04998173018997493	0.03754194802062941	0.05321934504855552	0.05689068612563041	0.0586628176854045	0.06020370463687854	0.056295027882194176	0.06971734220441754	0.09646575781232973	0.13235365065105728	0.18108862065954623	0.2252690929888074	0.08913613283705328	0.092828687366961593	0.09993482181694276	0.10792108450700812	0.10675662039947968	0.0974923991882793	0.11608508779559999	0.11847282328694246	0.11900167142388479	0.12384101452513314	0.11643292048620765	0.1205131615675543	0.07945203678659278	0.10285558737447861	0.12488501380204997	0.12675711378445811	0.19528365717758378	0.08227138023617254	0.09638628920022455	0.11412939787208852	0.1141124722850057	0.09814118049483378	0.08256936895258403	0.11751139121886492	0.11922150694669051	0.1261223515562935	0.13710684745966353	0.1768157701955763	0.1826420073014975	0.19400773519040812	0.1909689863226397	0.24807208271174042	0.22956116119588862	0.1687828524225557	0.11074445441121746	0.13762505809701875	0.11888482765774157	0.10631899434537352	0.14649373393572254	0.14461329252922805	0.13639525373691347	0.10875461185261251	0.09078336036758917	0.09539481191867145	0.0969552725626861	0.098852341520746	0.09747000097787197	0.12113434359086823	0.1227909686069129	0.131198396208062	0.13908982871803569	0.07539574853182905	0.07364637907911192	0.08320108957738208	0.08625718699573809	0.21197404116471272	0.20571540999366986	0.20631565575203126	0.209749513395501	0.18985729068052842	0.11182710772922999	0.12699397775505855	0.13110208581070812	0.13450893440054576	0.14403542661097746
3300047160_760	0.041059142912062946	0.05649347305056894	0.056392611857231115	0.049345028986838284	0.033561020050416404	0.07114725373771313	0.07429711693838098	0.08138145117473147	0.055279012922050244	0.05146424024373712	0.10078931779456744	0.0913154026500172	0.08693583071646224	0.0747518233234444	0.0615256235909968	0.10651582885938787	0.09775955083277763	0.08649756524868968	0	0.06138371755743199	0.2087310329767457	0.19866904764247753	0.19884435405061163	0.19624747534468023	0.18743597237758478	0.14685486790870492	0.14879452110706415	0.13318640611749546	0.11334130050891549	0.0968581911430266	0.11883088707314697	0.11411404532563221	0.11721281889215966	0.1241949031096365	0.12722556688985626	0.12541625702152867	0.09689217603037245	0.09550773938489403	0.10246232072885116	0.09392758500245124	0	0.09440088470865664	0.051799893302857114	0.06151228382225408	0.07315495948040038	0.07743504401557214	0	0.042906034134834944	0.05216967406350122	0.0549686504710667	0.05758761331294435	0	0	0	0.05428471229003013	0.05826671856163331	0	0.08281642556543252	0.0811668984517493	0.08586085038276992	0.08741427541737226	0.08426187714751869	0.0789028606574545	0.07115955563374132	0	0.07898923769363142	0.06904186029181023	0.06245814333207465	0.0795030835009729	0.0757208297800516	0	0	0.07770999366039419	0.08132533281890295	0.0822916974204618	0.07809418383430866	0.07963971492058891	0	0.0742630821498254	0.07502022603630118	0.07709000380986039	0.13223875587690193	0.12873724857601826	0.1340018678155743	0.1475791521303849	0	0	0	0	0	0.08875660463359104	0.09232904567915609	0.08993070097842742	0.09917336473174211	0.09930069318976587
3300047160_761	0.041339868532667974	0.04821094326105097	0.04534032065055624	0.04128700636953941	0.03662185216230896	0.04137775573523962	0.03396288972503825	0.042567014681621204	0.05309680265813129	0.053557323585785646	0	0.03816202383256222	0.04990888510087783	0.06554847129155941	0.07260895298686737	0.062215914066378594	0.06876122270805521	0.07716463123840359	0.07629854205281306	0.07355681901066245	0.04460283341868551	0.04729235345699245	0.05519055235682405	0.05713816318827653	0.06417255731338573	0	0	0	0	0.050056469612285166	0.04573057060390029	0.04758894371689184	0.04649811682142863	0.049230036736216815	0.0510022530363182	0.059547347641452905	0.04752608856225607	0.0499018333043213	0.04755771962447891	0.049375593296727464	0	0.05202423720689743	0.03338984178821647	0.041021406349080296	0.049085067091229166	0.05351498936960234	0.1039306088183363	0.027171773140069435	0.03162584690310739	0.03680142640932122	0.041892606797875195	0.04585133457611251	0.045423095938920924	0.046311788102714434	0.04080980396775195	0.046194590115153235	0.04814255830568628	0.05546057848289877	0.05733371681550477	0.059061088349088416	0.06374924764445924	0.05365691510931511	0.06963195046459489	0.08123975280260508	0.07901220395017894	0.05243038183898095	0.05988942681324008	0.059995778905503075	0.055250913712663184	0.056277375359335725	0.06446868519548449	0.06264782463926771	0.04537918626951432	0.04493775714233761	0.04533278694158282	0.04837028612492982	0.04945064329840008	0	0.04376066932115112	0.044498112942646245	0.046100247759123684	0.05128404408142273	0.05386430663006817	0.05219396931134548	0.05982120513917303	0.040398257070527424	0.040820400274121316	0.04234547923161761	0.04768114097897678	0.04927588681988901	0.0446594521551929	0.047867650368280404	0.046540311361750596	0	0.045257397835508036
3300047160_766	0.16284285964780199	0.10326277021071788	0.1440846696622196	0.1546362597822	0.16725887977733395	0.142149819976177	0.19218026830910412	0.13934293964569988	0.2430226601300277	0.21852028475025007	0.4236996672587963	0.47075517806224565	0.3879902106441682	0.25664018584796017	0.1520372203163873	0.19089254893887903	0.16027373136388176	0.13038751443191232	0.09686251967669812	0.0749087684729447	0.18235127289166386	0.1843072469714842	0.17892958357715819	0.16153437004215374	0.13601747312442905	0.1946580496985872	0.33167843045673717	0.45895828671686545	0.4604658252637751	0.37369182221378006	0.34707187564049574	0.3682723968722286	0.37831807443724974	0.3708612019311712	0.31327877121331504	0.2527840857552563	0.20670306510052258	0.2126229171444176	0.19715144347081853	0.1925805255973766	0.17111954961718817	0.16948223016808178	0.14863080478128296	0.18344641639298934	0.19867868997916543	0.1874048399014914	0.25003703263751664	0.20289918113188926	0.22700898754885818	0.22691486385820678	0.20817004043967874	0.17401324760245224	0.14617722213201798	0.40444796390614063	0.4327693992496273	0.4340462839628122	0.42288344627555596	0.3152183570048417	0.29120210545371583	0.2826553943717952	0.23581169966390034	0.4586660279584888	0.3491598844292998	0.23511758594916515	0.14620750418316125	0.2160510137448956	0.17269625405502342	0.13495078974796823	0.26830691972612847	0.24650508928065815	0.2128581178120791	0.17091290129913586	0.28649681358721646	0.2948531827100691	0.2878798782417769	0.27911997810685185	0.2700395539256472	0.28135842766738006	0.3125171363808318	0.3331699060209865	0.36262953641991513	0.20296829171969227	0.2022674914363638	0.2251014574599941	0.22622474372671156	0.37129947853715534	0.34735167699172953	0.3268798770345443	0.2993542863949988	0.2511483290195432	0.23780674159163065	0.26059258338021424	0.28058196888020576	0.2974861574738906	0.29671258589468524
3300047160_768	0	0	0.08379528045899656	0.07493429853364932	0.0757047909751367	0.16150452270124122	0.06047398355633742	0.051147486671455855	0	0	0.5152900557768564	0.25758597753110357	0.12072751331810715	0	0	0.18714658014740862	0.15096038268962902	0	0	0	0.17858208682443125	0.1515467852320953	0.10841885825588471	0	0	1.3126618715105296	0.9941683839293869	0.6353974686750742	0.3492145709339048	0.1505094391086067	0	0	0	0	0	0	0	0	0	0	0	0	0	0	0	0	0	0	0	0	0	0	0	0	0	0	0	0	0	0	0	0.2276592520440349	0.12301228917702736	0	0	0.20468393840268112	0	0	0.2491731334344717	0.1568033566441035	0	0	0	0	0	0	0	0	0	0	0	0	0	0	0	0	0	0	0	0	0	0	0	0	0
3300047160_774	0.05535267834234773	0.06342213603150304	0.06849842729745817	0.05175061585394171	0.0329894437860846	0.06092922819889296	0.041615255917137675	0.08301862536243827	0.06582485477321488	0.06134018937927515	0.12493269209463093	0.15960337344821954	0.1584444878513152	0.1394724265035004	0.09942231712807442	0.2747754059755311	0.2644372812037481	0.23031527524283	0.19052522588726134	0.15781795002516374	0.1519587127606162	0.15552699390244654	0.1640646710367175	0.15936598184607553	0.14746312576701254	0.07093858132199962	0.10458630342956036	0.1296973018809784	0.14393662186666498	0.1429470557378286	0.17657533753717006	0.18657050177688864	0.1963970422732881	0.19981587162865916	0.1974104464404034	0.16901458417115323	0.10298126065460236	0.10659643291727422	0.10090285501845617	0.10119395871454143	0.10025802816422395	0.09462984756323932	0.09152449061623333	0.11334499879674066	0.13262576818547223	0.13448821810982783	0.18568169744039617	0.06641181239500699	0.0801946256865054	0.0856551011887606	0.08510700695462385	0.07762220135284742	0.06961732325199373	0.12410052494865366	0.13119182479225722	0.13767211710722907	0.13198734151403285	0.1323490260769926	0.12990720015809534	0.13254473519415433	0.13012193147063517	0.1480983628283225	0.13581686374789734	0.10903802791913494	0.080471361941424	0.08928487145651731	0.08351252190589628	0.06959086054993505	0.10568160983513294	0.10322407505037783	0.0990814359618723	0.08712067702560435	0.1186387831025036	0.11642423197942688	0.11633864666066622	0.11696391860169493	0.11681982774188801	0.12146728178085812	0.12844310360776906	0.13769254602707157	0.14620219869495657	0.18098707615897258	0.179884502296608	0.18472870786714032	0.19037111878103072	0.06744556511075793	0.06694048083273131	0.06618783420524213	0.06604781188959229	0.05866947160333478	0.0997219379031478	0.10704929508352772	0.11456792840729749	0.12066536407588338	0.12254183874348555
3300047160_78	0.09313592502213852	0.09872755439958905	0.10824193534855397	0.11874004239528914	0.09866247470324016	0.11647522286732215	0.127710433551238	0.13397181546959325	0.12742909989582385	0.11814250334152873	0.14340995004680182	0.2000471078650956	0.22017493024650633	0.2224171041246254	0.18438776907367987	0.17087127724993548	0.16256140794432525	0.17053539376305277	0.1579934207620137	0.14258547716899597	0.13507612776673464	0.15061639791330345	0.1536233285455371	0.16835571301249616	0.1640415531357233	0	0	0	0.14477024681819506	0.17986787373726948	0.2331502561329537	0.22956598802339984	0.2389440335361535	0.2503473217158405	0.24980438294914556	0.24634830261429105	0.19525148972213974	0.19747554647626142	0.18954583064859912	0.19615657440228648	0.19039581584853538	0.18344557547247525	0.10520108572198077	0.13203836623758078	0.1532420074941886	0.16860776850515946	0.2556417846472844	0.1284070949815213	0.14266385940735202	0.16174770597230603	0.16981051185759558	0.16896796381049906	0.16584378617161658	0.1561530131059145	0.14979398146921075	0.1603234828505623	0.16599931323794673	0.13871057275116094	0.14681931692940006	0.15136172883111387	0.15765694959037732	0.18188544226287467	0.1848471670252508	0.1734137627754872	0.15499307502301685	0.14379369870859152	0.151490906667246	0.1360769959535793	0.15460050776282555	0.17202925606523634	0.164275562979285	0.14996039860614732	0.13801371127501177	0.14237340239739343	0.13834731489464847	0.1436771732054554	0.14071106822650334	0.20763273703302523	0.18715415849443784	0.19318839721959088	0.19895924183080962	0.19387356462997038	0.1911080849791246	0.193295295425163	0.20945038763384186	0.17229427045437964	0.17098751584747826	0.17014014700639588	0.16785667115592826	0.159035566499249	0.1821618171143817	0.17481868525041283	0.18252397344397767	0.18167059640667438	0.17357438504316267
3300047160_780	0.04195495479239294	0.03334262553992636	0.036307143972265025	0.03445812686871887	0.03778065839420629	0.044868282922057065	0.029587021753065715	0.03420842117754727	0.02544008043443133	0	0.07208705855710355	0.06371967649995477	0	0	0	0	0	0	0	0	0.08430703736335454	0.07184142482279846	0.06180044523480835	0.053633486768843865	0	0.20479408674955912	0.12845315361755252	0.08234531770315642	0.05882147793949169	0	0.08677984274404701	0.09393942244357177	0.0991397820456964	0.10123067055292545	0.09638908896543637	0.07363602568964478	0	0	0.05628125274752044	0	0	0.04791597838242779	0.10843539087840232	0.09129524750711127	0.067958004670718	0.052074078208677564	0	0.07442978538539163	0.06759066400073804	0.05894641588278953	0.04761486805969653	0	0	0.11679841994364709	0.13401322182919584	0.13060081673374685	0.1226622560283082	0.1375751892836291	0.12744804199658774	0.12856475256131994	0.11238707554529673	0.055085573159291544	0	0	0	0	0	0	0	0	0	0	0.07926683473116358	0.07586224439983302	0.08316179965448836	0.07853540349574274	0.0771128863579569	0.10233875917101688	0.10369687958976598	0.11365248342948348	0.12820555497272043	0.07288025690177073	0.07356235468625319	0.08972544051139132	0	0.09808660335264952	0.09829469103319642	0.09103097622836774	0.08295466559955883	0.06771543074516975	0.08035125245496413	0.0926183993845913	0.09327721779864336	0.10768333978926663	0.10687758009324441
3300047160_79	1.4698244851739188	1.345068489345425	1.2669998899910275	1.6000378967274183	1.7831281144015438	1.3626115004678763	1.8081641258009373	1.4767214436682004	1.7133484572699431	1.868888908995741	0.3882510312369518	0.4697016234539322	0.5295424225758133	0.595078149608441	0.7498884779790885	0.7336450087731367	0.8271835000009907	0.88992779618643	1.1311656299575987	1.3890338510835984	0.7084734276183168	0.7098921436233615	0.7174379967122174	0.7495387087664626	0.8632746337013374	0.15380692524228387	0.23215133076117428	0.3298649044318188	0.44336445499033983	0.49282323959719593	0.7624951269812812	0.6870740949302957	0.606408709540692	0.5470822952397733	0.5845443851947176	0.6178250868241066	1.1048911116865403	1.101881514997091	1.0795739283864279	1.0930121179699597	1.281004291941752	1.1226956568082214	0.4082952500391101	0.45195173137760736	0.4887803967887638	0.5786056810201959	0.5588435902013238	0.611262184166682	0.6917990886395934	0.7549180648104651	0.8260044038624197	0.9808503178582602	1.1316939397753667	0.7876250772599183	0.5459182640391538	0.5997817771149143	0.5966357142538936	0.49212356734877166	0.5359362998376608	0.45305610577560096	0.4883086437560631	0.4797635172624914	0.5355548198858169	0.6307747525366895	0.9811005447277168	1.0508397153596365	1.2328453507206518	1.458161550652979	0.987874479365918	1.0335210657807667	1.1704870386473916	1.374440411223172	0.9137549730337556	0.8740838422675614	0.8333583915556599	0.8605408430963597	0.8650564094480845	0.9072634116878716	0.8033440993871361	0.7394472454317811	0.6570574922071064	0.8578701735478516	0.8942313715703387	0.6591817052682671	0.7997628802486328	0.8813988459286777	0.9044112496685639	0.8743392971879779	0.8897007318991259	0.9170572915594102	1.0800967916629278	1.00996855442851	0.9385376001939245	0.8701986824975864	0.7561683894200991
3300047160_791	0.10891728069012516	0.12879374654991957	0.15464885598401357	0.12120697121732703	0.10245700356585537	0.1425161455852674	0.12540436144741843	0.15500274949158807	0.11729586551361385	0.11868997201033404	0.0837482677232708	0.11699754114783885	0.1522364363341617	0.17244612417032465	0.18322498866608525	0.17194710275970998	0.1837718404495999	0.1922753330508592	0.19807223112620398	0.1892142822413995	0.18510721439153918	0.19283754897290944	0.20712594795684008	0.22047164657476853	0.23276493827774097	0.03172315676184165	0.05104742360603553	0.08032017686535123	0.10690357526174307	0.13464677006634326	0.1699843021533281	0.1674382779790119	0.16675921135930616	0.16712725243219143	0.18291416518431097	0.1911746168438339	0.14006723864636916	0.14262914172278307	0.1410141176216186	0.14506241512678755	0.15852999945611362	0.14451727500553127	0.09957500285176013	0.12321091469268185	0.14388553688385533	0.1590045920607083	0.20156618299262402	0.10134158719465418	0.12060658606869488	0.13482751085360814	0.14653327620309764	0.1588628622652406	0.16376755832610998	0.11620223303035417	0.11204693275316241	0.11342934001359968	0.11789387613536108	0.1369608593662703	0.14242091425096903	0.14493401287687957	0.15598861657746518	0.12687190536287393	0.14901922133894507	0.1643584167288126	0.17401045726030412	0.129889052863755	0.14901883210461758	0.14646685535764967	0.17772524968266434	0.18760018566564	0.19740820315642554	0.19758404641670113	0.15079515435565774	0.14519485178527677	0.15464060133059057	0.15838752291877398	0.15839141807963306	0.1526577457844539	0.14506285350178955	0.14414210253074553	0.14070079151894044	0.18543834476435464	0.18605085396368098	0.18618449747976692	0.19624861292790677	0.11106444449814803	0.1156563025808617	0.11530777100043926	0.12114916553692393	0.12372326847279824	0.16148669570022117	0.15784348297057257	0.16051810850174777	0.17126424756985695	0.16258718630932784
3300047160_792	0.27851683401316574	0.25779959246595424	0.23351680747212625	0.2633260521446151	0.27140166625327083	0.2213518531931777	0.2917529892415006	0.23606181412476573	0.46895688202255026	0.4516368969823407	0.15786993037576127	0.20731020974977835	0.27548829666803004	0.3076241070607165	0.323369770661704	0.31814420855143566	0.33607776993588895	0.3504233814490445	0.33677878087501123	0.3061177372021774	0.21287272541362745	0.22616936862661385	0.23942466038485954	0.2560535924115406	0.27303895569211195	0.08488913598473168	0.13791629147157486	0.20877020689296458	0.2709764381137608	0.3429168840922273	0.26886725049942445	0.263995156995531	0.26306000877348773	0.26406549607561525	0.2822079646110886	0.28491028141007463	0.24994503214906663	0.2553182767930987	0.23876919267597826	0.23730590945922012	0.26176378525799493	0.24375507370333646	0.17147106878553953	0.2058646013632136	0.24411186976020066	0.2647628384880379	0.3314150102018232	0.1650864474050714	0.19149012722827252	0.21461170523268278	0.23098921271756884	0.25240493859269636	0.24819051051281127	0.3024449434493179	0.2909423811287885	0.2988340943361607	0.31040774204207333	0.3063562931426382	0.29566801052753283	0.30878182193583975	0.32312707977509597	0.31755272913336824	0.3738272092495658	0.4266271521062165	0.3922469647233761	0.2783116384168638	0.303284559237928	0.29119138210150547	0.2937307620076349	0.3207731827051039	0.3291312562236542	0.32048052747491546	0.2780942798738244	0.2873863923650445	0.2927026870994315	0.27890057107996186	0.2892166118198794	0.2538630885060962	0.2410670611513649	0.23333824865252495	0.2342338136546849	0.2850460582743205	0.2840446884670549	0.2886132429177299	0.3144498599921274	0.29534024002248777	0.3023867222924189	0.3084373592073168	0.3093865752522851	0.3248275555494189	0.24010622826737102	0.24101990299132048	0.2446818821837226	0.24661822713773676	0.2502351592013447
3300047160_797	0.4206275845973437	0.3611406587368919	0.33722269652060866	0.4253035538244774	0.4885152301019224	0.3518585238183415	0.2913312020337341	0.25102833971102556	0.33256771742132335	0.34103902129002084	0.7466900154967258	0.5227750710212946	0.39587133284163983	0.3534023432460784	0.38895551223266367	0.3683125232719648	0.30791358313766576	0.28918293337531187	0.2885619552870629	0.26651872438777097	0.361549831320677	0.33604988426121135	0.3253503472249796	0.31239376528912177	0.3065045976382393	0.6080941659826467	0.6718871225270115	0.5890653020960279	0.43846460996611786	0.3531286211375832	0.22020456318456227	0.2133566867498099	0.20895626814863882	0.21236717530693583	0.22364845378244036	0.24186752371156292	0.2577249832140451	0.26365201461045357	0.25223459263119025	0.25813961551387377	0.2799445059590349	0.27233992706549337	0.29880113652629336	0.3496021664982332	0.3769932303305654	0.37437446587722983	0.4282309732105653	0.3921111483912964	0.44801468940172384	0.5073887076274282	0.5326516628229577	0.5917311234654021	0.6349178470446722	0.38589338864470424	0.34004047104263274	0.35665749356237597	0.36196909877953665	0.3886414039514671	0.4058171453569442	0.4045911734994208	0.4283288921852495	0.5310557415493172	0.4499577327498158	0.45566052052743905	0.5146136791475783	0.5521432754346893	0.4846040978101355	0.4530729124700621	0.472192409889913	0.43810686779427127	0.4481059937795703	0.42546120225251316	0.3999281923334834	0.3926898254871073	0.4013435564169636	0.40742017630963606	0.40834729268335157	0.42129524422822723	0.39300013436477194	0.3812886497786455	0.35885226464965403	0.2610630780831247	0.26994729728269895	0.2662446511558328	0.2674349081691603	0.44094767052933503	0.47423563303997907	0.47721926713308555	0.49790567260898705	0.5211819424951531	0.3637944334974367	0.3491443225784513	0.35127192035036797	0.351893123958025	0.34056468982671656
3300047160_800	1.185190301780131	1.2739691601784222	1.0507680732151439	1.2839345516385732	1.4782295959127487	1.0571459348411762	1.216771241992292	1.0064740162079364	1.5241832667489712	1.3910319133381583	2.6639121552058875	3.2617133977981076	3.2453252042398053	2.583809504492844	1.6131438783894416	2.0534173770601765	1.913234855378639	1.6248077194812873	1.2811276651867907	1.0013823756139022	2.0478780071449187	2.111525594247338	2.1884797572058146	2.0834978413061975	1.8758179752618973	1.6323166766943744	2.3665602888802413	3.2496829513149668	3.881009192961926	3.9057989833802154	2.330828456054539	2.4624538573442876	2.6344950854056184	2.721120003662078	2.5749922581376006	2.3266675118395823	1.6883623701108574	1.7156936960768598	1.654236395514736	1.7390015976760276	1.5793334532160925	1.5119120227998382	1.762744880422416	2.1852057106699583	2.5502847123374712	2.563867473032812	3.707472689186036	1.9942697631480364	2.268474125631645	2.570746416314536	2.487007804472207	2.2032202382380217	1.8743404720862091	2.840648976908101	3.179589243520297	3.1656545972121273	3.1065081101585337	3.498454555778754	3.3276373211926042	3.5217550391200767	3.2847959150214088	3.4990035916655526	3.202783203268785	2.425530445598652	1.5788963130780833	2.1670550202110483	1.9259981804916664	1.5403062219904438	1.9435269772540502	1.8778077275078235	1.7321180557286164	1.4295083695264847	2.3295040390023245	2.3130084432807405	2.372881499367089	2.3817482929276856	2.3827495009086044	2.2405330853898056	2.3988836031257192	2.51441658671299	2.6989123816933946	1.8920584492646213	1.853909093177097	2.139649329318501	2.054950340550332	3.366206713123977	3.426441029479657	3.38010596281728	3.2459719158115115	2.9521371996949943	1.8745198298875627	1.9698395492004293	2.1725032695468363	2.2917915892099674	2.3351331368085977
3300047160_807	0.29379246744502213	0.3706688333553091	0.49250462640752535	0.4017270632825096	0.2334467425419307	0.47909819620701505	0.3139261920731774	0.7565580194856	0.293183679872357	0.31689278305547863	0.23605930342535847	0.25871943412279963	0.30871591044818547	0.2937106329237724	0.2916468492771905	0.28862563072824104	0.3469888016091229	0.3481359252394529	0.45923291495666263	0.5524285855745482	0	0	0.14593812197360023	0.14155399366309443	0.1440755470751426	0	0	0	0	0	0.2675730419409412	0.26600018388883895	0.2078648090284982	0.19395619567380656	0.20183940782815432	0.20401852362196055	0.5216409354821564	0.476224356014619	0.48400544289230774	0.47200835578518247	0.5744439209362089	0.4989395776502728	0	0	0	0	0	0.18864877866322055	0.185695509603398	0.19434859595724358	0.2275986579691931	0.2900250018425505	0.3314750461577955	0	0	0	0	0	0	0	0	0	0	0	0	0.19802921514777977	0.22342071856515888	0.24828486816850637	0.23673251014901206	0.24721884724742274	0.24393501394326844	0.32024960911940026	0.14722785005655395	0.14208929531675382	0.14939917022783827	0.14307373610849936	0.15073394404771606	0.3160276390490466	0.26818269505511994	0.23965287569535845	0.20455000078700322	0.22214170119258395	0.2417091112338189	0.16686206997463723	0	0	0	0	0	0	0.30534552798595377	0.2780484740038903	0.25464231460316694	0.23062116141930106	0.19049308330763468
3300047160_809	0.10930319617206996	0.05413811482767718	0.13498547522833662	0.06653859924495092	0.051672505862636116	0.03987200044843737	0	0	0	0	0	0	0	0	0	0	0	0	0	0	0	0	0	0	0	0	0	0	0	0	0	0	0	0	0	0	0	0	0	0	0	0	0.0913662128612722	0.06145795781248652	0	0	0	0	0	0	0	0	0	0.24138200293796894	0.2989398661258139	0.275217396718607	0.2500165529219687	0.06725422925611438	0.060150813276527625	0	0	0	0	0	0	0	0	0	0	0	0	0	0.10745077913347192	0.12149719025045821	0.09351621809612014	0.10061732019749645	0.09503436285642655	0.14830877925476235	0.14993816242173807	0.16150711499367346	0.16030819529254609	0.07312069473023951	0.06284090724850028	0.06892034080516615	0	0.08030826871909752	0.07605064920676173	0.06895639468976336	0	0	0.061078187676210725	0.061440663979719715	0.06535209202322503	0	0.07064834395672281
3300047160_810	0.14511578641250997	0.23729832534753903	0	0	0	0	0	0	0	0	0	0	0	0	0	0	0	0	0	0	0	0	0	0	0	0	0	0	0	0	0	0	0	0	0	0	0	0	0	0	0	0	0.3219585891315887	0.19638833460925992	0.11948715391197735	0	0	0.5713907096429688	0.3554058992125089	0.21497565153294237	0.13199566436688187	0	0	0.14686465807674878	0.14966799621578725	0.14218393262142107	0.14997856069714136	0	0	0	0	0	0	0	0	0	0	0	0	0	0	0	0	0	0	0	0	0	0	0	0	0	0	0	0	0	0	0	0	0	0	0	0	0	0
3300047160_817	0.08356641296705188	0.03801803306877557	0.0417266733721744	0.03736666813189814	0	0	0	0	0	0	0.04858282482037659	0	0	0	0	0	0	0	0	0	0	0	0	0	0	0	0	0	0	0	0	0	0	0	0	0	0	0	0	0	0	0	0.23894957508193526	0.1902249125673022	0.1320203061364801	0.08506924846739729	0	0.09925841334851693	0.07409776043160848	0.046387168418564544	0	0	0	0.2004595983959341	0.22057324390211344	0.21493276660369975	0.20108983183446696	0	0	0	0	0	0	0	0	0	0	0	0	0	0	0	0.04403541921490464	0.04724383917199556	0	0	0	0.10156319574137894	0.10160526204395863	0.11360509527430768	0.11973764604998344	0	0	0	0	0	0	0	0	0	0	0.0504617670105512	0.05104405025582483	0	0
3300047160_840	0.04925025257103108	0	0	0	0	0	0	0	0	0	0	0	0	0	0	0	0	0	0	0	0	0	0	0	0	0	0	0	0	0	0	0	0	0	0	0	0	0	0	0	0	0	0.25532287760719385	0.149550597686218	0.07637339348189172	0	0	1.033828123463886	0.6185668836094348	0.3403300370501361	0.20780079839338345	0.13084582677585585	0.08422361932597797	0	0	0	0	0	0	0	0	0	0	0	0	0	0	0	0	0	0	0	0	0	0	0	0	0	0	0	0	0	0	0	0	0	0	0	0	0	0	0	0	0	0
3300047160_843	0.059923147600032256	0.04131610862316483	0	0	0	0	0	0	0	0	0	0	0	0	0	0	0	0	0	0	0	0	0	0	0	0	0	0	0	0	0	0	0	0	0	0	0	0	0	0	0	0	0.07174298446193199	0.053051601377671946	0	0	0	0.20479934158050228	0.15341053554816306	0.10328020927574835	0.07141152951607314	0	0	0.27249382150902085	0.3057093660075498	0.2848867559023316	0.2494102813290598	0.2835954467430226	0.23335643267042933	0.18367885808730772	0.13308260462774166	0	0	0	0	0	0	0	0	0	0	0	0	0	0	0	0	0	0	0	0	0	0	0	0	0	0	0	0	0	0	0	0	0	0
3300047160_846	0.17584146694439895	0.15726882924441	0.196764649467517	0.23101906814940384	0.2472224174199642	0.19759274709192717	0.19271138669235371	0.161623685340987	0.29051532278256775	0.27748930700064567	0.4897628870378046	0.5876676380060599	0.5352732243812522	0.3743448311503196	0.239471935953665	0.31792571880956677	0.2630967544674326	0.22559625469551664	0	0.1299113755240323	0.23607712165604464	0.23581095921812478	0.2310087441778848	0.23296858916432003	0.20372632639036944	0.31875151518157174	0.44438614291384515	0.5822642075912073	0.6545888012733567	0.6387683564363382	0.34757692087898007	0.3433590820732493	0.395705778915208	0.3896416758786238	0.3807292550378804	0.35130239333736174	0.25988825941810473	0.2792033110011147	0.25472753048945795	0.25775102395478955	0.2535957608956165	0.22575052712533128	0.21584238827457072	0.2632631695910407	0.32706119709229053	0.32318751348232794	0.44765037307083266	0.3059783490603581	0.3390496158536491	0.38499153125712887	0.35956736384199905	0.3377115699340729	0.26846418365465996	0.3765330865682594	0.428992030683903	0.40471023472683326	0.42048773275825385	0.444238067925227	0.4271541781496425	0.43776270354449875	0.43238071747721957	0.6373521486474643	0.538483592464277	0.4146580695118765	0.2565354895509866	0.3505740670928321	0.29770066085442204	0.240569405856813	0.32641569332961495	0.31212844546167384	0.2848499281886723	0.23359821225056024	0.43868198168915146	0.444423896659683	0.4503905044531513	0.44228394807091465	0.4345893944562498	0.36639725021024194	0.40860069655599673	0.4150030142454046	0.44660512699407134	0.24634163697659578	0.25061236868199765	0.2707722299538197	0.295686901988461	0.5412844253992817	0.511412169376515	0.5033348166990139	0.5253767917125398	0.4745635423114727	0.3261957109330065	0.32151118678081553	0.36084773952979987	0.38574254209584674	0.396298253483279
3300047160_873	3.8566976367793666	4.959092839904463	0	0	0	0	0	0	0	0	0	0	0	0	0	0	0	0	0	0	0	0	0	0	0	0	0	0	0	0	0	0	0	0	0	0	0	0	0	0	0	0	4.102495327541531	2.530559920812664	1.4561992187760113	0.9274803615080376	0.6266247276195193	7.593494747603358	4.948660992654609	2.9578654463124807	1.9255463769590722	1.2401694838773565	0.8573336473483526	4.235267903501585	3.9830786858176017	4.103854507625134	3.9870310446705104	2.5589631768961296	2.541172422359346	2.2627832907799843	2.442258888649708	0	0	0	0	0	0	0	0	0	0	0	0	0	0	0	0	0	0	0	0	0	0	0	0	0	0	0	0	0	0	0	0	0	0
3300047160_874	0.06954676749529616	0.06488978011107667	0.11166720803770891	0.11083902559315532	0.10268927569674155	0.16944222373822043	0.1780201047790926	0.175456168825383	0.041658515553403046	0.05634268541581529	0.4135798723796929	0.229372753955662	0.11549922123009097	0.0722691735924746	0	0.15617245766598697	0.15606156748806374	0.08406459119388171	0.08765734470217082	0.09003654261580935	0.25568300302977914	0.24801864757497877	0.19909950762148934	0.15981920887584794	0.1357044287954223	0.5984992579826215	0.5704712947038989	0.4540120552478831	0.30664491746516037	0.16439490109165356	0	0	0	0	0	0	0	0	0	0	0	0	0.039545941794879254	0	0	0	0	0	0	0	0	0	0	0	0	0	0	0	0	0	0	0.22319614309147853	0.11821257483112797	0.05509271633208539	0	0.20466499058242804	0.10879764182746943	0.10821710706352902	0.18614055328532436	0.12925156158192017	0.10342442217600627	0.10690006361208054	0	0	0	0	0	0	0	0	0	0	0	0	0	0	0	0	0	0	0	0	0	0	0
3300047160_876	1.5065069699966032	0.9500306369886503	0	0	0	0	0	0	0	0	0	0	0	0	0	0	0	0	0	0	0	0	0	0	0	0	0	0	0	0	0	0	0	0	0	0	0	0	0	0	0	0	2.419863128511251	2.404183174377565	2.663291437245502	2.7957619594731278	0.4936053507178428	1.2255921590681447	1.3397409057813943	1.279069903998142	1.7286134046970207	1.4304327989255987	1.1992721049837582	0	0	0	0	0	0	0	0	0	0	0	0	0	0	0	0	0	0	0	0	0	0	0	0	0	0	0	0	0	0	0	0	0	0	0	0	0	0	0	0	0	0
3300047160_877	0.25445266160415386	0.33047518542556464	0.27106568328667097	0.3072143916923298	0.2668544395167663	0.31534587023636484	0.4074159983009729	0.386358184125978	0.30640193342671235	0.31233164533693475	0.24008744500650073	0.2427587153693445	0.2591225762457963	0.2693518882052652	0.3075977084871188	0.2757885107923056	0.2813383387947996	0.30680178080787407	0.32837872014895353	0.35729865221212226	0.3760075818625945	0.37539460620399756	0.37943745377176397	0.4148102036229583	0.4424674149778124	0.12146081042261588	0.14929080577286963	0.18323773918923866	0.20478903605366583	0.20815023193165838	0.2692139720623403	0.2452933991733091	0.22567360022370933	0.2157744558112767	0.2369128587267917	0.2567534426258144	0.2609133666603323	0.26921939277160306	0.2578574648370113	0.2708324181834147	0.3029301836391118	0.2795668817817467	0.14053017399744075	0.16168765434826116	0.1768068193315444	0.21061987723457126	0.20378026652605194	0.15229589715038477	0.1769952741060429	0.19963931054107778	0.21070503335951363	0.2591125797654338	0.28915810583889145	0.1684979992862014	0.14405098566188157	0.14955903627114092	0.15269955158286494	0.16875437291157114	0.1819198679888633	0.1779396976660396	0.19482114999471453	0.2128655825278161	0.2275935292250079	0.2693887920694996	0.3220556030244038	0.2894498756499548	0.3332210077228174	0.3523363524804505	0.26211234232261443	0.2884346538534562	0.2981733896132565	0.32499998616259895	0.21559842387373138	0.22648006495581144	0.2255320119075136	0.22430753503612982	0.22817134751964685	0.23725248089264367	0.21888798045401806	0.21236908745306446	0.19121820898445388	0.3086287429776847	0.29668374783468965	0.27538563349291206	0.3106796692704679	0.17936738437782904	0.1936541490950682	0.1884991764057351	0.18387596549094462	0.19487094270424626	0.27627924400678394	0.2613648343372598	0.2449114662223054	0.2515438401270356	0.23058609726547488
3300047160_881	0.07204193888187654	0.04864714436553629	0.16892055200407924	0.14165393078361735	0.28824101249150885	0.29004643355870563	0.3401757508414634	0.31326853967805124	0.061072873249587246	0.08337468597650162	0.21767632182004307	0.136123805406193	0	0	0	0.09786313833299179	0.11021382765496629	0	0	0.0761783890026906	0.15673772479866627	0.14637334272824518	0.11509156715012867	0.08736267798795362	0	0.7389959240848903	0.5673080852991853	0.4183482335375017	0.2751158266001637	0.16756009056688087	0	0	0	0	0	0	0	0	0	0	0	0	0	0	0	0	0	0	0	0	0	0	0	0	0	0	0	0	0	0	0	0.08240078335311482	0	0	0	0.12630175166368493	0	0.08601281844307171	0.10395897031261457	0	0	0	0	0	0	0	0	0	0	0	0	0	0	0	0	0	0	0	0	0	0	0	0	0	0
3300047160_882	0.3061823048519846	0.5302325202859388	0.405500125226057	0.340996936350971	0.3416609806716446	0.48626108223426345	0.5835001807510178	0.63975295220309	0.4388868108318505	0.4668267491954868	0.3174335476325839	0.3365290579056715	0.3326123990176658	0.3795278071895583	0.4977214580721784	0.4784483782276294	0.5309116856602629	0.5728611030919817	0.6450205929005166	0.7063759420176474	0.9846739213074787	1.0008676629986157	1.0502165605811271	1.135775567762293	1.2622411625393233	0.1872762847968963	0.2671924981727269	0.3232475980240975	0.34853573851201425	0.357940944221756	0.48262927250964877	0.46963025656356844	0.4167880833821404	0.39694381398605144	0.42990804198581545	0.47074144101079857	0.4849359277883387	0.48156702158429443	0.4791203995878064	0.46607013634947525	0.5533573754410737	0.497629674660672	0.21008631290827182	0.24772656177586805	0.2767716680555261	0.32071034139214843	0.37413306813575214	0.24693765310535645	0.28003702244109435	0.3155575275510204	0.35082681200952653	0.4151158944344312	0.48966835492472843	0.22504102782458352	0.18507980244978267	0.19405478442222318	0.19397714315016196	0.33273860310364395	0.3517983590342007	0.3218438436658471	0.36127263074765914	0.3375292463943636	0.3403431946675284	0.4060513902883745	0.5498402037386692	0.5355948355964283	0.5859947093070751	0.6469859194600323	0.4818765687551796	0.5103447524175926	0.5261015311239355	0.5897659997402999	0.42568033792130505	0.4072127045289289	0.4153308823579633	0.4164641063305355	0.4373361253465824	0.4333007914348346	0.40209250709020705	0.3865711051088632	0.3551317965088872	0.689541049579021	0.6908500271943447	0.5996984837749735	0.6872147436186371	0.2529182619858886	0.2637513237882637	0.2651690286153915	0.26794176612569676	0.2939615454510072	0.4829046117723506	0.4447126828086176	0.44611725016447007	0.4343696311808798	0.3859944265473006
3300047160_884	0.2829004993221332	0.22764007158882824	0.2628476084233579	0.2444546321434505	0.22203029316530198	0.24257481209456325	0.2797678907996673	0.33271626232873297	0.32661521459172954	0.355442562524128	0.08330194780303508	0.09141498504771364	0.10140722887622715	0.11071601094473545	0.13358240613782682	0.21673371080570938	0.2400097695700464	0.2638635352595781	0.32472552911383795	0.38880544465095435	0.16898878903202497	0.1664680607671432	0.16922050491363602	0.18012809257577517	0.1947427469898634	0.06515632878138793	0.06957742597742679	0	0.08936373575362387	0.09417859056048658	0.14576850491633592	0.13967508181586447	0.11632288307807705	0.10637400963379602	0.10819353339855663	0.11063897046082896	0.16135639822446873	0.16845091225293202	0.1620584948314841	0.16444994157672696	0.19258200498040232	0.16781339872987378	0.07633563735278824	0.0824437217209105	0.08767345000405691	0.10577443457365002	0	0.06972493765538529	0.07746633389946046	0.0823620301287018	0.09002632539255812	0.10780206761082757	0.11895565731329066	0.12459244576504581	0.08980112347537601	0.09223754143516263	0.09255523634479478	0.07522357487467397	0.08897670876801561	0.07437402008361398	0	0.1033573386881653	0.11197997170846695	0.12289075944569645	0.17771401725339853	0.1957128447682976	0.21806344776456082	0.23959427385507498	0.1934677815632631	0.19987890214832751	0.21134206043357773	0.2533404719141286	0.14587528297432822	0.1403302965973107	0.14067909529223702	0.141651867659553	0.1389603515564074	0.12384169875514274	0.11862087087938847	0.10909332591357815	0.09638417298981548	0.17662324391627066	0.18459995474446528	0.1349652823598992	0.16312037183363454	0.09696508825302405	0.10038240488056527	0.09580363300882584	0.09656679046651767	0.09708286434926999	0.16839801226992862	0.14708790226299226	0.14314541867200153	0.1396611141658185	0.11527057392099599
3300047160_887	0.2242766591881749	0.06309252660651399	0.1455248273694459	0.17810189256797332	0.14397356755192525	0.13412519162925807	0.12003777361933154	0.13814143258773354	0.11940361516259873	0.1300758702469013	0.16011201887974078	0.08360537986981033	0	0	0	0	0	0	0	0	0	0	0	0	0	0.15799706015097914	0.08652089460230064	0	0	0	0	0	0	0	0	0	0	0	0	0	0	0	0.32168898207443225	0.23485043892192006	0.16064915627050075	0.13135201851387854	0	0.1912715324971643	0.15540640183971433	0.11929030057204092	0.10008520826182044	0.08259464303831679	0.07907231255972257	0	0	0	0	0	0	0	0	0.07779643371359267	0	0	0	0.06995473724709905	0	0	0.07704967439431051	0	0	0	0.059208433236953795	0.06546336281396989	0	0	0	0	0	0	0	0	0	0	0	0	0	0	0	0	0	0	0	0	0
3300047160_888	0.1566197486469713	0.1417295807056429	0.1956575669107704	0.15646119374978093	0.1202146773228465	0.18829788001692543	0.20087498010916244	0.22060503819006952	0.143764457262696	0.17415060638226246	0.06484460760995694	0.059384049839748536	0.05801217509162142	0.056693868392924195	0.05944663409575466	0.0972623004588513	0.10867124225526059	0.10494566109811884	0.13076896623769968	0.1613778372405487	0.1130388423244776	0.09970847422448685	0.09847004867802796	0.10161601309041873	0.10599901713130586	0.08827001377742343	0.06504775201657943	0.053166055980637214	0.05190868655115395	0.04602030436482808	0.052704598052617325	0.0485245694836991	0.03646134134115912	0.032281106052519465	0.031885076311544275	0.03340958304774085	0.06714168802142	0.06335139052457224	0.06256034615231755	0.06197853682931668	0.07229831384379051	0.06450998697005697	0.06510006045418923	0.06339196996947921	0.0626142094767899	0.07100968444161636	0	0.043160103683005005	0.04581171586004637	0.04633820179012922	0.049570532746873924	0.053618684604491394	0.06057432080522082	0.04308779247087661	0.023299107311502865	0.02863730234264495	0	0	0	0	0	0.05449170744491805	0.05245632024938907	0.04870620545192722	0.051952042511797615	0.11378378079825	0.11006825981732006	0.12933781104379033	0.11092726945394529	0.10786119490115423	0.11447918764938188	0.13118788566169542	0.057705334661035265	0.054401806584602565	0.050620404920474954	0.05306707091598391	0.05108931894701397	0.05751324804795108	0.049595671678210024	0.045284013522896335	0.03779116843877343	0.08131695264916511	0.09011573151071771	0.05121634394519315	0.07112149582563879	0	0	0	0	0	0.0829026549638317	0.07158515882710693	0.06700214164024824	0.05532895461659601	0.045055642584740783
3300047160_890	0.11753489522033186	0.07693122884811442	0.16218636273278875	0.10591227442071822	0.08786970279278802	0.14743440539246544	0.11518611637258333	0.140133340577784	0.13138798380513195	0.12902143299027133	0.18126146749815422	0.20936435559750732	0.21823414216299242	0.19632672853029612	0.15652450824772632	0.17237032388291326	0.168384577845198	0.14862011198699193	0.13478836866423358	0.11716909847394054	0.16982324406956587	0.16893867088849782	0.17819042907975083	0.17109548076284475	0.16650867399085328	0.13844984492190365	0.1381152100286247	0.15186478915388854	0.1496999376694066	0.156443784131195	0.22509027160168937	0.2303788513187826	0.23230817142671986	0.24089855074349875	0.23280063704722917	0.22135837148774387	0.1409378507859351	0.13869464707150075	0.12927927948680076	0.13641634848396128	0	0.1315678319810418	0.11382013103329121	0.13025088463519843	0.1419123635723382	0.14354045777831034	0	0.12527561023109132	0.14341047929768075	0.14793463718578576	0.15263376587689198	0.1483247590744351	0.1415061856505242	0.18273735364181695	0.19239320738705978	0.19545565034691662	0.19274622771098246	0.14298884246508847	0.14611773256376392	0.13906680657877502	0.1448116993851444	0.17741973227689561	0.1648010421815067	0.14297152109464145	0.11386859790802967	0.14709346759379374	0.14142299312188908	0.12314953930629821	0.17222215488945977	0.1736430019565139	0.15798409662942872	0.15535162366960026	0.15019828079669179	0.16412249523062306	0.1523842326020161	0.14907095291663552	0.1620633481019153	0.2154135662593255	0.21808929096367732	0.21194167579800394	0.23193366412321675	0.22355778493834355	0.21547702850220388	0.2126550362182577	0.21469319403901949	0.13400102995240717	0.13576653690128435	0.13103455643236875	0.13494118036187489	0.12273037813133902	0.21467191687332157	0.2156406002045422	0.22769725945195324	0.23643069858775276	0.23703610327083544
3300047160_891	0.23088279824952743	0.15342724928815216	0.06562847508686294	0.06321664000088091	0.059781877157721416	0.06595201893740182	0.06742094568860604	0.06850128115304785	0.06919872720465421	0.0775651174237965	0.03632515506304344	0.03470026580052868	0	0.033683191220585884	0.03905617357919527	0.03861149655950379	0.043998495528275866	0.04433866076944893	0.05429223024858646	0.06290902988599145	0.04459215182194555	0.04575814499474713	0.04803182243164828	0.048554852108319724	0.054487997500189046	0	0	0	0	0	0.03826785852649775	0.037492755318015915	0.03333261776314365	0.031787064331006074	0.03207107459179427	0.0344166045700419	0.057082743567558956	0.05731691295213291	0.05648410834815509	0.05709944088457399	0.06465079219283594	0.05793358314663015	0.12138866961841288	0.12473571726352188	0.12164887059267288	0.12479122934320572	0.10432806224488786	0.13929485060303323	0.1490437410374146	0.15267637103563717	0.15848360953956994	0.16656004172852915	0.17610514140237776	0.13795232675044933	0.10562528396992882	0.11248683630324856	0.11151985965462821	0.08268219761537852	0.09045765135059475	0.07608727018273528	0.08611663939885489	0.033900670403037986	0.03430627180915833	0.03599944322701173	0.05076502913146072	0.08037252576448563	0.08211425220311483	0.08833980817338781	0.07834584676808445	0.07919652984998203	0.08532259343847158	0.09097358823071705	0.04096061500077839	0.03803576310142748	0.03925303044098082	0.04104692162772696	0.04045205880862534	0	0.03558528578086352	0.03338893868241342	0	0.04500933771277403	0.0465491407377392	0.036346425066041375	0	0.03210226820340582	0.03280310264199128	0.03180807572528144	0.03174707866862323	0.03495722482547533	0.05363879686339883	0.04980727597082978	0.04814287341048064	0.044679695933704716	0.03961186039590579
3300047160_892	0.1532476531145007	0.11503782425245489	0.18944781486057563	0.20209383342058704	0.22802780457355565	0.22368928266044247	0.25774495250984886	0.2189404927325907	0.27641781608767263	0.2792457182224243	0.4235304281003288	0.4047564044443553	0.37610879342129505	0.31260127102927066	0.2356162605941155	0.26183135039504885	0.22782432666368554	0.1955792769834746	0.1569745738888903	0.1364932962343197	0.41179854200412225	0.38370693759597957	0.374422466557255	0.3621005122580837	0.33044400712773775	0.45579807156086555	0.4720555746117228	0.44200811905767456	0.37923659430779166	0.34082740619773866	0.3088749301498612	0.3199108618303306	0.32988904475192093	0.32977161988963044	0.34298134798465224	0.33128006836858886	0.25292938250332175	0.26031591480548244	0.24497562121840785	0.24947148012419126	0.255887058552089	0.2331259498896576	0.2233305239106706	0.22912755845360433	0.2332962149173672	0.2186986737118089	0.24773983554538392	0.21099983824121546	0.2256696513174716	0.23555953824537745	0.23044365604702313	0.2203409235391271	0.20324770256710442	0.217212566900013	0.23655434958223315	0.23071782419696363	0.23468365336245012	0.2621359690841722	0.2590834150094503	0.26976181823300993	0.2776944542308348	0.4000662375195114	0.3482076351001148	0.27739339945090813	0.21835820893588184	0.33863946704767617	0.27804557280098857	0.24239007881879876	0.3009317203032364	0.294427173837484	0.2747679160956777	0.22710685758980517	0.27774802124156167	0.2792324264138333	0.28794887929157936	0.289929222931935	0.2847308591069082	0.32043364838509764	0.31347092241966545	0.3167931736121049	0.3307646792546139	0.30177302237212794	0.3001620860920077	0.31518977964668327	0.32051186764530526	0.29473400758560137	0.3076801425247793	0.29037106660101303	0.2839074690509077	0.2815032098127803	0.281750575683897	0.2938814534373247	0.2937513064371924	0.3133205461397707	0.3210261696842828
3300047160_893	0	0	0.4586865046310442	0.44068317009528085	0.5801171674655586	0.8663053665686726	0.8460504785697027	0.9881815664470448	0	0	0.2699284374699832	0.1426886431110436	0	0	0	0.1496968396096609	0.0969032683666425	0	0	0	0.6076449943158241	0.359423817224342	0.2163747532670858	0.1430934222395263	0.10349782150187883	1.3786282155162284	0.7013052881680527	0.3459336616780399	0.17891028633308004	0.08965443600069457	0.606955936235082	0.5685016817880281	0.5159235422418549	0.49881609377885977	0.5099645881942053	0.5342889134760606	0.9671260850737164	0.9804735217620375	0.9397393612824493	0.934360862559153	1.0620579294105448	0.957514132018326	0	0	0	0	0	0	0	0	0	0	0	0	0	0	0	0	0	0	0	0.08049285299023418	0	0	0	0.12568359676452362	0	0	0.10093207226337354	0	0	0	0.34853290379290053	0.3342649523556262	0.3342276203882804	0.3406129365900071	0.33109409710199633	0.36009168870735736	0.34590407411736235	0.31207644860130285	0.2751272792996145	0.6320360506254873	0.6294187575976347	0.5020892582094003	0.590895971620792	0.3408545556988604	0.3494498219671538	0.3474406507922243	0.35257244472695815	0.3629301193431753	0.6973705358107587	0.6607608952315582	0.6497897253339869	0.64813754652632	0.5738235981107811
3300047160_894	1.1476848831935877	0.6695186114482565	0	0	0	0	0	0	0	0	0	0	0	0	0	0	0	0	0	0	0	0	0	0	0	0	0	0	0	0	0	0	0	0	0	0	0	0	0	0	0	0	0.26264862997867955	0.16863350046272335	0.09560919876547956	0	0	0.8920910504845432	0.6412264085468853	0.40382889370619557	0.25361934328242597	0.15648999228518434	0.10893754800834507	1.3795792517610872	1.2785818889349314	1.367831525493433	1.3726441975852286	0.8277283005996222	0.8576447868747367	0.7925598460331249	0.8213324453050246	0	0	0	0	0	0	0	0	0	0	0	0	0	0	0	0	0	0	0	0	0	0	0	0	0	0	0	0	0	0	0	0	0	0
3300047160_895	0.09291461422081965	0.05790854829099643	0.06027932786247263	0.03836646485827627	0.03928542833009516	0.06287714432517269	0.04558731272571311	0.049948903730394775	0.024580341603343877	0.024552626565631806	0.12421982239550469	0.11285037460986107	0.09119685266519624	0.05848430357400587	0.03287263906973182	0.07146535274111443	0.05674265845044816	0.04211037179117442	0	0	0.0632171185830143	0.05499220935315902	0.04863300428144279	0.04181291942215197	0	0.09445321029234789	0.09065757558272979	0.08707055077786138	0.06847004018792949	0.05192623066582662	0.0917454806442778	0.10020835763076227	0.10158333818726034	0.09893404116920795	0.09668590488675059	0.08876998713624362	0.07833569635650306	0.08373902903632024	0.07723163503379306	0.07797649380565148	0.07405937076196711	0.07029679683774337	0.1076076213431045	0.11414755707432338	0.11648296352155305	0.10459859352515977	0.11822305471148134	0.08699332375620603	0.08072521191199436	0.07489026844476813	0.0680886300002775	0.06190272122914628	0.053288938299816284	0.1803975493998917	0.21593708960755717	0.19974438475237705	0.19442296721175661	0.13682473194860142	0.12885989049159488	0.12075304489024327	0.11193257280928989	0.06512926077619373	0.04725774093090922	0	0	0.05448883622622167	0	0	0.05465183856542108	0.048361410784684124	0	0	0.06908505828604604	0.06919439047576367	0.06982508129516699	0.06697999907293924	0.0665242904870672	0.0853391809474393	0.08369635380039002	0.08858198715770707	0.09399219361144188	0.09537455559472328	0.0893596074178933	0.11113592236399997	0.09985355199553336	0.06878574328053186	0.06478490100764482	0.06412199165950083	0.060734572550896544	0.0578768545055747	0.08864930694705336	0.09808678622511915	0.10293075099121748	0.1102830142323396	0.11324712857299403
3300047160_897	0.04019220577867748	0.024958415206813377	0.04500115657001371	0.06178668409365065	0.06576565060939223	0.06910389032591602	0.0957875023521374	0.08508665712168245	0.06643757622206714	0.06485010721981159	0.058390655512055446	0.08205849274614747	0.1043035692750504	0.10447152878236442	0.09933597546784004	0.07618731095556623	0.07898252382919975	0.07756661485709611	0.07491362444175223	0.06590011470732222	0.07296620096660492	0.07498134178473684	0.07857481010896684	0.08443988920930522	0.08683654065351326	0.028249798141500443	0.0483711327190602	0.07390427522225121	0.09732689773814648	0.11833743144127279	0.09898687284867179	0.09896027597670656	0.09486294382685624	0.09567416073860034	0.09863482350216869	0.10550111078786557	0.09665921708535874	0.09983057743909379	0.0943940734207243	0.09338193143377169	0.0992739657031727	0.09224909002587639	0.024532566017785525	0.029053244310409437	0.03430319748170121	0.037126851446824295	0	0.0323471274952348	0.03754803451711	0.04155759629030492	0.04489849097950234	0.048329766088173486	0.050900888252316506	0.043652083786461494	0.043906128643205755	0.04427155899934302	0.04282913361287246	0.03554740904821989	0.036232022563526735	0.03386967639764912	0.03860370360971116	0.08292440942717187	0.09306234080996414	0.09589861547595484	0.08996568111195812	0.07783618193413284	0.08082818420923275	0.07712540976843098	0.09301347840154575	0.0962714028877236	0.09623088278428016	0.09302614281662167	0.07122726565489133	0.06890828662750971	0.07108617856939844	0.07146811133452562	0.07295142622006023	0.06863217004715055	0.0636550281096224	0.06351873492865834	0.061412453740018844	0.06964355931965568	0.06973769207161361	0.06861765282806882	0.07272390351211555	0.07525240865360668	0.07513420842749234	0.07804078505879487	0.07732247781369615	0.08087995512206227	0.08153219916197214	0.08144342188524441	0.08148483471536151	0.082689335211648	0.08278181710173593
3300047160_900	0.2649794519540924	0.1503015154854162	0.6307272796452568	0.3326546267511902	0.3166244517251913	0.37568291167698376	0.26493564446739293	0.2991584854870214	0.17378452720362086	0.18056326989391588	0.6220459925757444	0.4097594523273045	0.2894496349883164	0.22081210940953355	0.18560311592059875	0.3334150048674195	0.26580448115165	0.21379486636169562	0.19445675080218494	0.16479451189040525	0.49470259349862145	0.342893204156931	0.26549907381976434	0.21215440787145318	0.19063020744225084	1.393058402364658	0.911549456031137	0.5903181857416546	0.3753055413397937	0.2607503687881489	0.22509583051343787	0.21752904708052637	0.20143407188460977	0.19702740660968499	0.2049503264882784	0.2228531630494101	0.21688959565082125	0.21057449392562652	0.21022341281426446	0.21271541385113302	0.2431262919396192	0.22056033192699104	0.46426951646090386	0.36479832450583	0.28337797619607424	0.22995789192196037	0	0.2122800986778702	0.1963269041111129	0.15791501552686932	0.14481562658207298	0.13907156952373223	0.1367281502373889	0.18476052199429932	0.16622410178136698	0.16710353292094374	0.17595028339052238	0.10265582960006191	0.10263527571343507	0.09841450166545422	0.10507037458730412	0.1962523776816874	0.14240294331526573	0.1189869401105444	0.11177865949021451	0.3438726061679296	0.23517560521878145	0.19791849485723662	0.33261370742947927	0.26934572203491175	0.23625621390711665	0.20396233916489515	0.27770264115104143	0.2730715370749779	0.26995642324116215	0.2715220788111284	0.2793933480223049	0.3351102954562644	0.3095868093575303	0.30088173396932405	0.2737464006942819	0.26454312211442066	0.25491378241020307	0.24818639787284663	0.2774206963174178	0.2226629917956366	0.24064292267080145	0.22962676096482493	0.23031957863175914	0.2461132583115509	0.3239839440838955	0.3120832492030208	0.3108310904032484	0.3063086230729394	0.30030875617659564
3300047160_901	0.09717868854499002	0.07549997181784299	0.07571243926216152	0.0944086394793514	0.12480525408773704	0.0873081308601288	0.10336434951436733	0.08050931034720271	0.13236047404652254	0.128918972245887	0.14004685652896467	0.13466677247984996	0.12702637899629143	0.11484537809923664	0.11036919802120224	0.07309921773059444	0.06692217787848279	0.06289452810292517	0.05723033003461504	0.050344581063506325	0.09649411754001158	0.09150414442973623	0.09294640980151966	0.09022996268957408	0.08560115227807716	0.09881125619222583	0.12982007692108566	0.14870416430971323	0.138884603931212	0.12953947738076976	0.0855956808351827	0.0858682422415628	0.08305792192926903	0.08216681213760385	0.09278527029322009	0.0963371140164288	0.06399668312790895	0.06558190177757259	0.06340133651241366	0.0666001838619816	0.07001883174742794	0.06436821759549603	0.05659061673131272	0.06635618976794108	0.07864703524409296	0.08791326243861569	0.11079914931592183	0.0901157343674092	0.10833582919687804	0.11606039131021675	0.13027614279205724	0.14191903902118672	0.14725654750923087	0.09770313715765086	0.09636928647712113	0.09754367327447533	0.10077079750933544	0.07091238618504059	0.06827067923489855	0.07525552357174617	0.07894751913395584	0.12574632812046577	0.11839691227853101	0.1131103230763096	0.1048445921037316	0.13125390490229058	0.11166051213616376	0.10316790350963188	0.08845341530132386	0.0847142421022254	0.08453622302409965	0.07456584525425382	0.11150306472253134	0.11165511331997587	0.11264824263008257	0.11256140668847624	0.11721144621132779	0.12738038017844977	0.12349472603811094	0.1217450888464062	0.12291823197147175	0.06781949736670763	0.06733125316548687	0.07007952064518877	0.07435838097618165	0.1316705364715992	0.13708415539315777	0.14088959036888538	0.1406379196302252	0.15050963919836766	0.09012385208033616	0.09042763207625155	0.09062043367793064	0.09925222910557747	0.09256065026022602
3300047160_903	0.0400575697528652	0.032798155290426394	0.045017851366772804	0.05528442993198398	0.06336741583769466	0.06592332723088257	0.09484294982135906	0.06343678133813375	0.05274719179430811	0.05885277382924389	0.06349325603083303	0.0668395283689432	0.05997583832721204	0.044719973823688995	0.03421602106575091	0.055691480348992684	0.053129019075716315	0.04382916444912786	0.0413605314541828	0.03906330740558241	0.06549001661391418	0.06455235069006438	0.06037962101967792	0.06058640719201143	0.05531288635698576	0.10231653885750358	0.0918307997570932	0.10667774210064533	0.12048625435949081	0.09826232895355783	0	0	0	0	0	0	0	0	0	0	0	0.03194043909064593	0	0	0	0	0	0	0	0	0	0	0	0	0	0	0	0	0	0	0	0.07383893749087227	0.05667010493512647	0.03759387098058519	0	0.08064990060858528	0.0652854253592687	0.06566677881662028	0.06490146768274864	0.05786702407882299	0.05638535409677088	0.056446396103097776	0.02414420387984287	0	0	0	0	0	0	0	0	0	0	0	0	0	0	0	0	0	0.03611765950572544	0.03226947389120699	0.030738013488588962	0	0
3300047160_904	0.10023552064398764	0.05204757694443849	0.08727283385293437	0.08457476520628854	0.09216203702054247	0.11829174364663109	0.10846324333734257	0.09623812324997436	0.09778621304864676	0.08966290040477352	0.12249109516071206	0.11568358437892272	0.10132984456984898	0.07581243322379588	0.04962789694730295	0.066472915125941	0	0	0	0	0.13287635264294773	0.10929095203838664	0.1003381096029725	0.08536543165567391	0.07360883039285536	0.25100244568336316	0.20771868014861763	0.16767609363327513	0.13295247389092354	0.11030847936007085	0.20852183287791898	0.21370078124717554	0.22472621617773492	0.23577126625189865	0.21333996233522767	0.19266508448860584	0.13640284081572013	0.1362453470542327	0.12517265147625267	0.12868039339963339	0.131208037836673	0.11438732448549632	0.09664618260653687	0.09869017200978798	0.09459206582088402	0.08446599889069227	0	0.12458680746870873	0.13196817595444588	0.1305218451350587	0.12452865760788388	0.10425462089780115	0.08930742895118075	0.22216025066059691	0.25954289604910646	0.25028983279306904	0.23530258889999026	0.21833747204550255	0.1980241099094462	0.20112452508773032	0.18338589558452206	0.11422199151665548	0.0858347312027953	0.06318875396181566	0	0.09195675890126422	0.07416784093712471	0.05951115254223819	0.09652066387053883	0.08347226886326127	0.07558911942455977	0	0.15928976567292774	0.16454655875542185	0.1646794195176956	0.15685700087606744	0.15456210339121618	0.2250717719344006	0.23145777032124795	0.24630581230815188	0.26381328554166633	0.14249970483298383	0.13950712302790524	0.15175305416491988	0.14801662992397005	0.17257921700703094	0.16978425106204462	0.16126640976963394	0.1513282473181613	0.13718518093993412	0.1873759095348608	0.1993153164125564	0.21485321262273982	0.226220540586678	0.22858204300232446
3300047160_906	0.03321398233339422	0	0.03556601840274442	0.042981438280782214	0.04497071258514346	0.047498490612722225	0.04829558905143517	0.06057735505109145	0.040416105543626964	0.03739278234242137	0.04376427572547573	0.05833994427539362	0.06767910780648499	0.0642930414477691	0.0534645040914635	0.047198084205426774	0.04465319297029107	0.04141228530196574	0	0.03155409890987274	0.040933959968556706	0.042446281389172946	0.043166692054900146	0.04593331023700232	0.04448252992842081	0	0.031109830733769783	0.04719792840720577	0.06141000987174962	0.07155079526534817	0.07355071889452036	0.07549538811804982	0.07437102166809921	0.07584891250821209	0.07575145324415387	0.07681285718067683	0.05764147053240276	0.05961430547499457	0.05576503961972223	0.055079002376281064	0.057936906111494074	0.05544308452884442	0	0.02080645013482233	0	0	0	0.02579273203449954	0.028145422536441825	0.031273738463773945	0.033172382820727146	0.03464390491614853	0	0.0382454859711149	0.040613084395009325	0.040507254301921494	0.04093023647675898	0	0	0	0	0.06083428494982153	0.06206356925793099	0.06041906858915083	0.04787412764725166	0.058559903118956605	0.058133552499125996	0.05200615517267658	0.04969369962736975	0.05234380219875616	0.053224385442215215	0.04672100446522787	0.08394447320431317	0.08242955543410245	0.08266635569697629	0.08002344913061837	0.08233511511440524	0.057049639515996516	0.05439220286663009	0.05708116096208713	0.05848403770229683	0.0490611570175572	0.04623511615403911	0.048079610873437637	0	0.05462820677617305	0.05364496403753254	0.053285056690357255	0.053219740705383704	0.054884412724346285	0.05480067286428126	0.055464107886215794	0.056047832448202925	0.05916154372654079	0.06051463470758311
3300047160_909	0.2272969026739127	0.15953173838018794	0.3917655786600683	0.31878106416186375	0.3827633621635274	0.48444035362925536	0.40467984758847664	0.40333404701472775	0.1491290771979267	0.14348907910981845	0.654570817575881	0.5391581325473367	0.45550268472038036	0.3607403713806003	0.2735037512523298	0.45016028748531806	0.3938397757062062	0.31266826693097055	0.2805895598079477	0.22967962630638228	0.5430737722529434	0.44809769092337953	0.3810103391930195	0.3310253267013931	0.29245057603434166	1.1092976992999721	0.8765668952685614	0.7287031964493316	0.5635419880782194	0.45141511817633884	0.5689824383012604	0.5885781054309059	0.6110269767166774	0.6093612731327931	0.597030954092192	0.5849875019305143	0.46065193256375375	0.4634010139090987	0.4528732293795167	0.4522577189602836	0.4577469440820919	0.4121695672852305	0.24917902974223827	0.2747797147704921	0.29825303133229436	0.30153313342355303	0.39080211932409487	0.21426937625090084	0.23919784666980556	0.2584687155139228	0.26554503168657645	0.2611375627573057	0.25801580952494413	0.3252616041322685	0.30794125832924707	0.32842168601058946	0.3334284671312807	0.2359661178262255	0.2403340150255012	0.24924437792775497	0.2518248257860686	0.4009165631115667	0.3236384265102198	0.2618004790631049	0.20142212040280666	0.3709496815147501	0.29076162138185974	0.24062957184116807	0.3928382208538855	0.345978087295071	0.32156896896705406	0.2701274224408235	0.42211099099302724	0.4266778196806323	0.4253944641543027	0.4218939847993662	0.41075032887020757	0.5503283808886901	0.5498442390620114	0.5386705850991093	0.5474109153336748	0.6014046947802818	0.5919729552662832	0.5628531846737945	0.6222925235506158	0.541435768784928	0.5257405793688175	0.5469692106955656	0.5289212913793102	0.5293774799166644	0.6315652464278259	0.6408852689794426	0.6871150015892439	0.7117100187006075	0.6981903019909451
3300047160_912	0.1580607152491139	0.100319886080312	0.14405699220313892	0.13202399710494614	0.11378476912632428	0.14289832373805075	0.19724605585340313	0.15798839208374327	0.25059814693594146	0.27279207384810483	0	0	0	0	0.07700915341751127	0.08505137593313189	0.10047636435095468	0.11315829550585317	0.1446107268740142	0.17893191265308092	0.1022406194610088	0.10225841692286422	0.105322100030221	0.11577520128635815	0.13151765093141463	0	0	0	0	0	0.08637866904456443	0.08562104299079457	0.06925366821360221	0.06941916064416899	0.06688112020205315	0.07401908621829043	0.09463482094683962	0.09924330042592178	0.0928745928028366	0.09780980615374062	0	0.10147673824850481	0.05257033263904205	0.05735888934888858	0	0.07409829284319419	0	0	0	0.056441867327345546	0.06562407120432263	0	0.08667834454952947	0.08667742957060012	0.06238329372107514	0.07069990834038874	0	0	0	0	0	0	0	0.07897851514191558	0.12075047739006137	0.10209746590376437	0.11822403920552509	0.14581972905143348	0.11560932222269502	0.12484926225322436	0.14004280026420463	0.16951028898781867	0.09624478000154493	0.09417458505203848	0.0903735854781452	0.09517257644722751	0.09400896418624895	0	0.08097115059821573	0.07682676275101386	0	0.12207567475776007	0.1255365586618605	0.0938542520432834	0	0.06582512574348533	0	0.06364851981131442	0	0	0.12017625607695605	0.10353411122544248	0.10015913030444827	0	0.08632205084374489
3300047160_916	0.14054590248691734	0.15790704953062087	0.16643396573363275	0.1774087466637121	0.1406731901383183	0.22831309776651312	0.2358225191053188	0.23311425563247917	0.1171568707502842	0.1312455052071628	0.04966821210983586	0	0	0	0.04776554784961663	0.08138457278300985	0.0880801595162396	0.09111273545662625	0.11313225573772506	0.13974334033432328	0.11142593943584546	0.10619195362904556	0.10500188942290822	0.10926138632753178	0.11688187818382224	0.088485989553321	0.07129137147689228	0	0.054199908042145056	0.04989540460712176	0.057464981368465055	0.05537846008351325	0	0	0	0.039916597032265126	0.0776447539746691	0.0799207306880338	0.07533649293198053	0.07670803775522522	0.08841641966543946	0.08419706007000093	0.03200029412804248	0.035576022417635154	0	0	0	0.03455799288619203	0	0	0	0	0.05770856358352937	0	0	0	0	0	0	0	0	0.05008469069711247	0	0	0.06100442696046496	0.10451538156983647	0.11931964952866282	0.14315220259228234	0.09429393422849243	0.09469502872287294	0.10539361993918549	0.12599813929829407	0.07394887705803564	0.06588681039714812	0.06773860268159997	0.06844621372779902	0.06870526285032097	0	0.05487823480921953	0	0	0.08757914303443896	0.09434470180833317	0.06420998591855231	0	0	0	0	0	0	0.10138150236304207	0.09038815928217367	0.08620376912036995	0.07355172056091093	0.0637079883012907
3300047160_919	0.089395965652403	0.08314220486645706	0.09286867317849126	0.10041586009799329	0.09980240284616845	0.10686356901067927	0.14214004215244322	0.1209774125340441	0.10048134475508497	0.12181005533855785	0	0	0	0	0.02561802609078273	0	0	0.03397810682016918	0.04469681452015864	0.06100914113937789	0.043698037827839535	0.04377050104395004	0.04397553738364246	0.04809392532131488	0.05412477251711462	0	0	0	0	0	0.029257776232481082	0	0	0	0	0	0.04241406413960079	0.0402082528060832	0.040947380217739235	0.03938785335182699	0	0.04214032325319262	0	0	0	0	0	0.021440858863472422	0	0.023584519399761122	0	0	0.03394690311879341	0	0	0	0	0	0	0	0	0	0	0	0	0.041297901646606704	0.04881808604714825	0.06358982987648848	0.038063317542654324	0.03892040673908587	0.04495125231516995	0.057371500138286784	0.037464257612433674	0.035161902822717465	0.032170350148693384	0.03262577093576965	0	0	0	0	0	0.0404260458088109	0.04438842369650816	0.02579468225493729	0	0	0	0	0	0	0.04984395473747098	0.043715933908487214	0.040363844149060246	0	0
3300047160_920	0.48108298184956705	0.5667558981114744	0.8643183788958668	0.5197179056023791	0.4376740543236437	0.6627440044404705	0.6758003449568517	0.831635323594215	0.4960832255655391	0.5419955515940174	0.05491138951886526	0.08054534095587325	0.10683409049709487	0.14594759091204967	0.21117767299270174	0.30458395266215577	0.3764347637988563	0.4229666751153601	0.5652576307716614	0.747788640138938	0.3609689736937322	0.374153291440681	0.3842381370553345	0.3996948353185703	0.4535869176341831	0	0	0	0.06319757532894109	0.08565305182816692	0.36795747791157707	0.34821486103946875	0.2873619841424034	0.25517247326137	0.26106073470440977	0.28057164711868	0.4279240440773318	0.4280041216745015	0.41488224478906566	0.41968891683977466	0.48398428465364995	0.4499040696620154	0.1600850187863021	0.1748518170266303	0.183987162332716	0.22145354103630094	0.18001242838247902	0.20581679747040263	0.2249329638791352	0.23202044986374679	0.26357547507960544	0.31142451078089806	0.37807146936683506	0.22536206968326697	0.14241726525277953	0.16177282799764273	0.1615983207275531	0.1585060202099433	0.17693259906344852	0.14112253074035522	0.15113121220320574	0.09939022127106896	0.12333083574442459	0.1691881450052379	0.2714402705618566	0.30649158751413186	0.3868209627225173	0.48017647211362746	0.48034691072693153	0.5012454179638376	0.5870383185042529	0.7243698055473273	0.3843959553529763	0.36785937955612735	0.35752479470967014	0.3552041436029402	0.3681566765113253	0.34423177549848594	0.3186097580299058	0.28126309968196805	0.2510534202560064	0.5572007527530685	0.566858626103593	0.38662287392449857	0.4999613329953965	0.18688548344245925	0.19332984332640898	0.1913684023655777	0.18403549317371298	0.18985017849710692	0.4973384542783021	0.43846529476303564	0.40786506491862184	0.3694166526748206	0.3196436581227449
3300047160_923	0.05922979476671845	0.04304651429200795	0.07111897773571402	0.06741166579212214	0.08676679465092627	0.0988457076600264	0.12203159667823123	0.09637346257639232	0.06616661751205793	0.06998310873273672	0.10299067591359132	0.08737891893733869	0.06952722766183046	0.05186259904905817	0.04593162706518014	0.08251831190795979	0.07461195353629972	0.06285036132859331	0.05974713066526728	0.05831390761341984	0.11771135088889959	0.10737028076782033	0.0986092690644293	0.09343760498517627	0.09449389952407401	0.17859870320399035	0.16571719823203063	0.15907150932097372	0.14274208623382734	0.109057039926027	0.04864746759821081	0.04606163049123571	0.0414621315268978	0.03730161790369371	0.03806973656553475	0.04098991509418634	0.05518028109502597	0.05712560930666192	0.0532790324825691	0.054836773923544156	0.062435305964582126	0.05727567201979199	0.028084268892975245	0.031264502117524975	0	0.035537730238005306	0	0.03153075644821251	0.03530845203096064	0.03649623904477803	0.040363658909564636	0.04473293746377937	0.05504469467432395	0	0	0	0	0	0	0	0	0.06877928534017672	0.05278249041867157	0.04149514596594135	0	0.0926655934111953	0.07548336163797673	0.07547933044265707	0.08375475829191685	0.07446300634313739	0.06929192905173452	0.07250656321333736	0.044365462643060065	0.04145337368833522	0.04348407770084369	0.04118219022605417	0.04253940417803336	0.053191966106555334	0.046762379180634375	0.04343638491969741	0.03751924891473965	0.04941790781573942	0.04996416492120487	0.03672710286585799	0	0.04299047413018607	0.044089262241764966	0.044619573522165154	0.04406360582620794	0.045012114108672195	0.0763197468786184	0.06732714604430595	0.0647363088801548	0.06468070109100947	0.05732820831219472
3300047160_924	0.04103073446114239	0.05850525176070673	0.07867653148483292	0.05176982162969661	0	0.08600625025071701	0.07905282431915313	0.11913345486771958	0.04841460204811297	0.050384954784381396	0.14432619600227595	0.1279869732588542	0.1157142205081451	0.11403120248373322	0.09853081318909243	0.1701828599384834	0.15390814922213933	0.1376405205837507	0.12828243145218404	0.11371912687621494	0.2729978706391109	0.2665001422796714	0.2730959082239729	0.27626354739843056	0.26248387920083494	0.14057601368398973	0.15849879521986548	0.1445166747752432	0.1355655078518247	0.11645494692270408	0.13759753227551863	0.13735738397279365	0.13380621775697588	0.1429093421187098	0.15686432497238476	0.1585280067737173	0.11503554055276367	0.1273138873738258	0.11655883246110435	0.11625677385232319	0	0.12806552395914603	0.07927698365616417	0.09023908320388965	0.10898891967627386	0.10719586882479148	0	0	0	0	0	0	0	0	0	0	0	0.07706956520075484	0.07919782080998791	0	0	0.12348938972617889	0.10597533824747839	0.10091832999117195	0	0.10721412287609958	0.09433984717212655	0.08774725166936558	0.089354936777576	0.0858553257717822	0	0	0.11143453629569343	0.11122163436185398	0.11775128548403536	0.1150524160222803	0.1140244925867652	0	0.09581767972985851	0.09786602426731907	0.08830937030776405	0.15375786923609208	0.1529670767968721	0.14939593427410222	0.16110422418875459	0	0	0	0	0	0.10252007903004813	0.10486700118089924	0.10698900018559386	0	0.1126569140656098
3300047160_925	0	0	0.1685182071122915	0.0887456459510181	0.0480505400027296	0.06147906431250828	0.05634318875281381	0	0	0	0.6829379126941174	0.2756389980510826	0.11044239474313311	0	0	0.145008919959484	0.1078035251995121	0	0	0	0.23226703764538037	0.15819205438511397	0.09018737998549418	0	0	0.927204965966538	0.554138466201674	0.27344849446718666	0.11935315738304608	0	0	0	0	0	0	0	0	0	0	0	0	0	0	0	0	0	0	0	0	0	0	0	0	0	0	0	0	0	0	0	0	0.2254438889949055	0.0993407675888275	0	0	0.1891113803141945	0	0	0.16981160094423212	0.09999516254404353	0	0	0	0	0	0	0	0	0	0	0	0	0	0	0	0	0	0	0	0	0	0	0	0	0
3300047160_927	0.8386244068536972	0.7354954617503472	1.0104355197417063	1.0546326126310244	1.0116279401452188	0.9153383947741903	0.9633073384280461	0.8072559537988919	1.1383946034830386	1.216277817679378	0.33880181323127806	0.41536577244060924	0.4928169781017219	0.5824732930284927	0.8101072580362982	0.6961484786665243	0.7891886698639642	0.8903431687832694	1.1062304008502286	1.2777697158043995	0.571828791097078	0.5709275211348318	0.6340692968712176	0.6796468590738568	0.7450664778336279	0.09857134403677664	0.1616767601699475	0.2454919574536221	0.3290052116325025	0.3917891010291984	0.4699785888865598	0.43742413700210764	0.40378765315861487	0.3869576088465622	0.39910436454923043	0.44799836869811854	0.8831719520939925	0.8892632643146138	0.8784665113704018	0.8944854657436363	1.03603098504395	0.9811953046851516	0.31977953405187515	0.36010233073950954	0.3890357802111755	0.47717896143306143	0.4368987175222654	0.3325870276692158	0.38040311118608666	0.4429541327720799	0.47530920790601494	0.565543957716636	0.67243118248034	0.4831623920835867	0.38077421765395053	0.40107243812076154	0.43590383922258874	0.41347440333806396	0.441685164262027	0.4212982848358293	0.4754106712027948	0.4669417498113142	0.5604406764594849	0.737478603867427	1.1234469090256356	0.7426108048776278	0.9172435010471155	1.0275055867590799	0.8113566128753212	0.9110972849405665	1.0270405391694477	1.1642703721693775	0.7062975636337983	0.7023843368068798	0.7089836848447977	0.7216323696091644	0.7375908120278123	0.6495552884116701	0.5914352021582266	0.5538517800066451	0.5040039308985692	0.8329485417118446	0.847267823015061	0.6827296315399403	0.8384802143035176	0.5948880907393062	0.623020932553649	0.6121726658215315	0.6124964299621412	0.6681660733271066	0.7513324151813413	0.6986644988527047	0.6537597065944906	0.6246794895836427	0.5851204376522816
3300047160_928	0.21648431379879843	0.19127221940276465	0.18335349740830761	0.22323819401217343	0.28055057628987196	0.20783803821384111	0.24496560705668077	0.18008437589387372	0.28066538229153776	0.26205126937162093	0.3369970793309444	0.38732932103440054	0.42506315787838816	0.4047405680224723	0.3419754964451019	0.27506040631161266	0.2628923017023243	0.249750518153286	0.21551441566134746	0.17647210964720597	0.21566692693603678	0.2209129090440532	0.22942485685290567	0.2299311088908847	0.2178518022852337	0.21730667877649396	0.2787169606790769	0.34353618182043194	0.3903391240903791	0.427154717218988	0.25871759182437065	0.2699297695826119	0.27229296793464364	0.2839815178599962	0.29303079459039116	0.31207253064620777	0.21905695421588842	0.22517436661982243	0.22467535854519835	0.2161751621353984	0.22286735231855448	0.2137479892387188	0.1791203144152741	0.22664899801141244	0.27027110513794195	0.27776588761418697	0.37400034236651114	0.22624058450563472	0.2739743989017903	0.3032882700853242	0.3304654213975742	0.35267496095437634	0.35036928136571927	0.3216769701077856	0.3326238092411783	0.32739039275382525	0.33954097854762594	0.3276730979427466	0.3069195577756254	0.34278757633957607	0.34709466317903337	0.38409395246806877	0.41233114594091785	0.40897634094627333	0.34021621718727707	0.30299235516921075	0.30692595263742967	0.2651802521260837	0.27317905340914483	0.28958038070822534	0.28658529587271075	0.26601052171441153	0.33279260510185815	0.3253285789717137	0.3401900768723749	0.33821119837035996	0.3451809522960132	0.33127770512120236	0.33920283561142256	0.32865952557840133	0.33779184386214456	0.2244305469445763	0.2217565210230882	0.24104801152639968	0.24543591996880632	0.446306208008161	0.4326749331616568	0.4409730372193926	0.44217921453647174	0.47015366160373495	0.29620212277490754	0.2968523200880827	0.29982938982012	0.32542753530648577	0.3257476048899127
3300047160_929	0.08663098370700693	0.10460717572552261	0.1018276237149639	0.1238872610319536	0.14797004297401045	0.1080346025845405	0.13486438730244385	0.08905054668383301	0.16085088616628584	0.177798217109	0.05725232356957345	0.06293129034571725	0.06025283888684438	0.0592620097595541	0.06822119828743538	0.055888852225769475	0.062116674980420956	0.0700292246247598	0.08160660131238455	0.09577245964388498	0	0.05090936961133751	0.05529655660256532	0.056272722543418495	0.06389016386627555	0	0	0	0	0.052536806342905903	0	0	0	0	0	0	0.06516743950366326	0	0.06350707671511198	0.0622226178400998	0	0.06662068154430992	0	0.03481929372716569	0	0	0	0.03907595610181443	0	0.043632864884398416	0.05029629567152365	0.05927764843082475	0.06969975567038261	0	0	0	0	0	0	0	0	0.04916697325158664	0	0.054469154715159285	0.07593712769304874	0.10765591821974084	0.12689035522895395	0.14143736165603454	0.09075628645791874	0.09310186599056378	0.10060545729662544	0.11690555928448045	0.05833386565989594	0.05507866942118372	0.05428779078788254	0.0549061332862283	0.055353142447139986	0	0	0.056484320497254346	0	0.05437315013758961	0.056432300811240774	0.04357028794086472	0	0.06448844022338494	0.06703473771806251	0.06381440547409147	0.062463555355970785	0.06453502337708555	0.07492330453079238	0.06858918789931594	0.06281923781506578	0	0.052361221277779695
3300047160_93	0.08425701828173973	0.0676730253782568	0.08054427864454264	0.10425867996962501	0.08668377922835999	0.10515679331723649	0.1002627718778295	0.08580153640091737	0.10879862518424734	0.11052996682307571	0.11379583234464662	0.09673850621642732	0.09627592917578623	0.08953223381626796	0.10144993034740578	0.09742740725167974	0.09315204725659523	0.09222360801551481	0	0.08003353550962083	0.08519899765831508	0.0842367904646033	0.08078878512913397	0.0770275941069292	0.08373635227016075	0.09997174302859764	0.10589421452265706	0.10315226525692132	0.09137943277520474	0.09620745663675448	0	0	0	0.07210309014977007	0.07795163999067796	0.08426459298297735	0	0	0	0	0	0.07634290878133494	0	0.05584743575776334	0	0.0659170816515786	0	0.08158338650118396	0.0866340194651049	0.10297031279084236	0.11596495699627729	0.12012147345681784	0.13997110185097011	0	0.0683056913565227	0.06519394565607416	0	0	0	0	0	0.10158515653973282	0.09191747149324303	0.09609638025394024	0.10353349129874334	0.12334964956423163	0.12180303722455749	0.11967041154301906	0.10230904692286644	0.10263556050919229	0.10672665028331862	0.10614249800256269	0.16525783246928816	0.14508188043743525	0.14319602285048888	0.14217807208830668	0.15532940076830573	0.1227224211064272	0.11750267006211404	0.11322723779134673	0.11055984482485733	0	0	0.05932618158816349	0	0	0.07487771659063425	0.07487417232210335	0.08014491105297059	0.0818570183270435	0.1020437939897776	0.10303959370014351	0.10058424265212167	0	0.10023859427316958
3300047160_930	0.16696936562611356	0.2625914648564541	0.28943978156152794	0.21554864898136972	0.18712550638739556	0.2450692646406627	0.24831902178216914	0.33607500651688055	0.1991696982198967	0.22012256929662025	0.34970989991840346	0.3398696102266589	0.31033634924125636	0.2531451217419838	0.2213677425874405	0.19997833035959633	0.21779186860900074	0.2168216151235363	0.2508709588804907	0.28072599022571754	0.10678984794815313	0.10728435011583001	0.10301223759024244	0.10971107864805073	0.12322107844259611	0.07049961927044025	0.08586907893538588	0.0924287586732441	0.10699983450501242	0.09578380051873198	0.14947617715313002	0.13510006073143957	0.12318533084959597	0.10933187429680981	0.11390297849965894	0.1174214265561318	0.20828049929584824	0.20057105233973407	0.2083255864983957	0.19400517392064323	0.2338079366041268	0.20034090266078047	0.08659293865708995	0.09499097890337649	0.10074344831858652	0.11072275538431584	0	0.10566842457567517	0.11408484131121945	0.11924133947459369	0.12800697026989324	0.14537485230833605	0.16102946249543307	0.07117602711229577	0	0	0	0	0	0	0	0.13744691156661829	0.12026010026496814	0.10930746686690375	0.12790380783231345	0.16708190113857949	0.16689916411723943	0.17471393852652276	0.21815185695830208	0.21429017184052285	0.22158696924479138	0.24005973234125766	0.10902647959767629	0.10405826757858413	0.10695447608765887	0.0962062803129904	0.10449619564916109	0.13748144450012412	0.12417807544411337	0.11206308257007352	0.1021040486253418	0.1577544998640182	0.15555895222548974	0.11746980260775652	0.14652301533145073	0.08072906090359734	0.08247713446685902	0.08549746476479678	0.08200227079308775	0.07870260504463929	0.1727826376374132	0.14981374737112638	0.14997105066413458	0.13972967725415542	0.11884184044044183
3300047160_931	0.06697009241381044	0.031842050363781016	0.037363491793963706	0.0619389017276897	0.03564316358226697	0.037628821468408354	0.048665476345715455	0.06772566077413406	0.0348729856445577	0.0295158700634814	0.06370509032281574	0.07233086201710182	0.06953138077722561	0	0	0	0	0	0	0	0.059967733942943774	0.06003208800728501	0.06318126471453951	0.05963910415581005	0	0	0.05009336503142834	0.07022277446632968	0.07241267961933695	0.0682022991944818	0.12841094139181894	0.1398763726944107	0.1541286873369611	0.15326057286064984	0.13599002123407275	0.11733117601086741	0.07925962482665243	0.07852250476409349	0.07720212792049742	0.07574950509162412	0	0.06667589435874033	0.0699507690113253	0.0778122839152431	0.07691982108621098	0.06235538232230854	0	0.15171295661517578	0.15901388106405553	0.15372529586153308	0.13387512643349794	0.11238237522372978	0.0914638398617128	0.1299939691038954	0.1612730527315486	0.14898275784026077	0.15162955547687154	0.0803059175110058	0.07750568057073975	0.0811015169487079	0	0.07728413483723884	0.05875600406505553	0	0	0	0	0	0	0	0	0	0.16402264053908824	0.1710120247973161	0.1693694067738612	0.16305000917580267	0.16424684697130001	0.09777892428698223	0.09714994892704991	0.10477885246329131	0.11251516400378617	0.0977003347677901	0.09813626993615905	0.12050038143509724	0.11107166304134292	0.06794190356506637	0.06400952340307957	0.06320365549871003	0.05663409998021046	0.05142386534847528	0	0.052598207575955645	0.05621048396554413	0	0.0622393109038438
3300047160_933	0.09148703101550094	0.10823783624770326	0.08587883838958527	0.07832687306085813	0.06364857834031133	0.08225565276439889	0.06576618979150244	0.06763905839099836	0.0616217332153973	0.063620043904507	0.049330856087518776	0.05626769075267162	0.05182233936284117	0.052987849289600666	0.06450726387843177	0.06521544309243638	0.07153542244838582	0.07929294395796867	0.0957532115172182	0.11218120683577867	0.049533788159141945	0.05438633705579005	0.05731919292360614	0.060046773948070176	0.06545484795299084	0	0.029190767477324242	0.03906620599886283	0.04494401446504047	0.04580001918921162	0.03601530457268105	0.035545397227512696	0.03155602082042445	0.03050234097552646	0.03146641210404997	0.03299110227622673	0.05980334154462004	0.061799633009154836	0.05986812702773914	0.060303841865851776	0.06554794784610136	0.06455165192506009	0.03900139178672658	0.04377017150060793	0.04918095904257697	0.055558692437285784	0	0.038684736619218486	0.04190557771384123	0.048058702450627724	0.056486839080090126	0.06539766459268348	0.0791510351840621	0.05443466928820651	0.040855168323792664	0.044683394572839215	0.04323313580939236	0.07186241154401457	0.07346375550974643	0.06525199454026527	0.07463965959346903	0.04530694156105223	0.04599507689658137	0.04809689712114839	0.06897968309313691	0.0694473605770101	0.07402349489241317	0.08807322419581091	0.08344594885046369	0.08827146844110213	0.09524305266991269	0.10715944232897152	0.053051129131496684	0.05185237686287634	0.05059320770031513	0.05210515799014949	0.052725600595058986	0.05222676232277679	0.047826652284803026	0.044657786224513545	0.04080718575383936	0.052526992753969985	0.05303522461901955	0.04503420925891048	0	0.03320289281389752	0.03571793768468755	0.033543882212267916	0.035933405703181154	0.03628844869191537	0.06626858112896887	0.06115370887266675	0.059121271032530294	0.053635752987477636	0.04578553436104283
3300047160_935	0.20456163551023596	0.15376127677473586	0.45058974242005245	0.28259578639621613	0.25193202583958885	0.2959411498601612	0.2373265422089673	0.2405825393021947	0.034640628552798716	0.034322149534199584	0.2591673628685692	0.1889772284531252	0.13887540289200526	0.10695694933387477	0.09112656722896319	0.12911289563866868	0.08643560518893746	0.062075608077698324	0	0.038885327811499296	0.2721767669320911	0.1929968315197246	0.1425544372743942	0.10926281191512908	0.08844912598407083	0.6045151460218975	0.39533406779176183	0.22522894184401035	0.11037246571835611	0.0660734493255603	0.2812132214789309	0.28642951746278383	0.27820398587578354	0.2827851174048128	0.2907908535967478	0.29414254116535443	0.2686018717817228	0.28373174199752277	0.2750010284077557	0.26946098158826426	0.284200781577758	0.2653791159906566	0.3780790605613224	0.2701739636545033	0.18010040419949308	0.12858343345857318	0	0.20443037801365854	0.15159526804286358	0.10792837360299072	0.0901495195947857	0.0753801155844844	0.06737701102811496	0.22454073849344233	0.23493104073135251	0.23006741626208274	0.22880987114636472	0.17352861303313202	0.17035833950330156	0.17039485926290712	0.1808068783260475	0.08818030593977033	0.0553062683983406	0.04430884839090779	0	0.20477994255986487	0.12369680966918756	0.09732025599240504	0.1645451817536064	0.12620951512904577	0.10203850771276046	0.08325802053441679	0.4017125922075207	0.3975847491572377	0.4031006936348176	0.40256330088356285	0.40351836670416097	0.3881802646215276	0.379705118337253	0.3661114990771705	0.36885909314279536	0.3839543998871152	0.37903469035762616	0.4007553412821066	0.40371602799205264	0.28861725454549864	0.28189783197204327	0.2859885703549632	0.28894769373092344	0.2962498864356369	0.34286914364573085	0.3414783693653245	0.3448156632202872	0.35368339287985706	0.35335661224669024
3300047160_937	0.04484479097253115	0.062311720083264376	0.0627650462685281	0.05907565657252816	0.041272786394650436	0.08819975673574337	0.09795565997518703	0.12922332077406146	0.06225938443233469	0.06270866110335403	0.10183371785632529	0.09424518834478343	0.09179336973689012	0.10163591732431562	0.10104991407305013	0.11742142664003064	0.11357144841152775	0.11820534415883138	0.1079531451496882	0.10068375614104799	0.2763777020884486	0.27568088674290003	0.27887702327324465	0.28288628802208315	0.29024531518553776	0.16264576689319715	0.13747538862165581	0.12065593785030035	0.11371161310001932	0.11218128041318683	0.15291885307589936	0.14895934857736612	0.13937841658413402	0.1497561682930239	0.15091036492599733	0.15998853186987227	0.1327155723130114	0.13193774976404943	0.13170067750217304	0.1284248547422862	0.14773220749573676	0.13059212886831262	0	0.052842841725504235	0	0.07256898685348477	0	0	0	0.05475018705026882	0	0	0	0	0	0	0	0.06917796543652219	0.06735691509965626	0	0	0.08898727007124321	0.08987050754647258	0.09331955799324206	0.08856160681517333	0.09370291440713087	0.0913915716787439	0.09020055959124035	0.09046300509007908	0.09817163518676855	0	0.09090298674401628	0.08493683577728797	0.08653146380729597	0.08799783387224841	0.08404977203362343	0.08904658087116848	0	0.08557226425342494	0.08095171385525086	0.08729190497484782	0.17189963649617104	0.1674912966217627	0.1440002095512233	0.16386316037484067	0	0	0	0	0	0.10890699180565255	0.10490229104034907	0.11186070204312076	0.11542354855054213	0.10862879756603401
3300047160_939	0.036036207039024284	0	0.21967080565003244	0.14578774143781914	0.081985806721079	0.09220298809387897	0.06896194863513903	0.06928356865863029	0	0	0	0	0	0	0	0	0	0	0	0	0	0	0	0	0	0.08259460056827726	0	0	0	0	0.1320904439732172	0.13123164144869534	0.13388198682222557	0.14427336439300303	0.13714780696167475	0.12915085990444508	0.12327377325224427	0.12310840167680433	0.11224946433966065	0.11499026628641171	0.11316341456276222	0.10257983948858207	0	0	0	0	0	0	0	0	0	0	0	0.06798616095263675	0.07754030308392969	0.07020310738821357	0	0	0	0	0	0	0	0	0	0	0	0	0	0	0	0	0.3582345330097969	0.36391609126703167	0.3631416194721301	0.36185305759568315	0.3599050047160394	0.296028739551605	0.3013526860130186	0.30558274995272233	0.32065192746557725	0.21737271720048681	0.2174262106136056	0.22721951655758393	0.22903243224780073	0.14463727073537463	0.14467689374650192	0.13752098826911358	0.13676051119577393	0.13171851145288566	0.14445096976787908	0.14490002489834175	0.15178108771596888	0.16139940527504854	0.1612962928808495
3300047160_946	0.14821829581048007	0.17924147749225275	0.21528261617450142	0.19446011135839522	0.14592763661026845	0.1769605177506555	0.14029238834758806	0.1804941940322318	0.20212702703914523	0.22865883776046342	0	0	0.04363871289319649	0.05708642776523724	0.07847377492771418	0.09774129014662376	0.11567583909320792	0.129610095995284	0.179407707514511	0.240825869758869	0.08421883071421074	0.08857089428947364	0.09205005688009195	0.09843590598134261	0.11194188954840396	0	0	0	0	0	0.07608799535930684	0.07490126844901927	0.06081503481798696	0.05597353715927086	0.059661624846527775	0.06277733611585072	0.11251103677187853	0.11180519520139394	0.10529248431549276	0.11229029357201056	0.12505417024940574	0.12003295897851	0.056003019205882694	0.06502651353670467	0.0672185564522059	0.07809571162393812	0	0.04569398144425964	0.05036246040450132	0.054390526127648865	0.05922351923698041	0.0743045952098784	0.09024659862078191	0.06893392937910671	0.04501728853509434	0.048037501729413956	0.046987232676588296	0.06335372677744819	0.06785762114907842	0.053059684708162795	0.06168192867613779	0.04024108964848668	0.04769089750939735	0.06317493754160798	0.1018033326576298	0.10418967610256956	0.13578676746333251	0.1743863542672848	0.1340696024635359	0.14001536904094117	0.16724999997907625	0.20727879030726554	0.09556245436077103	0.09009583918456912	0.08995224742035615	0.0904252055458814	0.08854272391356191	0.10516166323525225	0.09843487889775926	0.08494277484695031	0.07997242255898507	0.11876205571635147	0.12631108723624065	0.08979290565467414	0.1112928989679338	0.061191515196332605	0.06338171727849395	0.05950105214764361	0.06219539400779781	0.06555583252093412	0.12113871606928932	0.11178121063410919	0.10207439181189419	0.0876348038678777	0.07811205630219208
3300047160_949	0.057736857993311845	0.04486531703993562	0.07226429544752243	0.06858599138003005	0.07271069056867513	0.07871947918788268	0.07148023545227246	0.07939752027110615	0.05879756654987285	0.06296179958041685	0.14985614283254817	0.13305686825272833	0.10179657295257573	0.07511323188920971	0.061118148555691136	0.10517653317759874	0.0936046748244719	0.08042318362566807	0.07548851525335362	0.07398944859539937	0.09759227228970738	0.09171939781296351	0.08917356179951832	0.08592724034035361	0.07884960606186486	0.13200205082443436	0.14646513730339933	0.16104034199394227	0.14766518450584162	0.10962910386275407	0.050063786283596645	0.04654771702022653	0.04270230233380502	0.03998183410648857	0.04198163792291118	0.0444007857373689	0.06399513021499573	0.06699212664456665	0.06259242428246893	0.06495329746235082	0.07426082903744105	0.06652255065071772	0.03473757435042001	0.039333340550763506	0.04302122189698664	0.04841038227485591	0	0.029875053715833252	0.03362009508354053	0.03621922872208586	0.039871775509019644	0.04378387778100429	0.048283956509709555	0.034717459121380724	0.02602727772410832	0.029576721640110035	0	0	0	0	0	0.093352973543364	0.07090262293657075	0.051593637955882156	0.055218028055892376	0.0939355706211755	0.07726432529484777	0.07368372699620933	0.09977851841847954	0.0911104363281888	0.08458175428874076	0.08580268582102031	0.046454977827589804	0.045034649672746875	0.0463454542623061	0.04724238665145693	0.04659061566363575	0.04937243634817133	0.04603120630837607	0.04327397664291891	0.039267827324157484	0.05394197785967458	0.05459586564523159	0.04148127665366966	0.05204661932620292	0.043061846500294675	0.046325743505334804	0.04535254328870025	0.04461051818904958	0.047688597019707984	0.06754339532361427	0.06190948551564677	0.059637569873419595	0.05931090165284229	0.05413212711950493
3300047160_950	0.014552027215628512	0.017134107384211346	0.025352449201389522	0.013382683981578611	0.022108698328310184	0.02914588445916906	0.04298609355205247	0.03902666624941629	0.031949264052749116	0.029112197768341203	0.0443282718601441	0.05167672353870794	0.049808944181886715	0.040180784855157206	0.028194179870688292	0.06347119014784572	0.05642991361490158	0.04625796229821398	0.03672609994411981	0.029886634242440344	0.1269544034289336	0.12537363175094324	0.1272755351531777	0.12330510820558029	0.11253077377130907	0.03924299713550949	0.04940215771344434	0.05965615043762619	0.055807484314747975	0.04945273394624315	0.0667725729180414	0.07102852080964075	0.07092841502062025	0.07249003455429771	0.0688907152623471	0.06446692297820177	0.04119524939012744	0.04094672495688195	0.03815151383294589	0.038319016942563094	0	0.035412764113809836	0.023628545301569524	0.029936343561217008	0.03440860332750285	0.03477614862583282	0	0	0	0	0	0	0	0	0.032268325541248415	0.031215698300695947	0	0.03884048683340728	0.036125883157235174	0.03720089728816031	0	0.03738691710286144	0.0313602626433477	0	0	0.03526785469780214	0	0	0.030369067445013685	0	0	0	0.038097090232165384	0.039055308382369404	0.03660457270096151	0.036102649988724096	0.03679996804683941	0	0	0.033064630276255995	0.03603927895953774	0.08333972632405531	0.07914504788372168	0.09194875366592452	0.08786590221659701	0.035208202126729045	0.03404748116264295	0.03399777759924882	0.031429315885874075	0.030500772887084703	0.041241327709131144	0.04406151452750292	0.04633142718287827	0.04934325327031515	0.05060651156193419
3300047160_952	0.12121267012581202	0.07627647010413438	0	0.040216069310242825	0	0	0	0	0	0	0	0	0	0	0	0	0	0	0	0	0	0	0	0	0	0	0	0	0	0	0	0	0	0	0	0	0	0	0	0	0	0	0.3466315564522748	0.2540928740196918	0.179415050448509	0.12720583199464136	0	0.42799144958783586	0.35168870508857925	0.2639166738935677	0.20326119202067144	0.1462698017239426	0.11542301548687763	0.14339629301009135	0.1377797886394131	0.15172664250953805	0.14769842815895096	0.09424295869875646	0.09358765193569907	0.09229197556471638	0.09306752201311397	0	0	0	0	0	0	0	0	0	0	0	0	0	0	0	0	0	0	0	0	0	0	0.052296136120366814	0	0	0	0	0	0	0	0	0	0	0
3300047160_955	0.23411980842762353	0.1364591892003561	0.036184418320692836	0.04109331326224159	0.043382777606695774	0	0.023309460787540055	0.03418421986669344	0	0.025070396212293733	0	0	0	0	0	0	0	0	0	0	0	0	0	0	0	0	0	0	0	0	0	0	0	0	0	0	0	0	0	0	0	0	0.25270564760228925	0.20663040025164928	0.16028796957353889	0.1354119531254329	0	0.22566410880635732	0.19605464109044385	0.16107666714993168	0.1343986571711464	0.12288602951784043	0.11136136339095311	0.0945378860195554	0.06132999255537082	0.06862785320779301	0.06721471997383112	0.05367104025171379	0.06408250056834149	0	0	0	0	0	0	0	0	0	0	0	0	0	0	0	0	0	0	0	0	0	0	0	0	0	0	0	0	0	0	0	0	0	0	0	0
3300047160_956	0.10355724034859845	0	0.22644180155190935	0.21162861016180834	0.18665351000576855	0.30999173764539567	0.24560590392235887	0.3640005874556622	0.10381425242530307	0.11866049942890128	0.5615497146550354	0.41050919647191386	0	0	0	0.4558900188011016	0.35709373451995924	0.3218069140388324	0.2802479737374094	0.21720175817293705	0.5461138789413441	0.45164059515267563	0.38741377757572226	0.34005313989890257	0.2978329090567748	1.2568889447291607	0.9842469099649854	0.7275378673872006	0.49568883177263084	0.3127789116954057	0.23350930406916245	0.2446858034970662	0	0.23240088886824478	0	0.2335279592190298	0	0	0.2392503015472585	0	0	0.21291777270204265	0	0	0	0	0	0	0	0	0	0	0	0	0	0	0	0	0	0	0	0.37593840015477986	0.2672997812484234	0	0	0.3472073131358513	0	0	0.26487476040463465	0	0	0	0.2074726782871808	0.24208857007821122	0	0	0	0	0	0	0	0.2691275258516215	0.2518234911745807	0.19878685642251143	0	0	0	0	0	0	0.2932931736958505	0.26595168407053227	0.22891231492799205	0	0
3300047160_957	0.17258535560026764	0.15934028847498116	0.14526191305744846	0.15220678284863695	0.1689202048836682	0.13289880396617887	0.13491545191611085	0.14055406657147287	0.17209831512118132	0.1675638988923076	0.2289623751966593	0.28115605684990624	0.30687576482646534	0.28995069670099244	0.2234470563189269	0.25810946962917997	0.2623768403854418	0.2369675860614973	0.2022980888250338	0.17082038709039826	0.2610249292369487	0.25920217476228935	0.2871955583764984	0.2852773295025155	0.27135144019559404	0.11729437368190132	0.1775177330105131	0.23787054874984498	0.30302343146223376	0.3391570601455666	0.24061647756895557	0.2644873500267311	0.25809140511648027	0.2713898342398619	0.2806973477278487	0.26664998715459265	0.2229746974505696	0.21963863416154436	0.22269537358842792	0.2243263724080109	0.21771745707391885	0.20760441368454174	0.18793504256821725	0.23166620272754776	0.2787581586172113	0.28596450816577745	0.44545323698120426	0.20030812501472553	0.2362175613867642	0.26365293668429696	0.26567581342211516	0.25625319094514587	0.23958248663150566	0.3059307204631412	0.2929511716747974	0.32117732530453913	0.33934570094586364	0.34016109762566227	0.3457418575584094	0.35875055289128455	0.3616453501665711	0.35893883142707456	0.3649202262959425	0.3254479088668154	0.2618632852270325	0.2259437545273853	0.21729653523228687	0.19339737889854025	0.22172842502761098	0.22132492584045807	0.20806267363111863	0.1887013098609104	0.24160569343455698	0.23868741997917284	0.2439059829197646	0.24693563905779933	0.24426128783203555	0.24570380254613594	0.2463205832479408	0.2563733330039493	0.2570445244228131	0.23529221797109948	0.236235549583871	0.23973288494434317	0.25745418992500446	0.300048933706598	0.29867559437684377	0.30591023571363685	0.2894172421524824	0.28747401916206783	0.20127722960975805	0.2027565747041562	0.22243675639875907	0.2316314273605924	0.22995069586321787
3300047160_962	0.11677115087014138	0.11381056828032492	0.26098729802083787	0.1867034121609449	0.24166045319380328	0.15432627247562114	0.15660035952672827	0.17254932523244415	0.06529798117411566	0.07073295325091504	0.17308300219356132	0.14228075571471405	0.1235318367470806	0.13103540620802923	0.16052876990170026	0.20446155119954393	0.19567580008348137	0.19481894384559664	0.2118549728716667	0.22412914793702235	0.15954524523475747	0.15549025963902358	0.15033326802086616	0.14161982542201995	0.14711718132146204	0.13233426086909097	0.1328029827669751	0.11424757149446924	0.08375906753612512	0	0.12839102179638678	0.11258173342626326	0.09711977163836026	0.10198212520596507	0.10464387453242255	0.11643723966369907	0.09434581692143157	0.0970132726373506	0.09628302620677555	0.09528699001660397	0	0.10503689404844582	0.2411267753432329	0.22586436582136232	0.19367969972396762	0.18845029894878704	0	0.30043543443862514	0.2726975084283163	0.23113117789062243	0.21705384656302407	0.2142678848840685	0.2211416938043212	0.0801802358453489	0.059285910902293015	0.06683551345955298	0	0.08279805354148002	0.09272509033657014	0	0	0.14928773531858752	0.12582072138841002	0.11750712531973999	0.14987189182504884	0.1328664541115225	0.12442673613371842	0.1269288553717782	0.1488462877664672	0.14502205808747645	0.1377678584810499	0.15009971347172504	0.0935060005231246	0.0947650065071607	0.0921781673838074	0.10146311159305278	0.09773170757593629	0.19409203434153452	0.18129952718723452	0.16431650220567945	0.16323539745358392	0.18067126714759385	0.16962743089984958	0.13755159723862131	0.18257934542040472	0.15795942705739502	0.1661720918212033	0.16149740465419324	0.1670228320354948	0.17382979842289442	0.13931296588137967	0.12532460277750254	0.11550694057888305	0.12935185265215476	0.10990296533328353
3300047160_964	0.06996001702042658	0.03410254950273108	0.3362656709112529	0.1942461707912275	0.15765426475591152	0.13753827754101317	0.08797143323396918	0.05997980609999591	0	0	0	0	0	0	0	0	0	0	0	0	0	0	0	0	0	0	0	0	0	0	0.11331378749248411	0.1245469222422727	0.12384258581522249	0.11555289425974898	0.09996583195860519	0.08386789425706152	0.11446588198116138	0.11073753599480782	0.10021903869339098	0.09724353810311624	0.09537740992154278	0.08121533970577983	0.05956695170076727	0.04133573069433897	0	0	0	0	0	0	0	0	0	0.1426719651295089	0.1762590232792093	0.15841681250716028	0.14480146689222126	0	0	0	0	0	0	0	0	0	0	0	0	0	0	0	0.16617670465044912	0.18426311344044835	0.14967713281639497	0.16146541793635952	0.15262540257175733	0.35823620731132655	0.3324087868673702	0.377136011194329	0.3682967402414453	0.21654729389726574	0.19624161389794006	0.2043350369558415	0.17530437697462486	0.21252630007344187	0.20263738090155298	0.17682292322439347	0.14581422506389155	0.12817899803382907	0.1939585425021871	0.20193825094724677	0.21580694138439988	0.22253330945583658	0.21928073649725588
3300047160_967	0.10858041702144526	0.10214567082274134	0.14136909262159242	0.15489358710222106	0.11854257030798072	0.14959782824336107	0.1671020015036901	0.1583208167017275	0.1322009011752046	0.1288818434123239	0.22915152944997325	0.21377311529042586	0.19259472405916328	0.16567647193756196	0.1292410852416686	0.1878554593518537	0.17007509394543333	0.14777041761625992	0.12557333835877385	0.10675184702022633	0.29059660996181	0.2855985793584558	0.27618506444125124	0.2706911942156566	0.2554572282835407	0.28739876174674805	0.2614583255061522	0.23963797267198195	0.21771850775120852	0.2031240959292518	0.25410143193480617	0.26238819529337526	0.2677540432324136	0.2710922032204193	0.276356252618417	0.2583066107052713	0.19688824303861363	0.197247844621568	0.19112865268914447	0.1919906329452847	0.1952551929196567	0.17624888567596567	0.15555752773837975	0.17185513470202926	0.18155675492065163	0.18494910543126927	0.24759059083427612	0.14408779481634693	0.16494455682456033	0.1665099944023047	0.1736429618745332	0.16307792253156367	0.14937789714209387	0.18024948934874324	0.17191727375201823	0.18433348284881526	0.19131826102831181	0.18005199832668886	0.1889820605227499	0.18764904202585087	0.19114214264710477	0.18652278393271995	0.17063851277020317	0.14367362243897272	0.10844659181728654	0.16976508331352438	0.13915583562145067	0.11916368840264259	0.17657016842409956	0.17176452027498712	0.1574291747586003	0.13781319584475468	0.2112250567862366	0.20431690089399618	0.20558752614976916	0.20992793842032226	0.20673661586272427	0.22421772943433224	0.22627664689608248	0.226472801379285	0.23889710796814365	0.2593410310551634	0.24908882824689602	0.24623335338859417	0.25988179933874617	0.19828076775539788	0.19196784266197955	0.19060602836508253	0.1871260784884464	0.183412747761911	0.20920106978061054	0.21600642012453097	0.23001965002795657	0.24427771558225447	0.23454274657704396
3300047160_968	0.3342635427403677	0	0.2344936512157442	0.13958826289014442	0.24127852061186675	0.29666150694023424	0.3415016852422659	0	0	0	0.4767909279406545	0.23714578463913688	0	0	0	0	0	0	0	0	0	0	0	0	0	0.9492463566292895	0.663881042096765	0.4046424791067986	0	0	0	0	0	0	0	0	0	0	0	0	0	0	2.0513591493098415	1.483243059621758	0.9337140464340575	0.671008006147942	0	0.5819442342921878	0.43771341355180426	0.29536859915945246	0	0	0	0	0	0	0	0	0	0	0	0	0	0	0	0.3254294921777267	0	0	0.34562131521202005	0	0	0	0	0	0	0	0	0	0	0	0	0	0	0	0	0	0	0	0	0	0	0	0	0	0
3300047160_97	0.1475005058820539	0.09789912299735579	0.10819188086610695	0.15873976696034298	0.2141398822958087	0.13595314975510622	0.17932405375871976	0.11419380723051488	0.24348783433636412	0.23968137388981253	0.18825964665071096	0.1827298418513624	0.18500046318138988	0.17348806507621628	0.14837388934012666	0.11022678243417477	0.10852660053390428	0.10188647925125477	0.09094887953378691	0.0770322543261835	0.11618047098231742	0.10769566289622742	0.10524717049211949	0.09532618826720142	0.08796368362034294	0.20488510132753668	0.22350195399795186	0.2166543891475806	0.21070908977465896	0.21463610270271932	0.16177650961510168	0.15992610643914085	0.16641647940201804	0.17507502887756501	0.17858556046527696	0.17904183440997423	0.16205147148151886	0.16618664121410023	0.1588239331470208	0.16157915571743156	0.16953785890327946	0.15667883302312902	0.08902966466925463	0.11243687484095582	0.12984884979247704	0.13986909752692134	0.19241190279234008	0.14092973176213422	0.16358297542539807	0.1816379452721106	0.19059242969396073	0.19207442838963887	0.18756299848556698	0.2028080829870602	0.20883107112759747	0.2077934877202382	0.2131607514838125	0.13939886201660648	0.1410157507999124	0.1480524143508413	0.15108675132172195	0.20678098101549694	0.20301421166186018	0.18982915091339123	0.15707483104917475	0.1952914358980545	0.1820983193844095	0.16528988882614712	0.177612894231075	0.17677654393426312	0.16726343252502646	0.15622131764835206	0.20216397984333087	0.20270455898650902	0.19817100055558018	0.20095354019733663	0.20402887327480473	0.18483907828705193	0.18520485110015963	0.18796520718492418	0.19057232765026882	0.11246848222772213	0.10983898232063756	0.11420320677511893	0.11617374380276353	0.28275179337916834	0.28107720721098145	0.2797769895616531	0.27942351895735706	0.2792585946649619	0.17510963038144495	0.17656897280173506	0.18257996759397896	0.19053581528487154	0.1933379473851593
3300047160_971	0.056132491800169555	0.07737784073046901	0.09544932591178337	0.12311476735102232	0	0.08464446315608459	0.05710272426021983	0.12286327668637213	0.10409994450681218	0.0977003985396842	0.18154217141360907	0.23239500440200256	0.23358524383260493	0.19643450043610963	0.1264349134154884	0.22505276666323942	0.21826763926989629	0.18370572980721983	0	0.12046279613748268	0	0.11972398312830139	0.1325170327401712	0.13437146542774953	0	0.09925827829916174	0.15384373508367705	0.19470402970565695	0.22286333070497866	0.20554138418087978	0.3036274639864606	0.29565628762148544	0.29672519758405574	0.33089603085651853	0.2913371865906126	0.26491085812042026	0.2428189995855175	0.25571282022460773	0.24293310392189105	0.24558923271803876	0.24134353376462273	0.2029191288412733	0.11167560225672941	0.13896509514240402	0.1581954769273857	0.15626524360258381	0	0.11414557159611931	0.14054599031734888	0.15870822280307095	0.1531366338770005	0.13236491647167276	0	0.13572952525441104	0.12703635110140157	0.14597622809989796	0.14044349670624465	0.15534151384081618	0.1638903564033022	0.14946512478124757	0	0.15397428447428302	0.13065110480693273	0.10928831902098299	0	0.14674053249911995	0	0	0.13971264615374582	0.13945166458122898	0	0	0.11438307681492699	0.11407824445731202	0	0	0	0.20831700656107932	0.19760932589935284	0.22969598012500383	0.23846341383245395	0.17268835864400342	0.1613840408253914	0.17150681065056353	0	0	0	0	0	0	0.1452611395743555	0.1591384550340988	0.16822723596530623	0.181968037238812	0.17570911199176173
3300047160_972	0.13363746830950124	0.13383250195261057	0.1304711651385687	0.14472845098598688	0.1518058779087563	0.12413569368611842	0.1334585706991721	0.12804129209442053	0.16854353205947772	0.1729744368707511	0.046851414603408754	0.0577708098537968	0.06941385304883137	0.0931969695545224	0.14535529323879123	0.10255232454246116	0.1187719764438063	0.1408170252693719	0.1704279925456661	0.19507808260993753	0.08589710552742631	0.09285761417029292	0.09905449896927651	0.10937916153414251	0.12415586941959214	0	0.026986453248363605	0.039692621102409384	0.054470922041934024	0.06672169520194678	0.08890010395610685	0.08744802695212406	0.0804109444029825	0.07845477305380125	0.08404945220271415	0.09217637184930176	0.12300588687189871	0.12143401561815505	0.1232733508376238	0.1238207902851655	0.1351031389398565	0.1359776948531966	0.05993110691187361	0.06718612699170731	0.08002745638195488	0.08996186156852418	0.11935891689529021	0.06509809687017355	0.07557149731404852	0.08864527352753239	0.10023471771373113	0.11988234452269049	0.14146318928233323	0.0933562336752712	0.07744294929212261	0.0817585014422585	0.0840276390352776	0.09468652985028267	0.09758333471236419	0.09235954576713061	0.10533426382829017	0.07293014502957587	0.0874741220236871	0.12699506696485416	0.19744114580142347	0.12781225664671286	0.16727606127064346	0.19425103789801376	0.12138469514855839	0.13312254972988677	0.1565248202430751	0.17247464210654537	0.10495701002961984	0.09938400508807183	0.10349733853991078	0.10493870992403004	0.1078208561450376	0.10430729599728823	0.09904097000966507	0.09262757767079043	0.08890846840102272	0.10722123529613617	0.10984117712590208	0.10340994113548195	0.11467219517746288	0.10655090523248864	0.11124037033805789	0.11485665434150501	0.12154072178448107	0.13125907073456067	0.11424141955129671	0.1098691861545868	0.10086811442089727	0.09427177442524294	0.08913116600195613
3300047160_984	0.033749267809459194	0.0337541581628048	0.036018204592201064	0.04778045827372971	0.057830541542286354	0.03566050580829121	0.03773162252025652	0.02742881054876814	0.06575736931212274	0.06348507730100798	0.06569085242048162	0.07501446918245103	0.08405257946042727	0.07574006185871479	0.053437922287712665	0.0423253771136365	0.04124547736250504	0.0381400797991434	0	0.024390421627142847	0	0.026780764746052645	0.028062978474128104	0.02873832539128624	0.02779220788354766	0.03483121411318631	0.04542867259529481	0.057836719011171815	0.07561215829946612	0.09192021061078468	0.043558233007024875	0.04794400265059458	0.05017017764613338	0.05286527120126701	0.05258074585941143	0.05278161995590874	0.05660581125007814	0.05787444609681349	0.05797688314647814	0.05884208503463924	0.06050931350275488	0.057277386306108985	0.03864471711484627	0.04900183444371798	0.05877894984682658	0.062655770615842	0.09706217381378907	0.0423942396713961	0.050747251247215415	0.057861296094237555	0.06007784836998122	0.05535255854318844	0.04759345511168251	0.05919586522601867	0.05699715005234757	0.059612535899619866	0.0650413932250016	0.08524031960384187	0.08486223077201946	0.09071240110374529	0.09128315905368684	0.09393235064084447	0.09717276859029028	0.07782224162159429	0.0561084898735119	0.06660636604082601	0.06340609089387639	0.05651965311006754	0.05961917237378397	0.05970536034885105	0.05669697803303278	0.048970264396665186	0.05459933920604963	0.05543128754662835	0.055692969982263564	0.05739653280111728	0.05663092265636881	0.06584309489166998	0.06776671160589577	0.07170692050342735	0.07522753257824366	0.03750267539120183	0.036581380545491905	0.03906852757804031	0	0.09812242887783974	0.09765915078641288	0.09790174843422746	0.09711385820911596	0.0906190455683509	0.04740564002811309	0.05066564455986556	0.052114408601590306	0.05710154583154026	0.05726943854331119
3300047160_99	0.08108027723755268	0.11217259417739213	0.07837171851255721	0.10423716337045622	0.11630043012965667	0.10450870254982408	0.1439824809962275	0.11649349400089065	0.13199856474755634	0.13375338543917237	0.10061937549315048	0.0948571707816519	0.08817741472477221	0.09235143636975979	0.11893454729562157	0.09135559083313878	0.09190302229779918	0.10018067515609706	0.11179381317665517	0.11283741326711721	0.15890155947460805	0.16101671064137232	0.17211612548116567	0.18297033954635966	0.1934297023418178	0.07579259052834371	0.08026251826951122	0.0855364178500861	0.08465090827480537	0.08591155315811964	0.09038172685993605	0.0862036525459066	0.08095447272943808	0.08166146071212683	0.08390199218183594	0.09103745609656327	0.0930699384992771	0.09300446271578097	0.08830517255386083	0.08953770655798829	0.09928679237021536	0.09586949081050444	0.04932993592735495	0.0573414439759329	0.06432980305989082	0.07685160776450414	0.0941256625104574	0.052303680101476166	0.05971102613564142	0.07259461195020446	0.0800597343043104	0.0915918749807212	0.10749454946311285	0.0577846393915102	0.04865007902691622	0.05005851612728868	0.05196699663593137	0.06638284504740763	0.07281270405766231	0.06600305848785253	0.07736220923989762	0.08401634808517208	0.08364727000199197	0.10136944507581273	0.13425820737978472	0.12595315269894616	0.1418702634033631	0.15139667753713684	0.09758891146835622	0.09873293743836589	0.1066410354722612	0.11182643232113351	0.08144767430719713	0.07671987702517351	0.08423862657488017	0.08341709186189636	0.08334299576156086	0.0936485155665209	0.08999914660267472	0.08366903978758447	0.07858480123852282	0.11395674443441621	0.11083442357870306	0.10180156680593491	0.10983676869546148	0.08582939016992036	0.09112580973452068	0.08905166249249008	0.09616145415095281	0.10125744978854646	0.09354757711591634	0.09351722400999476	0.08684604697638516	0.08654597920528939	0.08230161282272075
3300047160_990	0.06266966221518731	0.07862776559583504	0.1351354598754492	0.0662533928658261	0.04695874108610224	0.08268468219264295	0.06001281157008308	0.11072770076766	0.06868405799149026	0.07381885263033094	0	0	0	0	0.041271686239977595	0	0.06057434631221093	0.07081270619408322	0.09357224292147741	0.13644553199198128	0	0	0	0	0	0	0	0	0	0	0.05388653837796993	0	0	0	0	0.04484901172655404	0.06107492200970613	0	0.05873767935637658	0.06239055774961844	0	0.06717824943057867	0	0	0	0	0	0	0	0	0	0	0	0	0	0	0	0	0	0	0	0	0	0	0	0	0	0.06749980543656438	0.07513961825156816	0.07669473830083567	0.09217180092570841	0.11675699004432696	0.04934368068168829	0.048236759484779915	0	0	0	0	0	0	0	0.07564108752725374	0.07678145496405983	0.060831021047870026	0	0	0	0	0	0	0.0592428769718962	0.060319618129169854	0.05107681697316242	0	0
3300047160_991	0.13362010965569773	0.1101658506772771	0.14531169073507846	0.15515035114322348	0.17625186154192257	0.16280309039597898	0.1973538518699961	0.1491690640547172	0.16915473956927188	0.17065875014005233	0.28096291610684987	0.2075858661775533	0.16544289962429104	0.15994136568564957	0.15951518620140046	0.1591736383425195	0.15020881109096815	0.13806748948709494	0.13794973297754895	0.13485900028081416	0.22099704062860812	0.20509615126072506	0.20466166627513063	0.1944084873986952	0.19126898691305744	0.34057762742477177	0.3400288362292064	0.28036135381254385	0.21522530152703243	0.181404780422349	0.15849714803156922	0.16014934721230617	0.1499341190429002	0.14697137017439735	0.1589916180155956	0.16549665649525994	0.16394305926620203	0.16553964105497074	0.16123737992393758	0.15873917160410836	0.17893277935968552	0.1583256530646535	0.09021714210370048	0.10243665392072883	0.1082058200423434	0.1193994599794655	0.14579858546382635	0.11637973263561115	0.13306262044402106	0.1442534218594624	0.15895402165569697	0.17479272203661603	0.18658980236829675	0.14247171620230764	0.12857110256728416	0.1353592601987274	0.1307795611850538	0.121768746822509	0.12198360122999019	0.1244125140159393	0.13126798788235428	0.17761889370214015	0.16575894437551836	0.16839005053116052	0.18089467252080502	0.19628091198909958	0.18482080669063777	0.1857871784400324	0.2157605145990134	0.2081819041016003	0.20554623296479255	0.2108115740057094	0.1821619997077614	0.1762304981220662	0.18283443761609006	0.17468353910151202	0.18430498139798715	0.17859300562271513	0.16733282997445945	0.15876897673227358	0.15412801739773194	0.16576465734715204	0.16268114543710838	0.15184009904578852	0.16742178296950122	0.1854333174464069	0.19212752683271872	0.19374506650951714	0.19487701984831476	0.20615749212206624	0.19043026504663196	0.18456083825514008	0.18886825101578814	0.18802513049991654	0.18159687282533854
3300047160_992	0.22958609146694803	0.2714026925082988	0.24217058233492755	0.21916361950687982	0.27491393742826015	0.314947407745288	0.2714752989806008	0.2512980370390374	0.27756945939075517	0.3160633501085793	0.041332172492439624	0	0	0	0.05599508056578241	0.06871363617963389	0.08546561858536066	0.08599932998594464	0.11093157546220364	0.14901759281871493	0.10566739540188677	0.10476533783699718	0.10882176297725413	0.10844186808733586	0.1202442102024656	0.03915783025243012	0	0	0	0	0.07528121141969632	0.07708465013322398	0.06161798216957567	0.055141776912577795	0.05422166570328988	0.05537380310414437	0.12319236352774947	0.12555305658159682	0.1177280930406946	0.1231350431731066	0.13695000337985927	0.12465460263410251	0.05525039238741636	0.05959524261614486	0.06396716683802597	0.0756473957935965	0	0.06444015342978843	0.06790457637887759	0.07146996813705524	0.07692613107366586	0.09439158684601547	0.11422688043916582	0.08160649490583884	0.051448921305205314	0.057989204031450456	0.05601624365724886	0.05744232050916335	0.060435326851659185	0	0	0.04648598316107258	0.04721737510783572	0.05133379919318678	0.07200885906914124	0.17269914888958202	0.19211002616205	0.22105615262457903	0.1476012393245023	0.158175992855581	0.17160141381431146	0.20807115064844167	0.08540817896169661	0.08747556606371776	0.07662107771594452	0.07884640558192113	0.075189362061243	0.07925662249633786	0.07214812497303656	0.06506636868431905	0.058666213694566344	0.0926560548497111	0.1008286009812908	0.06621477459835823	0.08372932931642334	0.08179857487699918	0.08193905709093757	0.07722881209446499	0.07462401853433417	0.07270899886432097	0.169662054209923	0.15178144961041024	0.14484069137012573	0.12675865527593647	0.10742228172805565
3300047160_995	0.4007324563098941	0.6175639255616481	0	0	0	0	0	0	0	0	0	0	0	0	0	0	0	0	0	0	0	0	0	0	0	0	0	0	0	0	0	0	0	0	0	0	0	0	0	0	0	0	0.6545005990742353	0.4068271741432306	0.24436333425329812	0.15617330756247721	0	0.8073399689005245	0.5045154772518001	0.28959883661241076	0.18281591786286955	0.1255313602756045	0.08726405146831093	0.5582848928940107	0.60413316625482	0.5774696157675501	0.6049220409984677	0.49549471111724364	0.4762505747634322	0.488010150828865	0.46240927265029697	0	0	0	0	0	0	0	0	0	0	0	0	0	0	0	0	0	0	0	0	0	0	0	0	0	0	0	0	0	0	0	0	0	0
3300047160_996	0.10611598423894446	0.0915208316412013	0.11493178346421297	0.12013451404857653	0.12188753334896826	0.10692449346694746	0.10974094452446102	0.10621808197720459	0.09722360200748331	0.10421879752375002	0.07880281755075141	0.08702571490240736	0.09024593426841893	0.09272603322159943	0.10884518807101287	0.0957492813583973	0.10641839121498264	0.11144977563107945	0.12631848701387488	0.1423122461093483	0.0573279089184188	0.05889411809199632	0.059743119010718285	0.0599785257615733	0.06420916943893093	0.0345891846685738	0.047889455346012154	0.06205470475629382	0.07468034449755377	0.07735525651588478	0.07295504270662796	0.07062283341668374	0.06202790674591052	0.06126289697279576	0.0634538519373256	0.06690873071482599	0.10942924881507583	0.11174974265605525	0.11008030079247848	0.11036634129046372	0.12819785922745572	0.11608204548734331	0.05676399266583426	0.061073264733168285	0.06949897066542308	0.07956173425048371	0	0.06865717896348557	0.07741742505320452	0.08298028386899549	0.09326975122965211	0.10722526113293324	0.11921962869495273	0.07178208329538957	0.054664450028814024	0.059566799331724304	0.06264523630460771	0.05602410299751369	0.058253292946379376	0.05092394008702909	0.06037383949584376	0.06213638176835929	0.06505473323228902	0.07498505935090377	0.09722731472822319	0.11707886797336367	0.1269243408685588	0.13664998553605054	0.11406975406555045	0.1126908350244186	0.11695950839844615	0.1307056107437596	0.06787297866922552	0.06458524239101944	0.06758623401569466	0.06685442192009765	0.06527091881838906	0.07610811841386202	0.07084835184449766	0.06418497427025172	0.060676176842876454	0.07559512192396739	0.078548462711383	0.06329971415450625	0.07280431128974098	0.07696450330705876	0.08103850582948363	0.08018661455431664	0.07960937750248875	0.0843551764288328	0.09798055150607636	0.09469371090192348	0.09164381462145339	0.0887391899346788	0.0781402024696109
3300047160_997	0	0.054849784699733665	0	0	0	0	0	0	0	0	0	0	0	0	0	0	0	0	0	0	0	0	0	0	0	0	0	0	0	0	0	0	0	0	0	0	0	0	0	0	0	0	7.373328831974538	6.172492192774015	4.857576390858083	3.5258670133003274	0.551165573137889	0	0	0	0	0	0	0	0	0	0	0	0	0	0	0	0	0	0	0	0	0	0	0	0	0	0	0	0	0	0	0	0	0	0	0	0	0	0	0	0	0	0	0	0	0	0	0	0
3300047160_998	0.05419990404328648	0.048476563889536355	0.049883958917895245	0.03495461866128506	0	0.05263638061966928	0.045653681874427476	0.07196538069662624	0.05563393940782507	0.05537307657149951	0	0.07446310009251378	0.0851146801452105	0.09317206552536635	0.09133657081579476	0.13712702230946083	0.13930590327037423	0.13885537321810706	0.12300236444290517	0.11364654213178746	0.19980496089991398	0.21332462297587435	0.2260554797713737	0.2477826108011691	0.25795053224911096	0	0	0	0.08171519045306647	0.08811007801257177	0.09838327688297376	0.0995628691690241	0.09722898659739436	0.09859703427891574	0.10527935810702091	0.10997536380552382	0.0981037261069008	0.09246955071002358	0.0925895108800729	0.09105581923813649	0	0.09207860860800349	0.06339711290849258	0.07908667227604353	0.09817850445485196	0.10358782874091556	0	0	0	0	0	0	0	0.07417091701771482	0.07545512812791352	0.07739817998505412	0	0.08229802404808906	0.0832724684036941	0.07859521240196544	0.08531054972772366	0.10450122441531146	0.1238972281524361	0.12178231259061931	0.10867032824738872	0.07593848295681227	0.07519910829479275	0.07404729986253436	0	0	0	0	0.07832413097334615	0.07345959191933542	0.08575560776854704	0.0841482372192959	0.08616764743108847	0	0	0.06919429976102755	0	0.1306842378948261	0.13007797957613595	0.1271124558658195	0.13846714164529275	0	0	0	0	0	0.06649556792314545	0.07094819691674487	0.0685819605140117	0	0.07734290443515301
GRE.SIPMG.052b4f26_bin.20	3.8293957450199096	4.238184112363749	4.092876141883962	4.3719281155678535	4.43051441686146	4.077399350238849	3.8464489962437107	3.9532306944649465	4.399374960955966	4.358550214876317	2.468515514324374	2.4043870870494195	2.5299719665156526	2.979499691536029	4.069050606658905	3.529566030504926	3.8916195146238035	4.1758578003491635	4.916515572958779	5.256623735870282	3.084469258283292	3.171819826678001	3.284813327829164	3.399154105203144	3.6860376775609027	1.2866652014721733	1.802532712218027	2.1111117912807758	2.291223837848796	2.440611972647675	2.802582238069902	2.682741205793196	2.5321906908924734	2.4109719114427244	2.545482353571816	2.8761976777301186	3.7047561679262317	3.626311954595924	3.6951269170966623	3.7265695659329343	4.046949659461532	3.8119888201870786	1.8331545406830987	2.142409153446912	2.49480722967065	2.8614800215379255	3.15049533647469	2.144811998076678	2.478154735463283	2.810966159218141	3.198008942227419	3.6761439445114195	4.174835428508417	2.664133616289	2.3456450103902458	2.3333280929450027	2.396708003001064	2.5151410568246657	2.679304517540236	2.6012722926391514	2.857266414173075	2.458730096087898	2.840295071402114	3.5635412771693673	4.908515964087542	3.659561094845911	4.257828828200509	4.7062806227288885	3.4098277400710897	3.6728013321773765	4.005508511558683	4.465615396099664	3.473128450927697	3.4494603950174465	3.4842310189408146	3.5340897987160917	3.5983633918978097	3.4588448720059617	3.283212929690302	3.076475885018047	2.8717269956294795	3.3680391270908987	3.4258907809526318	3.096839679904911	3.4173362122982045	3.1253321779637515	3.201111343274092	3.1855595139795807	3.382182201498281	3.5367194551004877	3.6676642457499646	3.466973371150596	3.3468070898193787	3.332869048872025	3.129513434612838
GRE.SIPMG.066b5f18_bin.18	0	0	0.41126521471322913	0.16238185151496942	0.25308143181170445	0.48583632674804234	1.0131351814057654	0.29310429143675376	0	0	4.032058549299355	1.8571197787259452	0.7366220905159065	0.37985986085011386	0.1527529636560993	0.8177969695431023	0.7030385330410646	0.32374647981425575	0.24914810503694276	0.2089870549184565	2.7467703446798186	2.133082491495915	1.3167896480566652	0.7211534145021821	0.468888190741466	14.245663588775114	9.156145446356161	5.071298520473353	2.2966293345028688	0.8802156679911863	0	0	0	0	0	0	0	0	0	0	0	0	0	0	0	0	0	0	0	0	0	0	0	0	0	0	0	0	0	0	0	1.0787992626655243	0.4806250775113421	0.16759428122545317	0	0.9088519232602286	0.32178546649006307	0.24018490954221494	0.4662087772883478	0.2943094357487026	0.21020201884999748	0	0	0	0	0	0	0	0	0	0	0	0	0	0	0	0	0	0	0	0	0	0	0	0
GRE.SIPMG.082b2f20_bin.18	9.934632586693542	11.653808692014884	11.066094771429565	11.420751403481976	11.568574114841484	10.659023130830038	9.800665148237949	10.38016104194005	12.120167929265014	11.609629013983056	5.7607418593686255	7.600668148549432	10.292921201932149	12.791344894344597	14.605993912049392	11.737319009429642	12.806776435529299	13.948234019460967	14.57284635039264	13.98664623470082	9.12558017704668	9.643697783705807	10.281487092753899	10.851539585942586	11.547307957845023	2.185560368292467	3.913312994111837	5.8282720967131905	7.913433677375692	10.136537295608798	10.039098724036041	9.96007711043389	9.76071360060585	9.67786531394054	10.239751866517983	11.096266175766573	11.792185380292297	11.839109397290445	11.917373584261782	11.976875888597247	12.4599337063221	12.189783472247797	6.519589982380934	7.912033503717064	9.444646243623783	10.682777502669401	12.987886924576491	7.483393219106895	8.913073238814938	10.13354775639314	11.241124959053499	12.286382064708038	12.94742028053008	9.165529803398943	8.942156181908642	8.967714444458629	9.343008170734372	9.969105022180514	10.334466869886077	10.895650653433144	11.675385533804763	9.030180764379793	11.651422989098235	13.836016470173634	15.274054696057359	10.840403168117284	12.698234473556017	12.902561484017847	10.570677560561164	11.586473386878867	12.344712827039581	12.731029907309399	10.979547572265949	11.12080109207089	11.277612318911089	11.337214787150883	11.543685172620762	11.153930273271431	10.765812982328567	10.479057302038001	10.22967845809024	10.934928347165204	10.919152822165328	10.824800018001936	11.596463756951675	11.11704381579386	11.194358246856408	11.422832683984142	12.041065788254913	12.427165734974437	11.045562192572062	10.862804114689782	10.667787928100797	11.098300216757877	10.893654481113131
GRE.SIPMG.117b4f26_bin.29	1.0064912321525847	0.68408894797578	1.034796701673687	1.1000584268860176	0.9511095194842575	0.9636513042196674	1.1198974512462587	0.9605924546502116	1.4782174073671046	1.318513804343423	3.107243287303361	3.2955479616582033	2.4983333692717813	1.5480161035668687	0.8259029368764356	1.4581086827697767	1.165320039504369	0.9428100952200129	0.6448883434137131	0.4866808643751124	1.5606593727100226	1.5462202456474636	1.4769528454069625	1.3232622531666405	1.0588550744783833	1.8612345923489229	2.7265747229661916	3.490572311883928	3.0870093540915353	2.35973613671044	2.9201083218356993	3.1476380148158096	3.3697452288587844	3.3328275100503304	2.7914068681341546	2.07716346323753	1.8552078694711454	1.8536120795466249	1.79530428551711	1.705755481933283	1.504521735100795	1.405291612849807	1.4418795269459812	1.7003846719743951	1.789893650839033	1.6056130259360306	1.9347413455186393	1.724541831532558	1.900749018554565	1.8539328619109248	1.6076290870929186	1.2927575954455424	1.0681941479319568	3.317003628408318	3.914780944555919	3.5932073214945857	3.5418703068569646	2.6519745469100355	2.3955879320293234	2.235878716370596	1.8039971363887124	3.618099802071722	2.4153109826376156	1.485680318517549	0.8612471159841343	1.5948426939699931	1.2097862100973105	0.890931652275307	1.78372357796387	1.5961043772234778	1.3315876979284909	1.0286629215862093	2.4486520303010337	2.4762864831850413	2.4640821161461477	2.344605294642949	2.2013930935235213	2.451793657917964	2.688980844411253	2.933940285847226	3.240863082703809	1.9614324968391998	1.9216656510384444	2.2721994825380976	2.0819478645440834	2.7830208101494183	2.5948978492887	2.3867125078577343	2.048693286407965	1.713379987311094	1.940977295033862	2.156032759022535	2.361423061425492	2.525111943793887	2.532111721360486
GRE.SIPMG.169b2f20_bin.29	1.7576342093925426	1.9671489414544254	1.8703557584715178	2.011263237288788	1.9964162604710882	1.8354938687168716	1.753651987898593	1.810499790008277	2.0150335950117215	1.9508678406123428	1.2023624566602693	1.4043145919641902	1.715216641328107	2.102720788026071	2.4603117702516095	2.0523176939305703	2.1478780266511945	2.3249881296480126	2.4587580697529927	2.3506415118800783	1.7659860193140122	1.8411369243228892	1.9301488874715715	2.086088547016055	2.173575721226293	0.5610249746277655	0.8829964766380722	1.1913223748843516	1.448278070698598	1.7435171368320919	1.7191768732648542	1.6918299596634971	1.6724452102337777	1.6358088634999526	1.7490803511791844	1.8839046117202594	2.0410453931341177	2.066182234719257	2.0576411603632416	2.067179180541456	2.237289382366264	2.1303277539023573	1.1679582961254926	1.3903974309279443	1.6424470009755932	1.8553689841736258	2.2181215095857887	1.3168035515892118	1.584191103243551	1.7738874165899217	1.952198783864087	2.165782768736201	2.3426261049610444	1.609367394920174	1.504562784428688	1.515493107284374	1.6023985466457273	1.6355337437319792	1.670773826044534	1.7692219380313206	1.87647039423178	1.6676053454928057	2.048285637527833	2.457574847633086	2.7329846614466327	1.9361231000507486	2.238462049202709	2.2292664039471255	1.8363497526451875	1.9986629775283253	2.1180623367138813	2.1575661618886413	1.9355850125317426	2.217016400622067	2.0021309742985567	1.9729137945943869	2.0525986399075644	1.9420455418808356	1.8488242010610902	1.8139270583881304	1.7575857407940094	1.8724497376848646	1.8806020777200523	1.8366570866843648	2.0103152987624746	1.922759773138799	1.9428425356375207	1.9502401968533127	2.033152352303418	2.144045191971487	1.8961381753162694	1.839406776517194	1.7990123543049181	1.8964360086035292	1.8356098210882874
GRE.SIPMG.176b2f22_bin.12	13.598532424063508	15.92431236534062	15.270792285443086	15.832078304991025	16.190903917855515	14.652215373337674	13.471264856021087	14.035740430318967	16.909572570335584	16.01611132678276	9.50212721503506	12.642127873817477	17.05072737039829	20.589933202695867	21.980761628908454	17.67618693268931	18.97338367754946	20.27498830966505	20.178632337452587	18.43616155004185	13.370490175455807	14.126257502078815	15.072551127646605	15.810558230852061	16.526538543797074	3.7203180921286343	6.6182553037928225	9.760647406735057	13.282289823435686	17.059614790660945	15.272002252876643	15.116729090571754	15.180055535057688	15.21183683067309	16.08899696296516	17.309129723091075	17.47732739140348	17.439623045709954	17.518100751342118	17.627769274384526	18.150030988117432	17.758440912851377	9.980499505866677	12.257610987765245	14.765952926369083	16.465321685898132	20.501859835662557	11.557987437755179	13.745396151844322	15.620449395141314	17.214584620768044	18.36374311079333	18.77693641112946	14.20868650933193	14.19447811767779	14.12451571501657	14.846219054540208	15.849196829549445	16.32053964350683	17.560646365946546	18.576979124373985	15.137011316786205	19.005766697789763	21.52621844826081	21.837638245095658	16.101448940142014	18.326451526771532	18.060346886223392	15.914111417512459	17.266136097031755	18.041154431175546	18.0386480250259	16.489328220063694	16.621951097799222	16.996276647291072	17.103867423386696	17.295693905235645	16.683560473273076	16.28796245177627	15.987744962336162	15.778714198179106	15.966988571891658	15.92659741603153	16.294386445138382	17.168672796701774	17.73044652773935	17.728339561654245	18.108243163290236	19.00913594842764	19.601163433806107	16.04797860036645	16.061099072433073	15.818703537177662	16.686667933002504	16.66995528807074
GRE.bulkMG.LF176_bin.18	2.3356721590673093	1.6932474726819566	2.031273230997239	2.5822779389331996	2.8845853770098118	2.3039797764944225	2.6949721319400473	2.2316968375338333	3.208693437716137	3.1472944001660146	4.306861844651535	4.2256535840187075	4.174603603301368	4.071425988550105	3.355907750133211	3.0461553635798455	2.897207518698577	2.679506750888994	2.4306283095360595	2.025360779676708	3.1672880493652937	3.1902665042024396	3.2160114992785953	3.1793805725309885	3.120442055339505	4.04846893745374	4.570173301714976	4.644418603606969	4.648278160297052	4.726752461602288	3.6208219155076016	3.7043634935857654	3.780813907996615	3.9837671822536107	4.151038849783383	4.159626303372979	3.3843246950527033	3.4866036422342117	3.4776533289805687	3.4726616803614476	3.48465957328718	3.33983659122557	2.1887307681336643	2.607240543149575	3.028560073012841	3.130209178015568	3.833799003167962	2.680507224587342	3.0909694193951136	3.484266943301389	3.679613694133798	3.6291026002700724	3.358240638638603	3.8651917147808654	3.994348440600917	4.09055558005593	4.179619052685387	3.596663058521303	3.613429987467065	3.6469813391754298	3.7987651391413184	4.56987289552259	4.674945728052593	4.268043748269306	3.5266503805160583	3.9671777997775717	3.6252888474446694	3.3368394952707217	3.7502101702765778	3.614442402515035	3.534338850344006	3.215739081494889	3.614684611382806	3.6254517788299467	3.6594376795214614	3.7418551663093984	3.7835967770845533	3.560672571750354	3.52780641704095	3.6055635714563437	3.79757749093311	2.998711069619364	3.033592521785795	3.1487049733806187	3.278098237290752	4.315462482026145	4.416821421236959	4.512352325475341	4.628079988389784	4.608596058209821	3.360280668330632	3.420055497594983	3.622970473014217	3.7449913196353712	3.8156584291833293
GRE.bulkMG.LF176_bin.7	1.66734628523436	1.851857890621466	1.688327507170632	1.9211708591860788	2.038544244875359	1.663007717494917	1.6534257285000138	1.6327031146883453	1.922607998021325	1.8725645288074042	0.797778680130181	1.0256246393589727	1.362828437388457	1.7430547452553635	2.17039077594243	1.5924689003130976	1.7654695499268878	1.9581482251131224	2.130882603713688	2.1294591400823246	1.299169234777476	1.3549408820407742	1.4600907531732061	1.5287719506110502	1.6461366472921	0.2909844049971653	0.5139973223894183	0.750834567016105	1.0216264542440234	1.3115832738537463	1.42601932550654	1.385900987784381	1.3329823987763751	1.3195620328242275	1.3809363678404607	1.5367563805584854	1.8025741552661143	1.8147950154397858	1.8071948824212136	1.8130045259282992	1.9379970930173236	1.8664223485467906	0.9789785137254158	1.1664102030367056	1.3660086599775623	1.546719794879402	1.8574428573938393	1.1645330041411242	1.3744536289258464	1.5523596068564567	1.727535238483036	1.9525527459634417	2.1350124787111158	1.3561899518303955	1.2771201210946594	1.2834719097305254	1.3732398190718884	1.3583914895202462	1.4045314319486664	1.4841105007643245	1.583449523938699	1.2921131628783855	1.6439828149731723	2.0735613813007046	2.4733840210762073	1.6055484905992543	1.9004817776706355	2.0170756280292346	1.4432241532409071	1.578281106684109	1.7080943648980866	1.8021799803260117	1.6472948869410766	1.6349324825805207	1.7104020541470588	1.7063234924612554	1.7491483744560086	1.7129566331472736	1.6153415584741357	1.5763337909177242	1.5085657973151039	1.5304560379159087	1.5286243338311634	1.4860369525959813	1.6141686109421485	1.6900761480205362	1.7138214025989338	1.7413513106416534	1.822943006593208	1.9279052671977306	1.598115498919714	1.5667049611768828	1.5109096231010126	1.548739856588755	1.519363031643025
GRE.bulkMG.OX080_bin.28	4.734334531219416	5.100310959684619	5.420005007092484	5.634195475250364	5.63333413738412	5.088057179974043	4.961697556136695	5.122196992055921	4.8481720377455	5.034363605613165	1.1334169130799487	1.475033369405814	1.8032238342184994	2.081923712927359	2.843592639710057	3.1027777400692704	3.47221911240154	3.9414157403740178	4.825820736352196	5.728986855744736	2.6325148480021427	2.689403108511583	2.801579378592815	3.0003354027213334	3.2982549524938234	0.3425242444609211	0.6102851174829667	0.9572466913759144	1.3267817585787807	1.600105385996084	2.4562019917048215	2.313921299082465	2.0718576809507057	1.8717169042392707	1.9710348114602365	2.1341937060906493	3.491348920224978	3.4938721795113654	3.4901322132700354	3.510132644227996	3.9869918677024425	3.7839474530740818	1.5914200625076276	1.8018490450347666	2.0215813067621404	2.325055084278242	2.150738448624675	1.7907655572383028	2.0195982580978287	2.20658671393627	2.4698730458308455	2.9546131699092237	3.5260955305424426	2.2246200737420634	1.6603823709906387	1.7480473746650096	1.8467368839305947	1.7860059908647874	1.9241644944295657	1.8072271754494793	1.9610756831306548	1.6263601649842787	1.9371043747330559	2.540408334803032	3.8354888642152853	3.253955610896084	4.075869721769214	4.749655635293758	3.050418121300032	3.3613677399936233	3.7926938509885657	4.455242840867426	3.184426251433678	3.154487797940872	3.2075744337659486	3.1823517104148102	3.2528940360334593	3.164711001589899	2.9765906365720722	2.704932792652223	2.413143207356631	3.1729601040964894	3.2445282879823525	2.575112162751997	3.182831304570133	2.674032660231201	2.7307209298833173	2.686191280335966	2.697118651368654	2.829684769156602	3.49526529656644	3.2367296069367266	2.987126079554573	2.915006432104541	2.6488080401145018
GRE.bulkMG.T000H_bin.41	3.2556661480843103	2.6654982296949568	3.232251666370536	3.6194754444210213	3.6359414533670447	3.578827346008101	3.8576175513682607	3.4304073694784396	4.626055455284176	4.664717292848354	6.675822173780141	6.6844431873333585	6.373563445944838	5.767853067043884	4.71477634710421	5.2149661873452136	4.860630131559924	4.454651406451228	3.882096252067677	3.2472733037610295	4.989255023355678	5.011436742593246	5.079673903747232	5.0289978610785235	4.894516464941395	6.837539693537438	7.488716450657162	7.667490788390989	7.450405397154501	7.573520370289008	5.520784568854597	5.758668412324992	6.00450690576682	6.373374122624832	6.51210589110329	6.318054934656884	4.77876518550653	4.8722318774039675	4.879203018928446	4.919660226037845	4.886583557354947	4.759041072290664	3.2589406814376285	3.890415516490161	4.472873086761541	4.714149846339073	5.747703611618644	3.7241205861815723	4.302588736571935	4.80014401394569	4.8878773388989964	4.719613886656051	4.383266017059493	5.634004234893957	5.930917199818671	5.924643442856635	6.178657702986029	6.085309341717919	6.103463458623113	6.325342118130283	6.298830841181692	6.768959409166861	6.689654461234213	5.785559414705617	4.722632911621114	6.121461761026974	5.559697795743883	5.074568059425734	5.937775399254833	5.659572305662349	5.517004566077234	4.892506684508042	5.350752881166425	5.3630429805705955	5.487512481215054	5.623365104433051	5.637446873164759	5.074862068773048	5.145556515790232	5.308843839973809	5.602269306491127	4.604722489943662	4.605880255620218	5.032882803218606	5.028200033510863	5.943828734326514	6.0477957961516555	6.148087091304699	6.246034812831422	6.1234956661467725	5.038316886171615	5.227578601774606	5.426482008352044	5.691645287140655	5.82122419370457
GRE.bulkMG.T000H_bin.8	2.87346458996844	3.2959911769448493	3.4179485415501207	3.320762733392593	3.4860158020013112	3.2017028299496335	2.7840882545147787	3.0039713757264344	3.323790340995142	3.4403775164246566	1.492895985042765	1.9195403688641537	2.4390994067027405	3.1895590295255754	4.102492995760202	3.399361921623663	3.778160209101453	4.238709216509419	4.660718325976958	4.715935589054783	3.017802357307474	3.1785504790072263	3.38623736807741	3.6170186068370387	3.911589447109206	0.572604470661413	1.006555556666821	1.4824923008560895	1.9719432339375553	2.5331773129680752	2.6135993658984993	2.5848804584055336	2.4458901830292135	2.4202807977633536	2.5781062940243338	2.8293003482907726	3.2934547304277353	3.340382353272295	3.32435850915394	3.294297328792388	3.654756176484872	3.4559162593076445	1.807553458349824	2.1700993764056804	2.5206360239640424	2.9199208926290727	3.4976182253787624	1.928812247654998	2.2797026846723156	2.578644061038946	2.87427348513183	3.2000295593247867	3.620601214926109	2.424650916856343	2.1805699192111727	2.2355531615539648	2.3371066494509227	2.6121898747487564	2.7406115333597625	2.8014728119964465	3.0357929658182816	2.439359640618779	3.11007462136315	4.014082045713241	5.018948973205374	3.1592831968850312	3.8026648567247747	4.046337233808805	3.1518024651608365	3.437577685524662	3.7154111250408612	4.0054604109589516	3.2901204985504195	3.2494939166031536	3.3350754777194282	3.3644895829282815	3.456062136886906	3.1782018637772023	3.0036935289870375	2.889463372965886	2.7903494017850616	3.1739921585234865	3.2132247925428112	2.9898166842156093	3.3091458104538556	3.0641578614499245	3.1227802641632927	3.1515346347912088	3.285772601464265	3.516511818025249	3.252788224830959	3.138431020271363	3.061998177967452	3.1144944252324245	2.9918894500544537
GRE1	0	0	0	0	0	0	0	0	0	0	0	0	0	0	0	0	0	0	0	0	0	0	0	0	0	0	0	0	0	0	0	0	0	0	0	0	0	0	0	0	0	0	0	0	0	0	0	0	0	0	0	0	0	0	0	0	0	0	0	0	0	0	0	0	0	0	0	0	0	0	0	0	0	0	0	0	0	0	0	0	0	0	0	0	0	0	0	0	0	0	0	0	0	0	0
GRE10	0	0	0	0	0	0	0	0	0	0	0	0	0	0	0	0	0	0	0	0	0	0	0	0	0	0	0	0	0	0	0	0	0	0	0	0	0	0	0	0	0	0	0	0	0	0	0	0	0	0	0	0	0	0	0	0	0	0	0	0	0	0	0	0	0	0	0	0	0	0	0	0	0	0	0	0	0	0	0	0	0	0	0	0	0	0	0	0	0	0	0	0	0	0	0
GRE105	0	0	0	0	0	0	0	0	0	0	0	0	0	0	0	0	0	0	0	0	0	0	0	0	0	0	0	0	0	0	0	0	0	0	0	0	0	0	0	0	0	0	0	0	0	0	0	0	0	0	0	0	0	0	0	0	0	0	0	0	0	0	0	0	0	0	0	0	0	0	0	0	0	0	0	0	0	0	0	0	0	0	0	0	0	0	0	0	0	0	0	0	0	0	0
GRE106	0	0	0	0	0	0	0	0	0	0	0	0	0	0	0	0	0	0	0	0	0	0	0	0	0	0	0	0	0	0	0	0	0	0	0	0	0	0	0	0	0	0	0	0	0	0	0	0	0	0	0	0	0	0	0	0	0	0	0	0	0	0	0	0	0	0	0	0	0	0	0	0	0	0	0	0	0	0	0	0	0	0	0	0	0	0	0	0	0	0	0	0	0	0	0
GRE108	0	0	0	0	0	0	0	0	0	0	0	0	0	0	0	0	0	0	0	0	0	0	0	0	0	0	0	0	0	0	0	0	0	0	0	0	0	0	0	0	0	0	0	0	0	0	0	0	0	0	0	0	0	0	0	0	0	0	0	0	0	0	0	0	0	0	0	0	0	0	0	0	0	0	0	0	0	0	0	0	0	0	0	0	0	0	0	0	0	0	0	0	0	0	0
GRE11	0	0	0	0	0	0	0	0	0	0	0	0	0	0	0	0	0	0	0	0	0	0	0	0	0	0	0	0	0	0	0	0	0	0	0	0	0	0	0	0	0	0	0	0	0	0	0	0	0	0	0	0	0	0	0	0	0	0	0	0	0	0	0	0	0	0	0	0	0	0	0	0	0	0	0	0	0	0	0	0	0	0	0	0	0	0	0	0	0	0	0	0	0	0	0
GRE110	0	0	0	0	0	0	0	0	0	0	0	0	0	0	0	0	0	0	0	0	0	0	0	0	0	0	0	0	0	0	0	0	0	0	0	0	0	0	0	0	0	0	0	0	0	0	0	0	0	0	0	0	0	0	0	0	0	0	0	0	0	0	0	0	0	0	0	0	0	0	0	0	0	0	0	0	0	0	0	0	0	0	0	0	0	0	0	0	0	0	0	0	0	0	0
GRE111	0	0	0	0	0	0	0	0	0	0	0	0	0	0	0	0	0	0	0	0	0	0	0	0	0	0	0	0	0	0	0	0	0	0	0	0	0	0	0	0	0	0	0	0	0	0	0	0	0	0	0	0	0	0	0	0	0	0	0	0	0	0	0	0	0	0	0	0	0	0	0	0	0	0	0	0	0	0	0	0	0	0	0	0	0	0	0	0	0	0	0	0	0	0	0
GRE112	0	0	0	0	0	0	0	0	0	0	0	0	0	0	0	0	0	0	0	0	0	0	0	0	0	0	0	0	0	0	0	0	0	0	0	0	0	0	0	0	0	0	0	0	0	0	0	0	0	0	0	0	0	0	0	0	0	0	0	0	0	0	0	0	0	0	0	0	0	0	0	0	0	0	0	0	0	0	0	0	0	0	0	0	0	0	0	0	0	0	0	0	0	0	0
GRE113	0	0	0	0	0	0	0	0	0	0	0	0	0	0	0	0	0	0	0	0	0	0	0	0	0	0	0	0	0	0	0	0	0	0	0	0	0	0	0	0	0	0	0	0	0	0	0	0	0	0	0	0	0	0	0	0	0	0	0	0	0	0	0	0	0	0	0	0	0	0	0	0	0	0	0	0	0	0	0	0	0	0	0	0	0	0	0	0	0	0	0	0	0	0	0
GRE114	0	0	0	0	0	0	0	0	0	0	0	0	0	0	0	0	0	0	0	0	0	0	0	0	0	0	0	0	0	0	0	0	0	0	0	0	0	0	0	0	0	0	0	0	0	0	0	0	0	0	0	0	0	0	0	0	0	0	0	0	0	0	0	0	0	0	0	0	0	0	0	0	0	0	0	0	0	0	0	0	0	0	0	0	0	0	0	0	0	0	0	0	0	0	0
GRE119	0	0	0	0	0	0	0	0	0	0	0	0	0	0	0	0	0	0	0	0	0	0	0	0	0	0	0	0	0	0	0	0	0	0	0	0	0	0	0	0	0	0	0	0	0	0	0	0	0	0	0	0	0	0	0	0	0	0	0	0	0	0	0	0	0	0	0	0	0	0	0	0	0	0	0	0	0	0	0	0	0	0	0	0	0	0	0	0	0	0	0	0	0	0	0
GRE12	0	0	0	0	0	0	0	0	0	0	0	0	0	0	0	0	0	0	0	0	0	0	0	0	0	0	0	0	0	0	0	0	0	0	0	0	0	0	0	0	0	0	0	0	0	0	0	0	0	0	0	0	0	0	0	0	0	0	0	0	0	0	0	0	0	0	0	0	0	0	0	0	0	0	0	0	0	0	0	0	0	0	0	0	0	0	0	0	0	0	0	0	0	0	0
GRE122	0	0	0	0	0	0	0	0	0	0	0	0	0	0	0	0	0	0	0	0	0	0	0	0	0	0	0	0	0	0	0	0	0	0	0	0	0	0	0	0	0	0	0	0	0	0	0	0	0	0	0	0	0	0	0	0	0	0	0	0	0	0	0	0	0	0	0	0	0	0	0	0	0	0	0	0	0	0	0	0	0	0	0	0	0	0	0	0	0	0	0	0	0	0	0
GRE126	0	0	0	0	0	0	0	0	0	0	0	0	0	0	0	0	0	0	0	0	0	0	0	0	0	0	0	0	0	0	0	0	0	0	0	0	0	0	0	0	0	0	0	0	0	0	0	0	0	0	0	0	0	0	0	0	0	0	0	0	0	0	0	0	0	0	0	0	0	0	0	0	0	0	0	0	0	0	0	0	0	0	0	0	0	0	0	0	0	0	0	0	0	0	0
GRE13	0	0	0	0	0	0	0	0	0	0	0	0	0	0	0	0	0	0	0	0	0	0	0	0	0	0	0	0	0	0	0	0	0	0	0	0	0	0	0	0	0	0	0	0	0	0	0	0	0	0	0	0	0	0	0	0	0	0	0	0	0	0	0	0	0	0	0	0	0	0	0	0	0	0	0	0	0	0	0	0	0	0	0	0	0	0	0	0	0	0	0	0	0	0	0
GRE131	0	0	0	0	0	0	0	0	0	0	0	0	0	0	0	0	0	0	0	0	0	0	0	0	0	0	0	0	0	0	0	0	0	0	0	0	0	0	0	0	0	0	0	0	0	0	0	0	0	0	0	0	0	0	0	0	0	0	0	0	0	0	0	0	0	0	0	0	0	0	0	0	0	0	0	0	0	0	0	0	0	0	0	0	0	0	0	0	0	0	0	0	0	0	0
GRE136	0	0	0	0	0	0	0	0	0	0	0	0	0	0	0	0	0	0	0	0	0	0	0	0	0	0	0	0	0	0	0	0	0	0	0	0	0	0	0	0	0	0	0	0	0	0	0	0	0	0	0	0	0	0	0	0	0	0	0	0	0	0	0	0	0	0	0	0	0	0	0	0	0	0	0	0	0	0	0	0	0	0	0	0	0	0	0	0	0	0	0	0	0	0	0
GRE14	0	0	0	0	0	0	0	0	0	0	0	0	0	0	0	0	0	0	0	0	0	0	0	0	0	0	0	0	0	0	0	0	0	0	0	0	0	0	0	0	0	0	0	0	0	0	0	0	0	0	0	0	0	0	0	0	0	0	0	0	0	0	0	0	0	0	0	0	0	0	0	0	0	0	0	0	0	0	0	0	0	0	0	0	0	0	0	0	0	0	0	0	0	0	0
GRE15	0	0	0	0	0	0	0	0	0	0	0	0	0	0	0	0	0	0	0	0	0	0	0	0	0	0	0	0	0	0	0	0	0	0	0	0	0	0	0	0	0	0	0	0	0	0	0	0	0	0	0	0	0	0	0	0	0	0	0	0	0	0	0	0	0	0	0	0	0	0	0	0	0	0	0	0	0	0	0	0	0	0	0	0	0	0	0	0	0	0	0	0	0	0	0
GRE150	0	0	0	0	0	0	0	0	0	0	0	0	0	0	0	0	0	0	0	0	0	0	0	0	0	0	0	0	0	0	0	0	0	0	0	0	0	0	0	0	0	0	0	0	0	0	0	0	0	0	0	0	0	0	0	0	0	0	0	0	0	0	0	0	0	0	0	0	0	0	0	0	0	0	0	0	0	0	0	0	0	0	0	0	0	0	0	0	0	0	0	0	0	0	0
GRE152	0	0	0	0	0	0	0	0	0	0	0	0	0	0	0	0	0	0	0	0	0	0	0	0	0	0	0	0	0	0	0	0	0	0	0	0	0	0	0	0	0	0	0	0	0	0	0	0	0	0	0	0	0	0	0	0	0	0	0	0	0	0	0	0	0	0	0	0	0	0	0	0	0	0	0	0	0	0	0	0	0	0	0	0	0	0	0	0	0	0	0	0	0	0	0
GRE153	0	0	0	0	0	0	0	0	0	0	0	0	0	0	0	0	0	0	0	0	0	0	0	0	0	0	0	0	0	0	0	0	0	0	0	0	0	0	0	0	0	0	0	0	0	0	0	0	0	0	0	0	0	0	0	0	0	0	0	0	0	0	0	0	0	0	0	0	0	0	0	0	0	0	0	0	0	0	0	0	0	0	0	0	0	0	0	0	0	0	0	0	0	0	0
GRE154	0	0	0	0	0	0	0	0	0	0	0	0	0	0	0	0	0	0	0	0	0	0	0	0	0	0	0	0	0	0	0	0	0	0	0	0	0	0	0	0	0	0	0	0	0	0	0	0	0	0	0	0	0	0	0	0	0	0	0	0	0	0	0	0	0	0	0	0	0	0	0	0	0	0	0	0	0	0	0	0	0	0	0	0	0	0	0	0	0	0	0	0	0	0	0
GRE157	0	0	0	0	0	0	0	0	0	0	0	0	0	0	0	0	0	0	0	0	0	0	0	0	0	0	0	0	0	0	0	0	0	0	0	0	0	0	0	0	0	0	0	0	0	0	0	0	0	0	0	0	0	0	0	0	0	0	0	0	0	0	0	0	0	0	0	0	0	0	0	0	0	0	0	0	0	0	0	0	0	0	0	0	0	0	0	0	0	0	0	0	0	0	0
GRE158	0	0	0	0	0	0	0	0	0	0	0	0	0	0	0	0	0	0	0	0	0	0	0	0	0	0	0	0	0	0	0	0	0	0	0	0	0	0	0	0	0	0	0	0	0	0	0	0	0	0	0	0	0	0	0	0	0	0	0	0	0	0	0	0	0	0	0	0	0	0	0	0	0	0	0	0	0	0	0	0	0	0	0	0	0	0	0	0	0	0	0	0	0	0	0
GRE159	0	0	0	0	0	0	0	0	0	0	0	0	0	0	0	0	0	0	0	0	0	0	0	0	0	0	0	0	0	0	0	0	0	0	0	0	0	0	0	0	0	0	0	0	0	0	0	0	0	0	0	0	0	0	0	0	0	0	0	0	0	0	0	0	0	0	0	0	0	0	0	0	0	0	0	0	0	0	0	0	0	0	0	0	0	0	0	0	0	0	0	0	0	0	0
GRE16	0	0	0	0	0	0	0	0	0	0	0	0	0	0	0	0	0	0	0	0	0	0	0	0	0	0	0	0	0	0	0	0	0	0	0	0	0	0	0	0	0	0	0	0	0	0	0	0	0	0	0	0	0	0	0	0	0	0	0	0	0	0	0	0	0	0	0	0	0	0	0	0	0	0	0	0	0	0	0	0	0	0	0	0	0	0	0	0	0	0	0	0	0	0	0
GRE160	0	0	0	0	0	0	0	0	0	0	0	0	0	0	0	0	0	0	0	0	0	0	0	0	0	0	0	0	0	0	0	0	0	0	0	0	0	0	0	0	0	0	0	0	0	0	0	0	0	0	0	0	0	0	0	0	0	0	0	0	0	0	0	0	0	0	0	0	0	0	0	0	0	0	0	0	0	0	0	0	0	0	0	0	0	0	0	0	0	0	0	0	0	0	0
GRE162	0	0	0	0	0	0	0	0	0	0	0	0	0	0	0	0	0	0	0	0	0	0	0	0	0	0	0	0	0	0	0	0	0	0	0	0	0	0	0	0	0	0	0	0	0	0	0	0	0	0	0	0	0	0	0	0	0	0	0	0	0	0	0	0	0	0	0	0	0	0	0	0	0	0	0	0	0	0	0	0	0	0	0	0	0	0	0	0	0	0	0	0	0	0	0
GRE164	0	0	0	0	0	0	0	0	0	0	0	0	0	0	0	0	0	0	0	0	0	0	0	0	0	0	0	0	0	0	0	0	0	0	0	0	0	0	0	0	0	0	0	0	0	0	0	0	0	0	0	0	0	0	0	0	0	0	0	0	0	0	0	0	0	0	0	0	0	0	0	0	0	0	0	0	0	0	0	0	0	0	0	0	0	0	0	0	0	0	0	0	0	0	0
GRE167	0	0	0	0	0	0	0	0	0	0	0	0	0	0	0	0	0	0	0	0	0	0	0	0	0	0	0	0	0	0	0	0	0	0	0	0	0	0	0	0	0	0	0	0	0	0	0	0	0	0	0	0	0	0	0	0	0	0	0	0	0	0	0	0	0	0	0	0	0	0	0	0	0	0	0	0	0	0	0	0	0	0	0	0	0	0	0	0	0	0	0	0	0	0	0
GRE168	0	0	0	0	0	0	0	0	0	0	0	0	0	0	0	0	0	0	0	0	0	0	0	0	0	0	0	0	0	0	0	0	0	0	0	0	0	0	0	0	0	0	0	0	0	0	0	0	0	0	0	0	0	0	0	0	0	0	0	0	0	0	0	0	0	0	0	0	0	0	0	0	0	0	0	0	0	0	0	0	0	0	0	0	0	0	0	0	0	0	0	0	0	0	0
GRE17	0	0	0	0	0	0	0	0	0	0	0	0	0	0	0	0	0	0	0	0	0	0	0	0	0	0	0	0	0	0	0	0	0	0	0	0	0	0	0	0	0	0	0	0	0	0	0	0	0	0	0	0	0	0	0	0	0	0	0	0	0	0	0	0	0	0	0	0	0	0	0	0	0	0	0	0	0	0	0	0	0	0	0	0	0	0	0	0	0	0	0	0	0	0	0
GRE172	0	0	0	0	0	0	0	0	0	0	0	0	0	0	0	0	0	0	0	0	0	0	0	0	0	0	0	0	0	0	0	0	0	0	0	0	0	0	0	0	0	0	0	0	0	0	0	0	0	0	0	0	0	0	0	0	0	0	0	0	0	0	0	0	0	0	0	0	0	0	0	0	0	0	0	0	0	0	0	0	0	0	0	0	0	0	0	0	0	0	0	0	0	0	0
GRE174	0	0	0	0	0	0	0	0	0	0	0	0	0	0	0	0	0	0	0	0	0	0	0	0	0	0	0	0	0	0	0	0	0	0	0	0	0	0	0	0	0	0	0	0	0	0	0	0	0	0	0	0	0	0	0	0	0	0	0	0	0	0	0	0	0	0	0	0	0	0	0	0	0	0	0	0	0	0	0	0	0	0	0	0	0	0	0	0	0	0	0	0	0	0	0
GRE175	0	0	0	0	0	0	0	0	0	0	0	0	0	0	0	0	0	0	0	0	0	0	0	0	0	0	0	0	0	0	0	0	0	0	0	0	0	0	0	0	0	0	0	0	0	0	0	0	0	0	0	0	0	0	0	0	0	0	0	0	0	0	0	0	0	0	0	0	0	0	0	0	0	0	0	0	0	0	0	0	0	0	0	0	0	0	0	0	0	0	0	0	0	0	0
GRE176	0	0	0	0	0	0	0	0	0	0	0	0	0	0	0	0	0	0	0	0	0	0	0	0	0	0	0	0	0	0	0	0	0	0	0	0	0	0	0	0	0	0	0	0	0	0	0	0	0	0	0	0	0	0	0	0	0	0	0	0	0	0	0	0	0	0	0	0	0	0	0	0	0	0	0	0	0	0	0	0	0	0	0	0	0	0	0	0	0	0	0	0	0	0	0
GRE178	0	0	0	0	0	0	0	0	0	0	0	0	0	0	0	0	0	0	0	0	0	0	0	0	0	0	0	0	0	0	0	0	0	0	0	0	0	0	0	0	0	0	0	0	0	0	0	0	0	0	0	0	0	0	0	0	0	0	0	0	0	0	0	0	0	0	0	0	0	0	0	0	0	0	0	0	0	0	0	0	0	0	0	0	0	0	0	0	0	0	0	0	0	0	0
GRE18	0	0	0	0	0	0	0	0	0	0	0	0	0	0	0	0	0	0	0	0	0	0	0	0	0	0	0	0	0	0	0	0	0	0	0	0	0	0	0	0	0	0	0	0	0	0	0	0	0	0	0	0	0	0	0	0	0	0	0	0	0	0	0	0	0	0	0	0	0	0	0	0	0	0	0	0	0	0	0	0	0	0	0	0	0	0	0	0	0	0	0	0	0	0	0
GRE181	0	0	0	0	0	0	0	0	0	0	0	0	0	0	0	0	0	0	0	0	0	0	0	0	0	0	0	0	0	0	0	0	0	0	0	0	0	0	0	0	0	0	0	0	0	0	0	0	0	0	0	0	0	0	0	0	0	0	0	0	0	0	0	0	0	0	0	0	0	0	0	0	0	0	0	0	0	0	0	0	0	0	0	0	0	0	0	0	0	0	0	0	0	0	0
GRE182	0	0	0	0	0	0	0	0	0	0	0	0	0	0	0	0	0	0	0	0	0	0	0	0	0	0	0	0	0	0	0	0	0	0	0	0	0	0	0	0	0	0	0	0	0	0	0	0	0	0	0	0	0	0	0	0	0	0	0	0	0	0	0	0	0	0	0	0	0	0	0	0	0	0	0	0	0	0	0	0	0	0	0	0	0	0	0	0	0	0	0	0	0	0	0
GRE183	0	0	0	0	0	0	0	0	0	0	0	0	0	0	0	0	0	0	0	0	0	0	0	0	0	0	0	0	0	0	0	0	0	0	0	0	0	0	0	0	0	0	0	0	0	0	0	0	0	0	0	0	0	0	0	0	0	0	0	0	0	0	0	0	0	0	0	0	0	0	0	0	0	0	0	0	0	0	0	0	0	0	0	0	0	0	0	0	0	0	0	0	0	0	0
GRE184	0	0	0	0	0	0	0	0	0	0	0	0	0	0	0	0	0	0	0	0	0	0	0	0	0	0	0	0	0	0	0	0	0	0	0	0	0	0	0	0	0	0	0	0	0	0	0	0	0	0	0	0	0	0	0	0	0	0	0	0	0	0	0	0	0	0	0	0	0	0	0	0	0	0	0	0	0	0	0	0	0	0	0	0	0	0	0	0	0	0	0	0	0	0	0
GRE185	0	0	0	0	0	0	0	0	0	0	0	0	0	0	0	0	0	0	0	0	0	0	0	0	0	0	0	0	0	0	0	0	0	0	0	0	0	0	0	0	0	0	0	0	0	0	0	0	0	0	0	0	0	0	0	0	0	0	0	0	0	0	0	0	0	0	0	0	0	0	0	0	0	0	0	0	0	0	0	0	0	0	0	0	0	0	0	0	0	0	0	0	0	0	0
GRE186	0	0	0	0	0	0	0	0	0	0	0	0	0	0	0	0	0	0	0	0	0	0	0	0	0	0	0	0	0	0	0	0	0	0	0	0	0	0	0	0	0	0	0	0	0	0	0	0	0	0	0	0	0	0	0	0	0	0	0	0	0	0	0	0	0	0	0	0	0	0	0	0	0	0	0	0	0	0	0	0	0	0	0	0	0	0	0	0	0	0	0	0	0	0	0
GRE188	0	0	0	0	0	0	0	0	0	0	0	0	0	0	0	0	0	0	0	0	0	0	0	0	0	0	0	0	0	0	0	0	0	0	0	0	0	0	0	0	0	0	0	0	0	0	0	0	0	0	0	0	0	0	0	0	0	0	0	0	0	0	0	0	0	0	0	0	0	0	0	0	0	0	0	0	0	0	0	0	0	0	0	0	0	0	0	0	0	0	0	0	0	0	0
GRE193	0	0	0	0	0	0	0	0	0	0	0	0	0	0	0	0	0	0	0	0	0	0	0	0	0	0	0	0	0	0	0	0	0	0	0	0	0	0	0	0	0	0	0	0	0	0	0	0	0	0	0	0	0	0	0	0	0	0	0	0	0	0	0	0	0	0	0	0	0	0	0	0	0	0	0	0	0	0	0	0	0	0	0	0	0	0	0	0	0	0	0	0	0	0	0
GRE198	0	0	0	0	0	0	0	0	0	0	0	0	0	0	0	0	0	0	0	0	0	0	0	0	0	0	0	0	0	0	0	0	0	0	0	0	0	0	0	0	0	0	0	0	0	0	0	0	0	0	0	0	0	0	0	0	0	0	0	0	0	0	0	0	0	0	0	0	0	0	0	0	0	0	0	0	0	0	0	0	0	0	0	0	0	0	0	0	0	0	0	0	0	0	0
GRE201	0	0	0	0	0	0	0	0	0	0	0	0	0	0	0	0	0	0	0	0	0	0	0	0	0	0	0	0	0	0	0	0	0	0	0	0	0	0	0	0	0	0	0	0	0	0	0	0	0	0	0	0	0	0	0	0	0	0	0	0	0	0	0	0	0	0	0	0	0	0	0	0	0	0	0	0	0	0	0	0	0	0	0	0	0	0	0	0	0	0	0	0	0	0	0
GRE202	0	0	0	0	0	0	0	0	0	0	0	0	0	0	0	0	0	0	0	0	0	0	0	0	0	0	0	0	0	0	0	0	0	0	0	0	0	0	0	0	0	0	0	0	0	0	0	0	0	0	0	0	0	0	0	0	0	0	0	0	0	0	0	0	0	0	0	0	0	0	0	0	0	0	0	0	0	0	0	0	0	0	0	0	0	0	0	0	0	0	0	0	0	0	0
GRE203	0	0	0	0	0	0	0	0	0	0	0	0	0	0	0	0	0	0	0	0	0	0	0	0	0	0	0	0	0	0	0	0	0	0	0	0	0	0	0	0	0	0	0	0	0	0	0	0	0	0	0	0	0	0	0	0	0	0	0	0	0	0	0	0	0	0	0	0	0	0	0	0	0	0	0	0	0	0	0	0	0	0	0	0	0	0	0	0	0	0	0	0	0	0	0
GRE204	0	0	0	0	0	0	0	0	0	0	0	0	0	0	0	0	0	0	0	0	0	0	0	0	0	0	0	0	0	0	0	0	0	0	0	0	0	0	0	0	0	0	0	0	0	0	0	0	0	0	0	0	0	0	0	0	0	0	0	0	0	0	0	0	0	0	0	0	0	0	0	0	0	0	0	0	0	0	0	0	0	0	0	0	0	0	0	0	0	0	0	0	0	0	0
GRE205	0	0	0	0	0	0	0	0	0	0	0	0	0	0	0	0	0	0	0	0	0	0	0	0	0	0	0	0	0	0	0	0	0	0	0	0	0	0	0	0	0	0	0	0	0	0	0	0	0	0	0	0	0	0	0	0	0	0	0	0	0	0	0	0	0	0	0	0	0	0	0	0	0	0	0	0	0	0	0	0	0	0	0	0	0	0	0	0	0	0	0	0	0	0	0
GRE206	0	0	0	0	0	0	0	0	0	0	0	0	0	0	0	0	0	0	0	0	0	0	0	0	0	0	0	0	0	0	0	0	0	0	0	0	0	0	0	0	0	0	0	0	0	0	0	0	0	0	0	0	0	0	0	0	0	0	0	0	0	0	0	0	0	0	0	0	0	0	0	0	0	0	0	0	0	0	0	0	0	0	0	0	0	0	0	0	0	0	0	0	0	0	0
GRE21	0	0	0	0	0	0	0	0	0	0	0	0	0	0	0	0	0	0	0	0	0	0	0	0	0	0	0	0	0	0	0	0	0	0	0	0	0	0	0	0	0	0	0	0	0	0	0	0	0	0	0	0	0	0	0	0	0	0	0	0	0	0	0	0	0	0	0	0	0	0	0	0	0	0	0	0	0	0	0	0	0	0	0	0	0	0	0	0	0	0	0	0	0	0	0
GRE210	0	0	0	0	0	0	0	0	0	0	0	0	0	0	0	0	0	0	0	0	0	0	0	0	0	0	0	0	0	0	0	0	0	0	0	0	0	0	0	0	0	0	0	0	0	0	0	0	0	0	0	0	0	0	0	0	0	0	0	0	0	0	0	0	0	0	0	0	0	0	0	0	0	0	0	0	0	0	0	0	0	0	0	0	0	0	0	0	0	0	0	0	0	0	0
GRE211	0	0	0	0	0	0	0	0	0	0	0	0	0	0	0	0	0	0	0	0	0	0	0	0	0	0	0	0	0	0	0	0	0	0	0	0	0	0	0	0	0	0	0	0	0	0	0	0	0	0	0	0	0	0	0	0	0	0	0	0	0	0	0	0	0	0	0	0	0	0	0	0	0	0	0	0	0	0	0	0	0	0	0	0	0	0	0	0	0	0	0	0	0	0	0
GRE213	0	0	0	0	0	0	0	0	0	0	0	0	0	0	0	0	0	0	0	0	0	0	0	0	0	0	0	0	0	0	0	0	0	0	0	0	0	0	0	0	0	0	0	0	0	0	0	0	0	0	0	0	0	0	0	0	0	0	0	0	0	0	0	0	0	0	0	0	0	0	0	0	0	0	0	0	0	0	0	0	0	0	0	0	0	0	0	0	0	0	0	0	0	0	0
GRE214	0	0	0	0	0	0	0	0	0	0	0	0	0	0	0	0	0	0	0	0	0	0	0	0	0	0	0	0	0	0	0	0	0	0	0	0	0	0	0	0	0	0	0	0	0	0	0	0	0	0	0	0	0	0	0	0	0	0	0	0	0	0	0	0	0	0	0	0	0	0	0	0	0	0	0	0	0	0	0	0	0	0	0	0	0	0	0	0	0	0	0	0	0	0	0
GRE216	0	0	0	0	0	0	0	0	0	0	0	0	0	0	0	0	0	0	0	0	0	0	0	0	0	0	0	0	0	0	0	0	0	0	0	0	0	0	0	0	0	0	0	0	0	0	0	0	0	0	0	0	0	0	0	0	0	0	0	0	0	0	0	0	0	0	0	0	0	0	0	0	0	0	0	0	0	0	0	0	0	0	0	0	0	0	0	0	0	0	0	0	0	0	0
GRE217	0	0	0	0	0	0	0	0	0	0	0	0	0	0	0	0	0	0	0	0	0	0	0	0	0	0	0	0	0	0	0	0	0	0	0	0	0	0	0	0	0	0	0	0	0	0	0	0	0	0	0	0	0	0	0	0	0	0	0	0	0	0	0	0	0	0	0	0	0	0	0	0	0	0	0	0	0	0	0	0	0	0	0	0	0	0	0	0	0	0	0	0	0	0	0
GRE218	0	0	0	0	0	0	0	0	0	0	0	0	0	0	0	0	0	0	0	0	0	0	0	0	0	0	0	0	0	0	0	0	0	0	0	0	0	0	0	0	0	0	0	0	0	0	0	0	0	0	0	0	0	0	0	0	0	0	0	0	0	0	0	0	0	0	0	0	0	0	0	0	0	0	0	0	0	0	0	0	0	0	0	0	0	0	0	0	0	0	0	0	0	0	0
GRE219	0	0	0	0	0	0	0	0	0	0	0	0	0	0	0	0	0	0	0	0	0	0	0	0	0	0	0	0	0	0	0	0	0	0	0	0	0	0	0	0	0	0	0	0	0	0	0	0	0	0	0	0	0	0	0	0	0	0	0	0	0	0	0	0	0	0	0	0	0	0	0	0	0	0	0	0	0	0	0	0	0	0	0	0	0	0	0	0	0	0	0	0	0	0	0
GRE22	0	0	0	0	0	0	0	0	0	0	0	0	0	0	0	0	0	0	0	0	0	0	0	0	0	0	0	0	0	0	0	0	0	0	0	0	0	0	0	0	0	0	0	0	0	0	0	0	0	0	0	0	0	0	0	0	0	0	0	0	0	0	0	0	0	0	0	0	0	0	0	0	0	0	0	0	0	0	0	0	0	0	0	0	0	0	0	0	0	0	0	0	0	0	0
GRE220	0	0	0	0	0	0	0	0	0	0	0	0	0	0	0	0	0	0	0	0	0	0	0	0	0	0	0	0	0	0	0	0	0	0	0	0	0	0	0	0	0	0	0	0	0	0	0	0	0	0	0	0	0	0	0	0	0	0	0	0	0	0	0	0	0	0	0	0	0	0	0	0	0	0	0	0	0	0	0	0	0	0	0	0	0	0	0	0	0	0	0	0	0	0	0
GRE222	0	0	0	0	0	0	0	0	0	0	0	0	0	0	0	0	0	0	0	0	0	0	0	0	0	0	0	0	0	0	0	0	0	0	0	0	0	0	0	0	0	0	0	0	0	0	0	0	0	0	0	0	0	0	0	0	0	0	0	0	0	0	0	0	0	0	0	0	0	0	0	0	0	0	0	0	0	0	0	0	0	0	0	0	0	0	0	0	0	0	0	0	0	0	0
GRE223	0	0	0	0	0	0	0	0	0	0	0	0	0	0	0	0	0	0	0	0	0	0	0	0	0	0	0	0	0	0	0	0	0	0	0	0	0	0	0	0	0	0	0	0	0	0	0	0	0	0	0	0	0	0	0	0	0	0	0	0	0	0	0	0	0	0	0	0	0	0	0	0	0	0	0	0	0	0	0	0	0	0	0	0	0	0	0	0	0	0	0	0	0	0	0
GRE226	0	0	0	0	0	0	0	0	0	0	0	0	0	0	0	0	0	0	0	0	0	0	0	0	0	0	0	0	0	0	0	0	0	0	0	0	0	0	0	0	0	0	0	0	0	0	0	0	0	0	0	0	0	0	0	0	0	0	0	0	0	0	0	0	0	0	0	0	0	0	0	0	0	0	0	0	0	0	0	0	0	0	0	0	0	0	0	0	0	0	0	0	0	0	0
GRE229	0	0	0	0	0	0	0	0	0	0	0	0	0	0	0	0	0	0	0	0	0	0	0	0	0	0	0	0	0	0	0	0	0	0	0	0	0	0	0	0	0	0	0	0	0	0	0	0	0	0	0	0	0	0	0	0	0	0	0	0	0	0	0	0	0	0	0	0	0	0	0	0	0	0	0	0	0	0	0	0	0	0	0	0	0	0	0	0	0	0	0	0	0	0	0
GRE23	0	0	0	0	0	0	0	0	0	0	0	0	0	0	0	0	0	0	0	0	0	0	0	0	0	0	0	0	0	0	0	0	0	0	0	0	0	0	0	0	0	0	0	0	0	0	0	0	0	0	0	0	0	0	0	0	0	0	0	0	0	0	0	0	0	0	0	0	0	0	0	0	0	0	0	0	0	0	0	0	0	0	0	0	0	0	0	0	0	0	0	0	0	0	0
GRE230	0	0	0	0	0	0	0	0	0	0	0	0	0	0	0	0	0	0	0	0	0	0	0	0	0	0	0	0	0	0	0	0	0	0	0	0	0	0	0	0	0	0	0	0	0	0	0	0	0	0	0	0	0	0	0	0	0	0	0	0	0	0	0	0	0	0	0	0	0	0	0	0	0	0	0	0	0	0	0	0	0	0	0	0	0	0	0	0	0	0	0	0	0	0	0
GRE231	0	0	0	0	0	0	0	0	0	0	0	0	0	0	0	0	0	0	0	0	0	0	0	0	0	0	0	0	0	0	0	0	0	0	0	0	0	0	0	0	0	0	0	0	0	0	0	0	0	0	0	0	0	0	0	0	0	0	0	0	0	0	0	0	0	0	0	0	0	0	0	0	0	0	0	0	0	0	0	0	0	0	0	0	0	0	0	0	0	0	0	0	0	0	0
GRE232	0	0	0	0	0	0	0	0	0	0	0	0	0	0	0	0	0	0	0	0	0	0	0	0	0	0	0	0	0	0	0	0	0	0	0	0	0	0	0	0	0	0	0	0	0	0	0	0	0	0	0	0	0	0	0	0	0	0	0	0	0	0	0	0	0	0	0	0	0	0	0	0	0	0	0	0	0	0	0	0	0	0	0	0	0	0	0	0	0	0	0	0	0	0	0
GRE234	0	0	0	0	0	0	0	0	0	0	0	0	0	0	0	0	0	0	0	0	0	0	0	0	0	0	0	0	0	0	0	0	0	0	0	0	0	0	0	0	0	0	0	0	0	0	0	0	0	0	0	0	0	0	0	0	0	0	0	0	0	0	0	0	0	0	0	0	0	0	0	0	0	0	0	0	0	0	0	0	0	0	0	0	0	0	0	0	0	0	0	0	0	0	0
GRE235	0	0	0	0	0	0	0	0	0	0	0	0	0	0	0	0	0	0	0	0	0	0	0	0	0	0	0	0	0	0	0	0	0	0	0	0	0	0	0	0	0	0	0	0	0	0	0	0	0	0	0	0	0	0	0	0	0	0	0	0	0	0	0	0	0	0	0	0	0	0	0	0	0	0	0	0	0	0	0	0	0	0	0	0	0	0	0	0	0	0	0	0	0	0	0
GRE236	0	0	0	0	0	0	0	0	0	0	0	0	0	0	0	0	0	0	0	0	0	0	0	0	0	0	0	0	0	0	0	0	0	0	0	0	0	0	0	0	0	0	0	0	0	0	0	0	0	0	0	0	0	0	0	0	0	0	0	0	0	0	0	0	0	0	0	0	0	0	0	0	0	0	0	0	0	0	0	0	0	0	0	0	0	0	0	0	0	0	0	0	0	0	0
GRE238	0	0	0	0	0	0	0	0	0	0	0	0	0	0	0	0	0	0	0	0	0	0	0	0	0	0	0	0	0	0	0	0	0	0	0	0	0	0	0	0	0	0	0	0	0	0	0	0	0	0	0	0	0	0	0	0	0	0	0	0	0	0	0	0	0	0	0	0	0	0	0	0	0	0	0	0	0	0	0	0	0	0	0	0	0	0	0	0	0	0	0	0	0	0	0
GRE239	0	0	0	0	0	0	0	0	0	0	0	0	0	0	0	0	0	0	0	0	0	0	0	0	0	0	0	0	0	0	0	0	0	0	0	0	0	0	0	0	0	0	0	0	0	0	0	0	0	0	0	0	0	0	0	0	0	0	0	0	0	0	0	0	0	0	0	0	0	0	0	0	0	0	0	0	0	0	0	0	0	0	0	0	0	0	0	0	0	0	0	0	0	0	0
GRE240	0	0	0	0	0	0	0	0	0	0	0	0	0	0	0	0	0	0	0	0	0	0	0	0	0	0	0	0	0	0	0	0	0	0	0	0	0	0	0	0	0	0	0	0	0	0	0	0	0	0	0	0	0	0	0	0	0	0	0	0	0	0	0	0	0	0	0	0	0	0	0	0	0	0	0	0	0	0	0	0	0	0	0	0	0	0	0	0	0	0	0	0	0	0	0
GRE242	0	0	0	0	0	0	0	0	0	0	0	0	0	0	0	0	0	0	0	0	0	0	0	0	0	0	0	0	0	0	0	0	0	0	0	0	0	0	0	0	0	0	0	0	0	0	0	0	0	0	0	0	0	0	0	0	0	0	0	0	0	0	0	0	0	0	0	0	0	0	0	0	0	0	0	0	0	0	0	0	0	0	0	0	0	0	0	0	0	0	0	0	0	0	0
GRE243	0	0	0	0	0	0	0	0	0	0	0	0	0	0	0	0	0	0	0	0	0	0	0	0	0	0	0	0	0	0	0	0	0	0	0	0	0	0	0	0	0	0	0	0	0	0	0	0	0	0	0	0	0	0	0	0	0	0	0	0	0	0	0	0	0	0	0	0	0	0	0	0	0	0	0	0	0	0	0	0	0	0	0	0	0	0	0	0	0	0	0	0	0	0	0
GRE246	0	0	0	0	0	0	0	0	0	0	0	0	0	0	0	0	0	0	0	0	0	0	0	0	0	0	0	0	0	0	0	0	0	0	0	0	0	0	0	0	0	0	0	0	0	0	0	0	0	0	0	0	0	0	0	0	0	0	0	0	0	0	0	0	0	0	0	0	0	0	0	0	0	0	0	0	0	0	0	0	0	0	0	0	0	0	0	0	0	0	0	0	0	0	0
GRE249	0	0	0	0	0	0	0	0	0	0	0	0	0	0	0	0	0	0	0	0	0	0	0	0	0	0	0	0	0	0	0	0	0	0	0	0	0	0	0	0	0	0	0	0	0	0	0	0	0	0	0	0	0	0	0	0	0	0	0	0	0	0	0	0	0	0	0	0	0	0	0	0	0	0	0	0	0	0	0	0	0	0	0	0	0	0	0	0	0	0	0	0	0	0	0
GRE25	0	0	0	0	0	0	0	0	0	0	0	0	0	0	0	0	0	0	0	0	0	0	0	0	0	0	0	0	0	0	0	0	0	0	0	0	0	0	0	0	0	0	0	0	0	0	0	0	0	0	0	0	0	0	0	0	0	0	0	0	0	0	0	0	0	0	0	0	0	0	0	0	0	0	0	0	0	0	0	0	0	0	0	0	0	0	0	0	0	0	0	0	0	0	0
GRE250	0	0	0	0	0	0	0	0	0	0	0	0	0	0	0	0	0	0	0	0	0	0	0	0	0	0	0	0	0	0	0	0	0	0	0	0	0	0	0	0	0	0	0	0	0	0	0	0	0	0	0	0	0	0	0	0	0	0	0	0	0	0	0	0	0	0	0	0	0	0	0	0	0	0	0	0	0	0	0	0	0	0	0	0	0	0	0	0	0	0	0	0	0	0	0
GRE251	0	0	0	0	0	0	0	0	0	0	0	0	0	0	0	0	0	0	0	0	0	0	0	0	0	0	0	0	0	0	0	0	0	0	0	0	0	0	0	0	0	0	0	0	0	0	0	0	0	0	0	0	0	0	0	0	0	0	0	0	0	0	0	0	0	0	0	0	0	0	0	0	0	0	0	0	0	0	0	0	0	0	0	0	0	0	0	0	0	0	0	0	0	0	0
GRE255	0	0	0	0	0	0	0	0	0	0	0	0	0	0	0	0	0	0	0	0	0	0	0	0	0	0	0	0	0	0	0	0	0	0	0	0	0	0	0	0	0	0	0	0	0	0	0	0	0	0	0	0	0	0	0	0	0	0	0	0	0	0	0	0	0	0	0	0	0	0	0	0	0	0	0	0	0	0	0	0	0	0	0	0	0	0	0	0	0	0	0	0	0	0	0
GRE256	0	0	0	0	0	0	0	0	0	0	0	0	0	0	0	0	0	0	0	0	0	0	0	0	0	0	0	0	0	0	0	0	0	0	0	0	0	0	0	0	0	0	0	0	0	0	0	0	0	0	0	0	0	0	0	0	0	0	0	0	0	0	0	0	0	0	0	0	0	0	0	0	0	0	0	0	0	0	0	0	0	0	0	0	0	0	0	0	0	0	0	0	0	0	0
GRE259	0	0	0	0	0	0	0	0	0	0	0	0	0	0	0	0	0	0	0	0	0	0	0	0	0	0	0	0	0	0	0	0	0	0	0	0	0	0	0	0	0	0	0	0	0	0	0	0	0	0	0	0	0	0	0	0	0	0	0	0	0	0	0	0	0	0	0	0	0	0	0	0	0	0	0	0	0	0	0	0	0	0	0	0	0	0	0	0	0	0	0	0	0	0	0
GRE26	0	0	0	0	0	0	0	0	0	0	0	0	0	0	0	0	0	0	0	0	0	0	0	0	0	0	0	0	0	0	0	0	0	0	0	0	0	0	0	0	0	0	0	0	0	0	0	0	0	0	0	0	0	0	0	0	0	0	0	0	0	0	0	0	0	0	0	0	0	0	0	0	0	0	0	0	0	0	0	0	0	0	0	0	0	0	0	0	0	0	0	0	0	0	0
GRE260	0	0	0	0	0	0	0	0	0	0	0	0	0	0	0	0	0	0	0	0	0	0	0	0	0	0	0	0	0	0	0	0	0	0	0	0	0	0	0	0	0	0	0	0	0	0	0	0	0	0	0	0	0	0	0	0	0	0	0	0	0	0	0	0	0	0	0	0	0	0	0	0	0	0	0	0	0	0	0	0	0	0	0	0	0	0	0	0	0	0	0	0	0	0	0
GRE261	0	0	0	0	0	0	0	0	0	0	0	0	0	0	0	0	0	0	0	0	0	0	0	0	0	0	0	0	0	0	0	0	0	0	0	0	0	0	0	0	0	0	0	0	0	0	0	0	0	0	0	0	0	0	0	0	0	0	0	0	0	0	0	0	0	0	0	0	0	0	0	0	0	0	0	0	0	0	0	0	0	0	0	0	0	0	0	0	0	0	0	0	0	0	0
GRE266	0	0	0	0	0	0	0	0	0	0	0	0	0	0	0	0	0	0	0	0	0	0	0	0	0	0	0	0	0	0	0	0	0	0	0	0	0	0	0	0	0	0	0	0	0	0	0	0	0	0	0	0	0	0	0	0	0	0	0	0	0	0	0	0	0	0	0	0	0	0	0	0	0	0	0	0	0	0	0	0	0	0	0	0	0	0	0	0	0	0	0	0	0	0	0
GRE267	0	0	0	0	0	0	0	0	0	0	0	0	0	0	0	0	0	0	0	0	0	0	0	0	0	0	0	0	0	0	0	0	0	0	0	0	0	0	0	0	0	0	0	0	0	0	0	0	0	0	0	0	0	0	0	0	0	0	0	0	0	0	0	0	0	0	0	0	0	0	0	0	0	0	0	0	0	0	0	0	0	0	0	0	0	0	0	0	0	0	0	0	0	0	0
GRE268	0	0	0	0	0	0	0	0	0	0	0	0	0	0	0	0	0	0	0	0	0	0	0	0	0	0	0	0	0	0	0	0	0	0	0	0	0	0	0	0	0	0	0	0	0	0	0	0	0	0	0	0	0	0	0	0	0	0	0	0	0	0	0	0	0	0	0	0	0	0	0	0	0	0	0	0	0	0	0	0	0	0	0	0	0	0	0	0	0	0	0	0	0	0	0
GRE269	0	0	0	0	0	0	0	0	0	0	0	0	0	0	0	0	0	0	0	0	0	0	0	0	0	0	0	0	0	0	0	0	0	0	0	0	0	0	0	0	0	0	0	0	0	0	0	0	0	0	0	0	0	0	0	0	0	0	0	0	0	0	0	0	0	0	0	0	0	0	0	0	0	0	0	0	0	0	0	0	0	0	0	0	0	0	0	0	0	0	0	0	0	0	0
GRE27	0	0	0	0	0	0	0	0	0	0	0	0	0	0	0	0	0	0	0	0	0	0	0	0	0	0	0	0	0	0	0	0	0	0	0	0	0	0	0	0	0	0	0	0	0	0	0	0	0	0	0	0	0	0	0	0	0	0	0	0	0	0	0	0	0	0	0	0	0	0	0	0	0	0	0	0	0	0	0	0	0	0	0	0	0	0	0	0	0	0	0	0	0	0	0
GRE272	0	0	0	0	0	0	0	0	0	0	0	0	0	0	0	0	0	0	0	0	0	0	0	0	0	0	0	0	0	0	0	0	0	0	0	0	0	0	0	0	0	0	0	0	0	0	0	0	0	0	0	0	0	0	0	0	0	0	0	0	0	0	0	0	0	0	0	0	0	0	0	0	0	0	0	0	0	0	0	0	0	0	0	0	0	0	0	0	0	0	0	0	0	0	0
GRE273	0	0	0	0	0	0	0	0	0	0	0	0	0	0	0	0	0	0	0	0	0	0	0	0	0	0	0	0	0	0	0	0	0	0	0	0	0	0	0	0	0	0	0	0	0	0	0	0	0	0	0	0	0	0	0	0	0	0	0	0	0	0	0	0	0	0	0	0	0	0	0	0	0	0	0	0	0	0	0	0	0	0	0	0	0	0	0	0	0	0	0	0	0	0	0
GRE274	0	0	0	0	0	0	0	0	0	0	0	0	0	0	0	0	0	0	0	0	0	0	0	0	0	0	0	0	0	0	0	0	0	0	0	0	0	0	0	0	0	0	0	0	0	0	0	0	0	0	0	0	0	0	0	0	0	0	0	0	0	0	0	0	0	0	0	0	0	0	0	0	0	0	0	0	0	0	0	0	0	0	0	0	0	0	0	0	0	0	0	0	0	0	0
GRE279	0	0	0	0	0	0	0	0	0	0	0	0	0	0	0	0	0	0	0	0	0	0	0	0	0	0	0	0	0	0	0	0	0	0	0	0	0	0	0	0	0	0	0	0	0	0	0	0	0	0	0	0	0	0	0	0	0	0	0	0	0	0	0	0	0	0	0	0	0	0	0	0	0	0	0	0	0	0	0	0	0	0	0	0	0	0	0	0	0	0	0	0	0	0	0
GRE28	0	0	0	0	0	0	0	0	0	0	0	0	0	0	0	0	0	0	0	0	0	0	0	0	0	0	0	0	0	0	0	0	0	0	0	0	0	0	0	0	0	0	0	0	0	0	0	0	0	0	0	0	0	0	0	0	0	0	0	0	0	0	0	0	0	0	0	0	0	0	0	0	0	0	0	0	0	0	0	0	0	0	0	0	0	0	0	0	0	0	0	0	0	0	0
GRE281	0	0	0	0	0	0	0	0	0	0	0	0	0	0	0	0	0	0	0	0	0	0	0	0	0	0	0	0	0	0	0	0	0	0	0	0	0	0	0	0	0	0	0	0	0	0	0	0	0	0	0	0	0	0	0	0	0	0	0	0	0	0	0	0	0	0	0	0	0	0	0	0	0	0	0	0	0	0	0	0	0	0	0	0	0	0	0	0	0	0	0	0	0	0	0
GRE284	0	0	0	0	0	0	0	0	0	0	0	0	0	0	0	0	0	0	0	0	0	0	0	0	0	0	0	0	0	0	0	0	0	0	0	0	0	0	0	0	0	0	0	0	0	0	0	0	0	0	0	0	0	0	0	0	0	0	0	0	0	0	0	0	0	0	0	0	0	0	0	0	0	0	0	0	0	0	0	0	0	0	0	0	0	0	0	0	0	0	0	0	0	0	0
GRE286	0	0	0	0	0	0	0	0	0	0	0	0	0	0	0	0	0	0	0	0	0	0	0	0	0	0	0	0	0	0	0	0	0	0	0	0	0	0	0	0	0	0	0	0	0	0	0	0	0	0	0	0	0	0	0	0	0	0	0	0	0	0	0	0	0	0	0	0	0	0	0	0	0	0	0	0	0	0	0	0	0	0	0	0	0	0	0	0	0	0	0	0	0	0	0
GRE287	0	0	0	0	0	0	0	0	0	0	0	0	0	0	0	0	0	0	0	0	0	0	0	0	0	0	0	0	0	0	0	0	0	0	0	0	0	0	0	0	0	0	0	0	0	0	0	0	0	0	0	0	0	0	0	0	0	0	0	0	0	0	0	0	0	0	0	0	0	0	0	0	0	0	0	0	0	0	0	0	0	0	0	0	0	0	0	0	0	0	0	0	0	0	0
GRE288	0	0	0	0	0	0	0	0	0	0	0	0	0	0	0	0	0	0	0	0	0	0	0	0	0	0	0	0	0	0	0	0	0	0	0	0	0	0	0	0	0	0	0	0	0	0	0	0	0	0	0	0	0	0	0	0	0	0	0	0	0	0	0	0	0	0	0	0	0	0	0	0	0	0	0	0	0	0	0	0	0	0	0	0	0	0	0	0	0	0	0	0	0	0	0
GRE29	0	0	0	0	0	0	0	0	0	0	0	0	0	0	0	0	0	0	0	0	0	0	0	0	0	0	0	0	0	0	0	0	0	0	0	0	0	0	0	0	0	0	0	0	0	0	0	0	0	0	0	0	0	0	0	0	0	0	0	0	0	0	0	0	0	0	0	0	0	0	0	0	0	0	0	0	0	0	0	0	0	0	0	0	0	0	0	0	0	0	0	0	0	0	0
GRE290	0	0	0	0	0	0	0	0	0	0	0	0	0	0	0	0	0	0	0	0	0	0	0	0	0	0	0	0	0	0	0	0	0	0	0	0	0	0	0	0	0	0	0	0	0	0	0	0	0	0	0	0	0	0	0	0	0	0	0	0	0	0	0	0	0	0	0	0	0	0	0	0	0	0	0	0	0	0	0	0	0	0	0	0	0	0	0	0	0	0	0	0	0	0	0
GRE291	0	0	0	0	0	0	0	0	0	0	0	0	0	0	0	0	0	0	0	0	0	0	0	0	0	0	0	0	0	0	0	0	0	0	0	0	0	0	0	0	0	0	0	0	0	0	0	0	0	0	0	0	0	0	0	0	0	0	0	0	0	0	0	0	0	0	0	0	0	0	0	0	0	0	0	0	0	0	0	0	0	0	0	0	0	0	0	0	0	0	0	0	0	0	0
GRE292	0	0	0	0	0	0	0	0	0	0	0	0	0	0	0	0	0	0	0	0	0	0	0	0	0	0	0	0	0	0	0	0	0	0	0	0	0	0	0	0	0	0	0	0	0	0	0	0	0	0	0	0	0	0	0	0	0	0	0	0	0	0	0	0	0	0	0	0	0	0	0	0	0	0	0	0	0	0	0	0	0	0	0	0	0	0	0	0	0	0	0	0	0	0	0
GRE293	0	0	0	0	0	0	0	0	0	0	0	0	0	0	0	0	0	0	0	0	0	0	0	0	0	0	0	0	0	0	0	0	0	0	0	0	0	0	0	0	0	0	0	0	0	0	0	0	0	0	0	0	0	0	0	0	0	0	0	0	0	0	0	0	0	0	0	0	0	0	0	0	0	0	0	0	0	0	0	0	0	0	0	0	0	0	0	0	0	0	0	0	0	0	0
GRE294	0	0	0	0	0	0	0	0	0	0	0	0	0	0	0	0	0	0	0	0	0	0	0	0	0	0	0	0	0	0	0	0	0	0	0	0	0	0	0	0	0	0	0	0	0	0	0	0	0	0	0	0	0	0	0	0	0	0	0	0	0	0	0	0	0	0	0	0	0	0	0	0	0	0	0	0	0	0	0	0	0	0	0	0	0	0	0	0	0	0	0	0	0	0	0
GRE295	0	0	0	0	0	0	0	0	0	0	0	0	0	0	0	0	0	0	0	0	0	0	0	0	0	0	0	0	0	0	0	0	0	0	0	0	0	0	0	0	0	0	0	0	0	0	0	0	0	0	0	0	0	0	0	0	0	0	0	0	0	0	0	0	0	0	0	0	0	0	0	0	0	0	0	0	0	0	0	0	0	0	0	0	0	0	0	0	0	0	0	0	0	0	0
GRE296	0	0	0	0	0	0	0	0	0	0	0	0	0	0	0	0	0	0	0	0	0	0	0	0	0	0	0	0	0	0	0	0	0	0	0	0	0	0	0	0	0	0	0	0	0	0	0	0	0	0	0	0	0	0	0	0	0	0	0	0	0	0	0	0	0	0	0	0	0	0	0	0	0	0	0	0	0	0	0	0	0	0	0	0	0	0	0	0	0	0	0	0	0	0	0
GRE297	0	0	0	0	0	0	0	0	0	0	0	0	0	0	0	0	0	0	0	0	0	0	0	0	0	0	0	0	0	0	0	0	0	0	0	0	0	0	0	0	0	0	0	0	0	0	0	0	0	0	0	0	0	0	0	0	0	0	0	0	0	0	0	0	0	0	0	0	0	0	0	0	0	0	0	0	0	0	0	0	0	0	0	0	0	0	0	0	0	0	0	0	0	0	0
GRE298	0	0	0	0	0	0	0	0	0	0	0	0	0	0	0	0	0	0	0	0	0	0	0	0	0	0	0	0	0	0	0	0	0	0	0	0	0	0	0	0	0	0	0	0	0	0	0	0	0	0	0	0	0	0	0	0	0	0	0	0	0	0	0	0	0	0	0	0	0	0	0	0	0	0	0	0	0	0	0	0	0	0	0	0	0	0	0	0	0	0	0	0	0	0	0
GRE3	0	0	0	0	0	0	0	0	0	0	0	0	0	0	0	0	0	0	0	0	0	0	0	0	0	0	0	0	0	0	0	0	0	0	0	0	0	0	0	0	0	0	0	0	0	0	0	0	0	0	0	0	0	0	0	0	0	0	0	0	0	0	0	0	0	0	0	0	0	0	0	0	0	0	0	0	0	0	0	0	0	0	0	0	0	0	0	0	0	0	0	0	0	0	0
GRE30	0	0	0	0	0	0	0	0	0	0	0	0	0	0	0	0	0	0	0	0	0	0	0	0	0	0	0	0	0	0	0	0	0	0	0	0	0	0	0	0	0	0	0	0	0	0	0	0	0	0	0	0	0	0	0	0	0	0	0	0	0	0	0	0	0	0	0	0	0	0	0	0	0	0	0	0	0	0	0	0	0	0	0	0	0	0	0	0	0	0	0	0	0	0	0
GRE301	0	0	0	0	0	0	0	0	0	0	0	0	0	0	0	0	0	0	0	0	0	0	0	0	0	0	0	0	0	0	0	0	0	0	0	0	0	0	0	0	0	0	0	0	0	0	0	0	0	0	0	0	0	0	0	0	0	0	0	0	0	0	0	0	0	0	0	0	0	0	0	0	0	0	0	0	0	0	0	0	0	0	0	0	0	0	0	0	0	0	0	0	0	0	0
GRE302	0	0	0	0	0	0	0	0	0	0	0	0	0	0	0	0	0	0	0	0	0	0	0	0	0	0	0	0	0	0	0	0	0	0	0	0	0	0	0	0	0	0	0	0	0	0	0	0	0	0	0	0	0	0	0	0	0	0	0	0	0	0	0	0	0	0	0	0	0	0	0	0	0	0	0	0	0	0	0	0	0	0	0	0	0	0	0	0	0	0	0	0	0	0	0
GRE303	0	0	0	0	0	0	0	0	0	0	0	0	0	0	0	0	0	0	0	0	0	0	0	0	0	0	0	0	0	0	0	0	0	0	0	0	0	0	0	0	0	0	0	0	0	0	0	0	0	0	0	0	0	0	0	0	0	0	0	0	0	0	0	0	0	0	0	0	0	0	0	0	0	0	0	0	0	0	0	0	0	0	0	0	0	0	0	0	0	0	0	0	0	0	0
GRE304	0	0	0	0	0	0	0	0	0	0	0	0	0	0	0	0	0	0	0	0	0	0	0	0	0	0	0	0	0	0	0	0	0	0	0	0	0	0	0	0	0	0	0	0	0	0	0	0	0	0	0	0	0	0	0	0	0	0	0	0	0	0	0	0	0	0	0	0	0	0	0	0	0	0	0	0	0	0	0	0	0	0	0	0	0	0	0	0	0	0	0	0	0	0	0
GRE307	0	0	0	0	0	0	0	0	0	0	0	0	0	0	0	0	0	0	0	0	0	0	0	0	0	0	0	0	0	0	0	0	0	0	0	0	0	0	0	0	0	0	0	0	0	0	0	0	0	0	0	0	0	0	0	0	0	0	0	0	0	0	0	0	0	0	0	0	0	0	0	0	0	0	0	0	0	0	0	0	0	0	0	0	0	0	0	0	0	0	0	0	0	0	0
GRE309	0	0	0	0	0	0	0	0	0	0	0	0	0	0	0	0	0	0	0	0	0	0	0	0	0	0	0	0	0	0	0	0	0	0	0	0	0	0	0	0	0	0	0	0	0	0	0	0	0	0	0	0	0	0	0	0	0	0	0	0	0	0	0	0	0	0	0	0	0	0	0	0	0	0	0	0	0	0	0	0	0	0	0	0	0	0	0	0	0	0	0	0	0	0	0
GRE31	0	0	0	0	0	0	0	0	0	0	0	0	0	0	0	0	0	0	0	0	0	0	0	0	0	0	0	0	0	0	0	0	0	0	0	0	0	0	0	0	0	0	0	0	0	0	0	0	0	0	0	0	0	0	0	0	0	0	0	0	0	0	0	0	0	0	0	0	0	0	0	0	0	0	0	0	0	0	0	0	0	0	0	0	0	0	0	0	0	0	0	0	0	0	0
GRE310	0	0	0	0	0	0	0	0	0	0	0	0	0	0	0	0	0	0	0	0	0	0	0	0	0	0	0	0	0	0	0	0	0	0	0	0	0	0	0	0	0	0	0	0	0	0	0	0	0	0	0	0	0	0	0	0	0	0	0	0	0	0	0	0	0	0	0	0	0	0	0	0	0	0	0	0	0	0	0	0	0	0	0	0	0	0	0	0	0	0	0	0	0	0	0
GRE312	0	0	0	0	0	0	0	0	0	0	0	0	0	0	0	0	0	0	0	0	0	0	0	0	0	0	0	0	0	0	0	0	0	0	0	0	0	0	0	0	0	0	0	0	0	0	0	0	0	0	0	0	0	0	0	0	0	0	0	0	0	0	0	0	0	0	0	0	0	0	0	0	0	0	0	0	0	0	0	0	0	0	0	0	0	0	0	0	0	0	0	0	0	0	0
GRE313	0	0	0	0	0	0	0	0	0	0	0	0	0	0	0	0	0	0	0	0	0	0	0	0	0	0	0	0	0	0	0	0	0	0	0	0	0	0	0	0	0	0	0	0	0	0	0	0	0	0	0	0	0	0	0	0	0	0	0	0	0	0	0	0	0	0	0	0	0	0	0	0	0	0	0	0	0	0	0	0	0	0	0	0	0	0	0	0	0	0	0	0	0	0	0
GRE316	0	0	0	0	0	0	0	0	0	0	0	0	0	0	0	0	0	0	0	0	0	0	0	0	0	0	0	0	0	0	0	0	0	0	0	0	0	0	0	0	0	0	0	0	0	0	0	0	0	0	0	0	0	0	0	0	0	0	0	0	0	0	0	0	0	0	0	0	0	0	0	0	0	0	0	0	0	0	0	0	0	0	0	0	0	0	0	0	0	0	0	0	0	0	0
GRE317	0	0	0	0	0	0	0	0	0	0	0	0	0	0	0	0	0	0	0	0	0	0	0	0	0	0	0	0	0	0	0	0	0	0	0	0	0	0	0	0	0	0	0	0	0	0	0	0	0	0	0	0	0	0	0	0	0	0	0	0	0	0	0	0	0	0	0	0	0	0	0	0	0	0	0	0	0	0	0	0	0	0	0	0	0	0	0	0	0	0	0	0	0	0	0
GRE319	0	0	0	0	0	0	0	0	0	0	0	0	0	0	0	0	0	0	0	0	0	0	0	0	0	0	0	0	0	0	0	0	0	0	0	0	0	0	0	0	0	0	0	0	0	0	0	0	0	0	0	0	0	0	0	0	0	0	0	0	0	0	0	0	0	0	0	0	0	0	0	0	0	0	0	0	0	0	0	0	0	0	0	0	0	0	0	0	0	0	0	0	0	0	0
GRE32	0	0	0	0	0	0	0	0	0	0	0	0	0	0	0	0	0	0	0	0	0	0	0	0	0	0	0	0	0	0	0	0	0	0	0	0	0	0	0	0	0	0	0	0	0	0	0	0	0	0	0	0	0	0	0	0	0	0	0	0	0	0	0	0	0	0	0	0	0	0	0	0	0	0	0	0	0	0	0	0	0	0	0	0	0	0	0	0	0	0	0	0	0	0	0
GRE320	0	0	0	0	0	0	0	0	0	0	0	0	0	0	0	0	0	0	0	0	0	0	0	0	0	0	0	0	0	0	0	0	0	0	0	0	0	0	0	0	0	0	0	0	0	0	0	0	0	0	0	0	0	0	0	0	0	0	0	0	0	0	0	0	0	0	0	0	0	0	0	0	0	0	0	0	0	0	0	0	0	0	0	0	0	0	0	0	0	0	0	0	0	0	0
GRE321	0	0	0	0	0	0	0	0	0	0	0	0	0	0	0	0	0	0	0	0	0	0	0	0	0	0	0	0	0	0	0	0	0	0	0	0	0	0	0	0	0	0	0	0	0	0	0	0	0	0	0	0	0	0	0	0	0	0	0	0	0	0	0	0	0	0	0	0	0	0	0	0	0	0	0	0	0	0	0	0	0	0	0	0	0	0	0	0	0	0	0	0	0	0	0
GRE322	0	0	0	0	0	0	0	0	0	0	0	0	0	0	0	0	0	0	0	0	0	0	0	0	0	0	0	0	0	0	0	0	0	0	0	0	0	0	0	0	0	0	0	0	0	0	0	0	0	0	0	0	0	0	0	0	0	0	0	0	0	0	0	0	0	0	0	0	0	0	0	0	0	0	0	0	0	0	0	0	0	0	0	0	0	0	0	0	0	0	0	0	0	0	0
GRE323	0	0	0	0	0	0	0	0	0	0	0	0	0	0	0	0	0	0	0	0	0	0	0	0	0	0	0	0	0	0	0	0	0	0	0	0	0	0	0	0	0	0	0	0	0	0	0	0	0	0	0	0	0	0	0	0	0	0	0	0	0	0	0	0	0	0	0	0	0	0	0	0	0	0	0	0	0	0	0	0	0	0	0	0	0	0	0	0	0	0	0	0	0	0	0
GRE324	0	0	0	0	0	0	0	0	0	0	0	0	0	0	0	0	0	0	0	0	0	0	0	0	0	0	0	0	0	0	0	0	0	0	0	0	0	0	0	0	0	0	0	0	0	0	0	0	0	0	0	0	0	0	0	0	0	0	0	0	0	0	0	0	0	0	0	0	0	0	0	0	0	0	0	0	0	0	0	0	0	0	0	0	0	0	0	0	0	0	0	0	0	0	0
GRE325	0	0	0	0	0	0	0	0	0	0	0	0	0	0	0	0	0	0	0	0	0	0	0	0	0	0	0	0	0	0	0	0	0	0	0	0	0	0	0	0	0	0	0	0	0	0	0	0	0	0	0	0	0	0	0	0	0	0	0	0	0	0	0	0	0	0	0	0	0	0	0	0	0	0	0	0	0	0	0	0	0	0	0	0	0	0	0	0	0	0	0	0	0	0	0
GRE33	0	0	0	0	0	0	0	0	0	0	0	0	0	0	0	0	0	0	0	0	0	0	0	0	0	0	0	0	0	0	0	0	0	0	0	0	0	0	0	0	0	0	0	0	0	0	0	0	0	0	0	0	0	0	0	0	0	0	0	0	0	0	0	0	0	0	0	0	0	0	0	0	0	0	0	0	0	0	0	0	0	0	0	0	0	0	0	0	0	0	0	0	0	0	0
GRE34	0	0	0	0	0	0	0	0	0	0	0	0	0	0	0	0	0	0	0	0	0	0	0	0	0	0	0	0	0	0	0	0	0	0	0	0	0	0	0	0	0	0	0	0	0	0	0	0	0	0	0	0	0	0	0	0	0	0	0	0	0	0	0	0	0	0	0	0	0	0	0	0	0	0	0	0	0	0	0	0	0	0	0	0	0	0	0	0	0	0	0	0	0	0	0
GRE37	0	0	0	0	0	0	0	0	0	0	0	0	0	0	0	0	0	0	0	0	0	0	0	0	0	0	0	0	0	0	0	0	0	0	0	0	0	0	0	0	0	0	0	0	0	0	0	0	0	0	0	0	0	0	0	0	0	0	0	0	0	0	0	0	0	0	0	0	0	0	0	0	0	0	0	0	0	0	0	0	0	0	0	0	0	0	0	0	0	0	0	0	0	0	0
GRE39	0	0	0	0	0	0	0	0	0	0	0	0	0	0	0	0	0	0	0	0	0	0	0	0	0	0	0	0	0	0	0	0	0	0	0	0	0	0	0	0	0	0	0	0	0	0	0	0	0	0	0	0	0	0	0	0	0	0	0	0	0	0	0	0	0	0	0	0	0	0	0	0	0	0	0	0	0	0	0	0	0	0	0	0	0	0	0	0	0	0	0	0	0	0	0
GRE41	0	0	0	0	0	0	0	0	0	0	0	0	0	0	0	0	0	0	0	0	0	0	0	0	0	0	0	0	0	0	0	0	0	0	0	0	0	0	0	0	0	0	0	0	0	0	0	0	0	0	0	0	0	0	0	0	0	0	0	0	0	0	0	0	0	0	0	0	0	0	0	0	0	0	0	0	0	0	0	0	0	0	0	0	0	0	0	0	0	0	0	0	0	0	0
GRE43	0	0	0	0	0	0	0	0	0	0	0	0	0	0	0	0	0	0	0	0	0	0	0	0	0	0	0	0	0	0	0	0	0	0	0	0	0	0	0	0	0	0	0	0	0	0	0	0	0	0	0	0	0	0	0	0	0	0	0	0	0	0	0	0	0	0	0	0	0	0	0	0	0	0	0	0	0	0	0	0	0	0	0	0	0	0	0	0	0	0	0	0	0	0	0
GRE44	0	0	0	0	0	0	0	0	0	0	0	0	0	0	0	0	0	0	0	0	0	0	0	0	0	0	0	0	0	0	0	0	0	0	0	0	0	0	0	0	0	0	0	0	0	0	0	0	0	0	0	0	0	0	0	0	0	0	0	0	0	0	0	0	0	0	0	0	0	0	0	0	0	0	0	0	0	0	0	0	0	0	0	0	0	0	0	0	0	0	0	0	0	0	0
GRE46	0	0	0	0	0	0	0	0	0	0	0	0	0	0	0	0	0	0	0	0	0	0	0	0	0	0	0	0	0	0	0	0	0	0	0	0	0	0	0	0	0	0	0	0	0	0	0	0	0	0	0	0	0	0	0	0	0	0	0	0	0	0	0	0	0	0	0	0	0	0	0	0	0	0	0	0	0	0	0	0	0	0	0	0	0	0	0	0	0	0	0	0	0	0	0
GRE47	0	0	0	0	0	0	0	0	0	0	0	0	0	0	0	0	0	0	0	0	0	0	0	0	0	0	0	0	0	0	0	0	0	0	0	0	0	0	0	0	0	0	0	0	0	0	0	0	0	0	0	0	0	0	0	0	0	0	0	0	0	0	0	0	0	0	0	0	0	0	0	0	0	0	0	0	0	0	0	0	0	0	0	0	0	0	0	0	0	0	0	0	0	0	0
GRE48	0	0	0	0	0	0	0	0	0	0	0	0	0	0	0	0	0	0	0	0	0	0	0	0	0	0	0	0	0	0	0	0	0	0	0	0	0	0	0	0	0	0	0	0	0	0	0	0	0	0	0	0	0	0	0	0	0	0	0	0	0	0	0	0	0	0	0	0	0	0	0	0	0	0	0	0	0	0	0	0	0	0	0	0	0	0	0	0	0	0	0	0	0	0	0
GRE49	0	0	0	0	0	0	0	0	0	0	0	0	0	0	0	0	0	0	0	0	0	0	0	0	0	0	0	0	0	0	0	0	0	0	0	0	0	0	0	0	0	0	0	0	0	0	0	0	0	0	0	0	0	0	0	0	0	0	0	0	0	0	0	0	0	0	0	0	0	0	0	0	0	0	0	0	0	0	0	0	0	0	0	0	0	0	0	0	0	0	0	0	0	0	0
GRE5	0	0	0	0	0	0	0	0	0	0	0	0	0	0	0	0	0	0	0	0	0	0	0	0	0	0	0	0	0	0	0	0	0	0	0	0	0	0	0	0	0	0	0	0	0	0	0	0	0	0	0	0	0	0	0	0	0	0	0	0	0	0	0	0	0	0	0	0	0	0	0	0	0	0	0	0	0	0	0	0	0	0	0	0	0	0	0	0	0	0	0	0	0	0	0
GRE52	0	0	0	0	0	0	0	0	0	0	0	0	0	0	0	0	0	0	0	0	0	0	0	0	0	0	0	0	0	0	0	0	0	0	0	0	0	0	0	0	0	0	0	0	0	0	0	0	0	0	0	0	0	0	0	0	0	0	0	0	0	0	0	0	0	0	0	0	0	0	0	0	0	0	0	0	0	0	0	0	0	0	0	0	0	0	0	0	0	0	0	0	0	0	0
GRE53	0	0	0	0	0	0	0	0	0	0	0	0	0	0	0	0	0	0	0	0	0	0	0	0	0	0	0	0	0	0	0	0	0	0	0	0	0	0	0	0	0	0	0	0	0	0	0	0	0	0	0	0	0	0	0	0	0	0	0	0	0	0	0	0	0	0	0	0	0	0	0	0	0	0	0	0	0	0	0	0	0	0	0	0	0	0	0	0	0	0	0	0	0	0	0
GRE54	0	0	0	0	0	0	0	0	0	0	0	0	0	0	0	0	0	0	0	0	0	0	0	0	0	0	0	0	0	0	0	0	0	0	0	0	0	0	0	0	0	0	0	0	0	0	0	0	0	0	0	0	0	0	0	0	0	0	0	0	0	0	0	0	0	0	0	0	0	0	0	0	0	0	0	0	0	0	0	0	0	0	0	0	0	0	0	0	0	0	0	0	0	0	0
GRE55	0	0	0	0	0	0	0	0	0	0	0	0	0	0	0	0	0	0	0	0	0	0	0	0	0	0	0	0	0	0	0	0	0	0	0	0	0	0	0	0	0	0	0	0	0	0	0	0	0	0	0	0	0	0	0	0	0	0	0	0	0	0	0	0	0	0	0	0	0	0	0	0	0	0	0	0	0	0	0	0	0	0	0	0	0	0	0	0	0	0	0	0	0	0	0
GRE56	0	0	0	0	0	0	0	0	0	0	0	0	0	0	0	0	0	0	0	0	0	0	0	0	0	0	0	0	0	0	0	0	0	0	0	0	0	0	0	0	0	0	0	0	0	0	0	0	0	0	0	0	0	0	0	0	0	0	0	0	0	0	0	0	0	0	0	0	0	0	0	0	0	0	0	0	0	0	0	0	0	0	0	0	0	0	0	0	0	0	0	0	0	0	0
GRE57	0	0	0	0	0	0	0	0	0	0	0	0	0	0	0	0	0	0	0	0	0	0	0	0	0	0	0	0	0	0	0	0	0	0	0	0	0	0	0	0	0	0	0	0	0	0	0	0	0	0	0	0	0	0	0	0	0	0	0	0	0	0	0	0	0	0	0	0	0	0	0	0	0	0	0	0	0	0	0	0	0	0	0	0	0	0	0	0	0	0	0	0	0	0	0
GRE6	0	0	0	0	0	0	0	0	0	0	0	0	0	0	0	0	0	0	0	0	0	0	0	0	0	0	0	0	0	0	0	0	0	0	0	0	0	0	0	0	0	0	0	0	0	0	0	0	0	0	0	0	0	0	0	0	0	0	0	0	0	0	0	0	0	0	0	0	0	0	0	0	0	0	0	0	0	0	0	0	0	0	0	0	0	0	0	0	0	0	0	0	0	0	0
GRE60	0	0	0	0	0	0	0	0	0	0	0	0	0	0	0	0	0	0	0	0	0	0	0	0	0	0	0	0	0	0	0	0	0	0	0	0	0	0	0	0	0	0	0	0	0	0	0	0	0	0	0	0	0	0	0	0	0	0	0	0	0	0	0	0	0	0	0	0	0	0	0	0	0	0	0	0	0	0	0	0	0	0	0	0	0	0	0	0	0	0	0	0	0	0	0
GRE62	0	0	0	0	0	0	0	0	0	0	0	0	0	0	0	0	0	0	0	0	0	0	0	0	0	0	0	0	0	0	0	0	0	0	0	0	0	0	0	0	0	0	0	0	0	0	0	0	0	0	0	0	0	0	0	0	0	0	0	0	0	0	0	0	0	0	0	0	0	0	0	0	0	0	0	0	0	0	0	0	0	0	0	0	0	0	0	0	0	0	0	0	0	0	0
GRE63	0	0	0	0	0	0	0	0	0	0	0	0	0	0	0	0	0	0	0	0	0	0	0	0	0	0	0	0	0	0	0	0	0	0	0	0	0	0	0	0	0	0	0	0	0	0	0	0	0	0	0	0	0	0	0	0	0	0	0	0	0	0	0	0	0	0	0	0	0	0	0	0	0	0	0	0	0	0	0	0	0	0	0	0	0	0	0	0	0	0	0	0	0	0	0
GRE66	0	0	0	0	0	0	0	0	0	0	0	0	0	0	0	0	0	0	0	0	0	0	0	0	0	0	0	0	0	0	0	0	0	0	0	0	0	0	0	0	0	0	0	0	0	0	0	0	0	0	0	0	0	0	0	0	0	0	0	0	0	0	0	0	0	0	0	0	0	0	0	0	0	0	0	0	0	0	0	0	0	0	0	0	0	0	0	0	0	0	0	0	0	0	0
GRE67	0	0	0	0	0	0	0	0	0	0	0	0	0	0	0	0	0	0	0	0	0	0	0	0	0	0	0	0	0	0	0	0	0	0	0	0	0	0	0	0	0	0	0	0	0	0	0	0	0	0	0	0	0	0	0	0	0	0	0	0	0	0	0	0	0	0	0	0	0	0	0	0	0	0	0	0	0	0	0	0	0	0	0	0	0	0	0	0	0	0	0	0	0	0	0
GRE69	0	0	0	0	0	0	0	0	0	0	0	0	0	0	0	0	0	0	0	0	0	0	0	0	0	0	0	0	0	0	0	0	0	0	0	0	0	0	0	0	0	0	0	0	0	0	0	0	0	0	0	0	0	0	0	0	0	0	0	0	0	0	0	0	0	0	0	0	0	0	0	0	0	0	0	0	0	0	0	0	0	0	0	0	0	0	0	0	0	0	0	0	0	0	0
GRE7	0	0	0	0	0	0	0	0	0	0	0	0	0	0	0	0	0	0	0	0	0	0	0	0	0	0	0	0	0	0	0	0	0	0	0	0	0	0	0	0	0	0	0	0	0	0	0	0	0	0	0	0	0	0	0	0	0	0	0	0	0	0	0	0	0	0	0	0	0	0	0	0	0	0	0	0	0	0	0	0	0	0	0	0	0	0	0	0	0	0	0	0	0	0	0
GRE71	0	0	0	0	0	0	0	0	0	0	0	0	0	0	0	0	0	0	0	0	0	0	0	0	0	0	0	0	0	0	0	0	0	0	0	0	0	0	0	0	0	0	0	0	0	0	0	0	0	0	0	0	0	0	0	0	0	0	0	0	0	0	0	0	0	0	0	0	0	0	0	0	0	0	0	0	0	0	0	0	0	0	0	0	0	0	0	0	0	0	0	0	0	0	0
GRE72	0	0	0	0	0	0	0	0	0	0	0	0	0	0	0	0	0	0	0	0	0	0	0	0	0	0	0	0	0	0	0	0	0	0	0	0	0	0	0	0	0	0	0	0	0	0	0	0	0	0	0	0	0	0	0	0	0	0	0	0	0	0	0	0	0	0	0	0	0	0	0	0	0	0	0	0	0	0	0	0	0	0	0	0	0	0	0	0	0	0	0	0	0	0	0
GRE74	0	0	0	0	0	0	0	0	0	0	0	0	0	0	0	0	0	0	0	0	0	0	0	0	0	0	0	0	0	0	0	0	0	0	0	0	0	0	0	0	0	0	0	0	0	0	0	0	0	0	0	0	0	0	0	0	0	0	0	0	0	0	0	0	0	0	0	0	0	0	0	0	0	0	0	0	0	0	0	0	0	0	0	0	0	0	0	0	0	0	0	0	0	0	0
GRE75	0	0	0	0	0	0	0	0	0	0	0	0	0	0	0	0	0	0	0	0	0	0	0	0	0	0	0	0	0	0	0	0	0	0	0	0	0	0	0	0	0	0	0	0	0	0	0	0	0	0	0	0	0	0	0	0	0	0	0	0	0	0	0	0	0	0	0	0	0	0	0	0	0	0	0	0	0	0	0	0	0	0	0	0	0	0	0	0	0	0	0	0	0	0	0
GRE76	0	0	0	0	0	0	0	0	0	0	0	0	0	0	0	0	0	0	0	0	0	0	0	0	0	0	0	0	0	0	0	0	0	0	0	0	0	0	0	0	0	0	0	0	0	0	0	0	0	0	0	0	0	0	0	0	0	0	0	0	0	0	0	0	0	0	0	0	0	0	0	0	0	0	0	0	0	0	0	0	0	0	0	0	0	0	0	0	0	0	0	0	0	0	0
GRE77	0	0	0	0	0	0	0	0	0	0	0	0	0	0	0	0	0	0	0	0	0	0	0	0	0	0	0	0	0	0	0	0	0	0	0	0	0	0	0	0	0	0	0	0	0	0	0	0	0	0	0	0	0	0	0	0	0	0	0	0	0	0	0	0	0	0	0	0	0	0	0	0	0	0	0	0	0	0	0	0	0	0	0	0	0	0	0	0	0	0	0	0	0	0	0
GRE8	0	0	0	0	0	0	0	0	0	0	0	0	0	0	0	0	0	0	0	0	0	0	0	0	0	0	0	0	0	0	0	0	0	0	0	0	0	0	0	0	0	0	0	0	0	0	0	0	0	0	0	0	0	0	0	0	0	0	0	0	0	0	0	0	0	0	0	0	0	0	0	0	0	0	0	0	0	0	0	0	0	0	0	0	0	0	0	0	0	0	0	0	0	0	0
GRE80	0	0	0	0	0	0	0	0	0	0	0	0	0	0	0	0	0	0	0	0	0	0	0	0	0	0	0	0	0	0	0	0	0	0	0	0	0	0	0	0	0	0	0	0	0	0	0	0	0	0	0	0	0	0	0	0	0	0	0	0	0	0	0	0	0	0	0	0	0	0	0	0	0	0	0	0	0	0	0	0	0	0	0	0	0	0	0	0	0	0	0	0	0	0	0
GRE81	0	0	0	0	0	0	0	0	0	0	0	0	0	0	0	0	0	0	0	0	0	0	0	0	0	0	0	0	0	0	0	0	0	0	0	0	0	0	0	0	0	0	0	0	0	0	0	0	0	0	0	0	0	0	0	0	0	0	0	0	0	0	0	0	0	0	0	0	0	0	0	0	0	0	0	0	0	0	0	0	0	0	0	0	0	0	0	0	0	0	0	0	0	0	0
GRE83	0	0	0	0	0	0	0	0	0	0	0	0	0	0	0	0	0	0	0	0	0	0	0	0	0	0	0	0	0	0	0	0	0	0	0	0	0	0	0	0	0	0	0	0	0	0	0	0	0	0	0	0	0	0	0	0	0	0	0	0	0	0	0	0	0	0	0	0	0	0	0	0	0	0	0	0	0	0	0	0	0	0	0	0	0	0	0	0	0	0	0	0	0	0	0
GRE84	0	0	0	0	0	0	0	0	0	0	0	0	0	0	0	0	0	0	0	0	0	0	0	0	0	0	0	0	0	0	0	0	0	0	0	0	0	0	0	0	0	0	0	0	0	0	0	0	0	0	0	0	0	0	0	0	0	0	0	0	0	0	0	0	0	0	0	0	0	0	0	0	0	0	0	0	0	0	0	0	0	0	0	0	0	0	0	0	0	0	0	0	0	0	0
GRE86	0	0	0	0	0	0	0	0	0	0	0	0	0	0	0	0	0	0	0	0	0	0	0	0	0	0	0	0	0	0	0	0	0	0	0	0	0	0	0	0	0	0	0	0	0	0	0	0	0	0	0	0	0	0	0	0	0	0	0	0	0	0	0	0	0	0	0	0	0	0	0	0	0	0	0	0	0	0	0	0	0	0	0	0	0	0	0	0	0	0	0	0	0	0	0
GRE91	0	0	0	0	0	0	0	0	0	0	0	0	0	0	0	0	0	0	0	0	0	0	0	0	0	0	0	0	0	0	0	0	0	0	0	0	0	0	0	0	0	0	0	0	0	0	0	0	0	0	0	0	0	0	0	0	0	0	0	0	0	0	0	0	0	0	0	0	0	0	0	0	0	0	0	0	0	0	0	0	0	0	0	0	0	0	0	0	0	0	0	0	0	0	0
GRE95	0	0	0	0	0	0	0	0	0	0	0	0	0	0	0	0	0	0	0	0	0	0	0	0	0	0	0	0	0	0	0	0	0	0	0	0	0	0	0	0	0	0	0	0	0	0	0	0	0	0	0	0	0	0	0	0	0	0	0	0	0	0	0	0	0	0	0	0	0	0	0	0	0	0	0	0	0	0	0	0	0	0	0	0	0	0	0	0	0	0	0	0	0	0	0
GRE96	0	0	0	0	0	0	0	0	0	0	0	0	0	0	0	0	0	0	0	0	0	0	0	0	0	0	0	0	0	0	0	0	0	0	0	0	0	0	0	0	0	0	0	0	0	0	0	0	0	0	0	0	0	0	0	0	0	0	0	0	0	0	0	0	0	0	0	0	0	0	0	0	0	0	0	0	0	0	0	0	0	0	0	0	0	0	0	0	0	0	0	0	0	0	0
